======================================================
  日志系统启动: 2026-05-26 10:11:47.628
  日志文件: ./logs/gateway_20260526_101147.log
  最大文件数: 50
  最低级别: INFO
======================================================
2026-05-26 10:11:47.628 [INFO] main.cpp:171 - === 系统启动 ===
2026-05-26 10:11:47.629 [INFO] main.cpp:172 - 串口: /dev/ttyS9, 波特率: 9600, 工作线程: 4
2026-05-26 10:11:47.629 [INFO] main.cpp:176 - 所有设备已初始化
2026-05-26 10:11:47.629 [INFO] main.cpp:183 - 应用管理器已启动, 注册了 1 个应用
2026-05-26 10:11:47.629 [INFO] main.cpp:188 - Web 服务器已启动
2026-05-26 10:11:47.629 [INFO] main.cpp:193 - 初始化串口总线: /dev/ttyS9 @ 9600 baud
2026-05-26 10:11:47.629 [INFO] command_queue.cpp:38 - 命令队列启动, 工作线程数: 1
2026-05-26 10:11:47.630 [INFO] main.cpp:211 - 串口总线已就绪, 工作线程数: 4
2026-05-26 10:11:47.630 [INFO] command_queue.cpp:228 - 命令处理线程 #0 已启动
2026-05-26 10:11:47.630 [INFO] main.cpp:310 - 共 20 个轮询任务:
2026-05-26 10:11:47.630 [INFO] main.cpp:313 -   [1] PM2.5传感器 - PM2.5 (间隔: 5000 ms)
2026-05-26 10:11:47.630 [INFO] main.cpp:313 -   [2] PM10传感器 - PM10 (间隔: 5000 ms)
2026-05-26 10:11:47.630 [INFO] main.cpp:313 -   [3] 湿度传感器 - 湿度 (间隔: 5000 ms)
2026-05-26 10:11:47.630 [INFO] main.cpp:313 -   [4] 温度传感器 - 温度 (间隔: 5000 ms)
2026-05-26 10:11:47.630 [INFO] main.cpp:313 -   [5] TVOC传感器 - TVOC (间隔: 5000 ms)
2026-05-26 10:11:47.630 [INFO] main.cpp:313 -   [6] 甲醛传感器 - 甲醛 (间隔: 5000 ms)
2026-05-26 10:11:47.630 [INFO] main.cpp:313 -   [7] 臭氧传感器 - 臭氧 (间隔: 5000 ms)
2026-05-26 10:11:47.630 [INFO] main.cpp:313 -   [8] CO2传感器 - CO2 (间隔: 5000 ms)
2026-05-26 10:11:47.630 [INFO] main.cpp:313 -   [9] 烟雾报警器 - 报警状态 (间隔: 5000 ms)
2026-05-26 10:11:47.630 [INFO] main.cpp:313 -   [10] 恒湿净化一体机 - 环境数据 (间隔: 5000 ms)
2026-05-26 10:11:47.630 [INFO] main.cpp:313 -   [11] 恒湿净化一体机 - 电源状态 (间隔: 5000 ms)
2026-05-26 10:11:47.630 [INFO] main.cpp:313 -   [12] 恒湿净化一体机 - 故障状态 (间隔: 5000 ms)
2026-05-26 10:11:47.630 [INFO] main.cpp:313 -   [13] 报警装置 - 状态 (间隔: 5000 ms)
2026-05-26 10:11:47.630 [INFO] main.cpp:313 -   [14] 水浸传感器 - 浸水状态 (间隔: 5000 ms)
2026-05-26 10:11:47.631 [INFO] main.cpp:313 -   [15] 红外探测器 - 红外状态 (间隔: 5000 ms)
2026-05-26 10:11:47.631 [INFO] main.cpp:313 -   [16] 红外探测器 - 雷达状态 (间隔: 5000 ms)
2026-05-26 10:11:47.631 [INFO] main.cpp:313 -   [17] 霉菌空气净化机 - 环境数据 (间隔: 5000 ms)
2026-05-26 10:11:47.631 [INFO] main.cpp:313 -   [18] 霉菌空气净化机 - 运行模式 (间隔: 5000 ms)
2026-05-26 10:11:47.631 [INFO] main.cpp:313 -   [19] 霉菌空气净化机 - 电源状态 (间隔: 5000 ms)
2026-05-26 10:11:47.631 [INFO] main.cpp:313 -   [20] 弱光检测传感器 - 光照度 (间隔: 5000 ms)
2026-05-26 10:11:47.633 [INFO] main.cpp:330 - 多线程轮询已启动, 按 Ctrl+C 退出
2026-05-26 10:11:48.634 [INFO] main.cpp:352 - ======== 总线统计 ========
2026-05-26 10:11:48.634 [INFO] main.cpp:353 -   总事务数:     20
2026-05-26 10:11:48.634 [INFO] main.cpp:354 -   总错误数:     0
2026-05-26 10:11:48.634 [INFO] main.cpp:355 -   发送字节数:   160
2026-05-26 10:11:48.634 [INFO] main.cpp:356 -   接收字节数:   0
2026-05-26 10:11:48.634 [INFO] main.cpp:357 -   平均延迟:     0.00 ms
2026-05-26 10:11:48.634 [INFO] main.cpp:358 -   最大延迟:     0.00 ms
2026-05-26 10:11:48.634 [INFO] main.cpp:359 -   总线争用次数: 0
2026-05-26 10:11:48.635 [INFO] main.cpp:368 - ======== 轮询统计 ========
2026-05-26 10:11:48.635 [INFO] main.cpp:369 -   任务组数:     20
2026-05-26 10:11:48.635 [INFO] main.cpp:370 -   成功事务:     0
2026-05-26 10:11:48.635 [INFO] main.cpp:371 -   失败事务:     0
2026-05-26 10:11:48.635 [INFO] main.cpp:378 - ======== 命令队列统计 ========
2026-05-26 10:11:48.635 [INFO] main.cpp:379 -   已提交: 0  已执行: 0  成功: 0  失败: 0
2026-05-26 10:11:48.635 [INFO] main.cpp:384 -   队列大小: 0  平均耗时: 0.0ms
2026-05-26 10:11:49.636 [INFO] main.cpp:352 - ======== 总线统计 ========
2026-05-26 10:11:49.636 [INFO] main.cpp:353 -   总事务数:     20
2026-05-26 10:11:49.636 [INFO] main.cpp:354 -   总错误数:     20
2026-05-26 10:11:49.636 [INFO] main.cpp:355 -   发送字节数:   160
2026-05-26 10:11:49.636 [INFO] main.cpp:356 -   接收字节数:   0
2026-05-26 10:11:49.636 [INFO] main.cpp:357 -   平均延迟:     0.00 ms
2026-05-26 10:11:49.636 [INFO] main.cpp:358 -   最大延迟:     0.00 ms
2026-05-26 10:11:49.636 [INFO] main.cpp:359 -   总线争用次数: 0
2026-05-26 10:11:49.637 [INFO] main.cpp:368 - ======== 轮询统计 ========
2026-05-26 10:11:49.637 [INFO] main.cpp:369 -   任务组数:     20
2026-05-26 10:11:49.637 [INFO] main.cpp:370 -   成功事务:     0
2026-05-26 10:11:49.637 [INFO] main.cpp:371 -   失败事务:     20
2026-05-26 10:11:49.637 [INFO] main.cpp:373 -   成功率:       0.0%
2026-05-26 10:11:49.637 [INFO] main.cpp:378 - ======== 命令队列统计 ========
2026-05-26 10:11:49.637 [INFO] main.cpp:379 -   已提交: 0  已执行: 0  成功: 0  失败: 0
2026-05-26 10:11:49.637 [INFO] main.cpp:384 -   队列大小: 0  平均耗时: 0.0ms
2026-05-26 10:11:50.638 [INFO] main.cpp:352 - ======== 总线统计 ========
2026-05-26 10:11:50.638 [INFO] main.cpp:353 -   总事务数:     20
2026-05-26 10:11:50.638 [INFO] main.cpp:354 -   总错误数:     20
2026-05-26 10:11:50.638 [INFO] main.cpp:355 -   发送字节数:   160
2026-05-26 10:11:50.638 [INFO] main.cpp:356 -   接收字节数:   0
2026-05-26 10:11:50.638 [INFO] main.cpp:357 -   平均延迟:     0.00 ms
2026-05-26 10:11:50.638 [INFO] main.cpp:358 -   最大延迟:     0.00 ms
2026-05-26 10:11:50.638 [INFO] main.cpp:359 -   总线争用次数: 0
2026-05-26 10:11:50.638 [INFO] main.cpp:368 - ======== 轮询统计 ========
2026-05-26 10:11:50.638 [INFO] main.cpp:369 -   任务组数:     20
2026-05-26 10:11:50.638 [INFO] main.cpp:370 -   成功事务:     0
2026-05-26 10:11:50.638 [INFO] main.cpp:371 -   失败事务:     20
2026-05-26 10:11:50.638 [INFO] main.cpp:373 -   成功率:       0.0%
2026-05-26 10:11:50.639 [INFO] main.cpp:378 - ======== 命令队列统计 ========
2026-05-26 10:11:50.639 [INFO] main.cpp:379 -   已提交: 0  已执行: 0  成功: 0  失败: 0
2026-05-26 10:11:50.639 [INFO] main.cpp:384 -   队列大小: 0  平均耗时: 0.0ms
2026-05-26 10:11:51.640 [INFO] main.cpp:352 - ======== 总线统计 ========
2026-05-26 10:11:51.640 [INFO] main.cpp:353 -   总事务数:     20
2026-05-26 10:11:51.640 [INFO] main.cpp:354 -   总错误数:     20
2026-05-26 10:11:51.640 [INFO] main.cpp:355 -   发送字节数:   160
2026-05-26 10:11:51.640 [INFO] main.cpp:356 -   接收字节数:   0
2026-05-26 10:11:51.640 [INFO] main.cpp:357 -   平均延迟:     0.00 ms
2026-05-26 10:11:51.640 [INFO] main.cpp:358 -   最大延迟:     0.00 ms
2026-05-26 10:11:51.640 [INFO] main.cpp:359 -   总线争用次数: 0
2026-05-26 10:11:51.640 [INFO] main.cpp:368 - ======== 轮询统计 ========
2026-05-26 10:11:51.640 [INFO] main.cpp:369 -   任务组数:     20
2026-05-26 10:11:51.640 [INFO] main.cpp:370 -   成功事务:     0
2026-05-26 10:11:51.640 [INFO] main.cpp:371 -   失败事务:     20
2026-05-26 10:11:51.640 [INFO] main.cpp:373 -   成功率:       0.0%
2026-05-26 10:11:51.640 [INFO] main.cpp:378 - ======== 命令队列统计 ========
2026-05-26 10:11:51.640 [INFO] main.cpp:379 -   已提交: 0  已执行: 0  成功: 0  失败: 0
2026-05-26 10:11:51.640 [INFO] main.cpp:384 -   队列大小: 0  平均耗时: 0.0ms
2026-05-26 10:11:52.641 [INFO] main.cpp:352 - ======== 总线统计 ========
2026-05-26 10:11:52.641 [INFO] main.cpp:353 -   总事务数:     40
2026-05-26 10:11:52.641 [INFO] main.cpp:354 -   总错误数:     20
2026-05-26 10:11:52.641 [INFO] main.cpp:355 -   发送字节数:   160
2026-05-26 10:11:52.641 [INFO] main.cpp:356 -   接收字节数:   0
2026-05-26 10:11:52.641 [INFO] main.cpp:357 -   平均延迟:     0.00 ms
2026-05-26 10:11:52.641 [INFO] main.cpp:358 -   最大延迟:     0.00 ms
2026-05-26 10:11:52.642 [INFO] main.cpp:359 -   总线争用次数: 0
2026-05-26 10:11:52.642 [INFO] main.cpp:368 - ======== 轮询统计 ========
2026-05-26 10:11:52.642 [INFO] main.cpp:369 -   任务组数:     20
2026-05-26 10:11:52.642 [INFO] main.cpp:370 -   成功事务:     0
2026-05-26 10:11:52.642 [INFO] main.cpp:371 -   失败事务:     20
2026-05-26 10:11:52.642 [INFO] main.cpp:373 -   成功率:       0.0%
2026-05-26 10:11:52.642 [INFO] main.cpp:378 - ======== 命令队列统计 ========
2026-05-26 10:11:52.642 [INFO] main.cpp:379 -   已提交: 0  已执行: 0  成功: 0  失败: 0
2026-05-26 10:11:52.642 [INFO] main.cpp:384 -   队列大小: 0  平均耗时: 0.0ms
2026-05-26 10:11:53.643 [INFO] main.cpp:352 - ======== 总线统计 ========
2026-05-26 10:11:53.643 [INFO] main.cpp:353 -   总事务数:     40
2026-05-26 10:11:53.643 [INFO] main.cpp:354 -   总错误数:     20
2026-05-26 10:11:53.643 [INFO] main.cpp:355 -   发送字节数:   320
2026-05-26 10:11:53.643 [INFO] main.cpp:356 -   接收字节数:   0
2026-05-26 10:11:53.643 [INFO] main.cpp:357 -   平均延迟:     0.00 ms
2026-05-26 10:11:53.643 [INFO] main.cpp:358 -   最大延迟:     0.00 ms
2026-05-26 10:11:53.643 [INFO] main.cpp:359 -   总线争用次数: 0
2026-05-26 10:11:53.644 [INFO] main.cpp:368 - ======== 轮询统计 ========
2026-05-26 10:11:53.644 [INFO] main.cpp:369 -   任务组数:     20
2026-05-26 10:11:53.644 [INFO] main.cpp:370 -   成功事务:     0
2026-05-26 10:11:53.644 [INFO] main.cpp:371 -   失败事务:     20
2026-05-26 10:11:53.644 [INFO] main.cpp:373 -   成功率:       0.0%
2026-05-26 10:11:53.644 [INFO] main.cpp:378 - ======== 命令队列统计 ========
2026-05-26 10:11:53.644 [INFO] main.cpp:379 -   已提交: 0  已执行: 0  成功: 0  失败: 0
2026-05-26 10:11:53.644 [INFO] main.cpp:384 -   队列大小: 0  平均耗时: 0.0ms
2026-05-26 10:11:54.645 [INFO] main.cpp:352 - ======== 总线统计 ========
2026-05-26 10:11:54.645 [INFO] main.cpp:353 -   总事务数:     40
2026-05-26 10:11:54.645 [INFO] main.cpp:354 -   总错误数:     40
2026-05-26 10:11:54.645 [INFO] main.cpp:355 -   发送字节数:   320
2026-05-26 10:11:54.645 [INFO] main.cpp:356 -   接收字节数:   0
2026-05-26 10:11:54.645 [INFO] main.cpp:357 -   平均延迟:     0.00 ms
2026-05-26 10:11:54.645 [INFO] main.cpp:358 -   最大延迟:     0.00 ms
2026-05-26 10:11:54.645 [INFO] main.cpp:359 -   总线争用次数: 0
2026-05-26 10:11:54.645 [INFO] main.cpp:368 - ======== 轮询统计 ========
2026-05-26 10:11:54.645 [INFO] main.cpp:369 -   任务组数:     20
2026-05-26 10:11:54.646 [INFO] main.cpp:370 -   成功事务:     0
2026-05-26 10:11:54.646 [INFO] main.cpp:371 -   失败事务:     40
2026-05-26 10:11:54.646 [INFO] main.cpp:373 -   成功率:       0.0%
2026-05-26 10:11:54.646 [INFO] main.cpp:378 - ======== 命令队列统计 ========
2026-05-26 10:11:54.646 [INFO] main.cpp:379 -   已提交: 0  已执行: 0  成功: 0  失败: 0
2026-05-26 10:11:54.646 [INFO] main.cpp:384 -   队列大小: 0  平均耗时: 0.0ms
2026-05-26 10:11:55.647 [INFO] main.cpp:352 - ======== 总线统计 ========
2026-05-26 10:11:55.647 [INFO] main.cpp:353 -   总事务数:     40
2026-05-26 10:11:55.647 [INFO] main.cpp:354 -   总错误数:     40
2026-05-26 10:11:55.647 [INFO] main.cpp:355 -   发送字节数:   320
2026-05-26 10:11:55.647 [INFO] main.cpp:356 -   接收字节数:   0
2026-05-26 10:11:55.647 [INFO] main.cpp:357 -   平均延迟:     0.00 ms
2026-05-26 10:11:55.647 [INFO] main.cpp:358 -   最大延迟:     0.00 ms
2026-05-26 10:11:55.647 [INFO] main.cpp:359 -   总线争用次数: 0
2026-05-26 10:11:55.647 [INFO] main.cpp:368 - ======== 轮询统计 ========
2026-05-26 10:11:55.647 [INFO] main.cpp:369 -   任务组数:     20
2026-05-26 10:11:55.648 [INFO] main.cpp:370 -   成功事务:     0
2026-05-26 10:11:55.648 [INFO] main.cpp:371 -   失败事务:     40
2026-05-26 10:11:55.648 [INFO] main.cpp:373 -   成功率:       0.0%
2026-05-26 10:11:55.648 [INFO] main.cpp:378 - ======== 命令队列统计 ========
2026-05-26 10:11:55.648 [INFO] main.cpp:379 -   已提交: 0  已执行: 0  成功: 0  失败: 0
2026-05-26 10:11:55.648 [INFO] main.cpp:384 -   队列大小: 0  平均耗时: 0.0ms
2026-05-26 10:11:56.649 [INFO] main.cpp:352 - ======== 总线统计 ========
2026-05-26 10:11:56.649 [INFO] main.cpp:353 -   总事务数:     40
2026-05-26 10:11:56.649 [INFO] main.cpp:354 -   总错误数:     40
2026-05-26 10:11:56.649 [INFO] main.cpp:355 -   发送字节数:   320
2026-05-26 10:11:56.649 [INFO] main.cpp:356 -   接收字节数:   0
2026-05-26 10:11:56.649 [INFO] main.cpp:357 -   平均延迟:     0.00 ms
2026-05-26 10:11:56.649 [INFO] main.cpp:358 -   最大延迟:     0.00 ms
2026-05-26 10:11:56.649 [INFO] main.cpp:359 -   总线争用次数: 0
2026-05-26 10:11:56.649 [INFO] main.cpp:368 - ======== 轮询统计 ========
2026-05-26 10:11:56.649 [INFO] main.cpp:369 -   任务组数:     20
2026-05-26 10:11:56.649 [INFO] main.cpp:370 -   成功事务:     0
2026-05-26 10:11:56.650 [INFO] main.cpp:371 -   失败事务:     40
2026-05-26 10:11:56.650 [INFO] main.cpp:373 -   成功率:       0.0%
2026-05-26 10:11:56.650 [INFO] main.cpp:378 - ======== 命令队列统计 ========
2026-05-26 10:11:56.650 [INFO] main.cpp:379 -   已提交: 0  已执行: 0  成功: 0  失败: 0
2026-05-26 10:11:56.650 [INFO] main.cpp:384 -   队列大小: 0  平均耗时: 0.0ms
2026-05-26 10:11:57.651 [INFO] main.cpp:352 - ======== 总线统计 ========
2026-05-26 10:11:57.651 [INFO] main.cpp:353 -   总事务数:     60
2026-05-26 10:11:57.651 [INFO] main.cpp:354 -   总错误数:     40
2026-05-26 10:11:57.651 [INFO] main.cpp:355 -   发送字节数:   320
2026-05-26 10:11:57.651 [INFO] main.cpp:356 -   接收字节数:   0
2026-05-26 10:11:57.651 [INFO] main.cpp:357 -   平均延迟:     0.00 ms
2026-05-26 10:11:57.651 [INFO] main.cpp:358 -   最大延迟:     0.00 ms
2026-05-26 10:11:57.651 [INFO] main.cpp:359 -   总线争用次数: 0
2026-05-26 10:11:57.651 [INFO] main.cpp:368 - ======== 轮询统计 ========
2026-05-26 10:11:57.651 [INFO] main.cpp:369 -   任务组数:     20
2026-05-26 10:11:57.651 [INFO] main.cpp:370 -   成功事务:     0
2026-05-26 10:11:57.651 [INFO] main.cpp:371 -   失败事务:     40
2026-05-26 10:11:57.651 [INFO] main.cpp:373 -   成功率:       0.0%
2026-05-26 10:11:57.651 [INFO] main.cpp:378 - ======== 命令队列统计 ========
2026-05-26 10:11:57.652 [INFO] main.cpp:379 -   已提交: 0  已执行: 0  成功: 0  失败: 0
2026-05-26 10:11:57.652 [INFO] main.cpp:384 -   队列大小: 0  平均耗时: 0.0ms
2026-05-26 10:11:58.653 [INFO] main.cpp:352 - ======== 总线统计 ========
2026-05-26 10:11:58.653 [INFO] main.cpp:353 -   总事务数:     60
2026-05-26 10:11:58.653 [INFO] main.cpp:354 -   总错误数:     40
2026-05-26 10:11:58.653 [INFO] main.cpp:355 -   发送字节数:   480
2026-05-26 10:11:58.653 [INFO] main.cpp:356 -   接收字节数:   0
2026-05-26 10:11:58.653 [INFO] main.cpp:357 -   平均延迟:     0.00 ms
2026-05-26 10:11:58.653 [INFO] main.cpp:358 -   最大延迟:     0.00 ms
2026-05-26 10:11:58.653 [INFO] main.cpp:359 -   总线争用次数: 0
2026-05-26 10:11:58.653 [INFO] main.cpp:368 - ======== 轮询统计 ========
2026-05-26 10:11:58.653 [INFO] main.cpp:369 -   任务组数:     20
2026-05-26 10:11:58.653 [INFO] main.cpp:370 -   成功事务:     0
2026-05-26 10:11:58.653 [INFO] main.cpp:371 -   失败事务:     40
2026-05-26 10:11:58.653 [INFO] main.cpp:373 -   成功率:       0.0%
2026-05-26 10:11:58.653 [INFO] main.cpp:378 - ======== 命令队列统计 ========
2026-05-26 10:11:58.653 [INFO] main.cpp:379 -   已提交: 0  已执行: 0  成功: 0  失败: 0
2026-05-26 10:11:58.653 [INFO] main.cpp:384 -   队列大小: 0  平均耗时: 0.0ms
2026-05-26 10:11:59.654 [INFO] main.cpp:352 - ======== 总线统计 ========
2026-05-26 10:11:59.654 [INFO] main.cpp:353 -   总事务数:     60
2026-05-26 10:11:59.655 [INFO] main.cpp:354 -   总错误数:     60
2026-05-26 10:11:59.655 [INFO] main.cpp:355 -   发送字节数:   480
2026-05-26 10:11:59.655 [INFO] main.cpp:356 -   接收字节数:   0
2026-05-26 10:11:59.655 [INFO] main.cpp:357 -   平均延迟:     0.00 ms
2026-05-26 10:11:59.655 [INFO] main.cpp:358 -   最大延迟:     0.00 ms
2026-05-26 10:11:59.655 [INFO] main.cpp:359 -   总线争用次数: 0
2026-05-26 10:11:59.655 [INFO] main.cpp:368 - ======== 轮询统计 ========
2026-05-26 10:11:59.655 [INFO] main.cpp:369 -   任务组数:     20
2026-05-26 10:11:59.655 [INFO] main.cpp:370 -   成功事务:     0
2026-05-26 10:11:59.655 [INFO] main.cpp:371 -   失败事务:     60
2026-05-26 10:11:59.655 [INFO] main.cpp:373 -   成功率:       0.0%
2026-05-26 10:11:59.655 [INFO] main.cpp:378 - ======== 命令队列统计 ========
2026-05-26 10:11:59.655 [INFO] main.cpp:379 -   已提交: 0  已执行: 0  成功: 0  失败: 0
2026-05-26 10:11:59.655 [INFO] main.cpp:384 -   队列大小: 0  平均耗时: 0.0ms
2026-05-26 10:12:00.656 [INFO] main.cpp:352 - ======== 总线统计 ========
2026-05-26 10:12:00.657 [INFO] main.cpp:353 -   总事务数:     60
2026-05-26 10:12:00.657 [INFO] main.cpp:354 -   总错误数:     60
2026-05-26 10:12:00.657 [INFO] main.cpp:355 -   发送字节数:   480
2026-05-26 10:12:00.657 [INFO] main.cpp:356 -   接收字节数:   0
2026-05-26 10:12:00.657 [INFO] main.cpp:357 -   平均延迟:     0.00 ms
2026-05-26 10:12:00.657 [INFO] main.cpp:358 -   最大延迟:     0.00 ms
2026-05-26 10:12:00.657 [INFO] main.cpp:359 -   总线争用次数: 0
2026-05-26 10:12:00.657 [INFO] main.cpp:368 - ======== 轮询统计 ========
2026-05-26 10:12:00.657 [INFO] main.cpp:369 -   任务组数:     20
2026-05-26 10:12:00.657 [INFO] main.cpp:370 -   成功事务:     0
2026-05-26 10:12:00.657 [INFO] main.cpp:371 -   失败事务:     60
2026-05-26 10:12:00.657 [INFO] main.cpp:373 -   成功率:       0.0%
2026-05-26 10:12:00.657 [INFO] main.cpp:378 - ======== 命令队列统计 ========
2026-05-26 10:12:00.657 [INFO] main.cpp:379 -   已提交: 0  已执行: 0  成功: 0  失败: 0
2026-05-26 10:12:00.657 [INFO] main.cpp:384 -   队列大小: 0  平均耗时: 0.0ms
2026-05-26 10:12:01.658 [INFO] main.cpp:352 - ======== 总线统计 ========
2026-05-26 10:12:01.658 [INFO] main.cpp:353 -   总事务数:     60
2026-05-26 10:12:01.658 [INFO] main.cpp:354 -   总错误数:     60
2026-05-26 10:12:01.658 [INFO] main.cpp:355 -   发送字节数:   480
2026-05-26 10:12:01.658 [INFO] main.cpp:356 -   接收字节数:   0
2026-05-26 10:12:01.658 [INFO] main.cpp:357 -   平均延迟:     0.00 ms
2026-05-26 10:12:01.658 [INFO] main.cpp:358 -   最大延迟:     0.00 ms
2026-05-26 10:12:01.658 [INFO] main.cpp:359 -   总线争用次数: 0
2026-05-26 10:12:01.658 [INFO] main.cpp:368 - ======== 轮询统计 ========
2026-05-26 10:12:01.658 [INFO] main.cpp:369 -   任务组数:     20
2026-05-26 10:12:01.658 [INFO] main.cpp:370 -   成功事务:     0
2026-05-26 10:12:01.658 [INFO] main.cpp:371 -   失败事务:     60
2026-05-26 10:12:01.658 [INFO] main.cpp:373 -   成功率:       0.0%
2026-05-26 10:12:01.658 [INFO] main.cpp:378 - ======== 命令队列统计 ========
2026-05-26 10:12:01.658 [INFO] main.cpp:379 -   已提交: 0  已执行: 0  成功: 0  失败: 0
2026-05-26 10:12:01.659 [INFO] main.cpp:384 -   队列大小: 0  平均耗时: 0.0ms
2026-05-26 10:12:02.660 [INFO] main.cpp:352 - ======== 总线统计 ========
2026-05-26 10:12:02.660 [INFO] main.cpp:353 -   总事务数:     80
2026-05-26 10:12:02.660 [INFO] main.cpp:354 -   总错误数:     60
2026-05-26 10:12:02.660 [INFO] main.cpp:355 -   发送字节数:   480
2026-05-26 10:12:02.660 [INFO] main.cpp:356 -   接收字节数:   0
2026-05-26 10:12:02.660 [INFO] main.cpp:357 -   平均延迟:     0.00 ms
2026-05-26 10:12:02.660 [INFO] main.cpp:358 -   最大延迟:     0.00 ms
2026-05-26 10:12:02.660 [INFO] main.cpp:359 -   总线争用次数: 0
2026-05-26 10:12:02.660 [INFO] main.cpp:368 - ======== 轮询统计 ========
2026-05-26 10:12:02.660 [INFO] main.cpp:369 -   任务组数:     20
2026-05-26 10:12:02.660 [INFO] main.cpp:370 -   成功事务:     0
2026-05-26 10:12:02.660 [INFO] main.cpp:371 -   失败事务:     60
2026-05-26 10:12:02.660 [INFO] main.cpp:373 -   成功率:       0.0%
2026-05-26 10:12:02.661 [INFO] main.cpp:378 - ======== 命令队列统计 ========
2026-05-26 10:12:02.661 [INFO] main.cpp:379 -   已提交: 0  已执行: 0  成功: 0  失败: 0
2026-05-26 10:12:02.661 [INFO] main.cpp:384 -   队列大小: 0  平均耗时: 0.0ms
2026-05-26 10:12:03.662 [INFO] main.cpp:352 - ======== 总线统计 ========
2026-05-26 10:12:03.662 [INFO] main.cpp:353 -   总事务数:     80
2026-05-26 10:12:03.662 [INFO] main.cpp:354 -   总错误数:     60
2026-05-26 10:12:03.662 [INFO] main.cpp:355 -   发送字节数:   640
2026-05-26 10:12:03.662 [INFO] main.cpp:356 -   接收字节数:   0
2026-05-26 10:12:03.662 [INFO] main.cpp:357 -   平均延迟:     0.00 ms
2026-05-26 10:12:03.662 [INFO] main.cpp:358 -   最大延迟:     0.00 ms
2026-05-26 10:12:03.662 [INFO] main.cpp:359 -   总线争用次数: 0
2026-05-26 10:12:03.662 [INFO] main.cpp:368 - ======== 轮询统计 ========
2026-05-26 10:12:03.662 [INFO] main.cpp:369 -   任务组数:     20
2026-05-26 10:12:03.662 [INFO] main.cpp:370 -   成功事务:     0
2026-05-26 10:12:03.662 [INFO] main.cpp:371 -   失败事务:     60
2026-05-26 10:12:03.662 [INFO] main.cpp:373 -   成功率:       0.0%
2026-05-26 10:12:03.662 [INFO] main.cpp:378 - ======== 命令队列统计 ========
2026-05-26 10:12:03.663 [INFO] main.cpp:379 -   已提交: 0  已执行: 0  成功: 0  失败: 0
2026-05-26 10:12:03.663 [INFO] main.cpp:384 -   队列大小: 0  平均耗时: 0.0ms
2026-05-26 10:12:04.664 [INFO] main.cpp:352 - ======== 总线统计 ========
2026-05-26 10:12:04.664 [INFO] main.cpp:353 -   总事务数:     80
2026-05-26 10:12:04.664 [INFO] main.cpp:354 -   总错误数:     80
2026-05-26 10:12:04.664 [INFO] main.cpp:355 -   发送字节数:   640
2026-05-26 10:12:04.664 [INFO] main.cpp:356 -   接收字节数:   0
2026-05-26 10:12:04.664 [INFO] main.cpp:357 -   平均延迟:     0.00 ms
2026-05-26 10:12:04.664 [INFO] main.cpp:358 -   最大延迟:     0.00 ms
2026-05-26 10:12:04.664 [INFO] main.cpp:359 -   总线争用次数: 0
2026-05-26 10:12:04.664 [INFO] main.cpp:368 - ======== 轮询统计 ========
2026-05-26 10:12:04.664 [INFO] main.cpp:369 -   任务组数:     20
2026-05-26 10:12:04.664 [INFO] main.cpp:370 -   成功事务:     0
2026-05-26 10:12:04.664 [INFO] main.cpp:371 -   失败事务:     80
2026-05-26 10:12:04.664 [INFO] main.cpp:373 -   成功率:       0.0%
2026-05-26 10:12:04.664 [INFO] main.cpp:378 - ======== 命令队列统计 ========
2026-05-26 10:12:04.664 [INFO] main.cpp:379 -   已提交: 0  已执行: 0  成功: 0  失败: 0
2026-05-26 10:12:04.664 [INFO] main.cpp:384 -   队列大小: 0  平均耗时: 0.0ms
2026-05-26 10:12:05.666 [INFO] main.cpp:352 - ======== 总线统计 ========
2026-05-26 10:12:05.666 [INFO] main.cpp:353 -   总事务数:     80
2026-05-26 10:12:05.666 [INFO] main.cpp:354 -   总错误数:     80
2026-05-26 10:12:05.666 [INFO] main.cpp:355 -   发送字节数:   640
2026-05-26 10:12:05.666 [INFO] main.cpp:356 -   接收字节数:   0
2026-05-26 10:12:05.666 [INFO] main.cpp:357 -   平均延迟:     0.00 ms
2026-05-26 10:12:05.666 [INFO] main.cpp:358 -   最大延迟:     0.00 ms
2026-05-26 10:12:05.666 [INFO] main.cpp:359 -   总线争用次数: 0
2026-05-26 10:12:05.666 [INFO] main.cpp:368 - ======== 轮询统计 ========
2026-05-26 10:12:05.666 [INFO] main.cpp:369 -   任务组数:     20
2026-05-26 10:12:05.666 [INFO] main.cpp:370 -   成功事务:     0
2026-05-26 10:12:05.666 [INFO] main.cpp:371 -   失败事务:     80
2026-05-26 10:12:05.666 [INFO] main.cpp:373 -   成功率:       0.0%
2026-05-26 10:12:05.666 [INFO] main.cpp:378 - ======== 命令队列统计 ========
2026-05-26 10:12:05.666 [INFO] main.cpp:379 -   已提交: 0  已执行: 0  成功: 0  失败: 0
2026-05-26 10:12:05.666 [INFO] main.cpp:384 -   队列大小: 0  平均耗时: 0.0ms
2026-05-26 10:12:06.668 [INFO] main.cpp:352 - ======== 总线统计 ========
2026-05-26 10:12:06.668 [INFO] main.cpp:353 -   总事务数:     80
2026-05-26 10:12:06.668 [INFO] main.cpp:354 -   总错误数:     80
2026-05-26 10:12:06.668 [INFO] main.cpp:355 -   发送字节数:   640
2026-05-26 10:12:06.668 [INFO] main.cpp:356 -   接收字节数:   0
2026-05-26 10:12:06.668 [INFO] main.cpp:357 -   平均延迟:     0.00 ms
2026-05-26 10:12:06.668 [INFO] main.cpp:358 -   最大延迟:     0.00 ms
2026-05-26 10:12:06.668 [INFO] main.cpp:359 -   总线争用次数: 0
2026-05-26 10:12:06.668 [INFO] main.cpp:368 - ======== 轮询统计 ========
2026-05-26 10:12:06.668 [INFO] main.cpp:369 -   任务组数:     20
2026-05-26 10:12:06.668 [INFO] main.cpp:370 -   成功事务:     0
2026-05-26 10:12:06.668 [INFO] main.cpp:371 -   失败事务:     80
2026-05-26 10:12:06.668 [INFO] main.cpp:373 -   成功率:       0.0%
2026-05-26 10:12:06.668 [INFO] main.cpp:378 - ======== 命令队列统计 ========
2026-05-26 10:12:06.668 [INFO] main.cpp:379 -   已提交: 0  已执行: 0  成功: 0  失败: 0
2026-05-26 10:12:06.668 [INFO] main.cpp:384 -   队列大小: 0  平均耗时: 0.0ms
2026-05-26 10:12:07.670 [INFO] main.cpp:352 - ======== 总线统计 ========
2026-05-26 10:12:07.670 [INFO] main.cpp:353 -   总事务数:     100
2026-05-26 10:12:07.670 [INFO] main.cpp:354 -   总错误数:     80
2026-05-26 10:12:07.670 [INFO] main.cpp:355 -   发送字节数:   640
2026-05-26 10:12:07.670 [INFO] main.cpp:356 -   接收字节数:   0
2026-05-26 10:12:07.670 [INFO] main.cpp:357 -   平均延迟:     0.00 ms
2026-05-26 10:12:07.670 [INFO] main.cpp:358 -   最大延迟:     0.00 ms
2026-05-26 10:12:07.670 [INFO] main.cpp:359 -   总线争用次数: 0
2026-05-26 10:12:07.670 [INFO] main.cpp:368 - ======== 轮询统计 ========
2026-05-26 10:12:07.670 [INFO] main.cpp:369 -   任务组数:     20
2026-05-26 10:12:07.670 [INFO] main.cpp:370 -   成功事务:     0
2026-05-26 10:12:07.670 [INFO] main.cpp:371 -   失败事务:     80
2026-05-26 10:12:07.670 [INFO] main.cpp:373 -   成功率:       0.0%
2026-05-26 10:12:07.670 [INFO] main.cpp:378 - ======== 命令队列统计 ========
2026-05-26 10:12:07.670 [INFO] main.cpp:379 -   已提交: 0  已执行: 0  成功: 0  失败: 0
2026-05-26 10:12:07.670 [INFO] main.cpp:384 -   队列大小: 0  平均耗时: 0.0ms
2026-05-26 10:12:08.671 [INFO] main.cpp:352 - ======== 总线统计 ========
2026-05-26 10:12:08.671 [INFO] main.cpp:353 -   总事务数:     100
2026-05-26 10:12:08.671 [INFO] main.cpp:354 -   总错误数:     80
2026-05-26 10:12:08.671 [INFO] main.cpp:355 -   发送字节数:   800
2026-05-26 10:12:08.671 [INFO] main.cpp:356 -   接收字节数:   0
2026-05-26 10:12:08.671 [INFO] main.cpp:357 -   平均延迟:     0.00 ms
2026-05-26 10:12:08.671 [INFO] main.cpp:358 -   最大延迟:     0.00 ms
2026-05-26 10:12:08.671 [INFO] main.cpp:359 -   总线争用次数: 0
2026-05-26 10:12:08.672 [INFO] main.cpp:368 - ======== 轮询统计 ========
2026-05-26 10:12:08.672 [INFO] main.cpp:369 -   任务组数:     20
2026-05-26 10:12:08.672 [INFO] main.cpp:370 -   成功事务:     0
2026-05-26 10:12:08.672 [INFO] main.cpp:371 -   失败事务:     80
2026-05-26 10:12:08.672 [INFO] main.cpp:373 -   成功率:       0.0%
2026-05-26 10:12:08.672 [INFO] main.cpp:378 - ======== 命令队列统计 ========
2026-05-26 10:12:08.672 [INFO] main.cpp:379 -   已提交: 0  已执行: 0  成功: 0  失败: 0
2026-05-26 10:12:08.672 [INFO] main.cpp:384 -   队列大小: 0  平均耗时: 0.0ms
2026-05-26 10:12:09.673 [INFO] main.cpp:352 - ======== 总线统计 ========
2026-05-26 10:12:09.673 [INFO] main.cpp:353 -   总事务数:     100
2026-05-26 10:12:09.673 [INFO] main.cpp:354 -   总错误数:     100
2026-05-26 10:12:09.673 [INFO] main.cpp:355 -   发送字节数:   800
2026-05-26 10:12:09.673 [INFO] main.cpp:356 -   接收字节数:   0
2026-05-26 10:12:09.673 [INFO] main.cpp:357 -   平均延迟:     0.00 ms
2026-05-26 10:12:09.673 [INFO] main.cpp:358 -   最大延迟:     0.00 ms
2026-05-26 10:12:09.673 [INFO] main.cpp:359 -   总线争用次数: 0
2026-05-26 10:12:09.673 [INFO] main.cpp:368 - ======== 轮询统计 ========
2026-05-26 10:12:09.674 [INFO] main.cpp:369 -   任务组数:     20
2026-05-26 10:12:09.674 [INFO] main.cpp:370 -   成功事务:     0
2026-05-26 10:12:09.674 [INFO] main.cpp:371 -   失败事务:     100
2026-05-26 10:12:09.674 [INFO] main.cpp:373 -   成功率:       0.0%
2026-05-26 10:12:09.674 [INFO] main.cpp:378 - ======== 命令队列统计 ========
2026-05-26 10:12:09.674 [INFO] main.cpp:379 -   已提交: 0  已执行: 0  成功: 0  失败: 0
2026-05-26 10:12:09.674 [INFO] main.cpp:384 -   队列大小: 0  平均耗时: 0.0ms
2026-05-26 10:12:10.674 [INFO] main.cpp:352 - ======== 总线统计 ========
2026-05-26 10:12:10.675 [INFO] main.cpp:353 -   总事务数:     100
2026-05-26 10:12:10.675 [INFO] main.cpp:354 -   总错误数:     100
2026-05-26 10:12:10.675 [INFO] main.cpp:355 -   发送字节数:   800
2026-05-26 10:12:10.675 [INFO] main.cpp:356 -   接收字节数:   0
2026-05-26 10:12:10.675 [INFO] main.cpp:357 -   平均延迟:     0.00 ms
2026-05-26 10:12:10.675 [INFO] main.cpp:358 -   最大延迟:     0.00 ms
2026-05-26 10:12:10.675 [INFO] main.cpp:359 -   总线争用次数: 0
2026-05-26 10:12:10.675 [INFO] main.cpp:368 - ======== 轮询统计 ========
2026-05-26 10:12:10.675 [INFO] main.cpp:369 -   任务组数:     20
2026-05-26 10:12:10.675 [INFO] main.cpp:370 -   成功事务:     0
2026-05-26 10:12:10.675 [INFO] main.cpp:371 -   失败事务:     100
2026-05-26 10:12:10.675 [INFO] main.cpp:373 -   成功率:       0.0%
2026-05-26 10:12:10.675 [INFO] main.cpp:378 - ======== 命令队列统计 ========
2026-05-26 10:12:10.675 [INFO] main.cpp:379 -   已提交: 0  已执行: 0  成功: 0  失败: 0
2026-05-26 10:12:10.675 [INFO] main.cpp:384 -   队列大小: 0  平均耗时: 0.0ms
2026-05-26 10:12:11.676 [INFO] main.cpp:352 - ======== 总线统计 ========
2026-05-26 10:12:11.676 [INFO] main.cpp:353 -   总事务数:     100
2026-05-26 10:12:11.677 [INFO] main.cpp:354 -   总错误数:     100
2026-05-26 10:12:11.677 [INFO] main.cpp:355 -   发送字节数:   800
2026-05-26 10:12:11.677 [INFO] main.cpp:356 -   接收字节数:   0
2026-05-26 10:12:11.677 [INFO] main.cpp:357 -   平均延迟:     0.00 ms
2026-05-26 10:12:11.677 [INFO] main.cpp:358 -   最大延迟:     0.00 ms
2026-05-26 10:12:11.677 [INFO] main.cpp:359 -   总线争用次数: 0
2026-05-26 10:12:11.677 [INFO] main.cpp:368 - ======== 轮询统计 ========
2026-05-26 10:12:11.677 [INFO] main.cpp:369 -   任务组数:     20
2026-05-26 10:12:11.677 [INFO] main.cpp:370 -   成功事务:     0
2026-05-26 10:12:11.677 [INFO] main.cpp:371 -   失败事务:     100
2026-05-26 10:12:11.677 [INFO] main.cpp:373 -   成功率:       0.0%
2026-05-26 10:12:11.677 [INFO] main.cpp:378 - ======== 命令队列统计 ========
2026-05-26 10:12:11.677 [INFO] main.cpp:379 -   已提交: 0  已执行: 0  成功: 0  失败: 0
2026-05-26 10:12:11.677 [INFO] main.cpp:384 -   队列大小: 0  平均耗时: 0.0ms
2026-05-26 10:12:12.678 [INFO] main.cpp:352 - ======== 总线统计 ========
2026-05-26 10:12:12.678 [INFO] main.cpp:353 -   总事务数:     120
2026-05-26 10:12:12.678 [INFO] main.cpp:354 -   总错误数:     100
2026-05-26 10:12:12.678 [INFO] main.cpp:355 -   发送字节数:   800
2026-05-26 10:12:12.678 [INFO] main.cpp:356 -   接收字节数:   0
2026-05-26 10:12:12.678 [INFO] main.cpp:357 -   平均延迟:     0.00 ms
2026-05-26 10:12:12.678 [INFO] main.cpp:358 -   最大延迟:     0.00 ms
2026-05-26 10:12:12.678 [INFO] main.cpp:359 -   总线争用次数: 0
2026-05-26 10:12:12.678 [INFO] main.cpp:368 - ======== 轮询统计 ========
2026-05-26 10:12:12.678 [INFO] main.cpp:369 -   任务组数:     20
2026-05-26 10:12:12.678 [INFO] main.cpp:370 -   成功事务:     0
2026-05-26 10:12:12.678 [INFO] main.cpp:371 -   失败事务:     100
2026-05-26 10:12:12.678 [INFO] main.cpp:373 -   成功率:       0.0%
2026-05-26 10:12:12.678 [INFO] main.cpp:378 - ======== 命令队列统计 ========
2026-05-26 10:12:12.679 [INFO] main.cpp:379 -   已提交: 0  已执行: 0  成功: 0  失败: 0
2026-05-26 10:12:12.679 [INFO] main.cpp:384 -   队列大小: 0  平均耗时: 0.0ms
2026-05-26 10:12:13.680 [INFO] main.cpp:352 - ======== 总线统计 ========
2026-05-26 10:12:13.680 [INFO] main.cpp:353 -   总事务数:     120
2026-05-26 10:12:13.680 [INFO] main.cpp:354 -   总错误数:     100
2026-05-26 10:12:13.680 [INFO] main.cpp:355 -   发送字节数:   960
2026-05-26 10:12:13.680 [INFO] main.cpp:356 -   接收字节数:   0
2026-05-26 10:12:13.680 [INFO] main.cpp:357 -   平均延迟:     0.00 ms
2026-05-26 10:12:13.680 [INFO] main.cpp:358 -   最大延迟:     0.00 ms
2026-05-26 10:12:13.680 [INFO] main.cpp:359 -   总线争用次数: 0
2026-05-26 10:12:13.680 [INFO] main.cpp:368 - ======== 轮询统计 ========
2026-05-26 10:12:13.680 [INFO] main.cpp:369 -   任务组数:     20
2026-05-26 10:12:13.680 [INFO] main.cpp:370 -   成功事务:     0
2026-05-26 10:12:13.680 [INFO] main.cpp:371 -   失败事务:     100
2026-05-26 10:12:13.680 [INFO] main.cpp:373 -   成功率:       0.0%
2026-05-26 10:12:13.680 [INFO] main.cpp:378 - ======== 命令队列统计 ========
2026-05-26 10:12:13.680 [INFO] main.cpp:379 -   已提交: 0  已执行: 0  成功: 0  失败: 0
2026-05-26 10:12:13.681 [INFO] main.cpp:384 -   队列大小: 0  平均耗时: 0.0ms
2026-05-26 10:12:14.681 [INFO] main.cpp:352 - ======== 总线统计 ========
2026-05-26 10:12:14.681 [INFO] main.cpp:353 -   总事务数:     120
2026-05-26 10:12:14.681 [INFO] main.cpp:354 -   总错误数:     120
2026-05-26 10:12:14.681 [INFO] main.cpp:355 -   发送字节数:   960
2026-05-26 10:12:14.681 [INFO] main.cpp:356 -   接收字节数:   0
2026-05-26 10:12:14.681 [INFO] main.cpp:357 -   平均延迟:     0.00 ms
2026-05-26 10:12:14.681 [INFO] main.cpp:358 -   最大延迟:     0.00 ms
2026-05-26 10:12:14.682 [INFO] main.cpp:359 -   总线争用次数: 0
2026-05-26 10:12:14.682 [INFO] main.cpp:368 - ======== 轮询统计 ========
2026-05-26 10:12:14.682 [INFO] main.cpp:369 -   任务组数:     20
2026-05-26 10:12:14.682 [INFO] main.cpp:370 -   成功事务:     0
2026-05-26 10:12:14.682 [INFO] main.cpp:371 -   失败事务:     120
2026-05-26 10:12:14.682 [INFO] main.cpp:373 -   成功率:       0.0%
2026-05-26 10:12:14.682 [INFO] main.cpp:378 - ======== 命令队列统计 ========
2026-05-26 10:12:14.682 [INFO] main.cpp:379 -   已提交: 0  已执行: 0  成功: 0  失败: 0
2026-05-26 10:12:14.682 [INFO] main.cpp:384 -   队列大小: 0  平均耗时: 0.0ms
2026-05-26 10:12:15.683 [INFO] main.cpp:352 - ======== 总线统计 ========
2026-05-26 10:12:15.683 [INFO] main.cpp:353 -   总事务数:     120
2026-05-26 10:12:15.683 [INFO] main.cpp:354 -   总错误数:     120
2026-05-26 10:12:15.683 [INFO] main.cpp:355 -   发送字节数:   960
2026-05-26 10:12:15.683 [INFO] main.cpp:356 -   接收字节数:   0
2026-05-26 10:12:15.683 [INFO] main.cpp:357 -   平均延迟:     0.00 ms
2026-05-26 10:12:15.683 [INFO] main.cpp:358 -   最大延迟:     0.00 ms
2026-05-26 10:12:15.683 [INFO] main.cpp:359 -   总线争用次数: 0
2026-05-26 10:12:15.683 [INFO] main.cpp:368 - ======== 轮询统计 ========
2026-05-26 10:12:15.683 [INFO] main.cpp:369 -   任务组数:     20
2026-05-26 10:12:15.683 [INFO] main.cpp:370 -   成功事务:     0
2026-05-26 10:12:15.683 [INFO] main.cpp:371 -   失败事务:     120
2026-05-26 10:12:15.683 [INFO] main.cpp:373 -   成功率:       0.0%
2026-05-26 10:12:15.683 [INFO] main.cpp:378 - ======== 命令队列统计 ========
2026-05-26 10:12:15.683 [INFO] main.cpp:379 -   已提交: 0  已执行: 0  成功: 0  失败: 0
2026-05-26 10:12:15.683 [INFO] main.cpp:384 -   队列大小: 0  平均耗时: 0.0ms
2026-05-26 10:12:16.685 [INFO] main.cpp:352 - ======== 总线统计 ========
2026-05-26 10:12:16.685 [INFO] main.cpp:353 -   总事务数:     120
2026-05-26 10:12:16.685 [INFO] main.cpp:354 -   总错误数:     120
2026-05-26 10:12:16.685 [INFO] main.cpp:355 -   发送字节数:   960
2026-05-26 10:12:16.685 [INFO] main.cpp:356 -   接收字节数:   0
2026-05-26 10:12:16.685 [INFO] main.cpp:357 -   平均延迟:     0.00 ms
2026-05-26 10:12:16.685 [INFO] main.cpp:358 -   最大延迟:     0.00 ms
2026-05-26 10:12:16.685 [INFO] main.cpp:359 -   总线争用次数: 0
2026-05-26 10:12:16.685 [INFO] main.cpp:368 - ======== 轮询统计 ========
2026-05-26 10:12:16.685 [INFO] main.cpp:369 -   任务组数:     20
2026-05-26 10:12:16.685 [INFO] main.cpp:370 -   成功事务:     0
2026-05-26 10:12:16.685 [INFO] main.cpp:371 -   失败事务:     120
2026-05-26 10:12:16.685 [INFO] main.cpp:373 -   成功率:       0.0%
2026-05-26 10:12:16.685 [INFO] main.cpp:378 - ======== 命令队列统计 ========
2026-05-26 10:12:16.685 [INFO] main.cpp:379 -   已提交: 0  已执行: 0  成功: 0  失败: 0
2026-05-26 10:12:16.685 [INFO] main.cpp:384 -   队列大小: 0  平均耗时: 0.0ms
2026-05-26 10:12:17.687 [INFO] main.cpp:352 - ======== 总线统计 ========
2026-05-26 10:12:17.687 [INFO] main.cpp:353 -   总事务数:     140
2026-05-26 10:12:17.687 [INFO] main.cpp:354 -   总错误数:     120
2026-05-26 10:12:17.687 [INFO] main.cpp:355 -   发送字节数:   960
2026-05-26 10:12:17.687 [INFO] main.cpp:356 -   接收字节数:   0
2026-05-26 10:12:17.687 [INFO] main.cpp:357 -   平均延迟:     0.00 ms
2026-05-26 10:12:17.687 [INFO] main.cpp:358 -   最大延迟:     0.00 ms
2026-05-26 10:12:17.687 [INFO] main.cpp:359 -   总线争用次数: 0
2026-05-26 10:12:17.687 [INFO] main.cpp:368 - ======== 轮询统计 ========
2026-05-26 10:12:17.687 [INFO] main.cpp:369 -   任务组数:     20
2026-05-26 10:12:17.687 [INFO] main.cpp:370 -   成功事务:     0
2026-05-26 10:12:17.687 [INFO] main.cpp:371 -   失败事务:     120
2026-05-26 10:12:17.687 [INFO] main.cpp:373 -   成功率:       0.0%
2026-05-26 10:12:17.687 [INFO] main.cpp:378 - ======== 命令队列统计 ========
2026-05-26 10:12:17.687 [INFO] main.cpp:379 -   已提交: 0  已执行: 0  成功: 0  失败: 0
2026-05-26 10:12:17.687 [INFO] main.cpp:384 -   队列大小: 0  平均耗时: 0.0ms
2026-05-26 10:12:18.688 [INFO] main.cpp:352 - ======== 总线统计 ========
2026-05-26 10:12:18.688 [INFO] main.cpp:353 -   总事务数:     140
2026-05-26 10:12:18.688 [INFO] main.cpp:354 -   总错误数:     120
2026-05-26 10:12:18.688 [INFO] main.cpp:355 -   发送字节数:   1120
2026-05-26 10:12:18.688 [INFO] main.cpp:356 -   接收字节数:   0
2026-05-26 10:12:18.688 [INFO] main.cpp:357 -   平均延迟:     0.00 ms
2026-05-26 10:12:18.688 [INFO] main.cpp:358 -   最大延迟:     0.00 ms
2026-05-26 10:12:18.688 [INFO] main.cpp:359 -   总线争用次数: 0
2026-05-26 10:12:18.688 [INFO] main.cpp:368 - ======== 轮询统计 ========
2026-05-26 10:12:18.688 [INFO] main.cpp:369 -   任务组数:     20
2026-05-26 10:12:18.688 [INFO] main.cpp:370 -   成功事务:     0
2026-05-26 10:12:18.688 [INFO] main.cpp:371 -   失败事务:     120
2026-05-26 10:12:18.688 [INFO] main.cpp:373 -   成功率:       0.0%
2026-05-26 10:12:18.688 [INFO] main.cpp:378 - ======== 命令队列统计 ========
2026-05-26 10:12:18.689 [INFO] main.cpp:379 -   已提交: 0  已执行: 0  成功: 0  失败: 0
2026-05-26 10:12:18.689 [INFO] main.cpp:384 -   队列大小: 0  平均耗时: 0.0ms
2026-05-26 10:12:19.690 [INFO] main.cpp:352 - ======== 总线统计 ========
2026-05-26 10:12:19.690 [INFO] main.cpp:353 -   总事务数:     140
2026-05-26 10:12:19.690 [INFO] main.cpp:354 -   总错误数:     140
2026-05-26 10:12:19.690 [INFO] main.cpp:355 -   发送字节数:   1120
2026-05-26 10:12:19.690 [INFO] main.cpp:356 -   接收字节数:   0
2026-05-26 10:12:19.690 [INFO] main.cpp:357 -   平均延迟:     0.00 ms
2026-05-26 10:12:19.690 [INFO] main.cpp:358 -   最大延迟:     0.00 ms
2026-05-26 10:12:19.690 [INFO] main.cpp:359 -   总线争用次数: 0
2026-05-26 10:12:19.690 [INFO] main.cpp:368 - ======== 轮询统计 ========
2026-05-26 10:12:19.690 [INFO] main.cpp:369 -   任务组数:     20
2026-05-26 10:12:19.690 [INFO] main.cpp:370 -   成功事务:     0
2026-05-26 10:12:19.690 [INFO] main.cpp:371 -   失败事务:     140
2026-05-26 10:12:19.690 [INFO] main.cpp:373 -   成功率:       0.0%
2026-05-26 10:12:19.690 [INFO] main.cpp:378 - ======== 命令队列统计 ========
2026-05-26 10:12:19.691 [INFO] main.cpp:379 -   已提交: 0  已执行: 0  成功: 0  失败: 0
2026-05-26 10:12:19.691 [INFO] main.cpp:384 -   队列大小: 0  平均耗时: 0.0ms
2026-05-26 10:12:20.691 [INFO] main.cpp:352 - ======== 总线统计 ========
2026-05-26 10:12:20.691 [INFO] main.cpp:353 -   总事务数:     140
2026-05-26 10:12:20.691 [INFO] main.cpp:354 -   总错误数:     140
2026-05-26 10:12:20.691 [INFO] main.cpp:355 -   发送字节数:   1120
2026-05-26 10:12:20.691 [INFO] main.cpp:356 -   接收字节数:   0
2026-05-26 10:12:20.691 [INFO] main.cpp:357 -   平均延迟:     0.00 ms
2026-05-26 10:12:20.691 [INFO] main.cpp:358 -   最大延迟:     0.00 ms
2026-05-26 10:12:20.692 [INFO] main.cpp:359 -   总线争用次数: 0
2026-05-26 10:12:20.692 [INFO] main.cpp:368 - ======== 轮询统计 ========
2026-05-26 10:12:20.692 [INFO] main.cpp:369 -   任务组数:     20
2026-05-26 10:12:20.692 [INFO] main.cpp:370 -   成功事务:     0
2026-05-26 10:12:20.692 [INFO] main.cpp:371 -   失败事务:     140
2026-05-26 10:12:20.692 [INFO] main.cpp:373 -   成功率:       0.0%
2026-05-26 10:12:20.692 [INFO] main.cpp:378 - ======== 命令队列统计 ========
2026-05-26 10:12:20.692 [INFO] main.cpp:379 -   已提交: 0  已执行: 0  成功: 0  失败: 0
2026-05-26 10:12:20.692 [INFO] main.cpp:384 -   队列大小: 0  平均耗时: 0.0ms
2026-05-26 10:12:21.693 [INFO] main.cpp:352 - ======== 总线统计 ========
2026-05-26 10:12:21.693 [INFO] main.cpp:353 -   总事务数:     140
2026-05-26 10:12:21.693 [INFO] main.cpp:354 -   总错误数:     140
2026-05-26 10:12:21.693 [INFO] main.cpp:355 -   发送字节数:   1120
2026-05-26 10:12:21.693 [INFO] main.cpp:356 -   接收字节数:   0
2026-05-26 10:12:21.693 [INFO] main.cpp:357 -   平均延迟:     0.00 ms
2026-05-26 10:12:21.693 [INFO] main.cpp:358 -   最大延迟:     0.00 ms
2026-05-26 10:12:21.693 [INFO] main.cpp:359 -   总线争用次数: 0
2026-05-26 10:12:21.693 [INFO] main.cpp:368 - ======== 轮询统计 ========
2026-05-26 10:12:21.694 [INFO] main.cpp:369 -   任务组数:     20
2026-05-26 10:12:21.694 [INFO] main.cpp:370 -   成功事务:     0
2026-05-26 10:12:21.694 [INFO] main.cpp:371 -   失败事务:     140
2026-05-26 10:12:21.694 [INFO] main.cpp:373 -   成功率:       0.0%
2026-05-26 10:12:21.694 [INFO] main.cpp:378 - ======== 命令队列统计 ========
2026-05-26 10:12:21.694 [INFO] main.cpp:379 -   已提交: 0  已执行: 0  成功: 0  失败: 0
2026-05-26 10:12:21.694 [INFO] main.cpp:384 -   队列大小: 0  平均耗时: 0.0ms
2026-05-26 10:12:22.694 [INFO] main.cpp:352 - ======== 总线统计 ========
2026-05-26 10:12:22.695 [INFO] main.cpp:353 -   总事务数:     160
2026-05-26 10:12:22.695 [INFO] main.cpp:354 -   总错误数:     140
2026-05-26 10:12:22.695 [INFO] main.cpp:355 -   发送字节数:   1120
2026-05-26 10:12:22.695 [INFO] main.cpp:356 -   接收字节数:   0
2026-05-26 10:12:22.695 [INFO] main.cpp:357 -   平均延迟:     0.00 ms
2026-05-26 10:12:22.695 [INFO] main.cpp:358 -   最大延迟:     0.00 ms
2026-05-26 10:12:22.695 [INFO] main.cpp:359 -   总线争用次数: 0
2026-05-26 10:12:22.695 [INFO] main.cpp:368 - ======== 轮询统计 ========
2026-05-26 10:12:22.695 [INFO] main.cpp:369 -   任务组数:     20
2026-05-26 10:12:22.695 [INFO] main.cpp:370 -   成功事务:     0
2026-05-26 10:12:22.695 [INFO] main.cpp:371 -   失败事务:     140
2026-05-26 10:12:22.695 [INFO] main.cpp:373 -   成功率:       0.0%
2026-05-26 10:12:22.695 [INFO] main.cpp:378 - ======== 命令队列统计 ========
2026-05-26 10:12:22.695 [INFO] main.cpp:379 -   已提交: 0  已执行: 0  成功: 0  失败: 0
2026-05-26 10:12:22.695 [INFO] main.cpp:384 -   队列大小: 0  平均耗时: 0.0ms
2026-05-26 10:12:23.696 [INFO] main.cpp:352 - ======== 总线统计 ========
2026-05-26 10:12:23.696 [INFO] main.cpp:353 -   总事务数:     160
2026-05-26 10:12:23.697 [INFO] main.cpp:354 -   总错误数:     140
2026-05-26 10:12:23.697 [INFO] main.cpp:355 -   发送字节数:   1280
2026-05-26 10:12:23.697 [INFO] main.cpp:356 -   接收字节数:   0
2026-05-26 10:12:23.697 [INFO] main.cpp:357 -   平均延迟:     0.00 ms
2026-05-26 10:12:23.697 [INFO] main.cpp:358 -   最大延迟:     0.00 ms
2026-05-26 10:12:23.697 [INFO] main.cpp:359 -   总线争用次数: 0
2026-05-26 10:12:23.697 [INFO] main.cpp:368 - ======== 轮询统计 ========
2026-05-26 10:12:23.697 [INFO] main.cpp:369 -   任务组数:     20
2026-05-26 10:12:23.697 [INFO] main.cpp:370 -   成功事务:     0
2026-05-26 10:12:23.697 [INFO] main.cpp:371 -   失败事务:     140
2026-05-26 10:12:23.697 [INFO] main.cpp:373 -   成功率:       0.0%
2026-05-26 10:12:23.697 [INFO] main.cpp:378 - ======== 命令队列统计 ========
2026-05-26 10:12:23.697 [INFO] main.cpp:379 -   已提交: 0  已执行: 0  成功: 0  失败: 0
2026-05-26 10:12:23.697 [INFO] main.cpp:384 -   队列大小: 0  平均耗时: 0.0ms
2026-05-26 10:12:24.698 [INFO] main.cpp:352 - ======== 总线统计 ========
2026-05-26 10:12:24.698 [INFO] main.cpp:353 -   总事务数:     160
2026-05-26 10:12:24.698 [INFO] main.cpp:354 -   总错误数:     160
2026-05-26 10:12:24.698 [INFO] main.cpp:355 -   发送字节数:   1280
2026-05-26 10:12:24.698 [INFO] main.cpp:356 -   接收字节数:   0
2026-05-26 10:12:24.698 [INFO] main.cpp:357 -   平均延迟:     0.00 ms
2026-05-26 10:12:24.698 [INFO] main.cpp:358 -   最大延迟:     0.00 ms
2026-05-26 10:12:24.698 [INFO] main.cpp:359 -   总线争用次数: 0
2026-05-26 10:12:24.698 [INFO] main.cpp:368 - ======== 轮询统计 ========
2026-05-26 10:12:24.698 [INFO] main.cpp:369 -   任务组数:     20
2026-05-26 10:12:24.698 [INFO] main.cpp:370 -   成功事务:     0
2026-05-26 10:12:24.698 [INFO] main.cpp:371 -   失败事务:     160
2026-05-26 10:12:24.698 [INFO] main.cpp:373 -   成功率:       0.0%
2026-05-26 10:12:24.698 [INFO] main.cpp:378 - ======== 命令队列统计 ========
2026-05-26 10:12:24.698 [INFO] main.cpp:379 -   已提交: 0  已执行: 0  成功: 0  失败: 0
2026-05-26 10:12:24.699 [INFO] main.cpp:384 -   队列大小: 0  平均耗时: 0.0ms
2026-05-26 10:12:25.699 [INFO] main.cpp:352 - ======== 总线统计 ========
2026-05-26 10:12:25.699 [INFO] main.cpp:353 -   总事务数:     160
2026-05-26 10:12:25.699 [INFO] main.cpp:354 -   总错误数:     160
2026-05-26 10:12:25.699 [INFO] main.cpp:355 -   发送字节数:   1280
2026-05-26 10:12:25.699 [INFO] main.cpp:356 -   接收字节数:   0
2026-05-26 10:12:25.699 [INFO] main.cpp:357 -   平均延迟:     0.00 ms
2026-05-26 10:12:25.699 [INFO] main.cpp:358 -   最大延迟:     0.00 ms
2026-05-26 10:12:25.699 [INFO] main.cpp:359 -   总线争用次数: 0
2026-05-26 10:12:25.699 [INFO] main.cpp:368 - ======== 轮询统计 ========
2026-05-26 10:12:25.700 [INFO] main.cpp:369 -   任务组数:     20
2026-05-26 10:12:25.700 [INFO] main.cpp:370 -   成功事务:     0
2026-05-26 10:12:25.700 [INFO] main.cpp:371 -   失败事务:     160
2026-05-26 10:12:25.700 [INFO] main.cpp:373 -   成功率:       0.0%
2026-05-26 10:12:25.700 [INFO] main.cpp:378 - ======== 命令队列统计 ========
2026-05-26 10:12:25.700 [INFO] main.cpp:379 -   已提交: 0  已执行: 0  成功: 0  失败: 0
2026-05-26 10:12:25.700 [INFO] main.cpp:384 -   队列大小: 0  平均耗时: 0.0ms
2026-05-26 10:12:26.701 [INFO] main.cpp:352 - ======== 总线统计 ========
2026-05-26 10:12:26.701 [INFO] main.cpp:353 -   总事务数:     160
2026-05-26 10:12:26.701 [INFO] main.cpp:354 -   总错误数:     160
2026-05-26 10:12:26.701 [INFO] main.cpp:355 -   发送字节数:   1280
2026-05-26 10:12:26.701 [INFO] main.cpp:356 -   接收字节数:   0
2026-05-26 10:12:26.701 [INFO] main.cpp:357 -   平均延迟:     0.00 ms
2026-05-26 10:12:26.701 [INFO] main.cpp:358 -   最大延迟:     0.00 ms
2026-05-26 10:12:26.701 [INFO] main.cpp:359 -   总线争用次数: 0
2026-05-26 10:12:26.701 [INFO] main.cpp:368 - ======== 轮询统计 ========
2026-05-26 10:12:26.701 [INFO] main.cpp:369 -   任务组数:     20
2026-05-26 10:12:26.701 [INFO] main.cpp:370 -   成功事务:     0
2026-05-26 10:12:26.701 [INFO] main.cpp:371 -   失败事务:     160
2026-05-26 10:12:26.701 [INFO] main.cpp:373 -   成功率:       0.0%
2026-05-26 10:12:26.701 [INFO] main.cpp:378 - ======== 命令队列统计 ========
2026-05-26 10:12:26.701 [INFO] main.cpp:379 -   已提交: 0  已执行: 0  成功: 0  失败: 0
2026-05-26 10:12:26.701 [INFO] main.cpp:384 -   队列大小: 0  平均耗时: 0.0ms
2026-05-26 10:12:27.702 [INFO] main.cpp:352 - ======== 总线统计 ========
2026-05-26 10:12:27.703 [INFO] main.cpp:353 -   总事务数:     180
2026-05-26 10:12:27.703 [INFO] main.cpp:354 -   总错误数:     160
2026-05-26 10:12:27.703 [INFO] main.cpp:355 -   发送字节数:   1280
2026-05-26 10:12:27.703 [INFO] main.cpp:356 -   接收字节数:   0
2026-05-26 10:12:27.703 [INFO] main.cpp:357 -   平均延迟:     0.00 ms
2026-05-26 10:12:27.703 [INFO] main.cpp:358 -   最大延迟:     0.00 ms
2026-05-26 10:12:27.703 [INFO] main.cpp:359 -   总线争用次数: 0
2026-05-26 10:12:27.703 [INFO] main.cpp:368 - ======== 轮询统计 ========
2026-05-26 10:12:27.703 [INFO] main.cpp:369 -   任务组数:     20
2026-05-26 10:12:27.703 [INFO] main.cpp:370 -   成功事务:     0
2026-05-26 10:12:27.703 [INFO] main.cpp:371 -   失败事务:     160
2026-05-26 10:12:27.703 [INFO] main.cpp:373 -   成功率:       0.0%
2026-05-26 10:12:27.703 [INFO] main.cpp:378 - ======== 命令队列统计 ========
2026-05-26 10:12:27.703 [INFO] main.cpp:379 -   已提交: 0  已执行: 0  成功: 0  失败: 0
2026-05-26 10:12:27.703 [INFO] main.cpp:384 -   队列大小: 0  平均耗时: 0.0ms
2026-05-26 10:12:28.704 [INFO] main.cpp:352 - ======== 总线统计 ========
2026-05-26 10:12:28.705 [INFO] main.cpp:353 -   总事务数:     180
2026-05-26 10:12:28.705 [INFO] main.cpp:354 -   总错误数:     160
2026-05-26 10:12:28.705 [INFO] main.cpp:355 -   发送字节数:   1440
2026-05-26 10:12:28.705 [INFO] main.cpp:356 -   接收字节数:   0
2026-05-26 10:12:28.705 [INFO] main.cpp:357 -   平均延迟:     0.00 ms
2026-05-26 10:12:28.705 [INFO] main.cpp:358 -   最大延迟:     0.00 ms
2026-05-26 10:12:28.705 [INFO] main.cpp:359 -   总线争用次数: 0
2026-05-26 10:12:28.705 [INFO] main.cpp:368 - ======== 轮询统计 ========
2026-05-26 10:12:28.705 [INFO] main.cpp:369 -   任务组数:     20
2026-05-26 10:12:28.705 [INFO] main.cpp:370 -   成功事务:     0
2026-05-26 10:12:28.705 [INFO] main.cpp:371 -   失败事务:     160
2026-05-26 10:12:28.705 [INFO] main.cpp:373 -   成功率:       0.0%
2026-05-26 10:12:28.705 [INFO] main.cpp:378 - ======== 命令队列统计 ========
2026-05-26 10:12:28.705 [INFO] main.cpp:379 -   已提交: 0  已执行: 0  成功: 0  失败: 0
2026-05-26 10:12:28.705 [INFO] main.cpp:384 -   队列大小: 0  平均耗时: 0.0ms
2026-05-26 10:12:29.705 [INFO] main.cpp:352 - ======== 总线统计 ========
2026-05-26 10:12:29.706 [INFO] main.cpp:353 -   总事务数:     180
2026-05-26 10:12:29.706 [INFO] main.cpp:354 -   总错误数:     180
2026-05-26 10:12:29.706 [INFO] main.cpp:355 -   发送字节数:   1440
2026-05-26 10:12:29.706 [INFO] main.cpp:356 -   接收字节数:   0
2026-05-26 10:12:29.706 [INFO] main.cpp:357 -   平均延迟:     0.00 ms
2026-05-26 10:12:29.706 [INFO] main.cpp:358 -   最大延迟:     0.00 ms
2026-05-26 10:12:29.706 [INFO] main.cpp:359 -   总线争用次数: 0
2026-05-26 10:12:29.706 [INFO] main.cpp:368 - ======== 轮询统计 ========
2026-05-26 10:12:29.706 [INFO] main.cpp:369 -   任务组数:     20
2026-05-26 10:12:29.706 [INFO] main.cpp:370 -   成功事务:     0
2026-05-26 10:12:29.706 [INFO] main.cpp:371 -   失败事务:     180
2026-05-26 10:12:29.706 [INFO] main.cpp:373 -   成功率:       0.0%
2026-05-26 10:12:29.706 [INFO] main.cpp:378 - ======== 命令队列统计 ========
2026-05-26 10:12:29.706 [INFO] main.cpp:379 -   已提交: 0  已执行: 0  成功: 0  失败: 0
2026-05-26 10:12:29.706 [INFO] main.cpp:384 -   队列大小: 0  平均耗时: 0.0ms
2026-05-26 10:12:30.707 [INFO] main.cpp:352 - ======== 总线统计 ========
2026-05-26 10:12:30.707 [INFO] main.cpp:353 -   总事务数:     180
2026-05-26 10:12:30.708 [INFO] main.cpp:354 -   总错误数:     180
2026-05-26 10:12:30.708 [INFO] main.cpp:355 -   发送字节数:   1440
2026-05-26 10:12:30.708 [INFO] main.cpp:356 -   接收字节数:   0
2026-05-26 10:12:30.708 [INFO] main.cpp:357 -   平均延迟:     0.00 ms
2026-05-26 10:12:30.708 [INFO] main.cpp:358 -   最大延迟:     0.00 ms
2026-05-26 10:12:30.708 [INFO] main.cpp:359 -   总线争用次数: 0
2026-05-26 10:12:30.708 [INFO] main.cpp:368 - ======== 轮询统计 ========
2026-05-26 10:12:30.708 [INFO] main.cpp:369 -   任务组数:     20
2026-05-26 10:12:30.708 [INFO] main.cpp:370 -   成功事务:     0
2026-05-26 10:12:30.708 [INFO] main.cpp:371 -   失败事务:     180
2026-05-26 10:12:30.708 [INFO] main.cpp:373 -   成功率:       0.0%
2026-05-26 10:12:30.708 [INFO] main.cpp:378 - ======== 命令队列统计 ========
2026-05-26 10:12:30.708 [INFO] main.cpp:379 -   已提交: 0  已执行: 0  成功: 0  失败: 0
2026-05-26 10:12:30.708 [INFO] main.cpp:384 -   队列大小: 0  平均耗时: 0.0ms
2026-05-26 10:12:31.709 [INFO] main.cpp:352 - ======== 总线统计 ========
2026-05-26 10:12:31.709 [INFO] main.cpp:353 -   总事务数:     180
2026-05-26 10:12:31.709 [INFO] main.cpp:354 -   总错误数:     180
2026-05-26 10:12:31.710 [INFO] main.cpp:355 -   发送字节数:   1440
2026-05-26 10:12:31.710 [INFO] main.cpp:356 -   接收字节数:   0
2026-05-26 10:12:31.710 [INFO] main.cpp:357 -   平均延迟:     0.00 ms
2026-05-26 10:12:31.710 [INFO] main.cpp:358 -   最大延迟:     0.00 ms
2026-05-26 10:12:31.710 [INFO] main.cpp:359 -   总线争用次数: 0
2026-05-26 10:12:31.710 [INFO] main.cpp:368 - ======== 轮询统计 ========
2026-05-26 10:12:31.710 [INFO] main.cpp:369 -   任务组数:     20
2026-05-26 10:12:31.710 [INFO] main.cpp:370 -   成功事务:     0
2026-05-26 10:12:31.710 [INFO] main.cpp:371 -   失败事务:     180
2026-05-26 10:12:31.710 [INFO] main.cpp:373 -   成功率:       0.0%
2026-05-26 10:12:31.710 [INFO] main.cpp:378 - ======== 命令队列统计 ========
2026-05-26 10:12:31.710 [INFO] main.cpp:379 -   已提交: 0  已执行: 0  成功: 0  失败: 0
2026-05-26 10:12:31.710 [INFO] main.cpp:384 -   队列大小: 0  平均耗时: 0.0ms
2026-05-26 10:12:32.711 [INFO] main.cpp:352 - ======== 总线统计 ========
2026-05-26 10:12:32.711 [INFO] main.cpp:353 -   总事务数:     200
2026-05-26 10:12:32.711 [INFO] main.cpp:354 -   总错误数:     180
2026-05-26 10:12:32.711 [INFO] main.cpp:355 -   发送字节数:   1440
2026-05-26 10:12:32.711 [INFO] main.cpp:356 -   接收字节数:   0
2026-05-26 10:12:32.711 [INFO] main.cpp:357 -   平均延迟:     0.00 ms
2026-05-26 10:12:32.711 [INFO] main.cpp:358 -   最大延迟:     0.00 ms
2026-05-26 10:12:32.711 [INFO] main.cpp:359 -   总线争用次数: 0
2026-05-26 10:12:32.712 [INFO] main.cpp:368 - ======== 轮询统计 ========
2026-05-26 10:12:32.712 [INFO] main.cpp:369 -   任务组数:     20
2026-05-26 10:12:32.712 [INFO] main.cpp:370 -   成功事务:     0
2026-05-26 10:12:32.712 [INFO] main.cpp:371 -   失败事务:     180
2026-05-26 10:12:32.712 [INFO] main.cpp:373 -   成功率:       0.0%
2026-05-26 10:12:32.712 [INFO] main.cpp:378 - ======== 命令队列统计 ========
2026-05-26 10:12:32.712 [INFO] main.cpp:379 -   已提交: 0  已执行: 0  成功: 0  失败: 0
2026-05-26 10:12:32.712 [INFO] main.cpp:384 -   队列大小: 0  平均耗时: 0.0ms
2026-05-26 10:12:33.713 [INFO] main.cpp:352 - ======== 总线统计 ========
2026-05-26 10:12:33.713 [INFO] main.cpp:353 -   总事务数:     200
2026-05-26 10:12:33.713 [INFO] main.cpp:354 -   总错误数:     180
2026-05-26 10:12:33.713 [INFO] main.cpp:355 -   发送字节数:   1600
2026-05-26 10:12:33.713 [INFO] main.cpp:356 -   接收字节数:   0
2026-05-26 10:12:33.713 [INFO] main.cpp:357 -   平均延迟:     0.00 ms
2026-05-26 10:12:33.713 [INFO] main.cpp:358 -   最大延迟:     0.00 ms
2026-05-26 10:12:33.713 [INFO] main.cpp:359 -   总线争用次数: 0
2026-05-26 10:12:33.713 [INFO] main.cpp:368 - ======== 轮询统计 ========
2026-05-26 10:12:33.714 [INFO] main.cpp:369 -   任务组数:     20
2026-05-26 10:12:33.714 [INFO] main.cpp:370 -   成功事务:     0
2026-05-26 10:12:33.714 [INFO] main.cpp:371 -   失败事务:     180
2026-05-26 10:12:33.714 [INFO] main.cpp:373 -   成功率:       0.0%
2026-05-26 10:12:33.714 [INFO] main.cpp:378 - ======== 命令队列统计 ========
2026-05-26 10:12:33.714 [INFO] main.cpp:379 -   已提交: 0  已执行: 0  成功: 0  失败: 0
2026-05-26 10:12:33.714 [INFO] main.cpp:384 -   队列大小: 0  平均耗时: 0.0ms
2026-05-26 10:12:34.715 [INFO] main.cpp:352 - ======== 总线统计 ========
2026-05-26 10:12:34.715 [INFO] main.cpp:353 -   总事务数:     200
2026-05-26 10:12:34.715 [INFO] main.cpp:354 -   总错误数:     200
2026-05-26 10:12:34.715 [INFO] main.cpp:355 -   发送字节数:   1600
2026-05-26 10:12:34.715 [INFO] main.cpp:356 -   接收字节数:   0
2026-05-26 10:12:34.715 [INFO] main.cpp:357 -   平均延迟:     0.00 ms
2026-05-26 10:12:34.715 [INFO] main.cpp:358 -   最大延迟:     0.00 ms
2026-05-26 10:12:34.715 [INFO] main.cpp:359 -   总线争用次数: 0
2026-05-26 10:12:34.715 [INFO] main.cpp:368 - ======== 轮询统计 ========
2026-05-26 10:12:34.715 [INFO] main.cpp:369 -   任务组数:     20
2026-05-26 10:12:34.715 [INFO] main.cpp:370 -   成功事务:     0
2026-05-26 10:12:34.715 [INFO] main.cpp:371 -   失败事务:     200
2026-05-26 10:12:34.716 [INFO] main.cpp:373 -   成功率:       0.0%
2026-05-26 10:12:34.716 [INFO] main.cpp:378 - ======== 命令队列统计 ========
2026-05-26 10:12:34.716 [INFO] main.cpp:379 -   已提交: 0  已执行: 0  成功: 0  失败: 0
2026-05-26 10:12:34.716 [INFO] main.cpp:384 -   队列大小: 0  平均耗时: 0.0ms
2026-05-26 10:12:35.717 [INFO] main.cpp:352 - ======== 总线统计 ========
2026-05-26 10:12:35.717 [INFO] main.cpp:353 -   总事务数:     200
2026-05-26 10:12:35.717 [INFO] main.cpp:354 -   总错误数:     200
2026-05-26 10:12:35.717 [INFO] main.cpp:355 -   发送字节数:   1600
2026-05-26 10:12:35.717 [INFO] main.cpp:356 -   接收字节数:   0
2026-05-26 10:12:35.717 [INFO] main.cpp:357 -   平均延迟:     0.00 ms
2026-05-26 10:12:35.717 [INFO] main.cpp:358 -   最大延迟:     0.00 ms
2026-05-26 10:12:35.717 [INFO] main.cpp:359 -   总线争用次数: 0
2026-05-26 10:12:35.717 [INFO] main.cpp:368 - ======== 轮询统计 ========
2026-05-26 10:12:35.717 [INFO] main.cpp:369 -   任务组数:     20
2026-05-26 10:12:35.717 [INFO] main.cpp:370 -   成功事务:     0
2026-05-26 10:12:35.717 [INFO] main.cpp:371 -   失败事务:     200
2026-05-26 10:12:35.717 [INFO] main.cpp:373 -   成功率:       0.0%
2026-05-26 10:12:35.718 [INFO] main.cpp:378 - ======== 命令队列统计 ========
2026-05-26 10:12:35.718 [INFO] main.cpp:379 -   已提交: 0  已执行: 0  成功: 0  失败: 0
2026-05-26 10:12:35.718 [INFO] main.cpp:384 -   队列大小: 0  平均耗时: 0.0ms
2026-05-26 10:12:36.718 [INFO] main.cpp:352 - ======== 总线统计 ========
2026-05-26 10:12:36.718 [INFO] main.cpp:353 -   总事务数:     200
2026-05-26 10:12:36.718 [INFO] main.cpp:354 -   总错误数:     200
2026-05-26 10:12:36.718 [INFO] main.cpp:355 -   发送字节数:   1600
2026-05-26 10:12:36.718 [INFO] main.cpp:356 -   接收字节数:   0
2026-05-26 10:12:36.718 [INFO] main.cpp:357 -   平均延迟:     0.00 ms
2026-05-26 10:12:36.718 [INFO] main.cpp:358 -   最大延迟:     0.00 ms
2026-05-26 10:12:36.718 [INFO] main.cpp:359 -   总线争用次数: 0
2026-05-26 10:12:36.718 [INFO] main.cpp:368 - ======== 轮询统计 ========
2026-05-26 10:12:36.718 [INFO] main.cpp:369 -   任务组数:     20
2026-05-26 10:12:36.718 [INFO] main.cpp:370 -   成功事务:     0
2026-05-26 10:12:36.718 [INFO] main.cpp:371 -   失败事务:     200
2026-05-26 10:12:36.718 [INFO] main.cpp:373 -   成功率:       0.0%
2026-05-26 10:12:36.718 [INFO] main.cpp:378 - ======== 命令队列统计 ========
2026-05-26 10:12:36.718 [INFO] main.cpp:379 -   已提交: 0  已执行: 0  成功: 0  失败: 0
2026-05-26 10:12:36.719 [INFO] main.cpp:384 -   队列大小: 0  平均耗时: 0.0ms
2026-05-26 10:12:37.720 [INFO] main.cpp:352 - ======== 总线统计 ========
2026-05-26 10:12:37.720 [INFO] main.cpp:353 -   总事务数:     220
2026-05-26 10:12:37.720 [INFO] main.cpp:354 -   总错误数:     200
2026-05-26 10:12:37.720 [INFO] main.cpp:355 -   发送字节数:   1600
2026-05-26 10:12:37.720 [INFO] main.cpp:356 -   接收字节数:   0
2026-05-26 10:12:37.720 [INFO] main.cpp:357 -   平均延迟:     0.00 ms
2026-05-26 10:12:37.720 [INFO] main.cpp:358 -   最大延迟:     0.00 ms
2026-05-26 10:12:37.720 [INFO] main.cpp:359 -   总线争用次数: 0
2026-05-26 10:12:37.720 [INFO] main.cpp:368 - ======== 轮询统计 ========
2026-05-26 10:12:37.720 [INFO] main.cpp:369 -   任务组数:     20
2026-05-26 10:12:37.720 [INFO] main.cpp:370 -   成功事务:     0
2026-05-26 10:12:37.720 [INFO] main.cpp:371 -   失败事务:     200
2026-05-26 10:12:37.720 [INFO] main.cpp:373 -   成功率:       0.0%
2026-05-26 10:12:37.720 [INFO] main.cpp:378 - ======== 命令队列统计 ========
2026-05-26 10:12:37.720 [INFO] main.cpp:379 -   已提交: 0  已执行: 0  成功: 0  失败: 0
2026-05-26 10:12:37.720 [INFO] main.cpp:384 -   队列大小: 0  平均耗时: 0.0ms
2026-05-26 10:12:38.721 [INFO] main.cpp:352 - ======== 总线统计 ========
2026-05-26 10:12:38.722 [INFO] main.cpp:353 -   总事务数:     220
2026-05-26 10:12:38.722 [INFO] main.cpp:354 -   总错误数:     200
2026-05-26 10:12:38.722 [INFO] main.cpp:355 -   发送字节数:   1760
2026-05-26 10:12:38.722 [INFO] main.cpp:356 -   接收字节数:   0
2026-05-26 10:12:38.722 [INFO] main.cpp:357 -   平均延迟:     0.00 ms
2026-05-26 10:12:38.722 [INFO] main.cpp:358 -   最大延迟:     0.00 ms
2026-05-26 10:12:38.722 [INFO] main.cpp:359 -   总线争用次数: 0
2026-05-26 10:12:38.722 [INFO] main.cpp:368 - ======== 轮询统计 ========
2026-05-26 10:12:38.722 [INFO] main.cpp:369 -   任务组数:     20
2026-05-26 10:12:38.722 [INFO] main.cpp:370 -   成功事务:     0
2026-05-26 10:12:38.722 [INFO] main.cpp:371 -   失败事务:     200
2026-05-26 10:12:38.722 [INFO] main.cpp:373 -   成功率:       0.0%
2026-05-26 10:12:38.722 [INFO] main.cpp:378 - ======== 命令队列统计 ========
2026-05-26 10:12:38.722 [INFO] main.cpp:379 -   已提交: 0  已执行: 0  成功: 0  失败: 0
2026-05-26 10:12:38.722 [INFO] main.cpp:384 -   队列大小: 0  平均耗时: 0.0ms
2026-05-26 10:12:39.723 [INFO] main.cpp:352 - ======== 总线统计 ========
2026-05-26 10:12:39.724 [INFO] main.cpp:353 -   总事务数:     220
2026-05-26 10:12:39.724 [INFO] main.cpp:354 -   总错误数:     220
2026-05-26 10:12:39.724 [INFO] main.cpp:355 -   发送字节数:   1760
2026-05-26 10:12:39.724 [INFO] main.cpp:356 -   接收字节数:   0
2026-05-26 10:12:39.724 [INFO] main.cpp:357 -   平均延迟:     0.00 ms
2026-05-26 10:12:39.724 [INFO] main.cpp:358 -   最大延迟:     0.00 ms
2026-05-26 10:12:39.724 [INFO] main.cpp:359 -   总线争用次数: 0
2026-05-26 10:12:39.724 [INFO] main.cpp:368 - ======== 轮询统计 ========
2026-05-26 10:12:39.724 [INFO] main.cpp:369 -   任务组数:     20
2026-05-26 10:12:39.724 [INFO] main.cpp:370 -   成功事务:     0
2026-05-26 10:12:39.724 [INFO] main.cpp:371 -   失败事务:     220
2026-05-26 10:12:39.724 [INFO] main.cpp:373 -   成功率:       0.0%
2026-05-26 10:12:39.724 [INFO] main.cpp:378 - ======== 命令队列统计 ========
2026-05-26 10:12:39.724 [INFO] main.cpp:379 -   已提交: 0  已执行: 0  成功: 0  失败: 0
2026-05-26 10:12:39.724 [INFO] main.cpp:384 -   队列大小: 0  平均耗时: 0.0ms
2026-05-26 10:12:40.725 [INFO] main.cpp:352 - ======== 总线统计 ========
2026-05-26 10:12:40.726 [INFO] main.cpp:353 -   总事务数:     220
2026-05-26 10:12:40.726 [INFO] main.cpp:354 -   总错误数:     220
2026-05-26 10:12:40.726 [INFO] main.cpp:355 -   发送字节数:   1760
2026-05-26 10:12:40.726 [INFO] main.cpp:356 -   接收字节数:   0
2026-05-26 10:12:40.726 [INFO] main.cpp:357 -   平均延迟:     0.00 ms
2026-05-26 10:12:40.726 [INFO] main.cpp:358 -   最大延迟:     0.00 ms
2026-05-26 10:12:40.726 [INFO] main.cpp:359 -   总线争用次数: 0
2026-05-26 10:12:40.726 [INFO] main.cpp:368 - ======== 轮询统计 ========
2026-05-26 10:12:40.726 [INFO] main.cpp:369 -   任务组数:     20
2026-05-26 10:12:40.726 [INFO] main.cpp:370 -   成功事务:     0
2026-05-26 10:12:40.726 [INFO] main.cpp:371 -   失败事务:     220
2026-05-26 10:12:40.726 [INFO] main.cpp:373 -   成功率:       0.0%
2026-05-26 10:12:40.726 [INFO] main.cpp:378 - ======== 命令队列统计 ========
2026-05-26 10:12:40.726 [INFO] main.cpp:379 -   已提交: 0  已执行: 0  成功: 0  失败: 0
2026-05-26 10:12:40.726 [INFO] main.cpp:384 -   队列大小: 0  平均耗时: 0.0ms
2026-05-26 10:12:41.727 [INFO] main.cpp:352 - ======== 总线统计 ========
2026-05-26 10:12:41.728 [INFO] main.cpp:353 -   总事务数:     220
2026-05-26 10:12:41.728 [INFO] main.cpp:354 -   总错误数:     220
2026-05-26 10:12:41.728 [INFO] main.cpp:355 -   发送字节数:   1760
2026-05-26 10:12:41.728 [INFO] main.cpp:356 -   接收字节数:   0
2026-05-26 10:12:41.728 [INFO] main.cpp:357 -   平均延迟:     0.00 ms
2026-05-26 10:12:41.728 [INFO] main.cpp:358 -   最大延迟:     0.00 ms
2026-05-26 10:12:41.728 [INFO] main.cpp:359 -   总线争用次数: 0
2026-05-26 10:12:41.728 [INFO] main.cpp:368 - ======== 轮询统计 ========
2026-05-26 10:12:41.728 [INFO] main.cpp:369 -   任务组数:     20
2026-05-26 10:12:41.728 [INFO] main.cpp:370 -   成功事务:     0
2026-05-26 10:12:41.728 [INFO] main.cpp:371 -   失败事务:     220
2026-05-26 10:12:41.728 [INFO] main.cpp:373 -   成功率:       0.0%
2026-05-26 10:12:41.728 [INFO] main.cpp:378 - ======== 命令队列统计 ========
2026-05-26 10:12:41.728 [INFO] main.cpp:379 -   已提交: 0  已执行: 0  成功: 0  失败: 0
2026-05-26 10:12:41.728 [INFO] main.cpp:384 -   队列大小: 0  平均耗时: 0.0ms
2026-05-26 10:12:42.729 [INFO] main.cpp:352 - ======== 总线统计 ========
2026-05-26 10:12:42.730 [INFO] main.cpp:353 -   总事务数:     240
2026-05-26 10:12:42.730 [INFO] main.cpp:354 -   总错误数:     220
2026-05-26 10:12:42.730 [INFO] main.cpp:355 -   发送字节数:   1832
2026-05-26 10:12:42.730 [INFO] main.cpp:356 -   接收字节数:   0
2026-05-26 10:12:42.730 [INFO] main.cpp:357 -   平均延迟:     0.00 ms
2026-05-26 10:12:42.730 [INFO] main.cpp:358 -   最大延迟:     0.00 ms
2026-05-26 10:12:42.730 [INFO] main.cpp:359 -   总线争用次数: 0
2026-05-26 10:12:42.730 [INFO] main.cpp:368 - ======== 轮询统计 ========
2026-05-26 10:12:42.730 [INFO] main.cpp:369 -   任务组数:     20
2026-05-26 10:12:42.730 [INFO] main.cpp:370 -   成功事务:     0
2026-05-26 10:12:42.730 [INFO] main.cpp:371 -   失败事务:     220
2026-05-26 10:12:42.730 [INFO] main.cpp:373 -   成功率:       0.0%
2026-05-26 10:12:42.730 [INFO] main.cpp:378 - ======== 命令队列统计 ========
2026-05-26 10:12:42.730 [INFO] main.cpp:379 -   已提交: 0  已执行: 0  成功: 0  失败: 0
2026-05-26 10:12:42.730 [INFO] main.cpp:384 -   队列大小: 0  平均耗时: 0.0ms
2026-05-26 10:12:43.731 [INFO] main.cpp:352 - ======== 总线统计 ========
2026-05-26 10:12:43.731 [INFO] main.cpp:353 -   总事务数:     240
2026-05-26 10:12:43.731 [INFO] main.cpp:354 -   总错误数:     230
2026-05-26 10:12:43.731 [INFO] main.cpp:355 -   发送字节数:   1920
2026-05-26 10:12:43.731 [INFO] main.cpp:356 -   接收字节数:   0
2026-05-26 10:12:43.731 [INFO] main.cpp:357 -   平均延迟:     0.00 ms
2026-05-26 10:12:43.731 [INFO] main.cpp:358 -   最大延迟:     0.00 ms
2026-05-26 10:12:43.731 [INFO] main.cpp:359 -   总线争用次数: 0
2026-05-26 10:12:43.732 [INFO] main.cpp:368 - ======== 轮询统计 ========
2026-05-26 10:12:43.732 [INFO] main.cpp:369 -   任务组数:     20
2026-05-26 10:12:43.732 [INFO] main.cpp:370 -   成功事务:     0
2026-05-26 10:12:43.732 [INFO] main.cpp:371 -   失败事务:     230
2026-05-26 10:12:43.732 [INFO] main.cpp:373 -   成功率:       0.0%
2026-05-26 10:12:43.732 [INFO] main.cpp:378 - ======== 命令队列统计 ========
2026-05-26 10:12:43.732 [INFO] main.cpp:379 -   已提交: 0  已执行: 0  成功: 0  失败: 0
2026-05-26 10:12:43.732 [INFO] main.cpp:384 -   队列大小: 0  平均耗时: 0.0ms
2026-05-26 10:12:44.733 [INFO] main.cpp:352 - ======== 总线统计 ========
2026-05-26 10:12:44.733 [INFO] main.cpp:353 -   总事务数:     240
2026-05-26 10:12:44.733 [INFO] main.cpp:354 -   总错误数:     240
2026-05-26 10:12:44.733 [INFO] main.cpp:355 -   发送字节数:   1920
2026-05-26 10:12:44.733 [INFO] main.cpp:356 -   接收字节数:   0
2026-05-26 10:12:44.733 [INFO] main.cpp:357 -   平均延迟:     0.00 ms
2026-05-26 10:12:44.733 [INFO] main.cpp:358 -   最大延迟:     0.00 ms
2026-05-26 10:12:44.733 [INFO] main.cpp:359 -   总线争用次数: 0
2026-05-26 10:12:44.733 [INFO] main.cpp:368 - ======== 轮询统计 ========
2026-05-26 10:12:44.734 [INFO] main.cpp:369 -   任务组数:     20
2026-05-26 10:12:44.734 [INFO] main.cpp:370 -   成功事务:     0
2026-05-26 10:12:44.734 [INFO] main.cpp:371 -   失败事务:     240
2026-05-26 10:12:44.734 [INFO] main.cpp:373 -   成功率:       0.0%
2026-05-26 10:12:44.734 [INFO] main.cpp:378 - ======== 命令队列统计 ========
2026-05-26 10:12:44.734 [INFO] main.cpp:379 -   已提交: 0  已执行: 0  成功: 0  失败: 0
2026-05-26 10:12:44.734 [INFO] main.cpp:384 -   队列大小: 0  平均耗时: 0.0ms
2026-05-26 10:12:45.734 [INFO] main.cpp:352 - ======== 总线统计 ========
2026-05-26 10:12:45.735 [INFO] main.cpp:353 -   总事务数:     240
2026-05-26 10:12:45.735 [INFO] main.cpp:354 -   总错误数:     240
2026-05-26 10:12:45.735 [INFO] main.cpp:355 -   发送字节数:   1920
2026-05-26 10:12:45.735 [INFO] main.cpp:356 -   接收字节数:   0
2026-05-26 10:12:45.735 [INFO] main.cpp:357 -   平均延迟:     0.00 ms
2026-05-26 10:12:45.735 [INFO] main.cpp:358 -   最大延迟:     0.00 ms
2026-05-26 10:12:45.735 [INFO] main.cpp:359 -   总线争用次数: 0
2026-05-26 10:12:45.735 [INFO] main.cpp:368 - ======== 轮询统计 ========
2026-05-26 10:12:45.735 [INFO] main.cpp:369 -   任务组数:     20
2026-05-26 10:12:45.735 [INFO] main.cpp:370 -   成功事务:     0
2026-05-26 10:12:45.735 [INFO] main.cpp:371 -   失败事务:     240
2026-05-26 10:12:45.735 [INFO] main.cpp:373 -   成功率:       0.0%
2026-05-26 10:12:45.735 [INFO] main.cpp:378 - ======== 命令队列统计 ========
2026-05-26 10:12:45.735 [INFO] main.cpp:379 -   已提交: 0  已执行: 0  成功: 0  失败: 0
2026-05-26 10:12:45.735 [INFO] main.cpp:384 -   队列大小: 0  平均耗时: 0.0ms
2026-05-26 10:12:46.736 [INFO] main.cpp:352 - ======== 总线统计 ========
2026-05-26 10:12:46.737 [INFO] main.cpp:353 -   总事务数:     240
2026-05-26 10:12:46.737 [INFO] main.cpp:354 -   总错误数:     240
2026-05-26 10:12:46.737 [INFO] main.cpp:355 -   发送字节数:   1920
2026-05-26 10:12:46.737 [INFO] main.cpp:356 -   接收字节数:   0
2026-05-26 10:12:46.737 [INFO] main.cpp:357 -   平均延迟:     0.00 ms
2026-05-26 10:12:46.737 [INFO] main.cpp:358 -   最大延迟:     0.00 ms
2026-05-26 10:12:46.737 [INFO] main.cpp:359 -   总线争用次数: 0
2026-05-26 10:12:46.737 [INFO] main.cpp:368 - ======== 轮询统计 ========
2026-05-26 10:12:46.737 [INFO] main.cpp:369 -   任务组数:     20
2026-05-26 10:12:46.737 [INFO] main.cpp:370 -   成功事务:     0
2026-05-26 10:12:46.737 [INFO] main.cpp:371 -   失败事务:     240
2026-05-26 10:12:46.737 [INFO] main.cpp:373 -   成功率:       0.0%
2026-05-26 10:12:46.737 [INFO] main.cpp:378 - ======== 命令队列统计 ========
2026-05-26 10:12:46.737 [INFO] main.cpp:379 -   已提交: 0  已执行: 0  成功: 0  失败: 0
2026-05-26 10:12:46.737 [INFO] main.cpp:384 -   队列大小: 0  平均耗时: 0.0ms
2026-05-26 10:12:47.738 [INFO] main.cpp:352 - ======== 总线统计 ========
2026-05-26 10:12:47.738 [INFO] main.cpp:353 -   总事务数:     260
2026-05-26 10:12:47.738 [INFO] main.cpp:354 -   总错误数:     240
2026-05-26 10:12:47.738 [INFO] main.cpp:355 -   发送字节数:   2016
2026-05-26 10:12:47.738 [INFO] main.cpp:356 -   接收字节数:   0
2026-05-26 10:12:47.738 [INFO] main.cpp:357 -   平均延迟:     0.00 ms
2026-05-26 10:12:47.738 [INFO] main.cpp:358 -   最大延迟:     0.00 ms
2026-05-26 10:12:47.738 [INFO] main.cpp:359 -   总线争用次数: 0
2026-05-26 10:12:47.738 [INFO] main.cpp:368 - ======== 轮询统计 ========
2026-05-26 10:12:47.739 [INFO] main.cpp:369 -   任务组数:     20
2026-05-26 10:12:47.739 [INFO] main.cpp:370 -   成功事务:     0
2026-05-26 10:12:47.739 [INFO] main.cpp:371 -   失败事务:     240
2026-05-26 10:12:47.739 [INFO] main.cpp:373 -   成功率:       0.0%
2026-05-26 10:12:47.739 [INFO] main.cpp:378 - ======== 命令队列统计 ========
2026-05-26 10:12:47.739 [INFO] main.cpp:379 -   已提交: 0  已执行: 0  成功: 0  失败: 0
2026-05-26 10:12:47.739 [INFO] main.cpp:384 -   队列大小: 0  平均耗时: 0.0ms
2026-05-26 10:12:48.740 [INFO] main.cpp:352 - ======== 总线统计 ========
2026-05-26 10:12:48.740 [INFO] main.cpp:353 -   总事务数:     260
2026-05-26 10:12:48.740 [INFO] main.cpp:354 -   总错误数:     252
2026-05-26 10:12:48.740 [INFO] main.cpp:355 -   发送字节数:   2080
2026-05-26 10:12:48.740 [INFO] main.cpp:356 -   接收字节数:   0
2026-05-26 10:12:48.740 [INFO] main.cpp:357 -   平均延迟:     0.00 ms
2026-05-26 10:12:48.740 [INFO] main.cpp:358 -   最大延迟:     0.00 ms
2026-05-26 10:12:48.740 [INFO] main.cpp:359 -   总线争用次数: 0
2026-05-26 10:12:48.741 [INFO] main.cpp:368 - ======== 轮询统计 ========
2026-05-26 10:12:48.741 [INFO] main.cpp:369 -   任务组数:     20
2026-05-26 10:12:48.741 [INFO] main.cpp:370 -   成功事务:     0
2026-05-26 10:12:48.741 [INFO] main.cpp:371 -   失败事务:     252
2026-05-26 10:12:48.741 [INFO] main.cpp:373 -   成功率:       0.0%
2026-05-26 10:12:48.741 [INFO] main.cpp:378 - ======== 命令队列统计 ========
2026-05-26 10:12:48.741 [INFO] main.cpp:379 -   已提交: 0  已执行: 0  成功: 0  失败: 0
2026-05-26 10:12:48.741 [INFO] main.cpp:384 -   队列大小: 0  平均耗时: 0.0ms
2026-05-26 10:12:49.742 [INFO] main.cpp:352 - ======== 总线统计 ========
2026-05-26 10:12:49.742 [INFO] main.cpp:353 -   总事务数:     260
2026-05-26 10:12:49.742 [INFO] main.cpp:354 -   总错误数:     260
2026-05-26 10:12:49.742 [INFO] main.cpp:355 -   发送字节数:   2080
2026-05-26 10:12:49.742 [INFO] main.cpp:356 -   接收字节数:   0
2026-05-26 10:12:49.742 [INFO] main.cpp:357 -   平均延迟:     0.00 ms
2026-05-26 10:12:49.742 [INFO] main.cpp:358 -   最大延迟:     0.00 ms
2026-05-26 10:12:49.742 [INFO] main.cpp:359 -   总线争用次数: 0
2026-05-26 10:12:49.743 [INFO] main.cpp:368 - ======== 轮询统计 ========
2026-05-26 10:12:49.743 [INFO] main.cpp:369 -   任务组数:     20
2026-05-26 10:12:49.743 [INFO] main.cpp:370 -   成功事务:     0
2026-05-26 10:12:49.743 [INFO] main.cpp:371 -   失败事务:     260
2026-05-26 10:12:49.743 [INFO] main.cpp:373 -   成功率:       0.0%
2026-05-26 10:12:49.743 [INFO] main.cpp:378 - ======== 命令队列统计 ========
2026-05-26 10:12:49.743 [INFO] main.cpp:379 -   已提交: 0  已执行: 0  成功: 0  失败: 0
2026-05-26 10:12:49.743 [INFO] main.cpp:384 -   队列大小: 0  平均耗时: 0.0ms
2026-05-26 10:12:50.744 [INFO] main.cpp:352 - ======== 总线统计 ========
2026-05-26 10:12:50.744 [INFO] main.cpp:353 -   总事务数:     260
2026-05-26 10:12:50.744 [INFO] main.cpp:354 -   总错误数:     260
2026-05-26 10:12:50.744 [INFO] main.cpp:355 -   发送字节数:   2080
2026-05-26 10:12:50.744 [INFO] main.cpp:356 -   接收字节数:   0
2026-05-26 10:12:50.744 [INFO] main.cpp:357 -   平均延迟:     0.00 ms
2026-05-26 10:12:50.744 [INFO] main.cpp:358 -   最大延迟:     0.00 ms
2026-05-26 10:12:50.744 [INFO] main.cpp:359 -   总线争用次数: 0
2026-05-26 10:12:50.744 [INFO] main.cpp:368 - ======== 轮询统计 ========
2026-05-26 10:12:50.744 [INFO] main.cpp:369 -   任务组数:     20
2026-05-26 10:12:50.744 [INFO] main.cpp:370 -   成功事务:     0
2026-05-26 10:12:50.745 [INFO] main.cpp:371 -   失败事务:     260
2026-05-26 10:12:50.745 [INFO] main.cpp:373 -   成功率:       0.0%
2026-05-26 10:12:50.745 [INFO] main.cpp:378 - ======== 命令队列统计 ========
2026-05-26 10:12:50.745 [INFO] main.cpp:379 -   已提交: 0  已执行: 0  成功: 0  失败: 0
2026-05-26 10:12:50.745 [INFO] main.cpp:384 -   队列大小: 0  平均耗时: 0.0ms
2026-05-26 10:12:51.746 [INFO] main.cpp:352 - ======== 总线统计 ========
2026-05-26 10:12:51.746 [INFO] main.cpp:353 -   总事务数:     260
2026-05-26 10:12:51.746 [INFO] main.cpp:354 -   总错误数:     260
2026-05-26 10:12:51.746 [INFO] main.cpp:355 -   发送字节数:   2080
2026-05-26 10:12:51.746 [INFO] main.cpp:356 -   接收字节数:   0
2026-05-26 10:12:51.746 [INFO] main.cpp:357 -   平均延迟:     0.00 ms
2026-05-26 10:12:51.746 [INFO] main.cpp:358 -   最大延迟:     0.00 ms
2026-05-26 10:12:51.746 [INFO] main.cpp:359 -   总线争用次数: 0
2026-05-26 10:12:51.746 [INFO] main.cpp:368 - ======== 轮询统计 ========
2026-05-26 10:12:51.746 [INFO] main.cpp:369 -   任务组数:     20
2026-05-26 10:12:51.746 [INFO] main.cpp:370 -   成功事务:     0
2026-05-26 10:12:51.746 [INFO] main.cpp:371 -   失败事务:     260
2026-05-26 10:12:51.746 [INFO] main.cpp:373 -   成功率:       0.0%
2026-05-26 10:12:51.746 [INFO] main.cpp:378 - ======== 命令队列统计 ========
2026-05-26 10:12:51.747 [INFO] main.cpp:379 -   已提交: 0  已执行: 0  成功: 0  失败: 0
2026-05-26 10:12:51.747 [INFO] main.cpp:384 -   队列大小: 0  平均耗时: 0.0ms
2026-05-26 10:12:52.748 [INFO] main.cpp:352 - ======== 总线统计 ========
2026-05-26 10:12:52.748 [INFO] main.cpp:353 -   总事务数:     280
2026-05-26 10:12:52.748 [INFO] main.cpp:354 -   总错误数:     260
2026-05-26 10:12:52.748 [INFO] main.cpp:355 -   发送字节数:   2240
2026-05-26 10:12:52.748 [INFO] main.cpp:356 -   接收字节数:   0
2026-05-26 10:12:52.748 [INFO] main.cpp:357 -   平均延迟:     0.00 ms
2026-05-26 10:12:52.748 [INFO] main.cpp:358 -   最大延迟:     0.00 ms
2026-05-26 10:12:52.748 [INFO] main.cpp:359 -   总线争用次数: 0
2026-05-26 10:12:52.748 [INFO] main.cpp:368 - ======== 轮询统计 ========
2026-05-26 10:12:52.748 [INFO] main.cpp:369 -   任务组数:     20
2026-05-26 10:12:52.748 [INFO] main.cpp:370 -   成功事务:     0
2026-05-26 10:12:52.748 [INFO] main.cpp:371 -   失败事务:     260
2026-05-26 10:12:52.748 [INFO] main.cpp:373 -   成功率:       0.0%
2026-05-26 10:12:52.748 [INFO] main.cpp:378 - ======== 命令队列统计 ========
2026-05-26 10:12:52.748 [INFO] main.cpp:379 -   已提交: 0  已执行: 0  成功: 0  失败: 0
2026-05-26 10:12:52.748 [INFO] main.cpp:384 -   队列大小: 0  平均耗时: 0.0ms
2026-05-26 10:12:53.750 [INFO] main.cpp:352 - ======== 总线统计 ========
2026-05-26 10:12:53.750 [INFO] main.cpp:353 -   总事务数:     280
2026-05-26 10:12:53.750 [INFO] main.cpp:354 -   总错误数:     280
2026-05-26 10:12:53.750 [INFO] main.cpp:355 -   发送字节数:   2240
2026-05-26 10:12:53.750 [INFO] main.cpp:356 -   接收字节数:   0
2026-05-26 10:12:53.750 [INFO] main.cpp:357 -   平均延迟:     0.00 ms
2026-05-26 10:12:53.750 [INFO] main.cpp:358 -   最大延迟:     0.00 ms
2026-05-26 10:12:53.750 [INFO] main.cpp:359 -   总线争用次数: 0
2026-05-26 10:12:53.750 [INFO] main.cpp:368 - ======== 轮询统计 ========
2026-05-26 10:12:53.750 [INFO] main.cpp:369 -   任务组数:     20
2026-05-26 10:12:53.750 [INFO] main.cpp:370 -   成功事务:     0
2026-05-26 10:12:53.750 [INFO] main.cpp:371 -   失败事务:     280
2026-05-26 10:12:53.750 [INFO] main.cpp:373 -   成功率:       0.0%
2026-05-26 10:12:53.750 [INFO] main.cpp:378 - ======== 命令队列统计 ========
2026-05-26 10:12:53.750 [INFO] main.cpp:379 -   已提交: 0  已执行: 0  成功: 0  失败: 0
2026-05-26 10:12:53.750 [INFO] main.cpp:384 -   队列大小: 0  平均耗时: 0.0ms
2026-05-26 10:12:54.751 [INFO] main.cpp:352 - ======== 总线统计 ========
2026-05-26 10:12:54.751 [INFO] main.cpp:353 -   总事务数:     280
2026-05-26 10:12:54.751 [INFO] main.cpp:354 -   总错误数:     280
2026-05-26 10:12:54.751 [INFO] main.cpp:355 -   发送字节数:   2240
2026-05-26 10:12:54.751 [INFO] main.cpp:356 -   接收字节数:   0
2026-05-26 10:12:54.751 [INFO] main.cpp:357 -   平均延迟:     0.00 ms
2026-05-26 10:12:54.752 [INFO] main.cpp:358 -   最大延迟:     0.00 ms
2026-05-26 10:12:54.752 [INFO] main.cpp:359 -   总线争用次数: 0
2026-05-26 10:12:54.752 [INFO] main.cpp:368 - ======== 轮询统计 ========
2026-05-26 10:12:54.752 [INFO] main.cpp:369 -   任务组数:     20
2026-05-26 10:12:54.752 [INFO] main.cpp:370 -   成功事务:     0
2026-05-26 10:12:54.752 [INFO] main.cpp:371 -   失败事务:     280
2026-05-26 10:12:54.752 [INFO] main.cpp:373 -   成功率:       0.0%
2026-05-26 10:12:54.752 [INFO] main.cpp:378 - ======== 命令队列统计 ========
2026-05-26 10:12:54.752 [INFO] main.cpp:379 -   已提交: 0  已执行: 0  成功: 0  失败: 0
2026-05-26 10:12:54.752 [INFO] main.cpp:384 -   队列大小: 0  平均耗时: 0.0ms
2026-05-26 10:12:55.753 [INFO] main.cpp:352 - ======== 总线统计 ========
2026-05-26 10:12:55.753 [INFO] main.cpp:353 -   总事务数:     280
2026-05-26 10:12:55.753 [INFO] main.cpp:354 -   总错误数:     280
2026-05-26 10:12:55.753 [INFO] main.cpp:355 -   发送字节数:   2240
2026-05-26 10:12:55.753 [INFO] main.cpp:356 -   接收字节数:   0
2026-05-26 10:12:55.753 [INFO] main.cpp:357 -   平均延迟:     0.00 ms
2026-05-26 10:12:55.753 [INFO] main.cpp:358 -   最大延迟:     0.00 ms
2026-05-26 10:12:55.753 [INFO] main.cpp:359 -   总线争用次数: 0
2026-05-26 10:12:55.754 [INFO] main.cpp:368 - ======== 轮询统计 ========
2026-05-26 10:12:55.754 [INFO] main.cpp:369 -   任务组数:     20
2026-05-26 10:12:55.754 [INFO] main.cpp:370 -   成功事务:     0
2026-05-26 10:12:55.754 [INFO] main.cpp:371 -   失败事务:     280
2026-05-26 10:12:55.754 [INFO] main.cpp:373 -   成功率:       0.0%
2026-05-26 10:12:55.754 [INFO] main.cpp:378 - ======== 命令队列统计 ========
2026-05-26 10:12:55.754 [INFO] main.cpp:379 -   已提交: 0  已执行: 0  成功: 0  失败: 0
2026-05-26 10:12:55.754 [INFO] main.cpp:384 -   队列大小: 0  平均耗时: 0.0ms
2026-05-26 10:12:56.754 [INFO] main.cpp:352 - ======== 总线统计 ========
2026-05-26 10:12:56.755 [INFO] main.cpp:353 -   总事务数:     280
2026-05-26 10:12:56.755 [INFO] main.cpp:354 -   总错误数:     280
2026-05-26 10:12:56.755 [INFO] main.cpp:355 -   发送字节数:   2240
2026-05-26 10:12:56.755 [INFO] main.cpp:356 -   接收字节数:   0
2026-05-26 10:12:56.755 [INFO] main.cpp:357 -   平均延迟:     0.00 ms
2026-05-26 10:12:56.755 [INFO] main.cpp:358 -   最大延迟:     0.00 ms
2026-05-26 10:12:56.755 [INFO] main.cpp:359 -   总线争用次数: 0
2026-05-26 10:12:56.755 [INFO] main.cpp:368 - ======== 轮询统计 ========
2026-05-26 10:12:56.755 [INFO] main.cpp:369 -   任务组数:     20
2026-05-26 10:12:56.755 [INFO] main.cpp:370 -   成功事务:     0
2026-05-26 10:12:56.755 [INFO] main.cpp:371 -   失败事务:     280
2026-05-26 10:12:56.755 [INFO] main.cpp:373 -   成功率:       0.0%
2026-05-26 10:12:56.755 [INFO] main.cpp:378 - ======== 命令队列统计 ========
2026-05-26 10:12:56.755 [INFO] main.cpp:379 -   已提交: 0  已执行: 0  成功: 0  失败: 0
2026-05-26 10:12:56.755 [INFO] main.cpp:384 -   队列大小: 0  平均耗时: 0.0ms
2026-05-26 10:12:57.756 [INFO] main.cpp:352 - ======== 总线统计 ========
2026-05-26 10:12:57.757 [INFO] main.cpp:353 -   总事务数:     300
2026-05-26 10:12:57.757 [INFO] main.cpp:354 -   总错误数:     280
2026-05-26 10:12:57.757 [INFO] main.cpp:355 -   发送字节数:   2400
2026-05-26 10:12:57.757 [INFO] main.cpp:356 -   接收字节数:   0
2026-05-26 10:12:57.757 [INFO] main.cpp:357 -   平均延迟:     0.00 ms
2026-05-26 10:12:57.757 [INFO] main.cpp:358 -   最大延迟:     0.00 ms
2026-05-26 10:12:57.757 [INFO] main.cpp:359 -   总线争用次数: 0
2026-05-26 10:12:57.757 [INFO] main.cpp:368 - ======== 轮询统计 ========
2026-05-26 10:12:57.757 [INFO] main.cpp:369 -   任务组数:     20
2026-05-26 10:12:57.757 [INFO] main.cpp:370 -   成功事务:     0
2026-05-26 10:12:57.757 [INFO] main.cpp:371 -   失败事务:     280
2026-05-26 10:12:57.757 [INFO] main.cpp:373 -   成功率:       0.0%
2026-05-26 10:12:57.757 [INFO] main.cpp:378 - ======== 命令队列统计 ========
2026-05-26 10:12:57.757 [INFO] main.cpp:379 -   已提交: 0  已执行: 0  成功: 0  失败: 0
2026-05-26 10:12:57.757 [INFO] main.cpp:384 -   队列大小: 0  平均耗时: 0.0ms
2026-05-26 10:12:58.758 [INFO] main.cpp:352 - ======== 总线统计 ========
2026-05-26 10:12:58.758 [INFO] main.cpp:353 -   总事务数:     300
2026-05-26 10:12:58.758 [INFO] main.cpp:354 -   总错误数:     300
2026-05-26 10:12:58.759 [INFO] main.cpp:355 -   发送字节数:   2400
2026-05-26 10:12:58.759 [INFO] main.cpp:356 -   接收字节数:   0
2026-05-26 10:12:58.759 [INFO] main.cpp:357 -   平均延迟:     0.00 ms
2026-05-26 10:12:58.759 [INFO] main.cpp:358 -   最大延迟:     0.00 ms
2026-05-26 10:12:58.759 [INFO] main.cpp:359 -   总线争用次数: 0
2026-05-26 10:12:58.759 [INFO] main.cpp:368 - ======== 轮询统计 ========
2026-05-26 10:12:58.759 [INFO] main.cpp:369 -   任务组数:     20
2026-05-26 10:12:58.759 [INFO] main.cpp:370 -   成功事务:     0
2026-05-26 10:12:58.759 [INFO] main.cpp:371 -   失败事务:     300
2026-05-26 10:12:58.759 [INFO] main.cpp:373 -   成功率:       0.0%
2026-05-26 10:12:58.759 [INFO] main.cpp:378 - ======== 命令队列统计 ========
2026-05-26 10:12:58.759 [INFO] main.cpp:379 -   已提交: 0  已执行: 0  成功: 0  失败: 0
2026-05-26 10:12:58.759 [INFO] main.cpp:384 -   队列大小: 0  平均耗时: 0.0ms
2026-05-26 10:12:59.760 [INFO] main.cpp:352 - ======== 总线统计 ========
2026-05-26 10:12:59.760 [INFO] main.cpp:353 -   总事务数:     300
2026-05-26 10:12:59.760 [INFO] main.cpp:354 -   总错误数:     300
2026-05-26 10:12:59.761 [INFO] main.cpp:355 -   发送字节数:   2400
2026-05-26 10:12:59.761 [INFO] main.cpp:356 -   接收字节数:   0
2026-05-26 10:12:59.761 [INFO] main.cpp:357 -   平均延迟:     0.00 ms
2026-05-26 10:12:59.761 [INFO] main.cpp:358 -   最大延迟:     0.00 ms
2026-05-26 10:12:59.761 [INFO] main.cpp:359 -   总线争用次数: 0
2026-05-26 10:12:59.761 [INFO] main.cpp:368 - ======== 轮询统计 ========
2026-05-26 10:12:59.761 [INFO] main.cpp:369 -   任务组数:     20
2026-05-26 10:12:59.761 [INFO] main.cpp:370 -   成功事务:     0
2026-05-26 10:12:59.761 [INFO] main.cpp:371 -   失败事务:     300
2026-05-26 10:12:59.761 [INFO] main.cpp:373 -   成功率:       0.0%
2026-05-26 10:12:59.761 [INFO] main.cpp:378 - ======== 命令队列统计 ========
2026-05-26 10:12:59.761 [INFO] main.cpp:379 -   已提交: 0  已执行: 0  成功: 0  失败: 0
2026-05-26 10:12:59.761 [INFO] main.cpp:384 -   队列大小: 0  平均耗时: 0.0ms
2026-05-26 10:13:00.762 [INFO] main.cpp:352 - ======== 总线统计 ========
2026-05-26 10:13:00.762 [INFO] main.cpp:353 -   总事务数:     300
2026-05-26 10:13:00.762 [INFO] main.cpp:354 -   总错误数:     300
2026-05-26 10:13:00.763 [INFO] main.cpp:355 -   发送字节数:   2400
2026-05-26 10:13:00.763 [INFO] main.cpp:356 -   接收字节数:   0
2026-05-26 10:13:00.763 [INFO] main.cpp:357 -   平均延迟:     0.00 ms
2026-05-26 10:13:00.763 [INFO] main.cpp:358 -   最大延迟:     0.00 ms
2026-05-26 10:13:00.763 [INFO] main.cpp:359 -   总线争用次数: 0
2026-05-26 10:13:00.763 [INFO] main.cpp:368 - ======== 轮询统计 ========
2026-05-26 10:13:00.763 [INFO] main.cpp:369 -   任务组数:     20
2026-05-26 10:13:00.763 [INFO] main.cpp:370 -   成功事务:     0
2026-05-26 10:13:00.763 [INFO] main.cpp:371 -   失败事务:     300
2026-05-26 10:13:00.763 [INFO] main.cpp:373 -   成功率:       0.0%
2026-05-26 10:13:00.763 [INFO] main.cpp:378 - ======== 命令队列统计 ========
2026-05-26 10:13:00.763 [INFO] main.cpp:379 -   已提交: 0  已执行: 0  成功: 0  失败: 0
2026-05-26 10:13:00.763 [INFO] main.cpp:384 -   队列大小: 0  平均耗时: 0.0ms
2026-05-26 10:13:01.764 [INFO] main.cpp:352 - ======== 总线统计 ========
2026-05-26 10:13:01.764 [INFO] main.cpp:353 -   总事务数:     300
2026-05-26 10:13:01.764 [INFO] main.cpp:354 -   总错误数:     300
2026-05-26 10:13:01.764 [INFO] main.cpp:355 -   发送字节数:   2400
2026-05-26 10:13:01.764 [INFO] main.cpp:356 -   接收字节数:   0
2026-05-26 10:13:01.764 [INFO] main.cpp:357 -   平均延迟:     0.00 ms
2026-05-26 10:13:01.764 [INFO] main.cpp:358 -   最大延迟:     0.00 ms
2026-05-26 10:13:01.764 [INFO] main.cpp:359 -   总线争用次数: 0
2026-05-26 10:13:01.764 [INFO] main.cpp:368 - ======== 轮询统计 ========
2026-05-26 10:13:01.764 [INFO] main.cpp:369 -   任务组数:     20
2026-05-26 10:13:01.764 [INFO] main.cpp:370 -   成功事务:     0
2026-05-26 10:13:01.764 [INFO] main.cpp:371 -   失败事务:     300
2026-05-26 10:13:01.764 [INFO] main.cpp:373 -   成功率:       0.0%
2026-05-26 10:13:01.764 [INFO] main.cpp:378 - ======== 命令队列统计 ========
2026-05-26 10:13:01.764 [INFO] main.cpp:379 -   已提交: 0  已执行: 0  成功: 0  失败: 0
2026-05-26 10:13:01.764 [INFO] main.cpp:384 -   队列大小: 0  平均耗时: 0.0ms
2026-05-26 10:13:02.764 [INFO] main.cpp:352 - ======== 总线统计 ========
2026-05-26 10:13:02.765 [INFO] main.cpp:353 -   总事务数:     320
2026-05-26 10:13:02.765 [INFO] main.cpp:354 -   总错误数:     300
2026-05-26 10:13:02.765 [INFO] main.cpp:355 -   发送字节数:   2560
2026-05-26 10:13:02.765 [INFO] main.cpp:356 -   接收字节数:   0
2026-05-26 10:13:02.765 [INFO] main.cpp:357 -   平均延迟:     0.00 ms
2026-05-26 10:13:02.765 [INFO] main.cpp:358 -   最大延迟:     0.00 ms
2026-05-26 10:13:02.765 [INFO] main.cpp:359 -   总线争用次数: 0
2026-05-26 10:13:02.765 [INFO] main.cpp:368 - ======== 轮询统计 ========
2026-05-26 10:13:02.765 [INFO] main.cpp:369 -   任务组数:     20
2026-05-26 10:13:02.765 [INFO] main.cpp:370 -   成功事务:     0
2026-05-26 10:13:02.765 [INFO] main.cpp:371 -   失败事务:     300
2026-05-26 10:13:02.765 [INFO] main.cpp:373 -   成功率:       0.0%
2026-05-26 10:13:02.765 [INFO] main.cpp:378 - ======== 命令队列统计 ========
2026-05-26 10:13:02.765 [INFO] main.cpp:379 -   已提交: 0  已执行: 0  成功: 0  失败: 0
2026-05-26 10:13:02.765 [INFO] main.cpp:384 -   队列大小: 0  平均耗时: 0.0ms
2026-05-26 10:13:03.766 [INFO] main.cpp:352 - ======== 总线统计 ========
2026-05-26 10:13:03.767 [INFO] main.cpp:353 -   总事务数:     320
2026-05-26 10:13:03.767 [INFO] main.cpp:354 -   总错误数:     320
2026-05-26 10:13:03.767 [INFO] main.cpp:355 -   发送字节数:   2560
2026-05-26 10:13:03.767 [INFO] main.cpp:356 -   接收字节数:   0
2026-05-26 10:13:03.767 [INFO] main.cpp:357 -   平均延迟:     0.00 ms
2026-05-26 10:13:03.767 [INFO] main.cpp:358 -   最大延迟:     0.00 ms
2026-05-26 10:13:03.767 [INFO] main.cpp:359 -   总线争用次数: 0
2026-05-26 10:13:03.767 [INFO] main.cpp:368 - ======== 轮询统计 ========
2026-05-26 10:13:03.767 [INFO] main.cpp:369 -   任务组数:     20
2026-05-26 10:13:03.767 [INFO] main.cpp:370 -   成功事务:     0
2026-05-26 10:13:03.767 [INFO] main.cpp:371 -   失败事务:     320
2026-05-26 10:13:03.767 [INFO] main.cpp:373 -   成功率:       0.0%
2026-05-26 10:13:03.767 [INFO] main.cpp:378 - ======== 命令队列统计 ========
2026-05-26 10:13:03.767 [INFO] main.cpp:379 -   已提交: 0  已执行: 0  成功: 0  失败: 0
2026-05-26 10:13:03.767 [INFO] main.cpp:384 -   队列大小: 0  平均耗时: 0.0ms
2026-05-26 10:13:04.768 [INFO] main.cpp:352 - ======== 总线统计 ========
2026-05-26 10:13:04.769 [INFO] main.cpp:353 -   总事务数:     320
2026-05-26 10:13:04.769 [INFO] main.cpp:354 -   总错误数:     320
2026-05-26 10:13:04.769 [INFO] main.cpp:355 -   发送字节数:   2560
2026-05-26 10:13:04.769 [INFO] main.cpp:356 -   接收字节数:   0
2026-05-26 10:13:04.769 [INFO] main.cpp:357 -   平均延迟:     0.00 ms
2026-05-26 10:13:04.769 [INFO] main.cpp:358 -   最大延迟:     0.00 ms
2026-05-26 10:13:04.769 [INFO] main.cpp:359 -   总线争用次数: 0
2026-05-26 10:13:04.769 [INFO] main.cpp:368 - ======== 轮询统计 ========
2026-05-26 10:13:04.769 [INFO] main.cpp:369 -   任务组数:     20
2026-05-26 10:13:04.769 [INFO] main.cpp:370 -   成功事务:     0
2026-05-26 10:13:04.769 [INFO] main.cpp:371 -   失败事务:     320
2026-05-26 10:13:04.769 [INFO] main.cpp:373 -   成功率:       0.0%
2026-05-26 10:13:04.769 [INFO] main.cpp:378 - ======== 命令队列统计 ========
2026-05-26 10:13:04.769 [INFO] main.cpp:379 -   已提交: 0  已执行: 0  成功: 0  失败: 0
2026-05-26 10:13:04.769 [INFO] main.cpp:384 -   队列大小: 0  平均耗时: 0.0ms
2026-05-26 10:13:05.770 [INFO] main.cpp:352 - ======== 总线统计 ========
2026-05-26 10:13:05.770 [INFO] main.cpp:353 -   总事务数:     320
2026-05-26 10:13:05.770 [INFO] main.cpp:354 -   总错误数:     320
2026-05-26 10:13:05.771 [INFO] main.cpp:355 -   发送字节数:   2560
2026-05-26 10:13:05.771 [INFO] main.cpp:356 -   接收字节数:   0
2026-05-26 10:13:05.771 [INFO] main.cpp:357 -   平均延迟:     0.00 ms
2026-05-26 10:13:05.771 [INFO] main.cpp:358 -   最大延迟:     0.00 ms
2026-05-26 10:13:05.771 [INFO] main.cpp:359 -   总线争用次数: 0
2026-05-26 10:13:05.771 [INFO] main.cpp:368 - ======== 轮询统计 ========
2026-05-26 10:13:05.771 [INFO] main.cpp:369 -   任务组数:     20
2026-05-26 10:13:05.771 [INFO] main.cpp:370 -   成功事务:     0
2026-05-26 10:13:05.771 [INFO] main.cpp:371 -   失败事务:     320
2026-05-26 10:13:05.771 [INFO] main.cpp:373 -   成功率:       0.0%
2026-05-26 10:13:05.771 [INFO] main.cpp:378 - ======== 命令队列统计 ========
2026-05-26 10:13:05.771 [INFO] main.cpp:379 -   已提交: 0  已执行: 0  成功: 0  失败: 0
2026-05-26 10:13:05.771 [INFO] main.cpp:384 -   队列大小: 0  平均耗时: 0.0ms
2026-05-26 10:13:06.772 [INFO] main.cpp:352 - ======== 总线统计 ========
2026-05-26 10:13:06.772 [INFO] main.cpp:353 -   总事务数:     320
2026-05-26 10:13:06.772 [INFO] main.cpp:354 -   总错误数:     320
2026-05-26 10:13:06.772 [INFO] main.cpp:355 -   发送字节数:   2560
2026-05-26 10:13:06.772 [INFO] main.cpp:356 -   接收字节数:   0
2026-05-26 10:13:06.772 [INFO] main.cpp:357 -   平均延迟:     0.00 ms
2026-05-26 10:13:06.772 [INFO] main.cpp:358 -   最大延迟:     0.00 ms
2026-05-26 10:13:06.772 [INFO] main.cpp:359 -   总线争用次数: 0
2026-05-26 10:13:06.773 [INFO] main.cpp:368 - ======== 轮询统计 ========
2026-05-26 10:13:06.773 [INFO] main.cpp:369 -   任务组数:     20
2026-05-26 10:13:06.773 [INFO] main.cpp:370 -   成功事务:     0
2026-05-26 10:13:06.773 [INFO] main.cpp:371 -   失败事务:     320
2026-05-26 10:13:06.773 [INFO] main.cpp:373 -   成功率:       0.0%
2026-05-26 10:13:06.773 [INFO] main.cpp:378 - ======== 命令队列统计 ========
2026-05-26 10:13:06.773 [INFO] main.cpp:379 -   已提交: 0  已执行: 0  成功: 0  失败: 0
2026-05-26 10:13:06.773 [INFO] main.cpp:384 -   队列大小: 0  平均耗时: 0.0ms
2026-05-26 10:13:07.774 [INFO] main.cpp:352 - ======== 总线统计 ========
2026-05-26 10:13:07.774 [INFO] main.cpp:353 -   总事务数:     340
2026-05-26 10:13:07.774 [INFO] main.cpp:354 -   总错误数:     320
2026-05-26 10:13:07.774 [INFO] main.cpp:355 -   发送字节数:   2720
2026-05-26 10:13:07.774 [INFO] main.cpp:356 -   接收字节数:   0
2026-05-26 10:13:07.774 [INFO] main.cpp:357 -   平均延迟:     0.00 ms
2026-05-26 10:13:07.774 [INFO] main.cpp:358 -   最大延迟:     0.00 ms
2026-05-26 10:13:07.774 [INFO] main.cpp:359 -   总线争用次数: 0
2026-05-26 10:13:07.775 [INFO] main.cpp:368 - ======== 轮询统计 ========
2026-05-26 10:13:07.775 [INFO] main.cpp:369 -   任务组数:     20
2026-05-26 10:13:07.775 [INFO] main.cpp:370 -   成功事务:     0
2026-05-26 10:13:07.775 [INFO] main.cpp:371 -   失败事务:     320
2026-05-26 10:13:07.775 [INFO] main.cpp:373 -   成功率:       0.0%
2026-05-26 10:13:07.775 [INFO] main.cpp:378 - ======== 命令队列统计 ========
2026-05-26 10:13:07.775 [INFO] main.cpp:379 -   已提交: 0  已执行: 0  成功: 0  失败: 0
2026-05-26 10:13:07.775 [INFO] main.cpp:384 -   队列大小: 0  平均耗时: 0.0ms
2026-05-26 10:13:08.776 [INFO] main.cpp:352 - ======== 总线统计 ========
2026-05-26 10:13:08.776 [INFO] main.cpp:353 -   总事务数:     340
2026-05-26 10:13:08.776 [INFO] main.cpp:354 -   总错误数:     340
2026-05-26 10:13:08.776 [INFO] main.cpp:355 -   发送字节数:   2720
2026-05-26 10:13:08.776 [INFO] main.cpp:356 -   接收字节数:   0
2026-05-26 10:13:08.776 [INFO] main.cpp:357 -   平均延迟:     0.00 ms
2026-05-26 10:13:08.776 [INFO] main.cpp:358 -   最大延迟:     0.00 ms
2026-05-26 10:13:08.776 [INFO] main.cpp:359 -   总线争用次数: 0
2026-05-26 10:13:08.777 [INFO] main.cpp:368 - ======== 轮询统计 ========
2026-05-26 10:13:08.777 [INFO] main.cpp:369 -   任务组数:     20
2026-05-26 10:13:08.777 [INFO] main.cpp:370 -   成功事务:     0
2026-05-26 10:13:08.777 [INFO] main.cpp:371 -   失败事务:     340
2026-05-26 10:13:08.777 [INFO] main.cpp:373 -   成功率:       0.0%
2026-05-26 10:13:08.777 [INFO] main.cpp:378 - ======== 命令队列统计 ========
2026-05-26 10:13:08.777 [INFO] main.cpp:379 -   已提交: 0  已执行: 0  成功: 0  失败: 0
2026-05-26 10:13:08.777 [INFO] main.cpp:384 -   队列大小: 0  平均耗时: 0.0ms
2026-05-26 10:13:09.778 [INFO] main.cpp:352 - ======== 总线统计 ========
2026-05-26 10:13:09.778 [INFO] main.cpp:353 -   总事务数:     340
2026-05-26 10:13:09.778 [INFO] main.cpp:354 -   总错误数:     340
2026-05-26 10:13:09.778 [INFO] main.cpp:355 -   发送字节数:   2720
2026-05-26 10:13:09.778 [INFO] main.cpp:356 -   接收字节数:   0
2026-05-26 10:13:09.778 [INFO] main.cpp:357 -   平均延迟:     0.00 ms
2026-05-26 10:13:09.778 [INFO] main.cpp:358 -   最大延迟:     0.00 ms
2026-05-26 10:13:09.778 [INFO] main.cpp:359 -   总线争用次数: 0
2026-05-26 10:13:09.778 [INFO] main.cpp:368 - ======== 轮询统计 ========
2026-05-26 10:13:09.778 [INFO] main.cpp:369 -   任务组数:     20
2026-05-26 10:13:09.778 [INFO] main.cpp:370 -   成功事务:     0
2026-05-26 10:13:09.778 [INFO] main.cpp:371 -   失败事务:     340
2026-05-26 10:13:09.778 [INFO] main.cpp:373 -   成功率:       0.0%
2026-05-26 10:13:09.778 [INFO] main.cpp:378 - ======== 命令队列统计 ========
2026-05-26 10:13:09.778 [INFO] main.cpp:379 -   已提交: 0  已执行: 0  成功: 0  失败: 0
2026-05-26 10:13:09.779 [INFO] main.cpp:384 -   队列大小: 0  平均耗时: 0.0ms
2026-05-26 10:13:10.780 [INFO] main.cpp:352 - ======== 总线统计 ========
2026-05-26 10:13:10.780 [INFO] main.cpp:353 -   总事务数:     340
2026-05-26 10:13:10.780 [INFO] main.cpp:354 -   总错误数:     340
2026-05-26 10:13:10.780 [INFO] main.cpp:355 -   发送字节数:   2720
2026-05-26 10:13:10.780 [INFO] main.cpp:356 -   接收字节数:   0
2026-05-26 10:13:10.780 [INFO] main.cpp:357 -   平均延迟:     0.00 ms
2026-05-26 10:13:10.780 [INFO] main.cpp:358 -   最大延迟:     0.00 ms
2026-05-26 10:13:10.780 [INFO] main.cpp:359 -   总线争用次数: 0
2026-05-26 10:13:10.780 [INFO] main.cpp:368 - ======== 轮询统计 ========
2026-05-26 10:13:10.780 [INFO] main.cpp:369 -   任务组数:     20
2026-05-26 10:13:10.780 [INFO] main.cpp:370 -   成功事务:     0
2026-05-26 10:13:10.780 [INFO] main.cpp:371 -   失败事务:     340
2026-05-26 10:13:10.780 [INFO] main.cpp:373 -   成功率:       0.0%
2026-05-26 10:13:10.780 [INFO] main.cpp:378 - ======== 命令队列统计 ========
2026-05-26 10:13:10.780 [INFO] main.cpp:379 -   已提交: 0  已执行: 0  成功: 0  失败: 0
2026-05-26 10:13:10.781 [INFO] main.cpp:384 -   队列大小: 0  平均耗时: 0.0ms
2026-05-26 10:13:11.782 [INFO] main.cpp:352 - ======== 总线统计 ========
2026-05-26 10:13:11.782 [INFO] main.cpp:353 -   总事务数:     340
2026-05-26 10:13:11.782 [INFO] main.cpp:354 -   总错误数:     340
2026-05-26 10:13:11.782 [INFO] main.cpp:355 -   发送字节数:   2720
2026-05-26 10:13:11.782 [INFO] main.cpp:356 -   接收字节数:   0
2026-05-26 10:13:11.782 [INFO] main.cpp:357 -   平均延迟:     0.00 ms
2026-05-26 10:13:11.782 [INFO] main.cpp:358 -   最大延迟:     0.00 ms
2026-05-26 10:13:11.782 [INFO] main.cpp:359 -   总线争用次数: 0
2026-05-26 10:13:11.782 [INFO] main.cpp:368 - ======== 轮询统计 ========
2026-05-26 10:13:11.782 [INFO] main.cpp:369 -   任务组数:     20
2026-05-26 10:13:11.782 [INFO] main.cpp:370 -   成功事务:     0
2026-05-26 10:13:11.782 [INFO] main.cpp:371 -   失败事务:     340
2026-05-26 10:13:11.782 [INFO] main.cpp:373 -   成功率:       0.0%
2026-05-26 10:13:11.782 [INFO] main.cpp:378 - ======== 命令队列统计 ========
2026-05-26 10:13:11.783 [INFO] main.cpp:379 -   已提交: 0  已执行: 0  成功: 0  失败: 0
2026-05-26 10:13:11.783 [INFO] main.cpp:384 -   队列大小: 0  平均耗时: 0.0ms
2026-05-26 10:13:12.784 [INFO] main.cpp:352 - ======== 总线统计 ========
2026-05-26 10:13:12.784 [INFO] main.cpp:353 -   总事务数:     360
2026-05-26 10:13:12.784 [INFO] main.cpp:354 -   总错误数:     340
2026-05-26 10:13:12.784 [INFO] main.cpp:355 -   发送字节数:   2880
2026-05-26 10:13:12.784 [INFO] main.cpp:356 -   接收字节数:   0
2026-05-26 10:13:12.784 [INFO] main.cpp:357 -   平均延迟:     0.00 ms
2026-05-26 10:13:12.784 [INFO] main.cpp:358 -   最大延迟:     0.00 ms
2026-05-26 10:13:12.784 [INFO] main.cpp:359 -   总线争用次数: 0
2026-05-26 10:13:12.784 [INFO] main.cpp:368 - ======== 轮询统计 ========
2026-05-26 10:13:12.784 [INFO] main.cpp:369 -   任务组数:     20
2026-05-26 10:13:12.784 [INFO] main.cpp:370 -   成功事务:     0
2026-05-26 10:13:12.784 [INFO] main.cpp:371 -   失败事务:     340
2026-05-26 10:13:12.784 [INFO] main.cpp:373 -   成功率:       0.0%
2026-05-26 10:13:12.784 [INFO] main.cpp:378 - ======== 命令队列统计 ========
2026-05-26 10:13:12.784 [INFO] main.cpp:379 -   已提交: 0  已执行: 0  成功: 0  失败: 0
2026-05-26 10:13:12.784 [INFO] main.cpp:384 -   队列大小: 0  平均耗时: 0.0ms
2026-05-26 10:13:13.785 [INFO] main.cpp:352 - ======== 总线统计 ========
2026-05-26 10:13:13.785 [INFO] main.cpp:353 -   总事务数:     360
2026-05-26 10:13:13.785 [INFO] main.cpp:354 -   总错误数:     360
2026-05-26 10:13:13.785 [INFO] main.cpp:355 -   发送字节数:   2880
2026-05-26 10:13:13.785 [INFO] main.cpp:356 -   接收字节数:   0
2026-05-26 10:13:13.785 [INFO] main.cpp:357 -   平均延迟:     0.00 ms
2026-05-26 10:13:13.785 [INFO] main.cpp:358 -   最大延迟:     0.00 ms
2026-05-26 10:13:13.785 [INFO] main.cpp:359 -   总线争用次数: 0
2026-05-26 10:13:13.785 [INFO] main.cpp:368 - ======== 轮询统计 ========
2026-05-26 10:13:13.785 [INFO] main.cpp:369 -   任务组数:     20
2026-05-26 10:13:13.785 [INFO] main.cpp:370 -   成功事务:     0
2026-05-26 10:13:13.785 [INFO] main.cpp:371 -   失败事务:     360
2026-05-26 10:13:13.785 [INFO] main.cpp:373 -   成功率:       0.0%
2026-05-26 10:13:13.785 [INFO] main.cpp:378 - ======== 命令队列统计 ========
2026-05-26 10:13:13.786 [INFO] main.cpp:379 -   已提交: 0  已执行: 0  成功: 0  失败: 0
2026-05-26 10:13:13.786 [INFO] main.cpp:384 -   队列大小: 0  平均耗时: 0.0ms
2026-05-26 10:13:14.787 [INFO] main.cpp:352 - ======== 总线统计 ========
2026-05-26 10:13:14.787 [INFO] main.cpp:353 -   总事务数:     360
2026-05-26 10:13:14.787 [INFO] main.cpp:354 -   总错误数:     360
2026-05-26 10:13:14.787 [INFO] main.cpp:355 -   发送字节数:   2880
2026-05-26 10:13:14.787 [INFO] main.cpp:356 -   接收字节数:   0
2026-05-26 10:13:14.787 [INFO] main.cpp:357 -   平均延迟:     0.00 ms
2026-05-26 10:13:14.787 [INFO] main.cpp:358 -   最大延迟:     0.00 ms
2026-05-26 10:13:14.787 [INFO] main.cpp:359 -   总线争用次数: 0
2026-05-26 10:13:14.787 [INFO] main.cpp:368 - ======== 轮询统计 ========
2026-05-26 10:13:14.787 [INFO] main.cpp:369 -   任务组数:     20
2026-05-26 10:13:14.787 [INFO] main.cpp:370 -   成功事务:     0
2026-05-26 10:13:14.787 [INFO] main.cpp:371 -   失败事务:     360
2026-05-26 10:13:14.787 [INFO] main.cpp:373 -   成功率:       0.0%
2026-05-26 10:13:14.787 [INFO] main.cpp:378 - ======== 命令队列统计 ========
2026-05-26 10:13:14.788 [INFO] main.cpp:379 -   已提交: 0  已执行: 0  成功: 0  失败: 0
2026-05-26 10:13:14.788 [INFO] main.cpp:384 -   队列大小: 0  平均耗时: 0.0ms
2026-05-26 10:13:15.789 [INFO] main.cpp:352 - ======== 总线统计 ========
2026-05-26 10:13:15.789 [INFO] main.cpp:353 -   总事务数:     360
2026-05-26 10:13:15.789 [INFO] main.cpp:354 -   总错误数:     360
2026-05-26 10:13:15.789 [INFO] main.cpp:355 -   发送字节数:   2880
2026-05-26 10:13:15.789 [INFO] main.cpp:356 -   接收字节数:   0
2026-05-26 10:13:15.789 [INFO] main.cpp:357 -   平均延迟:     0.00 ms
2026-05-26 10:13:15.789 [INFO] main.cpp:358 -   最大延迟:     0.00 ms
2026-05-26 10:13:15.789 [INFO] main.cpp:359 -   总线争用次数: 0
2026-05-26 10:13:15.789 [INFO] main.cpp:368 - ======== 轮询统计 ========
2026-05-26 10:13:15.789 [INFO] main.cpp:369 -   任务组数:     20
2026-05-26 10:13:15.789 [INFO] main.cpp:370 -   成功事务:     0
2026-05-26 10:13:15.789 [INFO] main.cpp:371 -   失败事务:     360
2026-05-26 10:13:15.789 [INFO] main.cpp:373 -   成功率:       0.0%
2026-05-26 10:13:15.789 [INFO] main.cpp:378 - ======== 命令队列统计 ========
2026-05-26 10:13:15.789 [INFO] main.cpp:379 -   已提交: 0  已执行: 0  成功: 0  失败: 0
2026-05-26 10:13:15.789 [INFO] main.cpp:384 -   队列大小: 0  平均耗时: 0.0ms
2026-05-26 10:13:16.790 [INFO] main.cpp:352 - ======== 总线统计 ========
2026-05-26 10:13:16.790 [INFO] main.cpp:353 -   总事务数:     360
2026-05-26 10:13:16.790 [INFO] main.cpp:354 -   总错误数:     360
2026-05-26 10:13:16.790 [INFO] main.cpp:355 -   发送字节数:   2880
2026-05-26 10:13:16.790 [INFO] main.cpp:356 -   接收字节数:   0
2026-05-26 10:13:16.790 [INFO] main.cpp:357 -   平均延迟:     0.00 ms
2026-05-26 10:13:16.790 [INFO] main.cpp:358 -   最大延迟:     0.00 ms
2026-05-26 10:13:16.790 [INFO] main.cpp:359 -   总线争用次数: 0
2026-05-26 10:13:16.790 [INFO] main.cpp:368 - ======== 轮询统计 ========
2026-05-26 10:13:16.790 [INFO] main.cpp:369 -   任务组数:     20
2026-05-26 10:13:16.790 [INFO] main.cpp:370 -   成功事务:     0
2026-05-26 10:13:16.790 [INFO] main.cpp:371 -   失败事务:     360
2026-05-26 10:13:16.790 [INFO] main.cpp:373 -   成功率:       0.0%
2026-05-26 10:13:16.790 [INFO] main.cpp:378 - ======== 命令队列统计 ========
2026-05-26 10:13:16.790 [INFO] main.cpp:379 -   已提交: 0  已执行: 0  成功: 0  失败: 0
2026-05-26 10:13:16.790 [INFO] main.cpp:384 -   队列大小: 0  平均耗时: 0.0ms
2026-05-26 10:13:17.791 [INFO] main.cpp:352 - ======== 总线统计 ========
2026-05-26 10:13:17.791 [INFO] main.cpp:353 -   总事务数:     380
2026-05-26 10:13:17.791 [INFO] main.cpp:354 -   总错误数:     360
2026-05-26 10:13:17.791 [INFO] main.cpp:355 -   发送字节数:   3040
2026-05-26 10:13:17.791 [INFO] main.cpp:356 -   接收字节数:   0
2026-05-26 10:13:17.791 [INFO] main.cpp:357 -   平均延迟:     0.00 ms
2026-05-26 10:13:17.792 [INFO] main.cpp:358 -   最大延迟:     0.00 ms
2026-05-26 10:13:17.792 [INFO] main.cpp:359 -   总线争用次数: 0
2026-05-26 10:13:17.792 [INFO] main.cpp:368 - ======== 轮询统计 ========
2026-05-26 10:13:17.792 [INFO] main.cpp:369 -   任务组数:     20
2026-05-26 10:13:17.792 [INFO] main.cpp:370 -   成功事务:     0
2026-05-26 10:13:17.792 [INFO] main.cpp:371 -   失败事务:     360
2026-05-26 10:13:17.792 [INFO] main.cpp:373 -   成功率:       0.0%
2026-05-26 10:13:17.792 [INFO] main.cpp:378 - ======== 命令队列统计 ========
2026-05-26 10:13:17.792 [INFO] main.cpp:379 -   已提交: 0  已执行: 0  成功: 0  失败: 0
2026-05-26 10:13:17.792 [INFO] main.cpp:384 -   队列大小: 0  平均耗时: 0.0ms
2026-05-26 10:13:18.793 [INFO] main.cpp:352 - ======== 总线统计 ========
2026-05-26 10:13:18.793 [INFO] main.cpp:353 -   总事务数:     380
2026-05-26 10:13:18.793 [INFO] main.cpp:354 -   总错误数:     380
2026-05-26 10:13:18.793 [INFO] main.cpp:355 -   发送字节数:   3040
2026-05-26 10:13:18.793 [INFO] main.cpp:356 -   接收字节数:   0
2026-05-26 10:13:18.793 [INFO] main.cpp:357 -   平均延迟:     0.00 ms
2026-05-26 10:13:18.793 [INFO] main.cpp:358 -   最大延迟:     0.00 ms
2026-05-26 10:13:18.793 [INFO] main.cpp:359 -   总线争用次数: 0
2026-05-26 10:13:18.794 [INFO] main.cpp:368 - ======== 轮询统计 ========
2026-05-26 10:13:18.794 [INFO] main.cpp:369 -   任务组数:     20
2026-05-26 10:13:18.794 [INFO] main.cpp:370 -   成功事务:     0
2026-05-26 10:13:18.794 [INFO] main.cpp:371 -   失败事务:     380
2026-05-26 10:13:18.794 [INFO] main.cpp:373 -   成功率:       0.0%
2026-05-26 10:13:18.794 [INFO] main.cpp:378 - ======== 命令队列统计 ========
2026-05-26 10:13:18.794 [INFO] main.cpp:379 -   已提交: 0  已执行: 0  成功: 0  失败: 0
2026-05-26 10:13:18.794 [INFO] main.cpp:384 -   队列大小: 0  平均耗时: 0.0ms
2026-05-26 10:13:19.795 [INFO] main.cpp:352 - ======== 总线统计 ========
2026-05-26 10:13:19.795 [INFO] main.cpp:353 -   总事务数:     380
2026-05-26 10:13:19.795 [INFO] main.cpp:354 -   总错误数:     380
2026-05-26 10:13:19.795 [INFO] main.cpp:355 -   发送字节数:   3040
2026-05-26 10:13:19.795 [INFO] main.cpp:356 -   接收字节数:   0
2026-05-26 10:13:19.795 [INFO] main.cpp:357 -   平均延迟:     0.00 ms
2026-05-26 10:13:19.795 [INFO] main.cpp:358 -   最大延迟:     0.00 ms
2026-05-26 10:13:19.795 [INFO] main.cpp:359 -   总线争用次数: 0
2026-05-26 10:13:19.795 [INFO] main.cpp:368 - ======== 轮询统计 ========
2026-05-26 10:13:19.795 [INFO] main.cpp:369 -   任务组数:     20
2026-05-26 10:13:19.795 [INFO] main.cpp:370 -   成功事务:     0
2026-05-26 10:13:19.795 [INFO] main.cpp:371 -   失败事务:     380
2026-05-26 10:13:19.796 [INFO] main.cpp:373 -   成功率:       0.0%
2026-05-26 10:13:19.796 [INFO] main.cpp:378 - ======== 命令队列统计 ========
2026-05-26 10:13:19.796 [INFO] main.cpp:379 -   已提交: 0  已执行: 0  成功: 0  失败: 0
2026-05-26 10:13:19.796 [INFO] main.cpp:384 -   队列大小: 0  平均耗时: 0.0ms
2026-05-26 10:13:20.797 [INFO] main.cpp:352 - ======== 总线统计 ========
2026-05-26 10:13:20.797 [INFO] main.cpp:353 -   总事务数:     380
2026-05-26 10:13:20.797 [INFO] main.cpp:354 -   总错误数:     380
2026-05-26 10:13:20.797 [INFO] main.cpp:355 -   发送字节数:   3040
2026-05-26 10:13:20.797 [INFO] main.cpp:356 -   接收字节数:   0
2026-05-26 10:13:20.797 [INFO] main.cpp:357 -   平均延迟:     0.00 ms
2026-05-26 10:13:20.797 [INFO] main.cpp:358 -   最大延迟:     0.00 ms
2026-05-26 10:13:20.797 [INFO] main.cpp:359 -   总线争用次数: 0
2026-05-26 10:13:20.797 [INFO] main.cpp:368 - ======== 轮询统计 ========
2026-05-26 10:13:20.797 [INFO] main.cpp:369 -   任务组数:     20
2026-05-26 10:13:20.797 [INFO] main.cpp:370 -   成功事务:     0
2026-05-26 10:13:20.797 [INFO] main.cpp:371 -   失败事务:     380
2026-05-26 10:13:20.797 [INFO] main.cpp:373 -   成功率:       0.0%
2026-05-26 10:13:20.797 [INFO] main.cpp:378 - ======== 命令队列统计 ========
2026-05-26 10:13:20.797 [INFO] main.cpp:379 -   已提交: 0  已执行: 0  成功: 0  失败: 0
2026-05-26 10:13:20.797 [INFO] main.cpp:384 -   队列大小: 0  平均耗时: 0.0ms
2026-05-26 10:13:21.798 [INFO] main.cpp:352 - ======== 总线统计 ========
2026-05-26 10:13:21.798 [INFO] main.cpp:353 -   总事务数:     380
2026-05-26 10:13:21.798 [INFO] main.cpp:354 -   总错误数:     380
2026-05-26 10:13:21.798 [INFO] main.cpp:355 -   发送字节数:   3040
2026-05-26 10:13:21.798 [INFO] main.cpp:356 -   接收字节数:   0
2026-05-26 10:13:21.798 [INFO] main.cpp:357 -   平均延迟:     0.00 ms
2026-05-26 10:13:21.798 [INFO] main.cpp:358 -   最大延迟:     0.00 ms
2026-05-26 10:13:21.798 [INFO] main.cpp:359 -   总线争用次数: 0
2026-05-26 10:13:21.798 [INFO] main.cpp:368 - ======== 轮询统计 ========
2026-05-26 10:13:21.798 [INFO] main.cpp:369 -   任务组数:     20
2026-05-26 10:13:21.798 [INFO] main.cpp:370 -   成功事务:     0
2026-05-26 10:13:21.799 [INFO] main.cpp:371 -   失败事务:     380
2026-05-26 10:13:21.799 [INFO] main.cpp:373 -   成功率:       0.0%
2026-05-26 10:13:21.799 [INFO] main.cpp:378 - ======== 命令队列统计 ========
2026-05-26 10:13:21.799 [INFO] main.cpp:379 -   已提交: 0  已执行: 0  成功: 0  失败: 0
2026-05-26 10:13:21.799 [INFO] main.cpp:384 -   队列大小: 0  平均耗时: 0.0ms
2026-05-26 10:13:22.800 [INFO] main.cpp:352 - ======== 总线统计 ========
2026-05-26 10:13:22.800 [INFO] main.cpp:353 -   总事务数:     400
2026-05-26 10:13:22.800 [INFO] main.cpp:354 -   总错误数:     380
2026-05-26 10:13:22.800 [INFO] main.cpp:355 -   发送字节数:   3200
2026-05-26 10:13:22.800 [INFO] main.cpp:356 -   接收字节数:   0
2026-05-26 10:13:22.800 [INFO] main.cpp:357 -   平均延迟:     0.00 ms
2026-05-26 10:13:22.800 [INFO] main.cpp:358 -   最大延迟:     0.00 ms
2026-05-26 10:13:22.800 [INFO] main.cpp:359 -   总线争用次数: 0
2026-05-26 10:13:22.800 [INFO] main.cpp:368 - ======== 轮询统计 ========
2026-05-26 10:13:22.800 [INFO] main.cpp:369 -   任务组数:     20
2026-05-26 10:13:22.800 [INFO] main.cpp:370 -   成功事务:     0
2026-05-26 10:13:22.800 [INFO] main.cpp:371 -   失败事务:     380
2026-05-26 10:13:22.800 [INFO] main.cpp:373 -   成功率:       0.0%
2026-05-26 10:13:22.801 [INFO] main.cpp:378 - ======== 命令队列统计 ========
2026-05-26 10:13:22.801 [INFO] main.cpp:379 -   已提交: 0  已执行: 0  成功: 0  失败: 0
2026-05-26 10:13:22.801 [INFO] main.cpp:384 -   队列大小: 0  平均耗时: 0.0ms
2026-05-26 10:13:23.801 [INFO] main.cpp:352 - ======== 总线统计 ========
2026-05-26 10:13:23.801 [INFO] main.cpp:353 -   总事务数:     400
2026-05-26 10:13:23.801 [INFO] main.cpp:354 -   总错误数:     400
2026-05-26 10:13:23.801 [INFO] main.cpp:355 -   发送字节数:   3200
2026-05-26 10:13:23.801 [INFO] main.cpp:356 -   接收字节数:   0
2026-05-26 10:13:23.801 [INFO] main.cpp:357 -   平均延迟:     0.00 ms
2026-05-26 10:13:23.802 [INFO] main.cpp:358 -   最大延迟:     0.00 ms
2026-05-26 10:13:23.802 [INFO] main.cpp:359 -   总线争用次数: 0
2026-05-26 10:13:23.802 [INFO] main.cpp:368 - ======== 轮询统计 ========
2026-05-26 10:13:23.802 [INFO] main.cpp:369 -   任务组数:     20
2026-05-26 10:13:23.802 [INFO] main.cpp:370 -   成功事务:     0
2026-05-26 10:13:23.802 [INFO] main.cpp:371 -   失败事务:     400
2026-05-26 10:13:23.802 [INFO] main.cpp:373 -   成功率:       0.0%
2026-05-26 10:13:23.802 [INFO] main.cpp:378 - ======== 命令队列统计 ========
2026-05-26 10:13:23.802 [INFO] main.cpp:379 -   已提交: 0  已执行: 0  成功: 0  失败: 0
2026-05-26 10:13:23.802 [INFO] main.cpp:384 -   队列大小: 0  平均耗时: 0.0ms
2026-05-26 10:13:24.802 [INFO] main.cpp:352 - ======== 总线统计 ========
2026-05-26 10:13:24.802 [INFO] main.cpp:353 -   总事务数:     400
2026-05-26 10:13:24.802 [INFO] main.cpp:354 -   总错误数:     400
2026-05-26 10:13:24.803 [INFO] main.cpp:355 -   发送字节数:   3200
2026-05-26 10:13:24.803 [INFO] main.cpp:356 -   接收字节数:   0
2026-05-26 10:13:24.803 [INFO] main.cpp:357 -   平均延迟:     0.00 ms
2026-05-26 10:13:24.803 [INFO] main.cpp:358 -   最大延迟:     0.00 ms
2026-05-26 10:13:24.803 [INFO] main.cpp:359 -   总线争用次数: 0
2026-05-26 10:13:24.803 [INFO] main.cpp:368 - ======== 轮询统计 ========
2026-05-26 10:13:24.803 [INFO] main.cpp:369 -   任务组数:     20
2026-05-26 10:13:24.803 [INFO] main.cpp:370 -   成功事务:     0
2026-05-26 10:13:24.803 [INFO] main.cpp:371 -   失败事务:     400
2026-05-26 10:13:24.803 [INFO] main.cpp:373 -   成功率:       0.0%
2026-05-26 10:13:24.803 [INFO] main.cpp:378 - ======== 命令队列统计 ========
2026-05-26 10:13:24.803 [INFO] main.cpp:379 -   已提交: 0  已执行: 0  成功: 0  失败: 0
2026-05-26 10:13:24.803 [INFO] main.cpp:384 -   队列大小: 0  平均耗时: 0.0ms
2026-05-26 10:13:25.804 [INFO] main.cpp:352 - ======== 总线统计 ========
2026-05-26 10:13:25.804 [INFO] main.cpp:353 -   总事务数:     400
2026-05-26 10:13:25.804 [INFO] main.cpp:354 -   总错误数:     400
2026-05-26 10:13:25.804 [INFO] main.cpp:355 -   发送字节数:   3200
2026-05-26 10:13:25.804 [INFO] main.cpp:356 -   接收字节数:   0
2026-05-26 10:13:25.805 [INFO] main.cpp:357 -   平均延迟:     0.00 ms
2026-05-26 10:13:25.805 [INFO] main.cpp:358 -   最大延迟:     0.00 ms
2026-05-26 10:13:25.805 [INFO] main.cpp:359 -   总线争用次数: 0
2026-05-26 10:13:25.805 [INFO] main.cpp:368 - ======== 轮询统计 ========
2026-05-26 10:13:25.805 [INFO] main.cpp:369 -   任务组数:     20
2026-05-26 10:13:25.805 [INFO] main.cpp:370 -   成功事务:     0
2026-05-26 10:13:25.805 [INFO] main.cpp:371 -   失败事务:     400
2026-05-26 10:13:25.805 [INFO] main.cpp:373 -   成功率:       0.0%
2026-05-26 10:13:25.805 [INFO] main.cpp:378 - ======== 命令队列统计 ========
2026-05-26 10:13:25.805 [INFO] main.cpp:379 -   已提交: 0  已执行: 0  成功: 0  失败: 0
2026-05-26 10:13:25.805 [INFO] main.cpp:384 -   队列大小: 0  平均耗时: 0.0ms
2026-05-26 10:13:26.806 [INFO] main.cpp:352 - ======== 总线统计 ========
2026-05-26 10:13:26.806 [INFO] main.cpp:353 -   总事务数:     400
2026-05-26 10:13:26.806 [INFO] main.cpp:354 -   总错误数:     400
2026-05-26 10:13:26.806 [INFO] main.cpp:355 -   发送字节数:   3200
2026-05-26 10:13:26.806 [INFO] main.cpp:356 -   接收字节数:   0
2026-05-26 10:13:26.806 [INFO] main.cpp:357 -   平均延迟:     0.00 ms
2026-05-26 10:13:26.806 [INFO] main.cpp:358 -   最大延迟:     0.00 ms
2026-05-26 10:13:26.806 [INFO] main.cpp:359 -   总线争用次数: 0
2026-05-26 10:13:26.807 [INFO] main.cpp:368 - ======== 轮询统计 ========
2026-05-26 10:13:26.807 [INFO] main.cpp:369 -   任务组数:     20
2026-05-26 10:13:26.807 [INFO] main.cpp:370 -   成功事务:     0
2026-05-26 10:13:26.807 [INFO] main.cpp:371 -   失败事务:     400
2026-05-26 10:13:26.807 [INFO] main.cpp:373 -   成功率:       0.0%
2026-05-26 10:13:26.807 [INFO] main.cpp:378 - ======== 命令队列统计 ========
2026-05-26 10:13:26.807 [INFO] main.cpp:379 -   已提交: 0  已执行: 0  成功: 0  失败: 0
2026-05-26 10:13:26.807 [INFO] main.cpp:384 -   队列大小: 0  平均耗时: 0.0ms
2026-05-26 10:13:27.808 [INFO] main.cpp:352 - ======== 总线统计 ========
2026-05-26 10:13:27.808 [INFO] main.cpp:353 -   总事务数:     420
2026-05-26 10:13:27.808 [INFO] main.cpp:354 -   总错误数:     400
2026-05-26 10:13:27.808 [INFO] main.cpp:355 -   发送字节数:   3360
2026-05-26 10:13:27.808 [INFO] main.cpp:356 -   接收字节数:   0
2026-05-26 10:13:27.808 [INFO] main.cpp:357 -   平均延迟:     0.00 ms
2026-05-26 10:13:27.808 [INFO] main.cpp:358 -   最大延迟:     0.00 ms
2026-05-26 10:13:27.808 [INFO] main.cpp:359 -   总线争用次数: 0
2026-05-26 10:13:27.808 [INFO] main.cpp:368 - ======== 轮询统计 ========
2026-05-26 10:13:27.808 [INFO] main.cpp:369 -   任务组数:     20
2026-05-26 10:13:27.808 [INFO] main.cpp:370 -   成功事务:     0
2026-05-26 10:13:27.808 [INFO] main.cpp:371 -   失败事务:     400
2026-05-26 10:13:27.808 [INFO] main.cpp:373 -   成功率:       0.0%
2026-05-26 10:13:27.808 [INFO] main.cpp:378 - ======== 命令队列统计 ========
2026-05-26 10:13:27.808 [INFO] main.cpp:379 -   已提交: 0  已执行: 0  成功: 0  失败: 0
2026-05-26 10:13:27.808 [INFO] main.cpp:384 -   队列大小: 0  平均耗时: 0.0ms
2026-05-26 10:13:28.809 [INFO] main.cpp:352 - ======== 总线统计 ========
2026-05-26 10:13:28.809 [INFO] main.cpp:353 -   总事务数:     420
2026-05-26 10:13:28.809 [INFO] main.cpp:354 -   总错误数:     420
2026-05-26 10:13:28.809 [INFO] main.cpp:355 -   发送字节数:   3360
2026-05-26 10:13:28.809 [INFO] main.cpp:356 -   接收字节数:   0
2026-05-26 10:13:28.809 [INFO] main.cpp:357 -   平均延迟:     0.00 ms
2026-05-26 10:13:28.809 [INFO] main.cpp:358 -   最大延迟:     0.00 ms
2026-05-26 10:13:28.809 [INFO] main.cpp:359 -   总线争用次数: 0
2026-05-26 10:13:28.809 [INFO] main.cpp:368 - ======== 轮询统计 ========
2026-05-26 10:13:28.809 [INFO] main.cpp:369 -   任务组数:     20
2026-05-26 10:13:28.809 [INFO] main.cpp:370 -   成功事务:     0
2026-05-26 10:13:28.809 [INFO] main.cpp:371 -   失败事务:     420
2026-05-26 10:13:28.809 [INFO] main.cpp:373 -   成功率:       0.0%
2026-05-26 10:13:28.809 [INFO] main.cpp:378 - ======== 命令队列统计 ========
2026-05-26 10:13:28.810 [INFO] main.cpp:379 -   已提交: 0  已执行: 0  成功: 0  失败: 0
2026-05-26 10:13:28.810 [INFO] main.cpp:384 -   队列大小: 0  平均耗时: 0.0ms
2026-05-26 10:13:29.810 [INFO] main.cpp:352 - ======== 总线统计 ========
2026-05-26 10:13:29.810 [INFO] main.cpp:353 -   总事务数:     420
2026-05-26 10:13:29.811 [INFO] main.cpp:354 -   总错误数:     420
2026-05-26 10:13:29.811 [INFO] main.cpp:355 -   发送字节数:   3360
2026-05-26 10:13:29.811 [INFO] main.cpp:356 -   接收字节数:   0
2026-05-26 10:13:29.811 [INFO] main.cpp:357 -   平均延迟:     0.00 ms
2026-05-26 10:13:29.811 [INFO] main.cpp:358 -   最大延迟:     0.00 ms
2026-05-26 10:13:29.811 [INFO] main.cpp:359 -   总线争用次数: 0
2026-05-26 10:13:29.811 [INFO] main.cpp:368 - ======== 轮询统计 ========
2026-05-26 10:13:29.811 [INFO] main.cpp:369 -   任务组数:     20
2026-05-26 10:13:29.811 [INFO] main.cpp:370 -   成功事务:     0
2026-05-26 10:13:29.811 [INFO] main.cpp:371 -   失败事务:     420
2026-05-26 10:13:29.811 [INFO] main.cpp:373 -   成功率:       0.0%
2026-05-26 10:13:29.811 [INFO] main.cpp:378 - ======== 命令队列统计 ========
2026-05-26 10:13:29.811 [INFO] main.cpp:379 -   已提交: 0  已执行: 0  成功: 0  失败: 0
2026-05-26 10:13:29.811 [INFO] main.cpp:384 -   队列大小: 0  平均耗时: 0.0ms
2026-05-26 10:13:30.812 [INFO] main.cpp:352 - ======== 总线统计 ========
2026-05-26 10:13:30.813 [INFO] main.cpp:353 -   总事务数:     420
2026-05-26 10:13:30.813 [INFO] main.cpp:354 -   总错误数:     420
2026-05-26 10:13:30.813 [INFO] main.cpp:355 -   发送字节数:   3360
2026-05-26 10:13:30.813 [INFO] main.cpp:356 -   接收字节数:   0
2026-05-26 10:13:30.813 [INFO] main.cpp:357 -   平均延迟:     0.00 ms
2026-05-26 10:13:30.813 [INFO] main.cpp:358 -   最大延迟:     0.00 ms
2026-05-26 10:13:30.813 [INFO] main.cpp:359 -   总线争用次数: 0
2026-05-26 10:13:30.813 [INFO] main.cpp:368 - ======== 轮询统计 ========
2026-05-26 10:13:30.813 [INFO] main.cpp:369 -   任务组数:     20
2026-05-26 10:13:30.813 [INFO] main.cpp:370 -   成功事务:     0
2026-05-26 10:13:30.813 [INFO] main.cpp:371 -   失败事务:     420
2026-05-26 10:13:30.813 [INFO] main.cpp:373 -   成功率:       0.0%
2026-05-26 10:13:30.813 [INFO] main.cpp:378 - ======== 命令队列统计 ========
2026-05-26 10:13:30.813 [INFO] main.cpp:379 -   已提交: 0  已执行: 0  成功: 0  失败: 0
2026-05-26 10:13:30.813 [INFO] main.cpp:384 -   队列大小: 0  平均耗时: 0.0ms
2026-05-26 10:13:31.814 [INFO] main.cpp:352 - ======== 总线统计 ========
2026-05-26 10:13:31.814 [INFO] main.cpp:353 -   总事务数:     420
2026-05-26 10:13:31.815 [INFO] main.cpp:354 -   总错误数:     420
2026-05-26 10:13:31.815 [INFO] main.cpp:355 -   发送字节数:   3360
2026-05-26 10:13:31.815 [INFO] main.cpp:356 -   接收字节数:   0
2026-05-26 10:13:31.815 [INFO] main.cpp:357 -   平均延迟:     0.00 ms
2026-05-26 10:13:31.815 [INFO] main.cpp:358 -   最大延迟:     0.00 ms
2026-05-26 10:13:31.815 [INFO] main.cpp:359 -   总线争用次数: 0
2026-05-26 10:13:31.815 [INFO] main.cpp:368 - ======== 轮询统计 ========
2026-05-26 10:13:31.815 [INFO] main.cpp:369 -   任务组数:     20
2026-05-26 10:13:31.815 [INFO] main.cpp:370 -   成功事务:     0
2026-05-26 10:13:31.815 [INFO] main.cpp:371 -   失败事务:     420
2026-05-26 10:13:31.815 [INFO] main.cpp:373 -   成功率:       0.0%
2026-05-26 10:13:31.815 [INFO] main.cpp:378 - ======== 命令队列统计 ========
2026-05-26 10:13:31.815 [INFO] main.cpp:379 -   已提交: 0  已执行: 0  成功: 0  失败: 0
2026-05-26 10:13:31.815 [INFO] main.cpp:384 -   队列大小: 0  平均耗时: 0.0ms
2026-05-26 10:13:32.816 [INFO] main.cpp:352 - ======== 总线统计 ========
2026-05-26 10:13:32.816 [INFO] main.cpp:353 -   总事务数:     440
2026-05-26 10:13:32.816 [INFO] main.cpp:354 -   总错误数:     420
2026-05-26 10:13:32.816 [INFO] main.cpp:355 -   发送字节数:   3520
2026-05-26 10:13:32.817 [INFO] main.cpp:356 -   接收字节数:   0
2026-05-26 10:13:32.817 [INFO] main.cpp:357 -   平均延迟:     0.00 ms
2026-05-26 10:13:32.817 [INFO] main.cpp:358 -   最大延迟:     0.00 ms
2026-05-26 10:13:32.817 [INFO] main.cpp:359 -   总线争用次数: 0
2026-05-26 10:13:32.817 [INFO] main.cpp:368 - ======== 轮询统计 ========
2026-05-26 10:13:32.817 [INFO] main.cpp:369 -   任务组数:     20
2026-05-26 10:13:32.817 [INFO] main.cpp:370 -   成功事务:     0
2026-05-26 10:13:32.817 [INFO] main.cpp:371 -   失败事务:     420
2026-05-26 10:13:32.817 [INFO] main.cpp:373 -   成功率:       0.0%
2026-05-26 10:13:32.817 [INFO] main.cpp:378 - ======== 命令队列统计 ========
2026-05-26 10:13:32.817 [INFO] main.cpp:379 -   已提交: 0  已执行: 0  成功: 0  失败: 0
2026-05-26 10:13:32.817 [INFO] main.cpp:384 -   队列大小: 0  平均耗时: 0.0ms
2026-05-26 10:13:33.818 [INFO] main.cpp:352 - ======== 总线统计 ========
2026-05-26 10:13:33.818 [INFO] main.cpp:353 -   总事务数:     440
2026-05-26 10:13:33.818 [INFO] main.cpp:354 -   总错误数:     440
2026-05-26 10:13:33.818 [INFO] main.cpp:355 -   发送字节数:   3520
2026-05-26 10:13:33.818 [INFO] main.cpp:356 -   接收字节数:   0
2026-05-26 10:13:33.818 [INFO] main.cpp:357 -   平均延迟:     0.00 ms
2026-05-26 10:13:33.818 [INFO] main.cpp:358 -   最大延迟:     0.00 ms
2026-05-26 10:13:33.818 [INFO] main.cpp:359 -   总线争用次数: 0
2026-05-26 10:13:33.819 [INFO] main.cpp:368 - ======== 轮询统计 ========
2026-05-26 10:13:33.819 [INFO] main.cpp:369 -   任务组数:     20
2026-05-26 10:13:33.819 [INFO] main.cpp:370 -   成功事务:     0
2026-05-26 10:13:33.819 [INFO] main.cpp:371 -   失败事务:     440
2026-05-26 10:13:33.819 [INFO] main.cpp:373 -   成功率:       0.0%
2026-05-26 10:13:33.819 [INFO] main.cpp:378 - ======== 命令队列统计 ========
2026-05-26 10:13:33.819 [INFO] main.cpp:379 -   已提交: 0  已执行: 0  成功: 0  失败: 0
2026-05-26 10:13:33.819 [INFO] main.cpp:384 -   队列大小: 0  平均耗时: 0.0ms
2026-05-26 10:13:34.820 [INFO] main.cpp:352 - ======== 总线统计 ========
2026-05-26 10:13:34.820 [INFO] main.cpp:353 -   总事务数:     440
2026-05-26 10:13:34.820 [INFO] main.cpp:354 -   总错误数:     440
2026-05-26 10:13:34.820 [INFO] main.cpp:355 -   发送字节数:   3520
2026-05-26 10:13:34.820 [INFO] main.cpp:356 -   接收字节数:   0
2026-05-26 10:13:34.820 [INFO] main.cpp:357 -   平均延迟:     0.00 ms
2026-05-26 10:13:34.820 [INFO] main.cpp:358 -   最大延迟:     0.00 ms
2026-05-26 10:13:34.820 [INFO] main.cpp:359 -   总线争用次数: 0
2026-05-26 10:13:34.820 [INFO] main.cpp:368 - ======== 轮询统计 ========
2026-05-26 10:13:34.820 [INFO] main.cpp:369 -   任务组数:     20
2026-05-26 10:13:34.820 [INFO] main.cpp:370 -   成功事务:     0
2026-05-26 10:13:34.820 [INFO] main.cpp:371 -   失败事务:     440
2026-05-26 10:13:34.820 [INFO] main.cpp:373 -   成功率:       0.0%
2026-05-26 10:13:34.820 [INFO] main.cpp:378 - ======== 命令队列统计 ========
2026-05-26 10:13:34.820 [INFO] main.cpp:379 -   已提交: 0  已执行: 0  成功: 0  失败: 0
2026-05-26 10:13:34.821 [INFO] main.cpp:384 -   队列大小: 0  平均耗时: 0.0ms
2026-05-26 10:13:35.821 [INFO] main.cpp:352 - ======== 总线统计 ========
2026-05-26 10:13:35.821 [INFO] main.cpp:353 -   总事务数:     440
2026-05-26 10:13:35.821 [INFO] main.cpp:354 -   总错误数:     440
2026-05-26 10:13:35.821 [INFO] main.cpp:355 -   发送字节数:   3520
2026-05-26 10:13:35.821 [INFO] main.cpp:356 -   接收字节数:   0
2026-05-26 10:13:35.821 [INFO] main.cpp:357 -   平均延迟:     0.00 ms
2026-05-26 10:13:35.821 [INFO] main.cpp:358 -   最大延迟:     0.00 ms
2026-05-26 10:13:35.822 [INFO] main.cpp:359 -   总线争用次数: 0
2026-05-26 10:13:35.822 [INFO] main.cpp:368 - ======== 轮询统计 ========
2026-05-26 10:13:35.822 [INFO] main.cpp:369 -   任务组数:     20
2026-05-26 10:13:35.822 [INFO] main.cpp:370 -   成功事务:     0
2026-05-26 10:13:35.822 [INFO] main.cpp:371 -   失败事务:     440
2026-05-26 10:13:35.822 [INFO] main.cpp:373 -   成功率:       0.0%
2026-05-26 10:13:35.822 [INFO] main.cpp:378 - ======== 命令队列统计 ========
2026-05-26 10:13:35.822 [INFO] main.cpp:379 -   已提交: 0  已执行: 0  成功: 0  失败: 0
2026-05-26 10:13:35.822 [INFO] main.cpp:384 -   队列大小: 0  平均耗时: 0.0ms
2026-05-26 10:13:36.823 [INFO] main.cpp:352 - ======== 总线统计 ========
2026-05-26 10:13:36.823 [INFO] main.cpp:353 -   总事务数:     440
2026-05-26 10:13:36.823 [INFO] main.cpp:354 -   总错误数:     440
2026-05-26 10:13:36.823 [INFO] main.cpp:355 -   发送字节数:   3520
2026-05-26 10:13:36.823 [INFO] main.cpp:356 -   接收字节数:   0
2026-05-26 10:13:36.823 [INFO] main.cpp:357 -   平均延迟:     0.00 ms
2026-05-26 10:13:36.823 [INFO] main.cpp:358 -   最大延迟:     0.00 ms
2026-05-26 10:13:36.823 [INFO] main.cpp:359 -   总线争用次数: 0
2026-05-26 10:13:36.824 [INFO] main.cpp:368 - ======== 轮询统计 ========
2026-05-26 10:13:36.824 [INFO] main.cpp:369 -   任务组数:     20
2026-05-26 10:13:36.824 [INFO] main.cpp:370 -   成功事务:     0
2026-05-26 10:13:36.824 [INFO] main.cpp:371 -   失败事务:     440
2026-05-26 10:13:36.824 [INFO] main.cpp:373 -   成功率:       0.0%
2026-05-26 10:13:36.824 [INFO] main.cpp:378 - ======== 命令队列统计 ========
2026-05-26 10:13:36.824 [INFO] main.cpp:379 -   已提交: 0  已执行: 0  成功: 0  失败: 0
2026-05-26 10:13:36.824 [INFO] main.cpp:384 -   队列大小: 0  平均耗时: 0.0ms
2026-05-26 10:13:37.825 [INFO] main.cpp:352 - ======== 总线统计 ========
2026-05-26 10:13:37.825 [INFO] main.cpp:353 -   总事务数:     460
2026-05-26 10:13:37.825 [INFO] main.cpp:354 -   总错误数:     440
2026-05-26 10:13:37.825 [INFO] main.cpp:355 -   发送字节数:   3680
2026-05-26 10:13:37.825 [INFO] main.cpp:356 -   接收字节数:   0
2026-05-26 10:13:37.825 [INFO] main.cpp:357 -   平均延迟:     0.00 ms
2026-05-26 10:13:37.825 [INFO] main.cpp:358 -   最大延迟:     0.00 ms
2026-05-26 10:13:37.825 [INFO] main.cpp:359 -   总线争用次数: 0
2026-05-26 10:13:37.825 [INFO] main.cpp:368 - ======== 轮询统计 ========
2026-05-26 10:13:37.825 [INFO] main.cpp:369 -   任务组数:     20
2026-05-26 10:13:37.825 [INFO] main.cpp:370 -   成功事务:     0
2026-05-26 10:13:37.825 [INFO] main.cpp:371 -   失败事务:     440
2026-05-26 10:13:37.826 [INFO] main.cpp:373 -   成功率:       0.0%
2026-05-26 10:13:37.826 [INFO] main.cpp:378 - ======== 命令队列统计 ========
2026-05-26 10:13:37.826 [INFO] main.cpp:379 -   已提交: 0  已执行: 0  成功: 0  失败: 0
2026-05-26 10:13:37.826 [INFO] main.cpp:384 -   队列大小: 0  平均耗时: 0.0ms
2026-05-26 10:13:38.827 [INFO] main.cpp:352 - ======== 总线统计 ========
2026-05-26 10:13:38.827 [INFO] main.cpp:353 -   总事务数:     460
2026-05-26 10:13:38.827 [INFO] main.cpp:354 -   总错误数:     460
2026-05-26 10:13:38.827 [INFO] main.cpp:355 -   发送字节数:   3680
2026-05-26 10:13:38.827 [INFO] main.cpp:356 -   接收字节数:   0
2026-05-26 10:13:38.827 [INFO] main.cpp:357 -   平均延迟:     0.00 ms
2026-05-26 10:13:38.827 [INFO] main.cpp:358 -   最大延迟:     0.00 ms
2026-05-26 10:13:38.827 [INFO] main.cpp:359 -   总线争用次数: 0
2026-05-26 10:13:38.827 [INFO] main.cpp:368 - ======== 轮询统计 ========
2026-05-26 10:13:38.827 [INFO] main.cpp:369 -   任务组数:     20
2026-05-26 10:13:38.827 [INFO] main.cpp:370 -   成功事务:     0
2026-05-26 10:13:38.827 [INFO] main.cpp:371 -   失败事务:     460
2026-05-26 10:13:38.828 [INFO] main.cpp:373 -   成功率:       0.0%
2026-05-26 10:13:38.828 [INFO] main.cpp:378 - ======== 命令队列统计 ========
2026-05-26 10:13:38.828 [INFO] main.cpp:379 -   已提交: 0  已执行: 0  成功: 0  失败: 0
2026-05-26 10:13:38.828 [INFO] main.cpp:384 -   队列大小: 0  平均耗时: 0.0ms
2026-05-26 10:13:39.828 [INFO] main.cpp:352 - ======== 总线统计 ========
2026-05-26 10:13:39.828 [INFO] main.cpp:353 -   总事务数:     460
2026-05-26 10:13:39.828 [INFO] main.cpp:354 -   总错误数:     460
2026-05-26 10:13:39.828 [INFO] main.cpp:355 -   发送字节数:   3680
2026-05-26 10:13:39.828 [INFO] main.cpp:356 -   接收字节数:   0
2026-05-26 10:13:39.828 [INFO] main.cpp:357 -   平均延迟:     0.00 ms
2026-05-26 10:13:39.828 [INFO] main.cpp:358 -   最大延迟:     0.00 ms
2026-05-26 10:13:39.828 [INFO] main.cpp:359 -   总线争用次数: 0
2026-05-26 10:13:39.828 [INFO] main.cpp:368 - ======== 轮询统计 ========
2026-05-26 10:13:39.828 [INFO] main.cpp:369 -   任务组数:     20
2026-05-26 10:13:39.829 [INFO] main.cpp:370 -   成功事务:     0
2026-05-26 10:13:39.829 [INFO] main.cpp:371 -   失败事务:     460
2026-05-26 10:13:39.829 [INFO] main.cpp:373 -   成功率:       0.0%
2026-05-26 10:13:39.829 [INFO] main.cpp:378 - ======== 命令队列统计 ========
2026-05-26 10:13:39.829 [INFO] main.cpp:379 -   已提交: 0  已执行: 0  成功: 0  失败: 0
2026-05-26 10:13:39.829 [INFO] main.cpp:384 -   队列大小: 0  平均耗时: 0.0ms
2026-05-26 10:13:40.829 [INFO] main.cpp:352 - ======== 总线统计 ========
2026-05-26 10:13:40.829 [INFO] main.cpp:353 -   总事务数:     460
2026-05-26 10:13:40.829 [INFO] main.cpp:354 -   总错误数:     460
2026-05-26 10:13:40.829 [INFO] main.cpp:355 -   发送字节数:   3680
2026-05-26 10:13:40.829 [INFO] main.cpp:356 -   接收字节数:   0
2026-05-26 10:13:40.829 [INFO] main.cpp:357 -   平均延迟:     0.00 ms
2026-05-26 10:13:40.829 [INFO] main.cpp:358 -   最大延迟:     0.00 ms
2026-05-26 10:13:40.829 [INFO] main.cpp:359 -   总线争用次数: 0
2026-05-26 10:13:40.830 [INFO] main.cpp:368 - ======== 轮询统计 ========
2026-05-26 10:13:40.830 [INFO] main.cpp:369 -   任务组数:     20
2026-05-26 10:13:40.830 [INFO] main.cpp:370 -   成功事务:     0
2026-05-26 10:13:40.830 [INFO] main.cpp:371 -   失败事务:     460
2026-05-26 10:13:40.830 [INFO] main.cpp:373 -   成功率:       0.0%
2026-05-26 10:13:40.830 [INFO] main.cpp:378 - ======== 命令队列统计 ========
2026-05-26 10:13:40.830 [INFO] main.cpp:379 -   已提交: 0  已执行: 0  成功: 0  失败: 0
2026-05-26 10:13:40.830 [INFO] main.cpp:384 -   队列大小: 0  平均耗时: 0.0ms
2026-05-26 10:13:41.831 [INFO] main.cpp:352 - ======== 总线统计 ========
2026-05-26 10:13:41.831 [INFO] main.cpp:353 -   总事务数:     460
2026-05-26 10:13:41.831 [INFO] main.cpp:354 -   总错误数:     460
2026-05-26 10:13:41.831 [INFO] main.cpp:355 -   发送字节数:   3680
2026-05-26 10:13:41.831 [INFO] main.cpp:356 -   接收字节数:   0
2026-05-26 10:13:41.831 [INFO] main.cpp:357 -   平均延迟:     0.00 ms
2026-05-26 10:13:41.831 [INFO] main.cpp:358 -   最大延迟:     0.00 ms
2026-05-26 10:13:41.831 [INFO] main.cpp:359 -   总线争用次数: 0
2026-05-26 10:13:41.831 [INFO] main.cpp:368 - ======== 轮询统计 ========
2026-05-26 10:13:41.831 [INFO] main.cpp:369 -   任务组数:     20
2026-05-26 10:13:41.831 [INFO] main.cpp:370 -   成功事务:     0
2026-05-26 10:13:41.832 [INFO] main.cpp:371 -   失败事务:     460
2026-05-26 10:13:41.832 [INFO] main.cpp:373 -   成功率:       0.0%
2026-05-26 10:13:41.832 [INFO] main.cpp:378 - ======== 命令队列统计 ========
2026-05-26 10:13:41.832 [INFO] main.cpp:379 -   已提交: 0  已执行: 0  成功: 0  失败: 0
2026-05-26 10:13:41.832 [INFO] main.cpp:384 -   队列大小: 0  平均耗时: 0.0ms
2026-05-26 10:13:42.833 [INFO] main.cpp:352 - ======== 总线统计 ========
2026-05-26 10:13:42.833 [INFO] main.cpp:353 -   总事务数:     480
2026-05-26 10:13:42.833 [INFO] main.cpp:354 -   总错误数:     460
2026-05-26 10:13:42.833 [INFO] main.cpp:355 -   发送字节数:   3840
2026-05-26 10:13:42.833 [INFO] main.cpp:356 -   接收字节数:   0
2026-05-26 10:13:42.833 [INFO] main.cpp:357 -   平均延迟:     0.00 ms
2026-05-26 10:13:42.833 [INFO] main.cpp:358 -   最大延迟:     0.00 ms
2026-05-26 10:13:42.833 [INFO] main.cpp:359 -   总线争用次数: 0
2026-05-26 10:13:42.833 [INFO] main.cpp:368 - ======== 轮询统计 ========
2026-05-26 10:13:42.833 [INFO] main.cpp:369 -   任务组数:     20
2026-05-26 10:13:42.833 [INFO] main.cpp:370 -   成功事务:     0
2026-05-26 10:13:42.833 [INFO] main.cpp:371 -   失败事务:     460
2026-05-26 10:13:42.833 [INFO] main.cpp:373 -   成功率:       0.0%
2026-05-26 10:13:42.833 [INFO] main.cpp:378 - ======== 命令队列统计 ========
2026-05-26 10:13:42.833 [INFO] main.cpp:379 -   已提交: 0  已执行: 0  成功: 0  失败: 0
2026-05-26 10:13:42.834 [INFO] main.cpp:384 -   队列大小: 0  平均耗时: 0.0ms
2026-05-26 10:13:43.834 [INFO] main.cpp:352 - ======== 总线统计 ========
2026-05-26 10:13:43.835 [INFO] main.cpp:353 -   总事务数:     480
2026-05-26 10:13:43.835 [INFO] main.cpp:354 -   总错误数:     480
2026-05-26 10:13:43.835 [INFO] main.cpp:355 -   发送字节数:   3840
2026-05-26 10:13:43.835 [INFO] main.cpp:356 -   接收字节数:   0
2026-05-26 10:13:43.835 [INFO] main.cpp:357 -   平均延迟:     0.00 ms
2026-05-26 10:13:43.835 [INFO] main.cpp:358 -   最大延迟:     0.00 ms
2026-05-26 10:13:43.835 [INFO] main.cpp:359 -   总线争用次数: 0
2026-05-26 10:13:43.835 [INFO] main.cpp:368 - ======== 轮询统计 ========
2026-05-26 10:13:43.835 [INFO] main.cpp:369 -   任务组数:     20
2026-05-26 10:13:43.835 [INFO] main.cpp:370 -   成功事务:     0
2026-05-26 10:13:43.835 [INFO] main.cpp:371 -   失败事务:     480
2026-05-26 10:13:43.835 [INFO] main.cpp:373 -   成功率:       0.0%
2026-05-26 10:13:43.835 [INFO] main.cpp:378 - ======== 命令队列统计 ========
2026-05-26 10:13:43.835 [INFO] main.cpp:379 -   已提交: 0  已执行: 0  成功: 0  失败: 0
2026-05-26 10:13:43.835 [INFO] main.cpp:384 -   队列大小: 0  平均耗时: 0.0ms
2026-05-26 10:13:44.836 [INFO] main.cpp:352 - ======== 总线统计 ========
2026-05-26 10:13:44.837 [INFO] main.cpp:353 -   总事务数:     480
2026-05-26 10:13:44.837 [INFO] main.cpp:354 -   总错误数:     480
2026-05-26 10:13:44.837 [INFO] main.cpp:355 -   发送字节数:   3840
2026-05-26 10:13:44.837 [INFO] main.cpp:356 -   接收字节数:   0
2026-05-26 10:13:44.837 [INFO] main.cpp:357 -   平均延迟:     0.00 ms
2026-05-26 10:13:44.837 [INFO] main.cpp:358 -   最大延迟:     0.00 ms
2026-05-26 10:13:44.837 [INFO] main.cpp:359 -   总线争用次数: 0
2026-05-26 10:13:44.837 [INFO] main.cpp:368 - ======== 轮询统计 ========
2026-05-26 10:13:44.837 [INFO] main.cpp:369 -   任务组数:     20
2026-05-26 10:13:44.837 [INFO] main.cpp:370 -   成功事务:     0
2026-05-26 10:13:44.837 [INFO] main.cpp:371 -   失败事务:     480
2026-05-26 10:13:44.837 [INFO] main.cpp:373 -   成功率:       0.0%
2026-05-26 10:13:44.837 [INFO] main.cpp:378 - ======== 命令队列统计 ========
2026-05-26 10:13:44.837 [INFO] main.cpp:379 -   已提交: 0  已执行: 0  成功: 0  失败: 0
2026-05-26 10:13:44.837 [INFO] main.cpp:384 -   队列大小: 0  平均耗时: 0.0ms
2026-05-26 10:13:45.838 [INFO] main.cpp:352 - ======== 总线统计 ========
2026-05-26 10:13:45.838 [INFO] main.cpp:353 -   总事务数:     480
2026-05-26 10:13:45.838 [INFO] main.cpp:354 -   总错误数:     480
2026-05-26 10:13:45.838 [INFO] main.cpp:355 -   发送字节数:   3840
2026-05-26 10:13:45.838 [INFO] main.cpp:356 -   接收字节数:   0
2026-05-26 10:13:45.838 [INFO] main.cpp:357 -   平均延迟:     0.00 ms
2026-05-26 10:13:45.838 [INFO] main.cpp:358 -   最大延迟:     0.00 ms
2026-05-26 10:13:45.838 [INFO] main.cpp:359 -   总线争用次数: 0
2026-05-26 10:13:45.838 [INFO] main.cpp:368 - ======== 轮询统计 ========
2026-05-26 10:13:45.838 [INFO] main.cpp:369 -   任务组数:     20
2026-05-26 10:13:45.838 [INFO] main.cpp:370 -   成功事务:     0
2026-05-26 10:13:45.838 [INFO] main.cpp:371 -   失败事务:     480
2026-05-26 10:13:45.838 [INFO] main.cpp:373 -   成功率:       0.0%
2026-05-26 10:13:45.839 [INFO] main.cpp:378 - ======== 命令队列统计 ========
2026-05-26 10:13:45.839 [INFO] main.cpp:379 -   已提交: 0  已执行: 0  成功: 0  失败: 0
2026-05-26 10:13:45.839 [INFO] main.cpp:384 -   队列大小: 0  平均耗时: 0.0ms
2026-05-26 10:13:46.840 [INFO] main.cpp:352 - ======== 总线统计 ========
2026-05-26 10:13:46.840 [INFO] main.cpp:353 -   总事务数:     480
2026-05-26 10:13:46.840 [INFO] main.cpp:354 -   总错误数:     480
2026-05-26 10:13:46.840 [INFO] main.cpp:355 -   发送字节数:   3840
2026-05-26 10:13:46.840 [INFO] main.cpp:356 -   接收字节数:   0
2026-05-26 10:13:46.840 [INFO] main.cpp:357 -   平均延迟:     0.00 ms
2026-05-26 10:13:46.840 [INFO] main.cpp:358 -   最大延迟:     0.00 ms
2026-05-26 10:13:46.840 [INFO] main.cpp:359 -   总线争用次数: 0
2026-05-26 10:13:46.840 [INFO] main.cpp:368 - ======== 轮询统计 ========
2026-05-26 10:13:46.840 [INFO] main.cpp:369 -   任务组数:     20
2026-05-26 10:13:46.840 [INFO] main.cpp:370 -   成功事务:     0
2026-05-26 10:13:46.840 [INFO] main.cpp:371 -   失败事务:     480
2026-05-26 10:13:46.840 [INFO] main.cpp:373 -   成功率:       0.0%
2026-05-26 10:13:46.840 [INFO] main.cpp:378 - ======== 命令队列统计 ========
2026-05-26 10:13:46.840 [INFO] main.cpp:379 -   已提交: 0  已执行: 0  成功: 0  失败: 0
2026-05-26 10:13:46.840 [INFO] main.cpp:384 -   队列大小: 0  平均耗时: 0.0ms
2026-05-26 10:13:47.841 [INFO] main.cpp:352 - ======== 总线统计 ========
2026-05-26 10:13:47.841 [INFO] main.cpp:353 -   总事务数:     500
2026-05-26 10:13:47.841 [INFO] main.cpp:354 -   总错误数:     480
2026-05-26 10:13:47.841 [INFO] main.cpp:355 -   发送字节数:   4000
2026-05-26 10:13:47.841 [INFO] main.cpp:356 -   接收字节数:   0
2026-05-26 10:13:47.841 [INFO] main.cpp:357 -   平均延迟:     0.00 ms
2026-05-26 10:13:47.841 [INFO] main.cpp:358 -   最大延迟:     0.00 ms
2026-05-26 10:13:47.841 [INFO] main.cpp:359 -   总线争用次数: 0
2026-05-26 10:13:47.842 [INFO] main.cpp:368 - ======== 轮询统计 ========
2026-05-26 10:13:47.842 [INFO] main.cpp:369 -   任务组数:     20
2026-05-26 10:13:47.842 [INFO] main.cpp:370 -   成功事务:     0
2026-05-26 10:13:47.842 [INFO] main.cpp:371 -   失败事务:     480
2026-05-26 10:13:47.842 [INFO] main.cpp:373 -   成功率:       0.0%
2026-05-26 10:13:47.842 [INFO] main.cpp:378 - ======== 命令队列统计 ========
2026-05-26 10:13:47.842 [INFO] main.cpp:379 -   已提交: 0  已执行: 0  成功: 0  失败: 0
2026-05-26 10:13:47.842 [INFO] main.cpp:384 -   队列大小: 0  平均耗时: 0.0ms
2026-05-26 10:13:48.843 [INFO] main.cpp:352 - ======== 总线统计 ========
2026-05-26 10:13:48.843 [INFO] main.cpp:353 -   总事务数:     500
2026-05-26 10:13:48.843 [INFO] main.cpp:354 -   总错误数:     500
2026-05-26 10:13:48.843 [INFO] main.cpp:355 -   发送字节数:   4000
2026-05-26 10:13:48.843 [INFO] main.cpp:356 -   接收字节数:   0
2026-05-26 10:13:48.843 [INFO] main.cpp:357 -   平均延迟:     0.00 ms
2026-05-26 10:13:48.843 [INFO] main.cpp:358 -   最大延迟:     0.00 ms
2026-05-26 10:13:48.843 [INFO] main.cpp:359 -   总线争用次数: 0
2026-05-26 10:13:48.843 [INFO] main.cpp:368 - ======== 轮询统计 ========
2026-05-26 10:13:48.844 [INFO] main.cpp:369 -   任务组数:     20
2026-05-26 10:13:48.844 [INFO] main.cpp:370 -   成功事务:     0
2026-05-26 10:13:48.844 [INFO] main.cpp:371 -   失败事务:     500
2026-05-26 10:13:48.844 [INFO] main.cpp:373 -   成功率:       0.0%
2026-05-26 10:13:48.844 [INFO] main.cpp:378 - ======== 命令队列统计 ========
2026-05-26 10:13:48.844 [INFO] main.cpp:379 -   已提交: 0  已执行: 0  成功: 0  失败: 0
2026-05-26 10:13:48.844 [INFO] main.cpp:384 -   队列大小: 0  平均耗时: 0.0ms
2026-05-26 10:13:49.845 [INFO] main.cpp:352 - ======== 总线统计 ========
2026-05-26 10:13:49.845 [INFO] main.cpp:353 -   总事务数:     500
2026-05-26 10:13:49.845 [INFO] main.cpp:354 -   总错误数:     500
2026-05-26 10:13:49.845 [INFO] main.cpp:355 -   发送字节数:   4000
2026-05-26 10:13:49.845 [INFO] main.cpp:356 -   接收字节数:   0
2026-05-26 10:13:49.845 [INFO] main.cpp:357 -   平均延迟:     0.00 ms
2026-05-26 10:13:49.845 [INFO] main.cpp:358 -   最大延迟:     0.00 ms
2026-05-26 10:13:49.845 [INFO] main.cpp:359 -   总线争用次数: 0
2026-05-26 10:13:49.845 [INFO] main.cpp:368 - ======== 轮询统计 ========
2026-05-26 10:13:49.845 [INFO] main.cpp:369 -   任务组数:     20
2026-05-26 10:13:49.846 [INFO] main.cpp:370 -   成功事务:     0
2026-05-26 10:13:49.846 [INFO] main.cpp:371 -   失败事务:     500
2026-05-26 10:13:49.846 [INFO] main.cpp:373 -   成功率:       0.0%
2026-05-26 10:13:49.846 [INFO] main.cpp:378 - ======== 命令队列统计 ========
2026-05-26 10:13:49.846 [INFO] main.cpp:379 -   已提交: 0  已执行: 0  成功: 0  失败: 0
2026-05-26 10:13:49.846 [INFO] main.cpp:384 -   队列大小: 0  平均耗时: 0.0ms
2026-05-26 10:13:50.847 [INFO] main.cpp:352 - ======== 总线统计 ========
2026-05-26 10:13:50.847 [INFO] main.cpp:353 -   总事务数:     500
2026-05-26 10:13:50.847 [INFO] main.cpp:354 -   总错误数:     500
2026-05-26 10:13:50.847 [INFO] main.cpp:355 -   发送字节数:   4000
2026-05-26 10:13:50.847 [INFO] main.cpp:356 -   接收字节数:   0
2026-05-26 10:13:50.847 [INFO] main.cpp:357 -   平均延迟:     0.00 ms
2026-05-26 10:13:50.847 [INFO] main.cpp:358 -   最大延迟:     0.00 ms
2026-05-26 10:13:50.847 [INFO] main.cpp:359 -   总线争用次数: 0
2026-05-26 10:13:50.847 [INFO] main.cpp:368 - ======== 轮询统计 ========
2026-05-26 10:13:50.847 [INFO] main.cpp:369 -   任务组数:     20
2026-05-26 10:13:50.847 [INFO] main.cpp:370 -   成功事务:     0
2026-05-26 10:13:50.848 [INFO] main.cpp:371 -   失败事务:     500
2026-05-26 10:13:50.848 [INFO] main.cpp:373 -   成功率:       0.0%
2026-05-26 10:13:50.848 [INFO] main.cpp:378 - ======== 命令队列统计 ========
2026-05-26 10:13:50.848 [INFO] main.cpp:379 -   已提交: 0  已执行: 0  成功: 0  失败: 0
2026-05-26 10:13:50.848 [INFO] main.cpp:384 -   队列大小: 0  平均耗时: 0.0ms
2026-05-26 10:13:51.849 [INFO] main.cpp:352 - ======== 总线统计 ========
2026-05-26 10:13:51.849 [INFO] main.cpp:353 -   总事务数:     500
2026-05-26 10:13:51.849 [INFO] main.cpp:354 -   总错误数:     500
2026-05-26 10:13:51.849 [INFO] main.cpp:355 -   发送字节数:   4000
2026-05-26 10:13:51.849 [INFO] main.cpp:356 -   接收字节数:   0
2026-05-26 10:13:51.849 [INFO] main.cpp:357 -   平均延迟:     0.00 ms
2026-05-26 10:13:51.849 [INFO] main.cpp:358 -   最大延迟:     0.00 ms
2026-05-26 10:13:51.849 [INFO] main.cpp:359 -   总线争用次数: 0
2026-05-26 10:13:51.849 [INFO] main.cpp:368 - ======== 轮询统计 ========
2026-05-26 10:13:51.849 [INFO] main.cpp:369 -   任务组数:     20
2026-05-26 10:13:51.849 [INFO] main.cpp:370 -   成功事务:     0
2026-05-26 10:13:51.849 [INFO] main.cpp:371 -   失败事务:     500
2026-05-26 10:13:51.849 [INFO] main.cpp:373 -   成功率:       0.0%
2026-05-26 10:13:51.849 [INFO] main.cpp:378 - ======== 命令队列统计 ========
2026-05-26 10:13:51.850 [INFO] main.cpp:379 -   已提交: 0  已执行: 0  成功: 0  失败: 0
2026-05-26 10:13:51.850 [INFO] main.cpp:384 -   队列大小: 0  平均耗时: 0.0ms
2026-05-26 10:13:52.851 [INFO] main.cpp:352 - ======== 总线统计 ========
2026-05-26 10:13:52.851 [INFO] main.cpp:353 -   总事务数:     520
2026-05-26 10:13:52.851 [INFO] main.cpp:354 -   总错误数:     500
2026-05-26 10:13:52.851 [INFO] main.cpp:355 -   发送字节数:   4160
2026-05-26 10:13:52.851 [INFO] main.cpp:356 -   接收字节数:   0
2026-05-26 10:13:52.851 [INFO] main.cpp:357 -   平均延迟:     0.00 ms
2026-05-26 10:13:52.851 [INFO] main.cpp:358 -   最大延迟:     0.00 ms
2026-05-26 10:13:52.851 [INFO] main.cpp:359 -   总线争用次数: 0
2026-05-26 10:13:52.851 [INFO] main.cpp:368 - ======== 轮询统计 ========
2026-05-26 10:13:52.851 [INFO] main.cpp:369 -   任务组数:     20
2026-05-26 10:13:52.851 [INFO] main.cpp:370 -   成功事务:     0
2026-05-26 10:13:52.851 [INFO] main.cpp:371 -   失败事务:     500
2026-05-26 10:13:52.851 [INFO] main.cpp:373 -   成功率:       0.0%
2026-05-26 10:13:52.851 [INFO] main.cpp:378 - ======== 命令队列统计 ========
2026-05-26 10:13:52.851 [INFO] main.cpp:379 -   已提交: 0  已执行: 0  成功: 0  失败: 0
2026-05-26 10:13:52.852 [INFO] main.cpp:384 -   队列大小: 0  平均耗时: 0.0ms
2026-05-26 10:13:52.910 [INFO] main.cpp:392 - 正在停止 Web 服务器...
2026-05-26 10:13:53.595 [INFO] main.cpp:395 - 正在停止所有应用...
2026-05-26 10:13:53.595 [INFO] main.cpp:398 - 正在停止命令队列...
2026-05-26 10:13:53.595 [INFO] command_queue.cpp:307 - 命令处理线程 #0 已退出
2026-05-26 10:13:53.595 [INFO] command_queue.cpp:59 - 命令队列已停止
2026-05-26 10:13:53.595 [INFO] main.cpp:402 - 正在关闭串口...
2026-05-26 10:13:53.596 [INFO] main.cpp:405 - 正在停止轮询...
2026-05-26 10:13:53.697 [INFO] main.cpp:410 - ======== 最终统计 ========
2026-05-26 10:13:53.697 [INFO] main.cpp:411 -   总事务数:     520
2026-05-26 10:13:53.697 [INFO] main.cpp:412 -   总错误数:     520
2026-05-26 10:13:53.697 [INFO] main.cpp:413 -   成功率:       0.0%
2026-05-26 10:13:53.697 [INFO] main.cpp:417 -   平均延迟:     0.00 ms
2026-05-26 10:13:53.697 [INFO] main.cpp:418 -   最大延迟:     0.00 ms
2026-05-26 10:13:53.697 [INFO] main.cpp:419 - === 系统退出 ===

======================================================
  日志系统关闭: 2026-05-26 10:13:53.697
======================================================
