======================================================
  日志系统启动: 2026-05-26 10:05:07.857
  日志文件: ./logs/gateway_20260526_100507.log
  最大文件数: 50
  最低级别: INFO
======================================================
2026-05-26 10:05:07.857 [INFO] main.cpp:171 - === 系统启动 ===
2026-05-26 10:05:07.857 [INFO] main.cpp:172 - 串口: /dev/ttyS9, 波特率: 9600, 工作线程: 4
2026-05-26 10:05:07.857 [INFO] main.cpp:176 - 所有设备已初始化
2026-05-26 10:05:07.857 [INFO] main.cpp:183 - 应用管理器已启动, 注册了 1 个应用
2026-05-26 10:05:07.857 [INFO] main.cpp:188 - Web 服务器已启动
2026-05-26 10:05:07.857 [INFO] main.cpp:193 - 初始化串口总线: /dev/ttyS9 @ 9600 baud
2026-05-26 10:05:07.858 [INFO] command_queue.cpp:38 - 命令队列启动, 工作线程数: 1
2026-05-26 10:05:07.858 [INFO] main.cpp:211 - 串口总线已就绪, 工作线程数: 4
2026-05-26 10:05:07.858 [INFO] command_queue.cpp:228 - 命令处理线程 #0 已启动
2026-05-26 10:05:07.858 [INFO] main.cpp:310 - 共 20 个轮询任务:
2026-05-26 10:05:07.858 [INFO] main.cpp:313 -   [1] PM2.5传感器 - PM2.5 (间隔: 5000 ms)
2026-05-26 10:05:07.858 [INFO] main.cpp:313 -   [2] PM10传感器 - PM10 (间隔: 5000 ms)
2026-05-26 10:05:07.858 [INFO] main.cpp:313 -   [3] 湿度传感器 - 湿度 (间隔: 5000 ms)
2026-05-26 10:05:07.858 [INFO] main.cpp:313 -   [4] 温度传感器 - 温度 (间隔: 5000 ms)
2026-05-26 10:05:07.858 [INFO] main.cpp:313 -   [5] TVOC传感器 - TVOC (间隔: 5000 ms)
2026-05-26 10:05:07.858 [INFO] main.cpp:313 -   [6] 甲醛传感器 - 甲醛 (间隔: 5000 ms)
2026-05-26 10:05:07.858 [INFO] main.cpp:313 -   [7] 臭氧传感器 - 臭氧 (间隔: 5000 ms)
2026-05-26 10:05:07.858 [INFO] main.cpp:313 -   [8] CO2传感器 - CO2 (间隔: 5000 ms)
2026-05-26 10:05:07.858 [INFO] main.cpp:313 -   [9] 烟雾报警器 - 报警状态 (间隔: 5000 ms)
2026-05-26 10:05:07.858 [INFO] main.cpp:313 -   [10] 恒湿净化一体机 - 环境数据 (间隔: 5000 ms)
2026-05-26 10:05:07.858 [INFO] main.cpp:313 -   [11] 恒湿净化一体机 - 电源状态 (间隔: 5000 ms)
2026-05-26 10:05:07.858 [INFO] main.cpp:313 -   [12] 恒湿净化一体机 - 故障状态 (间隔: 5000 ms)
2026-05-26 10:05:07.858 [INFO] main.cpp:313 -   [13] 报警装置 - 状态 (间隔: 5000 ms)
2026-05-26 10:05:07.858 [INFO] main.cpp:313 -   [14] 水浸传感器 - 浸水状态 (间隔: 5000 ms)
2026-05-26 10:05:07.858 [INFO] main.cpp:313 -   [15] 红外探测器 - 红外状态 (间隔: 5000 ms)
2026-05-26 10:05:07.858 [INFO] main.cpp:313 -   [16] 红外探测器 - 雷达状态 (间隔: 5000 ms)
2026-05-26 10:05:07.858 [INFO] main.cpp:313 -   [17] 霉菌空气净化机 - 环境数据 (间隔: 5000 ms)
2026-05-26 10:05:07.858 [INFO] main.cpp:313 -   [18] 霉菌空气净化机 - 运行模式 (间隔: 5000 ms)
2026-05-26 10:05:07.859 [INFO] main.cpp:313 -   [19] 霉菌空气净化机 - 电源状态 (间隔: 5000 ms)
2026-05-26 10:05:07.859 [INFO] main.cpp:313 -   [20] 弱光检测传感器 - 光照度 (间隔: 5000 ms)
2026-05-26 10:05:07.860 [INFO] main.cpp:330 - 多线程轮询已启动, 按 Ctrl+C 退出
2026-05-26 10:05:08.861 [INFO] main.cpp:352 - ======== 总线统计 ========
2026-05-26 10:05:08.861 [INFO] main.cpp:353 -   总事务数:     20
2026-05-26 10:05:08.861 [INFO] main.cpp:354 -   总错误数:     0
2026-05-26 10:05:08.861 [INFO] main.cpp:355 -   发送字节数:   160
2026-05-26 10:05:08.861 [INFO] main.cpp:356 -   接收字节数:   0
2026-05-26 10:05:08.861 [INFO] main.cpp:357 -   平均延迟:     0.00 ms
2026-05-26 10:05:08.861 [INFO] main.cpp:358 -   最大延迟:     0.00 ms
2026-05-26 10:05:08.862 [INFO] main.cpp:359 -   总线争用次数: 0
2026-05-26 10:05:08.862 [INFO] main.cpp:368 - ======== 轮询统计 ========
2026-05-26 10:05:08.862 [INFO] main.cpp:369 -   任务组数:     20
2026-05-26 10:05:08.862 [INFO] main.cpp:370 -   成功事务:     0
2026-05-26 10:05:08.862 [INFO] main.cpp:371 -   失败事务:     0
2026-05-26 10:05:08.862 [INFO] main.cpp:378 - ======== 命令队列统计 ========
2026-05-26 10:05:08.862 [INFO] main.cpp:379 -   已提交: 0  已执行: 0  成功: 0  失败: 0
2026-05-26 10:05:08.862 [INFO] main.cpp:384 -   队列大小: 0  平均耗时: 0.0ms
2026-05-26 10:05:09.863 [INFO] main.cpp:352 - ======== 总线统计 ========
2026-05-26 10:05:09.863 [INFO] main.cpp:353 -   总事务数:     20
2026-05-26 10:05:09.864 [INFO] main.cpp:354 -   总错误数:     20
2026-05-26 10:05:09.864 [INFO] main.cpp:355 -   发送字节数:   160
2026-05-26 10:05:09.864 [INFO] main.cpp:356 -   接收字节数:   0
2026-05-26 10:05:09.864 [INFO] main.cpp:357 -   平均延迟:     0.00 ms
2026-05-26 10:05:09.864 [INFO] main.cpp:358 -   最大延迟:     0.00 ms
2026-05-26 10:05:09.864 [INFO] main.cpp:359 -   总线争用次数: 0
2026-05-26 10:05:09.865 [INFO] main.cpp:368 - ======== 轮询统计 ========
2026-05-26 10:05:09.865 [INFO] main.cpp:369 -   任务组数:     20
2026-05-26 10:05:09.865 [INFO] main.cpp:370 -   成功事务:     0
2026-05-26 10:05:09.865 [INFO] main.cpp:371 -   失败事务:     20
2026-05-26 10:05:09.865 [INFO] main.cpp:373 -   成功率:       0.0%
2026-05-26 10:05:09.865 [INFO] main.cpp:378 - ======== 命令队列统计 ========
2026-05-26 10:05:09.865 [INFO] main.cpp:379 -   已提交: 0  已执行: 0  成功: 0  失败: 0
2026-05-26 10:05:09.865 [INFO] main.cpp:384 -   队列大小: 0  平均耗时: 0.0ms
2026-05-26 10:05:10.866 [INFO] main.cpp:352 - ======== 总线统计 ========
2026-05-26 10:05:10.866 [INFO] main.cpp:353 -   总事务数:     20
2026-05-26 10:05:10.866 [INFO] main.cpp:354 -   总错误数:     20
2026-05-26 10:05:10.866 [INFO] main.cpp:355 -   发送字节数:   160
2026-05-26 10:05:10.866 [INFO] main.cpp:356 -   接收字节数:   0
2026-05-26 10:05:10.866 [INFO] main.cpp:357 -   平均延迟:     0.00 ms
2026-05-26 10:05:10.867 [INFO] main.cpp:358 -   最大延迟:     0.00 ms
2026-05-26 10:05:10.867 [INFO] main.cpp:359 -   总线争用次数: 0
2026-05-26 10:05:10.867 [INFO] main.cpp:368 - ======== 轮询统计 ========
2026-05-26 10:05:10.867 [INFO] main.cpp:369 -   任务组数:     20
2026-05-26 10:05:10.867 [INFO] main.cpp:370 -   成功事务:     0
2026-05-26 10:05:10.867 [INFO] main.cpp:371 -   失败事务:     20
2026-05-26 10:05:10.867 [INFO] main.cpp:373 -   成功率:       0.0%
2026-05-26 10:05:10.867 [INFO] main.cpp:378 - ======== 命令队列统计 ========
2026-05-26 10:05:10.867 [INFO] main.cpp:379 -   已提交: 0  已执行: 0  成功: 0  失败: 0
2026-05-26 10:05:10.867 [INFO] main.cpp:384 -   队列大小: 0  平均耗时: 0.0ms
2026-05-26 10:05:11.868 [INFO] main.cpp:352 - ======== 总线统计 ========
2026-05-26 10:05:11.868 [INFO] main.cpp:353 -   总事务数:     20
2026-05-26 10:05:11.868 [INFO] main.cpp:354 -   总错误数:     20
2026-05-26 10:05:11.868 [INFO] main.cpp:355 -   发送字节数:   160
2026-05-26 10:05:11.868 [INFO] main.cpp:356 -   接收字节数:   0
2026-05-26 10:05:11.868 [INFO] main.cpp:357 -   平均延迟:     0.00 ms
2026-05-26 10:05:11.868 [INFO] main.cpp:358 -   最大延迟:     0.00 ms
2026-05-26 10:05:11.868 [INFO] main.cpp:359 -   总线争用次数: 0
2026-05-26 10:05:11.868 [INFO] main.cpp:368 - ======== 轮询统计 ========
2026-05-26 10:05:11.868 [INFO] main.cpp:369 -   任务组数:     20
2026-05-26 10:05:11.868 [INFO] main.cpp:370 -   成功事务:     0
2026-05-26 10:05:11.868 [INFO] main.cpp:371 -   失败事务:     20
2026-05-26 10:05:11.868 [INFO] main.cpp:373 -   成功率:       0.0%
2026-05-26 10:05:11.868 [INFO] main.cpp:378 - ======== 命令队列统计 ========
2026-05-26 10:05:11.869 [INFO] main.cpp:379 -   已提交: 0  已执行: 0  成功: 0  失败: 0
2026-05-26 10:05:11.869 [INFO] main.cpp:384 -   队列大小: 0  平均耗时: 0.0ms
2026-05-26 10:05:12.870 [INFO] main.cpp:352 - ======== 总线统计 ========
2026-05-26 10:05:12.870 [INFO] main.cpp:353 -   总事务数:     40
2026-05-26 10:05:12.870 [INFO] main.cpp:354 -   总错误数:     20
2026-05-26 10:05:12.870 [INFO] main.cpp:355 -   发送字节数:   160
2026-05-26 10:05:12.870 [INFO] main.cpp:356 -   接收字节数:   0
2026-05-26 10:05:12.870 [INFO] main.cpp:357 -   平均延迟:     0.00 ms
2026-05-26 10:05:12.870 [INFO] main.cpp:358 -   最大延迟:     0.00 ms
2026-05-26 10:05:12.870 [INFO] main.cpp:359 -   总线争用次数: 0
2026-05-26 10:05:12.870 [INFO] main.cpp:368 - ======== 轮询统计 ========
2026-05-26 10:05:12.870 [INFO] main.cpp:369 -   任务组数:     20
2026-05-26 10:05:12.870 [INFO] main.cpp:370 -   成功事务:     0
2026-05-26 10:05:12.870 [INFO] main.cpp:371 -   失败事务:     20
2026-05-26 10:05:12.870 [INFO] main.cpp:373 -   成功率:       0.0%
2026-05-26 10:05:12.870 [INFO] main.cpp:378 - ======== 命令队列统计 ========
2026-05-26 10:05:12.870 [INFO] main.cpp:379 -   已提交: 0  已执行: 0  成功: 0  失败: 0
2026-05-26 10:05:12.870 [INFO] main.cpp:384 -   队列大小: 0  平均耗时: 0.0ms
2026-05-26 10:05:13.871 [INFO] main.cpp:352 - ======== 总线统计 ========
2026-05-26 10:05:13.871 [INFO] main.cpp:353 -   总事务数:     40
2026-05-26 10:05:13.871 [INFO] main.cpp:354 -   总错误数:     20
2026-05-26 10:05:13.871 [INFO] main.cpp:355 -   发送字节数:   320
2026-05-26 10:05:13.871 [INFO] main.cpp:356 -   接收字节数:   0
2026-05-26 10:05:13.871 [INFO] main.cpp:357 -   平均延迟:     0.00 ms
2026-05-26 10:05:13.871 [INFO] main.cpp:358 -   最大延迟:     0.00 ms
2026-05-26 10:05:13.871 [INFO] main.cpp:359 -   总线争用次数: 0
2026-05-26 10:05:13.872 [INFO] main.cpp:368 - ======== 轮询统计 ========
2026-05-26 10:05:13.872 [INFO] main.cpp:369 -   任务组数:     20
2026-05-26 10:05:13.872 [INFO] main.cpp:370 -   成功事务:     0
2026-05-26 10:05:13.872 [INFO] main.cpp:371 -   失败事务:     20
2026-05-26 10:05:13.872 [INFO] main.cpp:373 -   成功率:       0.0%
2026-05-26 10:05:13.872 [INFO] main.cpp:378 - ======== 命令队列统计 ========
2026-05-26 10:05:13.872 [INFO] main.cpp:379 -   已提交: 0  已执行: 0  成功: 0  失败: 0
2026-05-26 10:05:13.872 [INFO] main.cpp:384 -   队列大小: 0  平均耗时: 0.0ms
2026-05-26 10:05:14.873 [INFO] main.cpp:352 - ======== 总线统计 ========
2026-05-26 10:05:14.873 [INFO] main.cpp:353 -   总事务数:     40
2026-05-26 10:05:14.873 [INFO] main.cpp:354 -   总错误数:     40
2026-05-26 10:05:14.873 [INFO] main.cpp:355 -   发送字节数:   320
2026-05-26 10:05:14.873 [INFO] main.cpp:356 -   接收字节数:   0
2026-05-26 10:05:14.873 [INFO] main.cpp:357 -   平均延迟:     0.00 ms
2026-05-26 10:05:14.873 [INFO] main.cpp:358 -   最大延迟:     0.00 ms
2026-05-26 10:05:14.873 [INFO] main.cpp:359 -   总线争用次数: 0
2026-05-26 10:05:14.873 [INFO] main.cpp:368 - ======== 轮询统计 ========
2026-05-26 10:05:14.873 [INFO] main.cpp:369 -   任务组数:     20
2026-05-26 10:05:14.873 [INFO] main.cpp:370 -   成功事务:     0
2026-05-26 10:05:14.873 [INFO] main.cpp:371 -   失败事务:     40
2026-05-26 10:05:14.873 [INFO] main.cpp:373 -   成功率:       0.0%
2026-05-26 10:05:14.874 [INFO] main.cpp:378 - ======== 命令队列统计 ========
2026-05-26 10:05:14.874 [INFO] main.cpp:379 -   已提交: 0  已执行: 0  成功: 0  失败: 0
2026-05-26 10:05:14.874 [INFO] main.cpp:384 -   队列大小: 0  平均耗时: 0.0ms
2026-05-26 10:05:15.875 [INFO] main.cpp:352 - ======== 总线统计 ========
2026-05-26 10:05:15.875 [INFO] main.cpp:353 -   总事务数:     40
2026-05-26 10:05:15.875 [INFO] main.cpp:354 -   总错误数:     40
2026-05-26 10:05:15.875 [INFO] main.cpp:355 -   发送字节数:   320
2026-05-26 10:05:15.875 [INFO] main.cpp:356 -   接收字节数:   0
2026-05-26 10:05:15.875 [INFO] main.cpp:357 -   平均延迟:     0.00 ms
2026-05-26 10:05:15.875 [INFO] main.cpp:358 -   最大延迟:     0.00 ms
2026-05-26 10:05:15.875 [INFO] main.cpp:359 -   总线争用次数: 0
2026-05-26 10:05:15.875 [INFO] main.cpp:368 - ======== 轮询统计 ========
2026-05-26 10:05:15.875 [INFO] main.cpp:369 -   任务组数:     20
2026-05-26 10:05:15.875 [INFO] main.cpp:370 -   成功事务:     0
2026-05-26 10:05:15.875 [INFO] main.cpp:371 -   失败事务:     40
2026-05-26 10:05:15.875 [INFO] main.cpp:373 -   成功率:       0.0%
2026-05-26 10:05:15.875 [INFO] main.cpp:378 - ======== 命令队列统计 ========
2026-05-26 10:05:15.875 [INFO] main.cpp:379 -   已提交: 0  已执行: 0  成功: 0  失败: 0
2026-05-26 10:05:15.875 [INFO] main.cpp:384 -   队列大小: 0  平均耗时: 0.0ms
2026-05-26 10:05:16.876 [INFO] main.cpp:352 - ======== 总线统计 ========
2026-05-26 10:05:16.876 [INFO] main.cpp:353 -   总事务数:     40
2026-05-26 10:05:16.876 [INFO] main.cpp:354 -   总错误数:     40
2026-05-26 10:05:16.876 [INFO] main.cpp:355 -   发送字节数:   320
2026-05-26 10:05:16.876 [INFO] main.cpp:356 -   接收字节数:   0
2026-05-26 10:05:16.876 [INFO] main.cpp:357 -   平均延迟:     0.00 ms
2026-05-26 10:05:16.876 [INFO] main.cpp:358 -   最大延迟:     0.00 ms
2026-05-26 10:05:16.876 [INFO] main.cpp:359 -   总线争用次数: 0
2026-05-26 10:05:16.876 [INFO] main.cpp:368 - ======== 轮询统计 ========
2026-05-26 10:05:16.876 [INFO] main.cpp:369 -   任务组数:     20
2026-05-26 10:05:16.876 [INFO] main.cpp:370 -   成功事务:     0
2026-05-26 10:05:16.876 [INFO] main.cpp:371 -   失败事务:     40
2026-05-26 10:05:16.876 [INFO] main.cpp:373 -   成功率:       0.0%
2026-05-26 10:05:16.876 [INFO] main.cpp:378 - ======== 命令队列统计 ========
2026-05-26 10:05:16.876 [INFO] main.cpp:379 -   已提交: 0  已执行: 0  成功: 0  失败: 0
2026-05-26 10:05:16.876 [INFO] main.cpp:384 -   队列大小: 0  平均耗时: 0.0ms
2026-05-26 10:05:17.877 [INFO] main.cpp:352 - ======== 总线统计 ========
2026-05-26 10:05:17.878 [INFO] main.cpp:353 -   总事务数:     60
2026-05-26 10:05:17.878 [INFO] main.cpp:354 -   总错误数:     40
2026-05-26 10:05:17.878 [INFO] main.cpp:355 -   发送字节数:   320
2026-05-26 10:05:17.878 [INFO] main.cpp:356 -   接收字节数:   0
2026-05-26 10:05:17.878 [INFO] main.cpp:357 -   平均延迟:     0.00 ms
2026-05-26 10:05:17.878 [INFO] main.cpp:358 -   最大延迟:     0.00 ms
2026-05-26 10:05:17.878 [INFO] main.cpp:359 -   总线争用次数: 0
2026-05-26 10:05:17.878 [INFO] main.cpp:368 - ======== 轮询统计 ========
2026-05-26 10:05:17.878 [INFO] main.cpp:369 -   任务组数:     20
2026-05-26 10:05:17.878 [INFO] main.cpp:370 -   成功事务:     0
2026-05-26 10:05:17.878 [INFO] main.cpp:371 -   失败事务:     40
2026-05-26 10:05:17.878 [INFO] main.cpp:373 -   成功率:       0.0%
2026-05-26 10:05:17.878 [INFO] main.cpp:378 - ======== 命令队列统计 ========
2026-05-26 10:05:17.878 [INFO] main.cpp:379 -   已提交: 0  已执行: 0  成功: 0  失败: 0
2026-05-26 10:05:17.878 [INFO] main.cpp:384 -   队列大小: 0  平均耗时: 0.0ms
2026-05-26 10:05:18.878 [INFO] main.cpp:352 - ======== 总线统计 ========
2026-05-26 10:05:18.878 [INFO] main.cpp:353 -   总事务数:     60
2026-05-26 10:05:18.878 [INFO] main.cpp:354 -   总错误数:     40
2026-05-26 10:05:18.878 [INFO] main.cpp:355 -   发送字节数:   480
2026-05-26 10:05:18.878 [INFO] main.cpp:356 -   接收字节数:   0
2026-05-26 10:05:18.878 [INFO] main.cpp:357 -   平均延迟:     0.00 ms
2026-05-26 10:05:18.879 [INFO] main.cpp:358 -   最大延迟:     0.00 ms
2026-05-26 10:05:18.879 [INFO] main.cpp:359 -   总线争用次数: 0
2026-05-26 10:05:18.879 [INFO] main.cpp:368 - ======== 轮询统计 ========
2026-05-26 10:05:18.879 [INFO] main.cpp:369 -   任务组数:     20
2026-05-26 10:05:18.879 [INFO] main.cpp:370 -   成功事务:     0
2026-05-26 10:05:18.879 [INFO] main.cpp:371 -   失败事务:     40
2026-05-26 10:05:18.879 [INFO] main.cpp:373 -   成功率:       0.0%
2026-05-26 10:05:18.879 [INFO] main.cpp:378 - ======== 命令队列统计 ========
2026-05-26 10:05:18.879 [INFO] main.cpp:379 -   已提交: 0  已执行: 0  成功: 0  失败: 0
2026-05-26 10:05:18.879 [INFO] main.cpp:384 -   队列大小: 0  平均耗时: 0.0ms
2026-05-26 10:05:19.880 [INFO] main.cpp:352 - ======== 总线统计 ========
2026-05-26 10:05:19.880 [INFO] main.cpp:353 -   总事务数:     60
2026-05-26 10:05:19.880 [INFO] main.cpp:354 -   总错误数:     60
2026-05-26 10:05:19.880 [INFO] main.cpp:355 -   发送字节数:   480
2026-05-26 10:05:19.880 [INFO] main.cpp:356 -   接收字节数:   0
2026-05-26 10:05:19.880 [INFO] main.cpp:357 -   平均延迟:     0.00 ms
2026-05-26 10:05:19.880 [INFO] main.cpp:358 -   最大延迟:     0.00 ms
2026-05-26 10:05:19.880 [INFO] main.cpp:359 -   总线争用次数: 0
2026-05-26 10:05:19.880 [INFO] main.cpp:368 - ======== 轮询统计 ========
2026-05-26 10:05:19.880 [INFO] main.cpp:369 -   任务组数:     20
2026-05-26 10:05:19.880 [INFO] main.cpp:370 -   成功事务:     0
2026-05-26 10:05:19.881 [INFO] main.cpp:371 -   失败事务:     60
2026-05-26 10:05:19.881 [INFO] main.cpp:373 -   成功率:       0.0%
2026-05-26 10:05:19.881 [INFO] main.cpp:378 - ======== 命令队列统计 ========
2026-05-26 10:05:19.881 [INFO] main.cpp:379 -   已提交: 0  已执行: 0  成功: 0  失败: 0
2026-05-26 10:05:19.881 [INFO] main.cpp:384 -   队列大小: 0  平均耗时: 0.0ms
2026-05-26 10:05:20.882 [INFO] main.cpp:352 - ======== 总线统计 ========
2026-05-26 10:05:20.882 [INFO] main.cpp:353 -   总事务数:     60
2026-05-26 10:05:20.882 [INFO] main.cpp:354 -   总错误数:     60
2026-05-26 10:05:20.882 [INFO] main.cpp:355 -   发送字节数:   480
2026-05-26 10:05:20.882 [INFO] main.cpp:356 -   接收字节数:   0
2026-05-26 10:05:20.882 [INFO] main.cpp:357 -   平均延迟:     0.00 ms
2026-05-26 10:05:20.882 [INFO] main.cpp:358 -   最大延迟:     0.00 ms
2026-05-26 10:05:20.882 [INFO] main.cpp:359 -   总线争用次数: 0
2026-05-26 10:05:20.882 [INFO] main.cpp:368 - ======== 轮询统计 ========
2026-05-26 10:05:20.882 [INFO] main.cpp:369 -   任务组数:     20
2026-05-26 10:05:20.882 [INFO] main.cpp:370 -   成功事务:     0
2026-05-26 10:05:20.882 [INFO] main.cpp:371 -   失败事务:     60
2026-05-26 10:05:20.882 [INFO] main.cpp:373 -   成功率:       0.0%
2026-05-26 10:05:20.882 [INFO] main.cpp:378 - ======== 命令队列统计 ========
2026-05-26 10:05:20.882 [INFO] main.cpp:379 -   已提交: 0  已执行: 0  成功: 0  失败: 0
2026-05-26 10:05:20.882 [INFO] main.cpp:384 -   队列大小: 0  平均耗时: 0.0ms
2026-05-26 10:05:21.884 [INFO] main.cpp:352 - ======== 总线统计 ========
2026-05-26 10:05:21.884 [INFO] main.cpp:353 -   总事务数:     60
2026-05-26 10:05:21.884 [INFO] main.cpp:354 -   总错误数:     60
2026-05-26 10:05:21.884 [INFO] main.cpp:355 -   发送字节数:   480
2026-05-26 10:05:21.884 [INFO] main.cpp:356 -   接收字节数:   0
2026-05-26 10:05:21.884 [INFO] main.cpp:357 -   平均延迟:     0.00 ms
2026-05-26 10:05:21.884 [INFO] main.cpp:358 -   最大延迟:     0.00 ms
2026-05-26 10:05:21.884 [INFO] main.cpp:359 -   总线争用次数: 0
2026-05-26 10:05:21.884 [INFO] main.cpp:368 - ======== 轮询统计 ========
2026-05-26 10:05:21.884 [INFO] main.cpp:369 -   任务组数:     20
2026-05-26 10:05:21.884 [INFO] main.cpp:370 -   成功事务:     0
2026-05-26 10:05:21.884 [INFO] main.cpp:371 -   失败事务:     60
2026-05-26 10:05:21.884 [INFO] main.cpp:373 -   成功率:       0.0%
2026-05-26 10:05:21.884 [INFO] main.cpp:378 - ======== 命令队列统计 ========
2026-05-26 10:05:21.884 [INFO] main.cpp:379 -   已提交: 0  已执行: 0  成功: 0  失败: 0
2026-05-26 10:05:21.884 [INFO] main.cpp:384 -   队列大小: 0  平均耗时: 0.0ms
2026-05-26 10:05:22.884 [INFO] main.cpp:352 - ======== 总线统计 ========
2026-05-26 10:05:22.885 [INFO] main.cpp:353 -   总事务数:     80
2026-05-26 10:05:22.885 [INFO] main.cpp:354 -   总错误数:     60
2026-05-26 10:05:22.885 [INFO] main.cpp:355 -   发送字节数:   480
2026-05-26 10:05:22.885 [INFO] main.cpp:356 -   接收字节数:   0
2026-05-26 10:05:22.885 [INFO] main.cpp:357 -   平均延迟:     0.00 ms
2026-05-26 10:05:22.885 [INFO] main.cpp:358 -   最大延迟:     0.00 ms
2026-05-26 10:05:22.885 [INFO] main.cpp:359 -   总线争用次数: 0
2026-05-26 10:05:22.885 [INFO] main.cpp:368 - ======== 轮询统计 ========
2026-05-26 10:05:22.885 [INFO] main.cpp:369 -   任务组数:     20
2026-05-26 10:05:22.885 [INFO] main.cpp:370 -   成功事务:     0
2026-05-26 10:05:22.885 [INFO] main.cpp:371 -   失败事务:     60
2026-05-26 10:05:22.885 [INFO] main.cpp:373 -   成功率:       0.0%
2026-05-26 10:05:22.885 [INFO] main.cpp:378 - ======== 命令队列统计 ========
2026-05-26 10:05:22.885 [INFO] main.cpp:379 -   已提交: 0  已执行: 0  成功: 0  失败: 0
2026-05-26 10:05:22.885 [INFO] main.cpp:384 -   队列大小: 0  平均耗时: 0.0ms
2026-05-26 10:05:23.886 [INFO] main.cpp:352 - ======== 总线统计 ========
2026-05-26 10:05:23.886 [INFO] main.cpp:353 -   总事务数:     80
2026-05-26 10:05:23.886 [INFO] main.cpp:354 -   总错误数:     60
2026-05-26 10:05:23.886 [INFO] main.cpp:355 -   发送字节数:   640
2026-05-26 10:05:23.886 [INFO] main.cpp:356 -   接收字节数:   0
2026-05-26 10:05:23.887 [INFO] main.cpp:357 -   平均延迟:     0.00 ms
2026-05-26 10:05:23.887 [INFO] main.cpp:358 -   最大延迟:     0.00 ms
2026-05-26 10:05:23.887 [INFO] main.cpp:359 -   总线争用次数: 0
2026-05-26 10:05:23.887 [INFO] main.cpp:368 - ======== 轮询统计 ========
2026-05-26 10:05:23.887 [INFO] main.cpp:369 -   任务组数:     20
2026-05-26 10:05:23.887 [INFO] main.cpp:370 -   成功事务:     0
2026-05-26 10:05:23.887 [INFO] main.cpp:371 -   失败事务:     60
2026-05-26 10:05:23.887 [INFO] main.cpp:373 -   成功率:       0.0%
2026-05-26 10:05:23.887 [INFO] main.cpp:378 - ======== 命令队列统计 ========
2026-05-26 10:05:23.887 [INFO] main.cpp:379 -   已提交: 0  已执行: 0  成功: 0  失败: 0
2026-05-26 10:05:23.887 [INFO] main.cpp:384 -   队列大小: 0  平均耗时: 0.0ms
2026-05-26 10:05:24.888 [INFO] main.cpp:352 - ======== 总线统计 ========
2026-05-26 10:05:24.888 [INFO] main.cpp:353 -   总事务数:     80
2026-05-26 10:05:24.888 [INFO] main.cpp:354 -   总错误数:     80
2026-05-26 10:05:24.888 [INFO] main.cpp:355 -   发送字节数:   640
2026-05-26 10:05:24.888 [INFO] main.cpp:356 -   接收字节数:   0
2026-05-26 10:05:24.888 [INFO] main.cpp:357 -   平均延迟:     0.00 ms
2026-05-26 10:05:24.888 [INFO] main.cpp:358 -   最大延迟:     0.00 ms
2026-05-26 10:05:24.888 [INFO] main.cpp:359 -   总线争用次数: 0
2026-05-26 10:05:24.888 [INFO] main.cpp:368 - ======== 轮询统计 ========
2026-05-26 10:05:24.888 [INFO] main.cpp:369 -   任务组数:     20
2026-05-26 10:05:24.888 [INFO] main.cpp:370 -   成功事务:     0
2026-05-26 10:05:24.889 [INFO] main.cpp:371 -   失败事务:     80
2026-05-26 10:05:24.889 [INFO] main.cpp:373 -   成功率:       0.0%
2026-05-26 10:05:24.889 [INFO] main.cpp:378 - ======== 命令队列统计 ========
2026-05-26 10:05:24.889 [INFO] main.cpp:379 -   已提交: 0  已执行: 0  成功: 0  失败: 0
2026-05-26 10:05:24.889 [INFO] main.cpp:384 -   队列大小: 0  平均耗时: 0.0ms
2026-05-26 10:05:25.890 [INFO] main.cpp:352 - ======== 总线统计 ========
2026-05-26 10:05:25.890 [INFO] main.cpp:353 -   总事务数:     80
2026-05-26 10:05:25.890 [INFO] main.cpp:354 -   总错误数:     80
2026-05-26 10:05:25.890 [INFO] main.cpp:355 -   发送字节数:   640
2026-05-26 10:05:25.890 [INFO] main.cpp:356 -   接收字节数:   0
2026-05-26 10:05:25.890 [INFO] main.cpp:357 -   平均延迟:     0.00 ms
2026-05-26 10:05:25.890 [INFO] main.cpp:358 -   最大延迟:     0.00 ms
2026-05-26 10:05:25.890 [INFO] main.cpp:359 -   总线争用次数: 0
2026-05-26 10:05:25.890 [INFO] main.cpp:368 - ======== 轮询统计 ========
2026-05-26 10:05:25.890 [INFO] main.cpp:369 -   任务组数:     20
2026-05-26 10:05:25.890 [INFO] main.cpp:370 -   成功事务:     0
2026-05-26 10:05:25.890 [INFO] main.cpp:371 -   失败事务:     80
2026-05-26 10:05:25.890 [INFO] main.cpp:373 -   成功率:       0.0%
2026-05-26 10:05:25.890 [INFO] main.cpp:378 - ======== 命令队列统计 ========
2026-05-26 10:05:25.890 [INFO] main.cpp:379 -   已提交: 0  已执行: 0  成功: 0  失败: 0
2026-05-26 10:05:25.890 [INFO] main.cpp:384 -   队列大小: 0  平均耗时: 0.0ms
2026-05-26 10:05:26.891 [INFO] main.cpp:352 - ======== 总线统计 ========
2026-05-26 10:05:26.891 [INFO] main.cpp:353 -   总事务数:     80
2026-05-26 10:05:26.891 [INFO] main.cpp:354 -   总错误数:     80
2026-05-26 10:05:26.891 [INFO] main.cpp:355 -   发送字节数:   640
2026-05-26 10:05:26.891 [INFO] main.cpp:356 -   接收字节数:   0
2026-05-26 10:05:26.891 [INFO] main.cpp:357 -   平均延迟:     0.00 ms
2026-05-26 10:05:26.891 [INFO] main.cpp:358 -   最大延迟:     0.00 ms
2026-05-26 10:05:26.891 [INFO] main.cpp:359 -   总线争用次数: 0
2026-05-26 10:05:26.892 [INFO] main.cpp:368 - ======== 轮询统计 ========
2026-05-26 10:05:26.892 [INFO] main.cpp:369 -   任务组数:     20
2026-05-26 10:05:26.892 [INFO] main.cpp:370 -   成功事务:     0
2026-05-26 10:05:26.892 [INFO] main.cpp:371 -   失败事务:     80
2026-05-26 10:05:26.892 [INFO] main.cpp:373 -   成功率:       0.0%
2026-05-26 10:05:26.892 [INFO] main.cpp:378 - ======== 命令队列统计 ========
2026-05-26 10:05:26.892 [INFO] main.cpp:379 -   已提交: 0  已执行: 0  成功: 0  失败: 0
2026-05-26 10:05:26.892 [INFO] main.cpp:384 -   队列大小: 0  平均耗时: 0.0ms
2026-05-26 10:05:27.893 [INFO] main.cpp:352 - ======== 总线统计 ========
2026-05-26 10:05:27.893 [INFO] main.cpp:353 -   总事务数:     100
2026-05-26 10:05:27.893 [INFO] main.cpp:354 -   总错误数:     80
2026-05-26 10:05:27.893 [INFO] main.cpp:355 -   发送字节数:   640
2026-05-26 10:05:27.893 [INFO] main.cpp:356 -   接收字节数:   0
2026-05-26 10:05:27.893 [INFO] main.cpp:357 -   平均延迟:     0.00 ms
2026-05-26 10:05:27.893 [INFO] main.cpp:358 -   最大延迟:     0.00 ms
2026-05-26 10:05:27.893 [INFO] main.cpp:359 -   总线争用次数: 0
2026-05-26 10:05:27.893 [INFO] main.cpp:368 - ======== 轮询统计 ========
2026-05-26 10:05:27.893 [INFO] main.cpp:369 -   任务组数:     20
2026-05-26 10:05:27.893 [INFO] main.cpp:370 -   成功事务:     0
2026-05-26 10:05:27.893 [INFO] main.cpp:371 -   失败事务:     80
2026-05-26 10:05:27.893 [INFO] main.cpp:373 -   成功率:       0.0%
2026-05-26 10:05:27.893 [INFO] main.cpp:378 - ======== 命令队列统计 ========
2026-05-26 10:05:27.893 [INFO] main.cpp:379 -   已提交: 0  已执行: 0  成功: 0  失败: 0
2026-05-26 10:05:27.894 [INFO] main.cpp:384 -   队列大小: 0  平均耗时: 0.0ms
2026-05-26 10:05:28.895 [INFO] main.cpp:352 - ======== 总线统计 ========
2026-05-26 10:05:28.895 [INFO] main.cpp:353 -   总事务数:     100
2026-05-26 10:05:28.895 [INFO] main.cpp:354 -   总错误数:     80
2026-05-26 10:05:28.895 [INFO] main.cpp:355 -   发送字节数:   800
2026-05-26 10:05:28.895 [INFO] main.cpp:356 -   接收字节数:   0
2026-05-26 10:05:28.895 [INFO] main.cpp:357 -   平均延迟:     0.00 ms
2026-05-26 10:05:28.895 [INFO] main.cpp:358 -   最大延迟:     0.00 ms
2026-05-26 10:05:28.895 [INFO] main.cpp:359 -   总线争用次数: 0
2026-05-26 10:05:28.895 [INFO] main.cpp:368 - ======== 轮询统计 ========
2026-05-26 10:05:28.895 [INFO] main.cpp:369 -   任务组数:     20
2026-05-26 10:05:28.895 [INFO] main.cpp:370 -   成功事务:     0
2026-05-26 10:05:28.895 [INFO] main.cpp:371 -   失败事务:     80
2026-05-26 10:05:28.895 [INFO] main.cpp:373 -   成功率:       0.0%
2026-05-26 10:05:28.895 [INFO] main.cpp:378 - ======== 命令队列统计 ========
2026-05-26 10:05:28.895 [INFO] main.cpp:379 -   已提交: 0  已执行: 0  成功: 0  失败: 0
2026-05-26 10:05:28.895 [INFO] main.cpp:384 -   队列大小: 0  平均耗时: 0.0ms
2026-05-26 10:05:29.896 [INFO] main.cpp:352 - ======== 总线统计 ========
2026-05-26 10:05:29.897 [INFO] main.cpp:353 -   总事务数:     100
2026-05-26 10:05:29.897 [INFO] main.cpp:354 -   总错误数:     100
2026-05-26 10:05:29.897 [INFO] main.cpp:355 -   发送字节数:   800
2026-05-26 10:05:29.897 [INFO] main.cpp:356 -   接收字节数:   0
2026-05-26 10:05:29.897 [INFO] main.cpp:357 -   平均延迟:     0.00 ms
2026-05-26 10:05:29.897 [INFO] main.cpp:358 -   最大延迟:     0.00 ms
2026-05-26 10:05:29.897 [INFO] main.cpp:359 -   总线争用次数: 0
2026-05-26 10:05:29.897 [INFO] main.cpp:368 - ======== 轮询统计 ========
2026-05-26 10:05:29.897 [INFO] main.cpp:369 -   任务组数:     20
2026-05-26 10:05:29.897 [INFO] main.cpp:370 -   成功事务:     0
2026-05-26 10:05:29.897 [INFO] main.cpp:371 -   失败事务:     100
2026-05-26 10:05:29.897 [INFO] main.cpp:373 -   成功率:       0.0%
2026-05-26 10:05:29.897 [INFO] main.cpp:378 - ======== 命令队列统计 ========
2026-05-26 10:05:29.897 [INFO] main.cpp:379 -   已提交: 0  已执行: 0  成功: 0  失败: 0
2026-05-26 10:05:29.897 [INFO] main.cpp:384 -   队列大小: 0  平均耗时: 0.0ms
2026-05-26 10:05:30.898 [INFO] main.cpp:352 - ======== 总线统计 ========
2026-05-26 10:05:30.898 [INFO] main.cpp:353 -   总事务数:     100
2026-05-26 10:05:30.898 [INFO] main.cpp:354 -   总错误数:     100
2026-05-26 10:05:30.898 [INFO] main.cpp:355 -   发送字节数:   800
2026-05-26 10:05:30.898 [INFO] main.cpp:356 -   接收字节数:   0
2026-05-26 10:05:30.898 [INFO] main.cpp:357 -   平均延迟:     0.00 ms
2026-05-26 10:05:30.898 [INFO] main.cpp:358 -   最大延迟:     0.00 ms
2026-05-26 10:05:30.898 [INFO] main.cpp:359 -   总线争用次数: 0
2026-05-26 10:05:30.899 [INFO] main.cpp:368 - ======== 轮询统计 ========
2026-05-26 10:05:30.899 [INFO] main.cpp:369 -   任务组数:     20
2026-05-26 10:05:30.899 [INFO] main.cpp:370 -   成功事务:     0
2026-05-26 10:05:30.899 [INFO] main.cpp:371 -   失败事务:     100
2026-05-26 10:05:30.899 [INFO] main.cpp:373 -   成功率:       0.0%
2026-05-26 10:05:30.899 [INFO] main.cpp:378 - ======== 命令队列统计 ========
2026-05-26 10:05:30.899 [INFO] main.cpp:379 -   已提交: 0  已执行: 0  成功: 0  失败: 0
2026-05-26 10:05:30.899 [INFO] main.cpp:384 -   队列大小: 0  平均耗时: 0.0ms
2026-05-26 10:05:31.900 [INFO] main.cpp:352 - ======== 总线统计 ========
2026-05-26 10:05:31.900 [INFO] main.cpp:353 -   总事务数:     100
2026-05-26 10:05:31.900 [INFO] main.cpp:354 -   总错误数:     100
2026-05-26 10:05:31.900 [INFO] main.cpp:355 -   发送字节数:   800
2026-05-26 10:05:31.900 [INFO] main.cpp:356 -   接收字节数:   0
2026-05-26 10:05:31.900 [INFO] main.cpp:357 -   平均延迟:     0.00 ms
2026-05-26 10:05:31.900 [INFO] main.cpp:358 -   最大延迟:     0.00 ms
2026-05-26 10:05:31.900 [INFO] main.cpp:359 -   总线争用次数: 0
2026-05-26 10:05:31.900 [INFO] main.cpp:368 - ======== 轮询统计 ========
2026-05-26 10:05:31.900 [INFO] main.cpp:369 -   任务组数:     20
2026-05-26 10:05:31.900 [INFO] main.cpp:370 -   成功事务:     0
2026-05-26 10:05:31.900 [INFO] main.cpp:371 -   失败事务:     100
2026-05-26 10:05:31.900 [INFO] main.cpp:373 -   成功率:       0.0%
2026-05-26 10:05:31.900 [INFO] main.cpp:378 - ======== 命令队列统计 ========
2026-05-26 10:05:31.900 [INFO] main.cpp:379 -   已提交: 0  已执行: 0  成功: 0  失败: 0
2026-05-26 10:05:31.901 [INFO] main.cpp:384 -   队列大小: 0  平均耗时: 0.0ms
2026-05-26 10:05:32.901 [INFO] main.cpp:352 - ======== 总线统计 ========
2026-05-26 10:05:32.901 [INFO] main.cpp:353 -   总事务数:     120
2026-05-26 10:05:32.901 [INFO] main.cpp:354 -   总错误数:     100
2026-05-26 10:05:32.901 [INFO] main.cpp:355 -   发送字节数:   800
2026-05-26 10:05:32.901 [INFO] main.cpp:356 -   接收字节数:   0
2026-05-26 10:05:32.901 [INFO] main.cpp:357 -   平均延迟:     0.00 ms
2026-05-26 10:05:32.902 [INFO] main.cpp:358 -   最大延迟:     0.00 ms
2026-05-26 10:05:32.902 [INFO] main.cpp:359 -   总线争用次数: 0
2026-05-26 10:05:32.902 [INFO] main.cpp:368 - ======== 轮询统计 ========
2026-05-26 10:05:32.902 [INFO] main.cpp:369 -   任务组数:     20
2026-05-26 10:05:32.902 [INFO] main.cpp:370 -   成功事务:     0
2026-05-26 10:05:32.902 [INFO] main.cpp:371 -   失败事务:     100
2026-05-26 10:05:32.902 [INFO] main.cpp:373 -   成功率:       0.0%
2026-05-26 10:05:32.902 [INFO] main.cpp:378 - ======== 命令队列统计 ========
2026-05-26 10:05:32.902 [INFO] main.cpp:379 -   已提交: 0  已执行: 0  成功: 0  失败: 0
2026-05-26 10:05:32.902 [INFO] main.cpp:384 -   队列大小: 0  平均耗时: 0.0ms
2026-05-26 10:05:33.903 [INFO] main.cpp:352 - ======== 总线统计 ========
2026-05-26 10:05:33.903 [INFO] main.cpp:353 -   总事务数:     120
2026-05-26 10:05:33.903 [INFO] main.cpp:354 -   总错误数:     100
2026-05-26 10:05:33.903 [INFO] main.cpp:355 -   发送字节数:   960
2026-05-26 10:05:33.903 [INFO] main.cpp:356 -   接收字节数:   0
2026-05-26 10:05:33.903 [INFO] main.cpp:357 -   平均延迟:     0.00 ms
2026-05-26 10:05:33.903 [INFO] main.cpp:358 -   最大延迟:     0.00 ms
2026-05-26 10:05:33.903 [INFO] main.cpp:359 -   总线争用次数: 0
2026-05-26 10:05:33.903 [INFO] main.cpp:368 - ======== 轮询统计 ========
2026-05-26 10:05:33.903 [INFO] main.cpp:369 -   任务组数:     20
2026-05-26 10:05:33.903 [INFO] main.cpp:370 -   成功事务:     0
2026-05-26 10:05:33.903 [INFO] main.cpp:371 -   失败事务:     100
2026-05-26 10:05:33.904 [INFO] main.cpp:373 -   成功率:       0.0%
2026-05-26 10:05:33.904 [INFO] main.cpp:378 - ======== 命令队列统计 ========
2026-05-26 10:05:33.904 [INFO] main.cpp:379 -   已提交: 0  已执行: 0  成功: 0  失败: 0
2026-05-26 10:05:33.904 [INFO] main.cpp:384 -   队列大小: 0  平均耗时: 0.0ms
2026-05-26 10:05:34.905 [INFO] main.cpp:352 - ======== 总线统计 ========
2026-05-26 10:05:34.905 [INFO] main.cpp:353 -   总事务数:     120
2026-05-26 10:05:34.905 [INFO] main.cpp:354 -   总错误数:     120
2026-05-26 10:05:34.905 [INFO] main.cpp:355 -   发送字节数:   960
2026-05-26 10:05:34.905 [INFO] main.cpp:356 -   接收字节数:   0
2026-05-26 10:05:34.905 [INFO] main.cpp:357 -   平均延迟:     0.00 ms
2026-05-26 10:05:34.905 [INFO] main.cpp:358 -   最大延迟:     0.00 ms
2026-05-26 10:05:34.905 [INFO] main.cpp:359 -   总线争用次数: 0
2026-05-26 10:05:34.905 [INFO] main.cpp:368 - ======== 轮询统计 ========
2026-05-26 10:05:34.905 [INFO] main.cpp:369 -   任务组数:     20
2026-05-26 10:05:34.905 [INFO] main.cpp:370 -   成功事务:     0
2026-05-26 10:05:34.905 [INFO] main.cpp:371 -   失败事务:     120
2026-05-26 10:05:34.905 [INFO] main.cpp:373 -   成功率:       0.0%
2026-05-26 10:05:34.905 [INFO] main.cpp:378 - ======== 命令队列统计 ========
2026-05-26 10:05:34.905 [INFO] main.cpp:379 -   已提交: 0  已执行: 0  成功: 0  失败: 0
2026-05-26 10:05:34.905 [INFO] main.cpp:384 -   队列大小: 0  平均耗时: 0.0ms
2026-05-26 10:05:35.906 [INFO] main.cpp:352 - ======== 总线统计 ========
2026-05-26 10:05:35.906 [INFO] main.cpp:353 -   总事务数:     120
2026-05-26 10:05:35.906 [INFO] main.cpp:354 -   总错误数:     120
2026-05-26 10:05:35.906 [INFO] main.cpp:355 -   发送字节数:   960
2026-05-26 10:05:35.906 [INFO] main.cpp:356 -   接收字节数:   0
2026-05-26 10:05:35.906 [INFO] main.cpp:357 -   平均延迟:     0.00 ms
2026-05-26 10:05:35.907 [INFO] main.cpp:358 -   最大延迟:     0.00 ms
2026-05-26 10:05:35.907 [INFO] main.cpp:359 -   总线争用次数: 0
2026-05-26 10:05:35.907 [INFO] main.cpp:368 - ======== 轮询统计 ========
2026-05-26 10:05:35.907 [INFO] main.cpp:369 -   任务组数:     20
2026-05-26 10:05:35.907 [INFO] main.cpp:370 -   成功事务:     0
2026-05-26 10:05:35.907 [INFO] main.cpp:371 -   失败事务:     120
2026-05-26 10:05:35.907 [INFO] main.cpp:373 -   成功率:       0.0%
2026-05-26 10:05:35.907 [INFO] main.cpp:378 - ======== 命令队列统计 ========
2026-05-26 10:05:35.907 [INFO] main.cpp:379 -   已提交: 0  已执行: 0  成功: 0  失败: 0
2026-05-26 10:05:35.907 [INFO] main.cpp:384 -   队列大小: 0  平均耗时: 0.0ms
2026-05-26 10:05:36.908 [INFO] main.cpp:352 - ======== 总线统计 ========
2026-05-26 10:05:36.908 [INFO] main.cpp:353 -   总事务数:     120
2026-05-26 10:05:36.908 [INFO] main.cpp:354 -   总错误数:     120
2026-05-26 10:05:36.908 [INFO] main.cpp:355 -   发送字节数:   960
2026-05-26 10:05:36.908 [INFO] main.cpp:356 -   接收字节数:   0
2026-05-26 10:05:36.908 [INFO] main.cpp:357 -   平均延迟:     0.00 ms
2026-05-26 10:05:36.908 [INFO] main.cpp:358 -   最大延迟:     0.00 ms
2026-05-26 10:05:36.908 [INFO] main.cpp:359 -   总线争用次数: 0
2026-05-26 10:05:36.908 [INFO] main.cpp:368 - ======== 轮询统计 ========
2026-05-26 10:05:36.908 [INFO] main.cpp:369 -   任务组数:     20
2026-05-26 10:05:36.909 [INFO] main.cpp:370 -   成功事务:     0
2026-05-26 10:05:36.909 [INFO] main.cpp:371 -   失败事务:     120
2026-05-26 10:05:36.909 [INFO] main.cpp:373 -   成功率:       0.0%
2026-05-26 10:05:36.909 [INFO] main.cpp:378 - ======== 命令队列统计 ========
2026-05-26 10:05:36.909 [INFO] main.cpp:379 -   已提交: 0  已执行: 0  成功: 0  失败: 0
2026-05-26 10:05:36.909 [INFO] main.cpp:384 -   队列大小: 0  平均耗时: 0.0ms
2026-05-26 10:05:37.910 [INFO] main.cpp:352 - ======== 总线统计 ========
2026-05-26 10:05:37.910 [INFO] main.cpp:353 -   总事务数:     140
2026-05-26 10:05:37.910 [INFO] main.cpp:354 -   总错误数:     120
2026-05-26 10:05:37.910 [INFO] main.cpp:355 -   发送字节数:   960
2026-05-26 10:05:37.910 [INFO] main.cpp:356 -   接收字节数:   0
2026-05-26 10:05:37.910 [INFO] main.cpp:357 -   平均延迟:     0.00 ms
2026-05-26 10:05:37.910 [INFO] main.cpp:358 -   最大延迟:     0.00 ms
2026-05-26 10:05:37.910 [INFO] main.cpp:359 -   总线争用次数: 0
2026-05-26 10:05:37.910 [INFO] main.cpp:368 - ======== 轮询统计 ========
2026-05-26 10:05:37.910 [INFO] main.cpp:369 -   任务组数:     20
2026-05-26 10:05:37.910 [INFO] main.cpp:370 -   成功事务:     0
2026-05-26 10:05:37.910 [INFO] main.cpp:371 -   失败事务:     120
2026-05-26 10:05:37.910 [INFO] main.cpp:373 -   成功率:       0.0%
2026-05-26 10:05:37.910 [INFO] main.cpp:378 - ======== 命令队列统计 ========
2026-05-26 10:05:37.910 [INFO] main.cpp:379 -   已提交: 0  已执行: 0  成功: 0  失败: 0
2026-05-26 10:05:37.910 [INFO] main.cpp:384 -   队列大小: 0  平均耗时: 0.0ms
2026-05-26 10:05:38.911 [INFO] main.cpp:352 - ======== 总线统计 ========
2026-05-26 10:05:38.912 [INFO] main.cpp:353 -   总事务数:     140
2026-05-26 10:05:38.912 [INFO] main.cpp:354 -   总错误数:     120
2026-05-26 10:05:38.912 [INFO] main.cpp:355 -   发送字节数:   1120
2026-05-26 10:05:38.912 [INFO] main.cpp:356 -   接收字节数:   0
2026-05-26 10:05:38.912 [INFO] main.cpp:357 -   平均延迟:     0.00 ms
2026-05-26 10:05:38.912 [INFO] main.cpp:358 -   最大延迟:     0.00 ms
2026-05-26 10:05:38.912 [INFO] main.cpp:359 -   总线争用次数: 0
2026-05-26 10:05:38.912 [INFO] main.cpp:368 - ======== 轮询统计 ========
2026-05-26 10:05:38.912 [INFO] main.cpp:369 -   任务组数:     20
2026-05-26 10:05:38.912 [INFO] main.cpp:370 -   成功事务:     0
2026-05-26 10:05:38.912 [INFO] main.cpp:371 -   失败事务:     120
2026-05-26 10:05:38.912 [INFO] main.cpp:373 -   成功率:       0.0%
2026-05-26 10:05:38.912 [INFO] main.cpp:378 - ======== 命令队列统计 ========
2026-05-26 10:05:38.912 [INFO] main.cpp:379 -   已提交: 0  已执行: 0  成功: 0  失败: 0
2026-05-26 10:05:38.912 [INFO] main.cpp:384 -   队列大小: 0  平均耗时: 0.0ms
2026-05-26 10:05:39.913 [INFO] main.cpp:352 - ======== 总线统计 ========
2026-05-26 10:05:39.913 [INFO] main.cpp:353 -   总事务数:     140
2026-05-26 10:05:39.913 [INFO] main.cpp:354 -   总错误数:     140
2026-05-26 10:05:39.913 [INFO] main.cpp:355 -   发送字节数:   1120
2026-05-26 10:05:39.913 [INFO] main.cpp:356 -   接收字节数:   0
2026-05-26 10:05:39.913 [INFO] main.cpp:357 -   平均延迟:     0.00 ms
2026-05-26 10:05:39.913 [INFO] main.cpp:358 -   最大延迟:     0.00 ms
2026-05-26 10:05:39.913 [INFO] main.cpp:359 -   总线争用次数: 0
2026-05-26 10:05:39.914 [INFO] main.cpp:368 - ======== 轮询统计 ========
2026-05-26 10:05:39.914 [INFO] main.cpp:369 -   任务组数:     20
2026-05-26 10:05:39.914 [INFO] main.cpp:370 -   成功事务:     0
2026-05-26 10:05:39.914 [INFO] main.cpp:371 -   失败事务:     140
2026-05-26 10:05:39.914 [INFO] main.cpp:373 -   成功率:       0.0%
2026-05-26 10:05:39.914 [INFO] main.cpp:378 - ======== 命令队列统计 ========
2026-05-26 10:05:39.914 [INFO] main.cpp:379 -   已提交: 0  已执行: 0  成功: 0  失败: 0
2026-05-26 10:05:39.914 [INFO] main.cpp:384 -   队列大小: 0  平均耗时: 0.0ms
2026-05-26 10:05:40.915 [INFO] main.cpp:352 - ======== 总线统计 ========
2026-05-26 10:05:40.915 [INFO] main.cpp:353 -   总事务数:     140
2026-05-26 10:05:40.915 [INFO] main.cpp:354 -   总错误数:     140
2026-05-26 10:05:40.915 [INFO] main.cpp:355 -   发送字节数:   1120
2026-05-26 10:05:40.915 [INFO] main.cpp:356 -   接收字节数:   0
2026-05-26 10:05:40.915 [INFO] main.cpp:357 -   平均延迟:     0.00 ms
2026-05-26 10:05:40.915 [INFO] main.cpp:358 -   最大延迟:     0.00 ms
2026-05-26 10:05:40.915 [INFO] main.cpp:359 -   总线争用次数: 0
2026-05-26 10:05:40.915 [INFO] main.cpp:368 - ======== 轮询统计 ========
2026-05-26 10:05:40.915 [INFO] main.cpp:369 -   任务组数:     20
2026-05-26 10:05:40.915 [INFO] main.cpp:370 -   成功事务:     0
2026-05-26 10:05:40.915 [INFO] main.cpp:371 -   失败事务:     140
2026-05-26 10:05:40.915 [INFO] main.cpp:373 -   成功率:       0.0%
2026-05-26 10:05:40.915 [INFO] main.cpp:378 - ======== 命令队列统计 ========
2026-05-26 10:05:40.916 [INFO] main.cpp:379 -   已提交: 0  已执行: 0  成功: 0  失败: 0
2026-05-26 10:05:40.916 [INFO] main.cpp:384 -   队列大小: 0  平均耗时: 0.0ms
2026-05-26 10:05:41.917 [INFO] main.cpp:352 - ======== 总线统计 ========
2026-05-26 10:05:41.917 [INFO] main.cpp:353 -   总事务数:     140
2026-05-26 10:05:41.917 [INFO] main.cpp:354 -   总错误数:     140
2026-05-26 10:05:41.917 [INFO] main.cpp:355 -   发送字节数:   1120
2026-05-26 10:05:41.917 [INFO] main.cpp:356 -   接收字节数:   0
2026-05-26 10:05:41.917 [INFO] main.cpp:357 -   平均延迟:     0.00 ms
2026-05-26 10:05:41.917 [INFO] main.cpp:358 -   最大延迟:     0.00 ms
2026-05-26 10:05:41.917 [INFO] main.cpp:359 -   总线争用次数: 0
2026-05-26 10:05:41.917 [INFO] main.cpp:368 - ======== 轮询统计 ========
2026-05-26 10:05:41.917 [INFO] main.cpp:369 -   任务组数:     20
2026-05-26 10:05:41.917 [INFO] main.cpp:370 -   成功事务:     0
2026-05-26 10:05:41.917 [INFO] main.cpp:371 -   失败事务:     140
2026-05-26 10:05:41.917 [INFO] main.cpp:373 -   成功率:       0.0%
2026-05-26 10:05:41.917 [INFO] main.cpp:378 - ======== 命令队列统计 ========
2026-05-26 10:05:41.917 [INFO] main.cpp:379 -   已提交: 0  已执行: 0  成功: 0  失败: 0
2026-05-26 10:05:41.917 [INFO] main.cpp:384 -   队列大小: 0  平均耗时: 0.0ms
2026-05-26 10:05:42.918 [INFO] main.cpp:352 - ======== 总线统计 ========
2026-05-26 10:05:42.918 [INFO] main.cpp:353 -   总事务数:     160
2026-05-26 10:05:42.918 [INFO] main.cpp:354 -   总错误数:     140
2026-05-26 10:05:42.918 [INFO] main.cpp:355 -   发送字节数:   1120
2026-05-26 10:05:42.918 [INFO] main.cpp:356 -   接收字节数:   0
2026-05-26 10:05:42.918 [INFO] main.cpp:357 -   平均延迟:     0.00 ms
2026-05-26 10:05:42.918 [INFO] main.cpp:358 -   最大延迟:     0.00 ms
2026-05-26 10:05:42.918 [INFO] main.cpp:359 -   总线争用次数: 0
2026-05-26 10:05:42.918 [INFO] main.cpp:368 - ======== 轮询统计 ========
2026-05-26 10:05:42.918 [INFO] main.cpp:369 -   任务组数:     20
2026-05-26 10:05:42.918 [INFO] main.cpp:370 -   成功事务:     0
2026-05-26 10:05:42.918 [INFO] main.cpp:371 -   失败事务:     140
2026-05-26 10:05:42.919 [INFO] main.cpp:373 -   成功率:       0.0%
2026-05-26 10:05:42.919 [INFO] main.cpp:378 - ======== 命令队列统计 ========
2026-05-26 10:05:42.919 [INFO] main.cpp:379 -   已提交: 0  已执行: 0  成功: 0  失败: 0
2026-05-26 10:05:42.919 [INFO] main.cpp:384 -   队列大小: 0  平均耗时: 0.0ms
2026-05-26 10:05:43.920 [INFO] main.cpp:352 - ======== 总线统计 ========
2026-05-26 10:05:43.920 [INFO] main.cpp:353 -   总事务数:     160
2026-05-26 10:05:43.920 [INFO] main.cpp:354 -   总错误数:     140
2026-05-26 10:05:43.920 [INFO] main.cpp:355 -   发送字节数:   1280
2026-05-26 10:05:43.920 [INFO] main.cpp:356 -   接收字节数:   0
2026-05-26 10:05:43.920 [INFO] main.cpp:357 -   平均延迟:     0.00 ms
2026-05-26 10:05:43.920 [INFO] main.cpp:358 -   最大延迟:     0.00 ms
2026-05-26 10:05:43.920 [INFO] main.cpp:359 -   总线争用次数: 0
2026-05-26 10:05:43.920 [INFO] main.cpp:368 - ======== 轮询统计 ========
2026-05-26 10:05:43.920 [INFO] main.cpp:369 -   任务组数:     20
2026-05-26 10:05:43.920 [INFO] main.cpp:370 -   成功事务:     0
2026-05-26 10:05:43.920 [INFO] main.cpp:371 -   失败事务:     140
2026-05-26 10:05:43.920 [INFO] main.cpp:373 -   成功率:       0.0%
2026-05-26 10:05:43.920 [INFO] main.cpp:378 - ======== 命令队列统计 ========
2026-05-26 10:05:43.920 [INFO] main.cpp:379 -   已提交: 0  已执行: 0  成功: 0  失败: 0
2026-05-26 10:05:43.920 [INFO] main.cpp:384 -   队列大小: 0  平均耗时: 0.0ms
2026-05-26 10:05:44.921 [INFO] main.cpp:352 - ======== 总线统计 ========
2026-05-26 10:05:44.922 [INFO] main.cpp:353 -   总事务数:     160
2026-05-26 10:05:44.922 [INFO] main.cpp:354 -   总错误数:     160
2026-05-26 10:05:44.922 [INFO] main.cpp:355 -   发送字节数:   1280
2026-05-26 10:05:44.922 [INFO] main.cpp:356 -   接收字节数:   0
2026-05-26 10:05:44.922 [INFO] main.cpp:357 -   平均延迟:     0.00 ms
2026-05-26 10:05:44.922 [INFO] main.cpp:358 -   最大延迟:     0.00 ms
2026-05-26 10:05:44.922 [INFO] main.cpp:359 -   总线争用次数: 0
2026-05-26 10:05:44.922 [INFO] main.cpp:368 - ======== 轮询统计 ========
2026-05-26 10:05:44.922 [INFO] main.cpp:369 -   任务组数:     20
2026-05-26 10:05:44.922 [INFO] main.cpp:370 -   成功事务:     0
2026-05-26 10:05:44.922 [INFO] main.cpp:371 -   失败事务:     160
2026-05-26 10:05:44.922 [INFO] main.cpp:373 -   成功率:       0.0%
2026-05-26 10:05:44.922 [INFO] main.cpp:378 - ======== 命令队列统计 ========
2026-05-26 10:05:44.922 [INFO] main.cpp:379 -   已提交: 0  已执行: 0  成功: 0  失败: 0
2026-05-26 10:05:44.922 [INFO] main.cpp:384 -   队列大小: 0  平均耗时: 0.0ms
2026-05-26 10:05:45.923 [INFO] main.cpp:352 - ======== 总线统计 ========
2026-05-26 10:05:45.923 [INFO] main.cpp:353 -   总事务数:     160
2026-05-26 10:05:45.923 [INFO] main.cpp:354 -   总错误数:     160
2026-05-26 10:05:45.923 [INFO] main.cpp:355 -   发送字节数:   1280
2026-05-26 10:05:45.924 [INFO] main.cpp:356 -   接收字节数:   0
2026-05-26 10:05:45.924 [INFO] main.cpp:357 -   平均延迟:     0.00 ms
2026-05-26 10:05:45.924 [INFO] main.cpp:358 -   最大延迟:     0.00 ms
2026-05-26 10:05:45.924 [INFO] main.cpp:359 -   总线争用次数: 0
2026-05-26 10:05:45.924 [INFO] main.cpp:368 - ======== 轮询统计 ========
2026-05-26 10:05:45.924 [INFO] main.cpp:369 -   任务组数:     20
2026-05-26 10:05:45.924 [INFO] main.cpp:370 -   成功事务:     0
2026-05-26 10:05:45.924 [INFO] main.cpp:371 -   失败事务:     160
2026-05-26 10:05:45.924 [INFO] main.cpp:373 -   成功率:       0.0%
2026-05-26 10:05:45.924 [INFO] main.cpp:378 - ======== 命令队列统计 ========
2026-05-26 10:05:45.924 [INFO] main.cpp:379 -   已提交: 0  已执行: 0  成功: 0  失败: 0
2026-05-26 10:05:45.924 [INFO] main.cpp:384 -   队列大小: 0  平均耗时: 0.0ms
2026-05-26 10:05:46.925 [INFO] main.cpp:352 - ======== 总线统计 ========
2026-05-26 10:05:46.925 [INFO] main.cpp:353 -   总事务数:     160
2026-05-26 10:05:46.925 [INFO] main.cpp:354 -   总错误数:     160
2026-05-26 10:05:46.925 [INFO] main.cpp:355 -   发送字节数:   1280
2026-05-26 10:05:46.925 [INFO] main.cpp:356 -   接收字节数:   0
2026-05-26 10:05:46.925 [INFO] main.cpp:357 -   平均延迟:     0.00 ms
2026-05-26 10:05:46.925 [INFO] main.cpp:358 -   最大延迟:     0.00 ms
2026-05-26 10:05:46.925 [INFO] main.cpp:359 -   总线争用次数: 0
2026-05-26 10:05:46.925 [INFO] main.cpp:368 - ======== 轮询统计 ========
2026-05-26 10:05:46.925 [INFO] main.cpp:369 -   任务组数:     20
2026-05-26 10:05:46.926 [INFO] main.cpp:370 -   成功事务:     0
2026-05-26 10:05:46.926 [INFO] main.cpp:371 -   失败事务:     160
2026-05-26 10:05:46.926 [INFO] main.cpp:373 -   成功率:       0.0%
2026-05-26 10:05:46.926 [INFO] main.cpp:378 - ======== 命令队列统计 ========
2026-05-26 10:05:46.926 [INFO] main.cpp:379 -   已提交: 0  已执行: 0  成功: 0  失败: 0
2026-05-26 10:05:46.926 [INFO] main.cpp:384 -   队列大小: 0  平均耗时: 0.0ms
2026-05-26 10:05:47.927 [INFO] main.cpp:352 - ======== 总线统计 ========
2026-05-26 10:05:47.927 [INFO] main.cpp:353 -   总事务数:     180
2026-05-26 10:05:47.927 [INFO] main.cpp:354 -   总错误数:     160
2026-05-26 10:05:47.927 [INFO] main.cpp:355 -   发送字节数:   1280
2026-05-26 10:05:47.927 [INFO] main.cpp:356 -   接收字节数:   0
2026-05-26 10:05:47.927 [INFO] main.cpp:357 -   平均延迟:     0.00 ms
2026-05-26 10:05:47.927 [INFO] main.cpp:358 -   最大延迟:     0.00 ms
2026-05-26 10:05:47.927 [INFO] main.cpp:359 -   总线争用次数: 0
2026-05-26 10:05:47.927 [INFO] main.cpp:368 - ======== 轮询统计 ========
2026-05-26 10:05:47.927 [INFO] main.cpp:369 -   任务组数:     20
2026-05-26 10:05:47.927 [INFO] main.cpp:370 -   成功事务:     0
2026-05-26 10:05:47.927 [INFO] main.cpp:371 -   失败事务:     160
2026-05-26 10:05:47.927 [INFO] main.cpp:373 -   成功率:       0.0%
2026-05-26 10:05:47.927 [INFO] main.cpp:378 - ======== 命令队列统计 ========
2026-05-26 10:05:47.927 [INFO] main.cpp:379 -   已提交: 0  已执行: 0  成功: 0  失败: 0
2026-05-26 10:05:47.927 [INFO] main.cpp:384 -   队列大小: 0  平均耗时: 0.0ms
2026-05-26 10:05:48.929 [INFO] main.cpp:352 - ======== 总线统计 ========
2026-05-26 10:05:48.929 [INFO] main.cpp:353 -   总事务数:     180
2026-05-26 10:05:48.929 [INFO] main.cpp:354 -   总错误数:     160
2026-05-26 10:05:48.929 [INFO] main.cpp:355 -   发送字节数:   1440
2026-05-26 10:05:48.929 [INFO] main.cpp:356 -   接收字节数:   0
2026-05-26 10:05:48.929 [INFO] main.cpp:357 -   平均延迟:     0.00 ms
2026-05-26 10:05:48.929 [INFO] main.cpp:358 -   最大延迟:     0.00 ms
2026-05-26 10:05:48.929 [INFO] main.cpp:359 -   总线争用次数: 0
2026-05-26 10:05:48.929 [INFO] main.cpp:368 - ======== 轮询统计 ========
2026-05-26 10:05:48.929 [INFO] main.cpp:369 -   任务组数:     20
2026-05-26 10:05:48.929 [INFO] main.cpp:370 -   成功事务:     0
2026-05-26 10:05:48.929 [INFO] main.cpp:371 -   失败事务:     160
2026-05-26 10:05:48.929 [INFO] main.cpp:373 -   成功率:       0.0%
2026-05-26 10:05:48.929 [INFO] main.cpp:378 - ======== 命令队列统计 ========
2026-05-26 10:05:48.929 [INFO] main.cpp:379 -   已提交: 0  已执行: 0  成功: 0  失败: 0
2026-05-26 10:05:48.929 [INFO] main.cpp:384 -   队列大小: 0  平均耗时: 0.0ms
2026-05-26 10:05:49.929 [INFO] main.cpp:352 - ======== 总线统计 ========
2026-05-26 10:05:49.929 [INFO] main.cpp:353 -   总事务数:     180
2026-05-26 10:05:49.930 [INFO] main.cpp:354 -   总错误数:     180
2026-05-26 10:05:49.930 [INFO] main.cpp:355 -   发送字节数:   1440
2026-05-26 10:05:49.930 [INFO] main.cpp:356 -   接收字节数:   0
2026-05-26 10:05:49.930 [INFO] main.cpp:357 -   平均延迟:     0.00 ms
2026-05-26 10:05:49.930 [INFO] main.cpp:358 -   最大延迟:     0.00 ms
2026-05-26 10:05:49.930 [INFO] main.cpp:359 -   总线争用次数: 0
2026-05-26 10:05:49.930 [INFO] main.cpp:368 - ======== 轮询统计 ========
2026-05-26 10:05:49.930 [INFO] main.cpp:369 -   任务组数:     20
2026-05-26 10:05:49.930 [INFO] main.cpp:370 -   成功事务:     0
2026-05-26 10:05:49.930 [INFO] main.cpp:371 -   失败事务:     180
2026-05-26 10:05:49.930 [INFO] main.cpp:373 -   成功率:       0.0%
2026-05-26 10:05:49.930 [INFO] main.cpp:378 - ======== 命令队列统计 ========
2026-05-26 10:05:49.930 [INFO] main.cpp:379 -   已提交: 0  已执行: 0  成功: 0  失败: 0
2026-05-26 10:05:49.930 [INFO] main.cpp:384 -   队列大小: 0  平均耗时: 0.0ms
2026-05-26 10:05:50.931 [INFO] main.cpp:352 - ======== 总线统计 ========
2026-05-26 10:05:50.931 [INFO] main.cpp:353 -   总事务数:     180
2026-05-26 10:05:50.931 [INFO] main.cpp:354 -   总错误数:     180
2026-05-26 10:05:50.931 [INFO] main.cpp:355 -   发送字节数:   1440
2026-05-26 10:05:50.931 [INFO] main.cpp:356 -   接收字节数:   0
2026-05-26 10:05:50.931 [INFO] main.cpp:357 -   平均延迟:     0.00 ms
2026-05-26 10:05:50.931 [INFO] main.cpp:358 -   最大延迟:     0.00 ms
2026-05-26 10:05:50.931 [INFO] main.cpp:359 -   总线争用次数: 0
2026-05-26 10:05:50.932 [INFO] main.cpp:368 - ======== 轮询统计 ========
2026-05-26 10:05:50.932 [INFO] main.cpp:369 -   任务组数:     20
2026-05-26 10:05:50.932 [INFO] main.cpp:370 -   成功事务:     0
2026-05-26 10:05:50.932 [INFO] main.cpp:371 -   失败事务:     180
2026-05-26 10:05:50.932 [INFO] main.cpp:373 -   成功率:       0.0%
2026-05-26 10:05:50.932 [INFO] main.cpp:378 - ======== 命令队列统计 ========
2026-05-26 10:05:50.932 [INFO] main.cpp:379 -   已提交: 0  已执行: 0  成功: 0  失败: 0
2026-05-26 10:05:50.932 [INFO] main.cpp:384 -   队列大小: 0  平均耗时: 0.0ms
2026-05-26 10:05:51.933 [INFO] main.cpp:352 - ======== 总线统计 ========
2026-05-26 10:05:51.933 [INFO] main.cpp:353 -   总事务数:     180
2026-05-26 10:05:51.933 [INFO] main.cpp:354 -   总错误数:     180
2026-05-26 10:05:51.933 [INFO] main.cpp:355 -   发送字节数:   1440
2026-05-26 10:05:51.933 [INFO] main.cpp:356 -   接收字节数:   0
2026-05-26 10:05:51.933 [INFO] main.cpp:357 -   平均延迟:     0.00 ms
2026-05-26 10:05:51.933 [INFO] main.cpp:358 -   最大延迟:     0.00 ms
2026-05-26 10:05:51.933 [INFO] main.cpp:359 -   总线争用次数: 0
2026-05-26 10:05:51.933 [INFO] main.cpp:368 - ======== 轮询统计 ========
2026-05-26 10:05:51.933 [INFO] main.cpp:369 -   任务组数:     20
2026-05-26 10:05:51.933 [INFO] main.cpp:370 -   成功事务:     0
2026-05-26 10:05:51.933 [INFO] main.cpp:371 -   失败事务:     180
2026-05-26 10:05:51.933 [INFO] main.cpp:373 -   成功率:       0.0%
2026-05-26 10:05:51.933 [INFO] main.cpp:378 - ======== 命令队列统计 ========
2026-05-26 10:05:51.933 [INFO] main.cpp:379 -   已提交: 0  已执行: 0  成功: 0  失败: 0
2026-05-26 10:05:51.933 [INFO] main.cpp:384 -   队列大小: 0  平均耗时: 0.0ms
2026-05-26 10:05:52.934 [INFO] main.cpp:352 - ======== 总线统计 ========
2026-05-26 10:05:52.934 [INFO] main.cpp:353 -   总事务数:     200
2026-05-26 10:05:52.934 [INFO] main.cpp:354 -   总错误数:     180
2026-05-26 10:05:52.934 [INFO] main.cpp:355 -   发送字节数:   1440
2026-05-26 10:05:52.934 [INFO] main.cpp:356 -   接收字节数:   0
2026-05-26 10:05:52.934 [INFO] main.cpp:357 -   平均延迟:     0.00 ms
2026-05-26 10:05:52.935 [INFO] main.cpp:358 -   最大延迟:     0.00 ms
2026-05-26 10:05:52.935 [INFO] main.cpp:359 -   总线争用次数: 0
2026-05-26 10:05:52.935 [INFO] main.cpp:368 - ======== 轮询统计 ========
2026-05-26 10:05:52.935 [INFO] main.cpp:369 -   任务组数:     20
2026-05-26 10:05:52.935 [INFO] main.cpp:370 -   成功事务:     0
2026-05-26 10:05:52.935 [INFO] main.cpp:371 -   失败事务:     180
2026-05-26 10:05:52.935 [INFO] main.cpp:373 -   成功率:       0.0%
2026-05-26 10:05:52.935 [INFO] main.cpp:378 - ======== 命令队列统计 ========
2026-05-26 10:05:52.935 [INFO] main.cpp:379 -   已提交: 0  已执行: 0  成功: 0  失败: 0
2026-05-26 10:05:52.935 [INFO] main.cpp:384 -   队列大小: 0  平均耗时: 0.0ms
2026-05-26 10:05:53.935 [INFO] main.cpp:352 - ======== 总线统计 ========
2026-05-26 10:05:53.935 [INFO] main.cpp:353 -   总事务数:     200
2026-05-26 10:05:53.935 [INFO] main.cpp:354 -   总错误数:     180
2026-05-26 10:05:53.935 [INFO] main.cpp:355 -   发送字节数:   1600
2026-05-26 10:05:53.935 [INFO] main.cpp:356 -   接收字节数:   0
2026-05-26 10:05:53.935 [INFO] main.cpp:357 -   平均延迟:     0.00 ms
2026-05-26 10:05:53.936 [INFO] main.cpp:358 -   最大延迟:     0.00 ms
2026-05-26 10:05:53.936 [INFO] main.cpp:359 -   总线争用次数: 0
2026-05-26 10:05:53.936 [INFO] main.cpp:368 - ======== 轮询统计 ========
2026-05-26 10:05:53.936 [INFO] main.cpp:369 -   任务组数:     20
2026-05-26 10:05:53.936 [INFO] main.cpp:370 -   成功事务:     0
2026-05-26 10:05:53.936 [INFO] main.cpp:371 -   失败事务:     180
2026-05-26 10:05:53.936 [INFO] main.cpp:373 -   成功率:       0.0%
2026-05-26 10:05:53.936 [INFO] main.cpp:378 - ======== 命令队列统计 ========
2026-05-26 10:05:53.936 [INFO] main.cpp:379 -   已提交: 0  已执行: 0  成功: 0  失败: 0
2026-05-26 10:05:53.936 [INFO] main.cpp:384 -   队列大小: 0  平均耗时: 0.0ms
2026-05-26 10:05:54.937 [INFO] main.cpp:352 - ======== 总线统计 ========
2026-05-26 10:05:54.937 [INFO] main.cpp:353 -   总事务数:     200
2026-05-26 10:05:54.937 [INFO] main.cpp:354 -   总错误数:     200
2026-05-26 10:05:54.937 [INFO] main.cpp:355 -   发送字节数:   1600
2026-05-26 10:05:54.937 [INFO] main.cpp:356 -   接收字节数:   0
2026-05-26 10:05:54.937 [INFO] main.cpp:357 -   平均延迟:     0.00 ms
2026-05-26 10:05:54.937 [INFO] main.cpp:358 -   最大延迟:     0.00 ms
2026-05-26 10:05:54.937 [INFO] main.cpp:359 -   总线争用次数: 0
2026-05-26 10:05:54.937 [INFO] main.cpp:368 - ======== 轮询统计 ========
2026-05-26 10:05:54.938 [INFO] main.cpp:369 -   任务组数:     20
2026-05-26 10:05:54.938 [INFO] main.cpp:370 -   成功事务:     0
2026-05-26 10:05:54.938 [INFO] main.cpp:371 -   失败事务:     200
2026-05-26 10:05:54.938 [INFO] main.cpp:373 -   成功率:       0.0%
2026-05-26 10:05:54.938 [INFO] main.cpp:378 - ======== 命令队列统计 ========
2026-05-26 10:05:54.938 [INFO] main.cpp:379 -   已提交: 0  已执行: 0  成功: 0  失败: 0
2026-05-26 10:05:54.938 [INFO] main.cpp:384 -   队列大小: 0  平均耗时: 0.0ms
2026-05-26 10:05:55.939 [INFO] main.cpp:352 - ======== 总线统计 ========
2026-05-26 10:05:55.939 [INFO] main.cpp:353 -   总事务数:     200
2026-05-26 10:05:55.939 [INFO] main.cpp:354 -   总错误数:     200
2026-05-26 10:05:55.939 [INFO] main.cpp:355 -   发送字节数:   1600
2026-05-26 10:05:55.939 [INFO] main.cpp:356 -   接收字节数:   0
2026-05-26 10:05:55.939 [INFO] main.cpp:357 -   平均延迟:     0.00 ms
2026-05-26 10:05:55.939 [INFO] main.cpp:358 -   最大延迟:     0.00 ms
2026-05-26 10:05:55.939 [INFO] main.cpp:359 -   总线争用次数: 0
2026-05-26 10:05:55.939 [INFO] main.cpp:368 - ======== 轮询统计 ========
2026-05-26 10:05:55.939 [INFO] main.cpp:369 -   任务组数:     20
2026-05-26 10:05:55.939 [INFO] main.cpp:370 -   成功事务:     0
2026-05-26 10:05:55.939 [INFO] main.cpp:371 -   失败事务:     200
2026-05-26 10:05:55.939 [INFO] main.cpp:373 -   成功率:       0.0%
2026-05-26 10:05:55.939 [INFO] main.cpp:378 - ======== 命令队列统计 ========
2026-05-26 10:05:55.939 [INFO] main.cpp:379 -   已提交: 0  已执行: 0  成功: 0  失败: 0
2026-05-26 10:05:55.939 [INFO] main.cpp:384 -   队列大小: 0  平均耗时: 0.0ms
2026-05-26 10:05:56.941 [INFO] main.cpp:352 - ======== 总线统计 ========
2026-05-26 10:05:56.941 [INFO] main.cpp:353 -   总事务数:     200
2026-05-26 10:05:56.941 [INFO] main.cpp:354 -   总错误数:     200
2026-05-26 10:05:56.941 [INFO] main.cpp:355 -   发送字节数:   1600
2026-05-26 10:05:56.941 [INFO] main.cpp:356 -   接收字节数:   0
2026-05-26 10:05:56.941 [INFO] main.cpp:357 -   平均延迟:     0.00 ms
2026-05-26 10:05:56.941 [INFO] main.cpp:358 -   最大延迟:     0.00 ms
2026-05-26 10:05:56.941 [INFO] main.cpp:359 -   总线争用次数: 0
2026-05-26 10:05:56.941 [INFO] main.cpp:368 - ======== 轮询统计 ========
2026-05-26 10:05:56.941 [INFO] main.cpp:369 -   任务组数:     20
2026-05-26 10:05:56.941 [INFO] main.cpp:370 -   成功事务:     0
2026-05-26 10:05:56.941 [INFO] main.cpp:371 -   失败事务:     200
2026-05-26 10:05:56.941 [INFO] main.cpp:373 -   成功率:       0.0%
2026-05-26 10:05:56.941 [INFO] main.cpp:378 - ======== 命令队列统计 ========
2026-05-26 10:05:56.941 [INFO] main.cpp:379 -   已提交: 0  已执行: 0  成功: 0  失败: 0
2026-05-26 10:05:56.941 [INFO] main.cpp:384 -   队列大小: 0  平均耗时: 0.0ms
2026-05-26 10:05:57.942 [INFO] main.cpp:352 - ======== 总线统计 ========
2026-05-26 10:05:57.943 [INFO] main.cpp:353 -   总事务数:     220
2026-05-26 10:05:57.943 [INFO] main.cpp:354 -   总错误数:     200
2026-05-26 10:05:57.943 [INFO] main.cpp:355 -   发送字节数:   1600
2026-05-26 10:05:57.943 [INFO] main.cpp:356 -   接收字节数:   0
2026-05-26 10:05:57.943 [INFO] main.cpp:357 -   平均延迟:     0.00 ms
2026-05-26 10:05:57.943 [INFO] main.cpp:358 -   最大延迟:     0.00 ms
2026-05-26 10:05:57.943 [INFO] main.cpp:359 -   总线争用次数: 0
2026-05-26 10:05:57.943 [INFO] main.cpp:368 - ======== 轮询统计 ========
2026-05-26 10:05:57.943 [INFO] main.cpp:369 -   任务组数:     20
2026-05-26 10:05:57.943 [INFO] main.cpp:370 -   成功事务:     0
2026-05-26 10:05:57.943 [INFO] main.cpp:371 -   失败事务:     200
2026-05-26 10:05:57.943 [INFO] main.cpp:373 -   成功率:       0.0%
2026-05-26 10:05:57.943 [INFO] main.cpp:378 - ======== 命令队列统计 ========
2026-05-26 10:05:57.943 [INFO] main.cpp:379 -   已提交: 0  已执行: 0  成功: 0  失败: 0
2026-05-26 10:05:57.943 [INFO] main.cpp:384 -   队列大小: 0  平均耗时: 0.0ms
2026-05-26 10:05:58.944 [INFO] main.cpp:352 - ======== 总线统计 ========
2026-05-26 10:05:58.944 [INFO] main.cpp:353 -   总事务数:     220
2026-05-26 10:05:58.944 [INFO] main.cpp:354 -   总错误数:     200
2026-05-26 10:05:58.944 [INFO] main.cpp:355 -   发送字节数:   1760
2026-05-26 10:05:58.944 [INFO] main.cpp:356 -   接收字节数:   0
2026-05-26 10:05:58.944 [INFO] main.cpp:357 -   平均延迟:     0.00 ms
2026-05-26 10:05:58.944 [INFO] main.cpp:358 -   最大延迟:     0.00 ms
2026-05-26 10:05:58.944 [INFO] main.cpp:359 -   总线争用次数: 0
2026-05-26 10:05:58.945 [INFO] main.cpp:368 - ======== 轮询统计 ========
2026-05-26 10:05:58.945 [INFO] main.cpp:369 -   任务组数:     20
2026-05-26 10:05:58.945 [INFO] main.cpp:370 -   成功事务:     0
2026-05-26 10:05:58.945 [INFO] main.cpp:371 -   失败事务:     200
2026-05-26 10:05:58.945 [INFO] main.cpp:373 -   成功率:       0.0%
2026-05-26 10:05:58.945 [INFO] main.cpp:378 - ======== 命令队列统计 ========
2026-05-26 10:05:58.945 [INFO] main.cpp:379 -   已提交: 0  已执行: 0  成功: 0  失败: 0
2026-05-26 10:05:58.945 [INFO] main.cpp:384 -   队列大小: 0  平均耗时: 0.0ms
2026-05-26 10:05:59.946 [INFO] main.cpp:352 - ======== 总线统计 ========
2026-05-26 10:05:59.946 [INFO] main.cpp:353 -   总事务数:     220
2026-05-26 10:05:59.946 [INFO] main.cpp:354 -   总错误数:     220
2026-05-26 10:05:59.946 [INFO] main.cpp:355 -   发送字节数:   1760
2026-05-26 10:05:59.946 [INFO] main.cpp:356 -   接收字节数:   0
2026-05-26 10:05:59.946 [INFO] main.cpp:357 -   平均延迟:     0.00 ms
2026-05-26 10:05:59.946 [INFO] main.cpp:358 -   最大延迟:     0.00 ms
2026-05-26 10:05:59.946 [INFO] main.cpp:359 -   总线争用次数: 0
2026-05-26 10:05:59.946 [INFO] main.cpp:368 - ======== 轮询统计 ========
2026-05-26 10:05:59.946 [INFO] main.cpp:369 -   任务组数:     20
2026-05-26 10:05:59.946 [INFO] main.cpp:370 -   成功事务:     0
2026-05-26 10:05:59.946 [INFO] main.cpp:371 -   失败事务:     220
2026-05-26 10:05:59.946 [INFO] main.cpp:373 -   成功率:       0.0%
2026-05-26 10:05:59.946 [INFO] main.cpp:378 - ======== 命令队列统计 ========
2026-05-26 10:05:59.946 [INFO] main.cpp:379 -   已提交: 0  已执行: 0  成功: 0  失败: 0
2026-05-26 10:05:59.947 [INFO] main.cpp:384 -   队列大小: 0  平均耗时: 0.0ms
2026-05-26 10:06:00.948 [INFO] main.cpp:352 - ======== 总线统计 ========
2026-05-26 10:06:00.948 [INFO] main.cpp:353 -   总事务数:     220
2026-05-26 10:06:00.948 [INFO] main.cpp:354 -   总错误数:     220
2026-05-26 10:06:00.948 [INFO] main.cpp:355 -   发送字节数:   1760
2026-05-26 10:06:00.948 [INFO] main.cpp:356 -   接收字节数:   0
2026-05-26 10:06:00.948 [INFO] main.cpp:357 -   平均延迟:     0.00 ms
2026-05-26 10:06:00.948 [INFO] main.cpp:358 -   最大延迟:     0.00 ms
2026-05-26 10:06:00.948 [INFO] main.cpp:359 -   总线争用次数: 0
2026-05-26 10:06:00.948 [INFO] main.cpp:368 - ======== 轮询统计 ========
2026-05-26 10:06:00.948 [INFO] main.cpp:369 -   任务组数:     20
2026-05-26 10:06:00.948 [INFO] main.cpp:370 -   成功事务:     0
2026-05-26 10:06:00.948 [INFO] main.cpp:371 -   失败事务:     220
2026-05-26 10:06:00.948 [INFO] main.cpp:373 -   成功率:       0.0%
2026-05-26 10:06:00.948 [INFO] main.cpp:378 - ======== 命令队列统计 ========
2026-05-26 10:06:00.948 [INFO] main.cpp:379 -   已提交: 0  已执行: 0  成功: 0  失败: 0
2026-05-26 10:06:00.948 [INFO] main.cpp:384 -   队列大小: 0  平均耗时: 0.0ms
2026-05-26 10:06:01.949 [INFO] main.cpp:352 - ======== 总线统计 ========
2026-05-26 10:06:01.950 [INFO] main.cpp:353 -   总事务数:     220
2026-05-26 10:06:01.950 [INFO] main.cpp:354 -   总错误数:     220
2026-05-26 10:06:01.950 [INFO] main.cpp:355 -   发送字节数:   1760
2026-05-26 10:06:01.950 [INFO] main.cpp:356 -   接收字节数:   0
2026-05-26 10:06:01.950 [INFO] main.cpp:357 -   平均延迟:     0.00 ms
2026-05-26 10:06:01.950 [INFO] main.cpp:358 -   最大延迟:     0.00 ms
2026-05-26 10:06:01.950 [INFO] main.cpp:359 -   总线争用次数: 0
2026-05-26 10:06:01.950 [INFO] main.cpp:368 - ======== 轮询统计 ========
2026-05-26 10:06:01.950 [INFO] main.cpp:369 -   任务组数:     20
2026-05-26 10:06:01.950 [INFO] main.cpp:370 -   成功事务:     0
2026-05-26 10:06:01.950 [INFO] main.cpp:371 -   失败事务:     220
2026-05-26 10:06:01.950 [INFO] main.cpp:373 -   成功率:       0.0%
2026-05-26 10:06:01.950 [INFO] main.cpp:378 - ======== 命令队列统计 ========
2026-05-26 10:06:01.950 [INFO] main.cpp:379 -   已提交: 0  已执行: 0  成功: 0  失败: 0
2026-05-26 10:06:01.950 [INFO] main.cpp:384 -   队列大小: 0  平均耗时: 0.0ms
2026-05-26 10:06:02.951 [INFO] main.cpp:352 - ======== 总线统计 ========
2026-05-26 10:06:02.951 [INFO] main.cpp:353 -   总事务数:     240
2026-05-26 10:06:02.951 [INFO] main.cpp:354 -   总错误数:     220
2026-05-26 10:06:02.951 [INFO] main.cpp:355 -   发送字节数:   1808
2026-05-26 10:06:02.951 [INFO] main.cpp:356 -   接收字节数:   0
2026-05-26 10:06:02.951 [INFO] main.cpp:357 -   平均延迟:     0.00 ms
2026-05-26 10:06:02.951 [INFO] main.cpp:358 -   最大延迟:     0.00 ms
2026-05-26 10:06:02.952 [INFO] main.cpp:359 -   总线争用次数: 0
2026-05-26 10:06:02.952 [INFO] main.cpp:368 - ======== 轮询统计 ========
2026-05-26 10:06:02.952 [INFO] main.cpp:369 -   任务组数:     20
2026-05-26 10:06:02.952 [INFO] main.cpp:370 -   成功事务:     0
2026-05-26 10:06:02.952 [INFO] main.cpp:371 -   失败事务:     220
2026-05-26 10:06:02.952 [INFO] main.cpp:373 -   成功率:       0.0%
2026-05-26 10:06:02.952 [INFO] main.cpp:378 - ======== 命令队列统计 ========
2026-05-26 10:06:02.952 [INFO] main.cpp:379 -   已提交: 0  已执行: 0  成功: 0  失败: 0
2026-05-26 10:06:02.952 [INFO] main.cpp:384 -   队列大小: 0  平均耗时: 0.0ms
2026-05-26 10:06:03.953 [INFO] main.cpp:352 - ======== 总线统计 ========
2026-05-26 10:06:03.953 [INFO] main.cpp:353 -   总事务数:     240
2026-05-26 10:06:03.953 [INFO] main.cpp:354 -   总错误数:     226
2026-05-26 10:06:03.953 [INFO] main.cpp:355 -   发送字节数:   1920
2026-05-26 10:06:03.953 [INFO] main.cpp:356 -   接收字节数:   0
2026-05-26 10:06:03.953 [INFO] main.cpp:357 -   平均延迟:     0.00 ms
2026-05-26 10:06:03.953 [INFO] main.cpp:358 -   最大延迟:     0.00 ms
2026-05-26 10:06:03.953 [INFO] main.cpp:359 -   总线争用次数: 0
2026-05-26 10:06:03.953 [INFO] main.cpp:368 - ======== 轮询统计 ========
2026-05-26 10:06:03.953 [INFO] main.cpp:369 -   任务组数:     20
2026-05-26 10:06:03.953 [INFO] main.cpp:370 -   成功事务:     0
2026-05-26 10:06:03.953 [INFO] main.cpp:371 -   失败事务:     226
2026-05-26 10:06:03.953 [INFO] main.cpp:373 -   成功率:       0.0%
2026-05-26 10:06:03.954 [INFO] main.cpp:378 - ======== 命令队列统计 ========
2026-05-26 10:06:03.954 [INFO] main.cpp:379 -   已提交: 0  已执行: 0  成功: 0  失败: 0
2026-05-26 10:06:03.954 [INFO] main.cpp:384 -   队列大小: 0  平均耗时: 0.0ms
2026-05-26 10:06:04.954 [INFO] main.cpp:352 - ======== 总线统计 ========
2026-05-26 10:06:04.954 [INFO] main.cpp:353 -   总事务数:     240
2026-05-26 10:06:04.955 [INFO] main.cpp:354 -   总错误数:     240
2026-05-26 10:06:04.955 [INFO] main.cpp:355 -   发送字节数:   1920
2026-05-26 10:06:04.955 [INFO] main.cpp:356 -   接收字节数:   0
2026-05-26 10:06:04.955 [INFO] main.cpp:357 -   平均延迟:     0.00 ms
2026-05-26 10:06:04.955 [INFO] main.cpp:358 -   最大延迟:     0.00 ms
2026-05-26 10:06:04.955 [INFO] main.cpp:359 -   总线争用次数: 0
2026-05-26 10:06:04.955 [INFO] main.cpp:368 - ======== 轮询统计 ========
2026-05-26 10:06:04.955 [INFO] main.cpp:369 -   任务组数:     20
2026-05-26 10:06:04.955 [INFO] main.cpp:370 -   成功事务:     0
2026-05-26 10:06:04.955 [INFO] main.cpp:371 -   失败事务:     240
2026-05-26 10:06:04.955 [INFO] main.cpp:373 -   成功率:       0.0%
2026-05-26 10:06:04.955 [INFO] main.cpp:378 - ======== 命令队列统计 ========
2026-05-26 10:06:04.955 [INFO] main.cpp:379 -   已提交: 0  已执行: 0  成功: 0  失败: 0
2026-05-26 10:06:04.955 [INFO] main.cpp:384 -   队列大小: 0  平均耗时: 0.0ms
2026-05-26 10:06:05.956 [INFO] main.cpp:352 - ======== 总线统计 ========
2026-05-26 10:06:05.956 [INFO] main.cpp:353 -   总事务数:     240
2026-05-26 10:06:05.956 [INFO] main.cpp:354 -   总错误数:     240
2026-05-26 10:06:05.956 [INFO] main.cpp:355 -   发送字节数:   1920
2026-05-26 10:06:05.956 [INFO] main.cpp:356 -   接收字节数:   0
2026-05-26 10:06:05.956 [INFO] main.cpp:357 -   平均延迟:     0.00 ms
2026-05-26 10:06:05.956 [INFO] main.cpp:358 -   最大延迟:     0.00 ms
2026-05-26 10:06:05.956 [INFO] main.cpp:359 -   总线争用次数: 0
2026-05-26 10:06:05.957 [INFO] main.cpp:368 - ======== 轮询统计 ========
2026-05-26 10:06:05.957 [INFO] main.cpp:369 -   任务组数:     20
2026-05-26 10:06:05.957 [INFO] main.cpp:370 -   成功事务:     0
2026-05-26 10:06:05.957 [INFO] main.cpp:371 -   失败事务:     240
2026-05-26 10:06:05.957 [INFO] main.cpp:373 -   成功率:       0.0%
2026-05-26 10:06:05.957 [INFO] main.cpp:378 - ======== 命令队列统计 ========
2026-05-26 10:06:05.957 [INFO] main.cpp:379 -   已提交: 0  已执行: 0  成功: 0  失败: 0
2026-05-26 10:06:05.957 [INFO] main.cpp:384 -   队列大小: 0  平均耗时: 0.0ms
2026-05-26 10:06:06.958 [INFO] main.cpp:352 - ======== 总线统计 ========
2026-05-26 10:06:06.958 [INFO] main.cpp:353 -   总事务数:     240
2026-05-26 10:06:06.958 [INFO] main.cpp:354 -   总错误数:     240
2026-05-26 10:06:06.958 [INFO] main.cpp:355 -   发送字节数:   1920
2026-05-26 10:06:06.958 [INFO] main.cpp:356 -   接收字节数:   0
2026-05-26 10:06:06.958 [INFO] main.cpp:357 -   平均延迟:     0.00 ms
2026-05-26 10:06:06.958 [INFO] main.cpp:358 -   最大延迟:     0.00 ms
2026-05-26 10:06:06.958 [INFO] main.cpp:359 -   总线争用次数: 0
2026-05-26 10:06:06.958 [INFO] main.cpp:368 - ======== 轮询统计 ========
2026-05-26 10:06:06.958 [INFO] main.cpp:369 -   任务组数:     20
2026-05-26 10:06:06.958 [INFO] main.cpp:370 -   成功事务:     0
2026-05-26 10:06:06.958 [INFO] main.cpp:371 -   失败事务:     240
2026-05-26 10:06:06.958 [INFO] main.cpp:373 -   成功率:       0.0%
2026-05-26 10:06:06.958 [INFO] main.cpp:378 - ======== 命令队列统计 ========
2026-05-26 10:06:06.958 [INFO] main.cpp:379 -   已提交: 0  已执行: 0  成功: 0  失败: 0
2026-05-26 10:06:06.958 [INFO] main.cpp:384 -   队列大小: 0  平均耗时: 0.0ms
2026-05-26 10:06:07.960 [INFO] main.cpp:352 - ======== 总线统计 ========
2026-05-26 10:06:07.960 [INFO] main.cpp:353 -   总事务数:     260
2026-05-26 10:06:07.960 [INFO] main.cpp:354 -   总错误数:     240
2026-05-26 10:06:07.960 [INFO] main.cpp:355 -   发送字节数:   1992
2026-05-26 10:06:07.960 [INFO] main.cpp:356 -   接收字节数:   0
2026-05-26 10:06:07.960 [INFO] main.cpp:357 -   平均延迟:     0.00 ms
2026-05-26 10:06:07.960 [INFO] main.cpp:358 -   最大延迟:     0.00 ms
2026-05-26 10:06:07.960 [INFO] main.cpp:359 -   总线争用次数: 0
2026-05-26 10:06:07.960 [INFO] main.cpp:368 - ======== 轮询统计 ========
2026-05-26 10:06:07.960 [INFO] main.cpp:369 -   任务组数:     20
2026-05-26 10:06:07.960 [INFO] main.cpp:370 -   成功事务:     0
2026-05-26 10:06:07.960 [INFO] main.cpp:371 -   失败事务:     240
2026-05-26 10:06:07.960 [INFO] main.cpp:373 -   成功率:       0.0%
2026-05-26 10:06:07.960 [INFO] main.cpp:378 - ======== 命令队列统计 ========
2026-05-26 10:06:07.960 [INFO] main.cpp:379 -   已提交: 0  已执行: 0  成功: 0  失败: 0
2026-05-26 10:06:07.960 [INFO] main.cpp:384 -   队列大小: 0  平均耗时: 0.0ms
2026-05-26 10:06:08.961 [INFO] main.cpp:352 - ======== 总线统计 ========
2026-05-26 10:06:08.961 [INFO] main.cpp:353 -   总事务数:     260
2026-05-26 10:06:08.963 [INFO] main.cpp:354 -   总错误数:     258
2026-05-26 10:06:08.963 [INFO] main.cpp:355 -   发送字节数:   2080
2026-05-26 10:06:08.963 [INFO] main.cpp:356 -   接收字节数:   0
2026-05-26 10:06:08.963 [INFO] main.cpp:357 -   平均延迟:     0.00 ms
2026-05-26 10:06:08.963 [INFO] main.cpp:358 -   最大延迟:     0.00 ms
2026-05-26 10:06:08.963 [INFO] main.cpp:359 -   总线争用次数: 0
2026-05-26 10:06:08.963 [INFO] main.cpp:368 - ======== 轮询统计 ========
2026-05-26 10:06:08.963 [INFO] main.cpp:369 -   任务组数:     20
2026-05-26 10:06:08.963 [INFO] main.cpp:370 -   成功事务:     0
2026-05-26 10:06:08.963 [INFO] main.cpp:371 -   失败事务:     258
2026-05-26 10:06:08.963 [INFO] main.cpp:373 -   成功率:       0.0%
2026-05-26 10:06:08.963 [INFO] main.cpp:378 - ======== 命令队列统计 ========
2026-05-26 10:06:08.963 [INFO] main.cpp:379 -   已提交: 0  已执行: 0  成功: 0  失败: 0
2026-05-26 10:06:08.963 [INFO] main.cpp:384 -   队列大小: 0  平均耗时: 0.0ms
2026-05-26 10:06:09.964 [INFO] main.cpp:352 - ======== 总线统计 ========
2026-05-26 10:06:09.964 [INFO] main.cpp:353 -   总事务数:     260
2026-05-26 10:06:09.964 [INFO] main.cpp:354 -   总错误数:     260
2026-05-26 10:06:09.964 [INFO] main.cpp:355 -   发送字节数:   2080
2026-05-26 10:06:09.964 [INFO] main.cpp:356 -   接收字节数:   0
2026-05-26 10:06:09.964 [INFO] main.cpp:357 -   平均延迟:     0.00 ms
2026-05-26 10:06:09.964 [INFO] main.cpp:358 -   最大延迟:     0.00 ms
2026-05-26 10:06:09.964 [INFO] main.cpp:359 -   总线争用次数: 0
2026-05-26 10:06:09.964 [INFO] main.cpp:368 - ======== 轮询统计 ========
2026-05-26 10:06:09.964 [INFO] main.cpp:369 -   任务组数:     20
2026-05-26 10:06:09.964 [INFO] main.cpp:370 -   成功事务:     0
2026-05-26 10:06:09.964 [INFO] main.cpp:371 -   失败事务:     260
2026-05-26 10:06:09.964 [INFO] main.cpp:373 -   成功率:       0.0%
2026-05-26 10:06:09.964 [INFO] main.cpp:378 - ======== 命令队列统计 ========
2026-05-26 10:06:09.964 [INFO] main.cpp:379 -   已提交: 0  已执行: 0  成功: 0  失败: 0
2026-05-26 10:06:09.964 [INFO] main.cpp:384 -   队列大小: 0  平均耗时: 0.0ms
2026-05-26 10:06:10.965 [INFO] main.cpp:352 - ======== 总线统计 ========
2026-05-26 10:06:10.965 [INFO] main.cpp:353 -   总事务数:     260
2026-05-26 10:06:10.965 [INFO] main.cpp:354 -   总错误数:     260
2026-05-26 10:06:10.965 [INFO] main.cpp:355 -   发送字节数:   2080
2026-05-26 10:06:10.965 [INFO] main.cpp:356 -   接收字节数:   0
2026-05-26 10:06:10.965 [INFO] main.cpp:357 -   平均延迟:     0.00 ms
2026-05-26 10:06:10.965 [INFO] main.cpp:358 -   最大延迟:     0.00 ms
2026-05-26 10:06:10.965 [INFO] main.cpp:359 -   总线争用次数: 0
2026-05-26 10:06:10.965 [INFO] main.cpp:368 - ======== 轮询统计 ========
2026-05-26 10:06:10.965 [INFO] main.cpp:369 -   任务组数:     20
2026-05-26 10:06:10.965 [INFO] main.cpp:370 -   成功事务:     0
2026-05-26 10:06:10.965 [INFO] main.cpp:371 -   失败事务:     260
2026-05-26 10:06:10.965 [INFO] main.cpp:373 -   成功率:       0.0%
2026-05-26 10:06:10.965 [INFO] main.cpp:378 - ======== 命令队列统计 ========
2026-05-26 10:06:10.966 [INFO] main.cpp:379 -   已提交: 0  已执行: 0  成功: 0  失败: 0
2026-05-26 10:06:10.966 [INFO] main.cpp:384 -   队列大小: 0  平均耗时: 0.0ms
2026-05-26 10:06:11.967 [INFO] main.cpp:352 - ======== 总线统计 ========
2026-05-26 10:06:11.967 [INFO] main.cpp:353 -   总事务数:     260
2026-05-26 10:06:11.967 [INFO] main.cpp:354 -   总错误数:     260
2026-05-26 10:06:11.967 [INFO] main.cpp:355 -   发送字节数:   2080
2026-05-26 10:06:11.967 [INFO] main.cpp:356 -   接收字节数:   0
2026-05-26 10:06:11.967 [INFO] main.cpp:357 -   平均延迟:     0.00 ms
2026-05-26 10:06:11.967 [INFO] main.cpp:358 -   最大延迟:     0.00 ms
2026-05-26 10:06:11.967 [INFO] main.cpp:359 -   总线争用次数: 0
2026-05-26 10:06:11.967 [INFO] main.cpp:368 - ======== 轮询统计 ========
2026-05-26 10:06:11.967 [INFO] main.cpp:369 -   任务组数:     20
2026-05-26 10:06:11.967 [INFO] main.cpp:370 -   成功事务:     0
2026-05-26 10:06:11.967 [INFO] main.cpp:371 -   失败事务:     260
2026-05-26 10:06:11.967 [INFO] main.cpp:373 -   成功率:       0.0%
2026-05-26 10:06:11.967 [INFO] main.cpp:378 - ======== 命令队列统计 ========
2026-05-26 10:06:11.967 [INFO] main.cpp:379 -   已提交: 0  已执行: 0  成功: 0  失败: 0
2026-05-26 10:06:11.967 [INFO] main.cpp:384 -   队列大小: 0  平均耗时: 0.0ms
2026-05-26 10:06:12.968 [INFO] main.cpp:352 - ======== 总线统计 ========
2026-05-26 10:06:12.968 [INFO] main.cpp:353 -   总事务数:     280
2026-05-26 10:06:12.968 [INFO] main.cpp:354 -   总错误数:     260
2026-05-26 10:06:12.968 [INFO] main.cpp:355 -   发送字节数:   2176
2026-05-26 10:06:12.968 [INFO] main.cpp:356 -   接收字节数:   0
2026-05-26 10:06:12.968 [INFO] main.cpp:357 -   平均延迟:     0.00 ms
2026-05-26 10:06:12.968 [INFO] main.cpp:358 -   最大延迟:     0.00 ms
2026-05-26 10:06:12.968 [INFO] main.cpp:359 -   总线争用次数: 0
2026-05-26 10:06:12.968 [INFO] main.cpp:368 - ======== 轮询统计 ========
2026-05-26 10:06:12.968 [INFO] main.cpp:369 -   任务组数:     20
2026-05-26 10:06:12.968 [INFO] main.cpp:370 -   成功事务:     0
2026-05-26 10:06:12.968 [INFO] main.cpp:371 -   失败事务:     260
2026-05-26 10:06:12.968 [INFO] main.cpp:373 -   成功率:       0.0%
2026-05-26 10:06:12.968 [INFO] main.cpp:378 - ======== 命令队列统计 ========
2026-05-26 10:06:12.968 [INFO] main.cpp:379 -   已提交: 0  已执行: 0  成功: 0  失败: 0
2026-05-26 10:06:12.969 [INFO] main.cpp:384 -   队列大小: 0  平均耗时: 0.0ms
2026-05-26 10:06:13.969 [INFO] main.cpp:352 - ======== 总线统计 ========
2026-05-26 10:06:13.969 [INFO] main.cpp:353 -   总事务数:     280
2026-05-26 10:06:13.970 [INFO] main.cpp:354 -   总错误数:     272
2026-05-26 10:06:13.970 [INFO] main.cpp:355 -   发送字节数:   2240
2026-05-26 10:06:13.970 [INFO] main.cpp:356 -   接收字节数:   0
2026-05-26 10:06:13.970 [INFO] main.cpp:357 -   平均延迟:     0.00 ms
2026-05-26 10:06:13.970 [INFO] main.cpp:358 -   最大延迟:     0.00 ms
2026-05-26 10:06:13.970 [INFO] main.cpp:359 -   总线争用次数: 0
2026-05-26 10:06:13.971 [INFO] main.cpp:368 - ======== 轮询统计 ========
2026-05-26 10:06:13.971 [INFO] main.cpp:369 -   任务组数:     20
2026-05-26 10:06:13.971 [INFO] main.cpp:370 -   成功事务:     0
2026-05-26 10:06:13.971 [INFO] main.cpp:371 -   失败事务:     272
2026-05-26 10:06:13.971 [INFO] main.cpp:373 -   成功率:       0.0%
2026-05-26 10:06:13.971 [INFO] main.cpp:378 - ======== 命令队列统计 ========
2026-05-26 10:06:13.971 [INFO] main.cpp:379 -   已提交: 0  已执行: 0  成功: 0  失败: 0
2026-05-26 10:06:13.971 [INFO] main.cpp:384 -   队列大小: 0  平均耗时: 0.0ms
2026-05-26 10:06:14.971 [INFO] main.cpp:352 - ======== 总线统计 ========
2026-05-26 10:06:14.971 [INFO] main.cpp:353 -   总事务数:     280
2026-05-26 10:06:14.971 [INFO] main.cpp:354 -   总错误数:     280
2026-05-26 10:06:14.971 [INFO] main.cpp:355 -   发送字节数:   2240
2026-05-26 10:06:14.971 [INFO] main.cpp:356 -   接收字节数:   0
2026-05-26 10:06:14.971 [INFO] main.cpp:357 -   平均延迟:     0.00 ms
2026-05-26 10:06:14.971 [INFO] main.cpp:358 -   最大延迟:     0.00 ms
2026-05-26 10:06:14.971 [INFO] main.cpp:359 -   总线争用次数: 0
2026-05-26 10:06:14.972 [INFO] main.cpp:368 - ======== 轮询统计 ========
2026-05-26 10:06:14.972 [INFO] main.cpp:369 -   任务组数:     20
2026-05-26 10:06:14.972 [INFO] main.cpp:370 -   成功事务:     0
2026-05-26 10:06:14.972 [INFO] main.cpp:371 -   失败事务:     280
2026-05-26 10:06:14.972 [INFO] main.cpp:373 -   成功率:       0.0%
2026-05-26 10:06:14.972 [INFO] main.cpp:378 - ======== 命令队列统计 ========
2026-05-26 10:06:14.972 [INFO] main.cpp:379 -   已提交: 0  已执行: 0  成功: 0  失败: 0
2026-05-26 10:06:14.972 [INFO] main.cpp:384 -   队列大小: 0  平均耗时: 0.0ms
2026-05-26 10:06:15.973 [INFO] main.cpp:352 - ======== 总线统计 ========
2026-05-26 10:06:15.973 [INFO] main.cpp:353 -   总事务数:     280
2026-05-26 10:06:15.973 [INFO] main.cpp:354 -   总错误数:     280
2026-05-26 10:06:15.973 [INFO] main.cpp:355 -   发送字节数:   2240
2026-05-26 10:06:15.973 [INFO] main.cpp:356 -   接收字节数:   0
2026-05-26 10:06:15.973 [INFO] main.cpp:357 -   平均延迟:     0.00 ms
2026-05-26 10:06:15.973 [INFO] main.cpp:358 -   最大延迟:     0.00 ms
2026-05-26 10:06:15.973 [INFO] main.cpp:359 -   总线争用次数: 0
2026-05-26 10:06:15.973 [INFO] main.cpp:368 - ======== 轮询统计 ========
2026-05-26 10:06:15.973 [INFO] main.cpp:369 -   任务组数:     20
2026-05-26 10:06:15.973 [INFO] main.cpp:370 -   成功事务:     0
2026-05-26 10:06:15.974 [INFO] main.cpp:371 -   失败事务:     280
2026-05-26 10:06:15.974 [INFO] main.cpp:373 -   成功率:       0.0%
2026-05-26 10:06:15.974 [INFO] main.cpp:378 - ======== 命令队列统计 ========
2026-05-26 10:06:15.974 [INFO] main.cpp:379 -   已提交: 0  已执行: 0  成功: 0  失败: 0
2026-05-26 10:06:15.974 [INFO] main.cpp:384 -   队列大小: 0  平均耗时: 0.0ms
2026-05-26 10:06:16.975 [INFO] main.cpp:352 - ======== 总线统计 ========
2026-05-26 10:06:16.975 [INFO] main.cpp:353 -   总事务数:     280
2026-05-26 10:06:16.975 [INFO] main.cpp:354 -   总错误数:     280
2026-05-26 10:06:16.975 [INFO] main.cpp:355 -   发送字节数:   2240
2026-05-26 10:06:16.975 [INFO] main.cpp:356 -   接收字节数:   0
2026-05-26 10:06:16.975 [INFO] main.cpp:357 -   平均延迟:     0.00 ms
2026-05-26 10:06:16.975 [INFO] main.cpp:358 -   最大延迟:     0.00 ms
2026-05-26 10:06:16.975 [INFO] main.cpp:359 -   总线争用次数: 0
2026-05-26 10:06:16.975 [INFO] main.cpp:368 - ======== 轮询统计 ========
2026-05-26 10:06:16.975 [INFO] main.cpp:369 -   任务组数:     20
2026-05-26 10:06:16.975 [INFO] main.cpp:370 -   成功事务:     0
2026-05-26 10:06:16.975 [INFO] main.cpp:371 -   失败事务:     280
2026-05-26 10:06:16.975 [INFO] main.cpp:373 -   成功率:       0.0%
2026-05-26 10:06:16.975 [INFO] main.cpp:378 - ======== 命令队列统计 ========
2026-05-26 10:06:16.975 [INFO] main.cpp:379 -   已提交: 0  已执行: 0  成功: 0  失败: 0
2026-05-26 10:06:16.975 [INFO] main.cpp:384 -   队列大小: 0  平均耗时: 0.0ms
2026-05-26 10:06:17.976 [INFO] main.cpp:352 - ======== 总线统计 ========
2026-05-26 10:06:17.976 [INFO] main.cpp:353 -   总事务数:     300
2026-05-26 10:06:17.976 [INFO] main.cpp:354 -   总错误数:     280
2026-05-26 10:06:17.976 [INFO] main.cpp:355 -   发送字节数:   2400
2026-05-26 10:06:17.976 [INFO] main.cpp:356 -   接收字节数:   0
2026-05-26 10:06:17.976 [INFO] main.cpp:357 -   平均延迟:     0.00 ms
2026-05-26 10:06:17.977 [INFO] main.cpp:358 -   最大延迟:     0.00 ms
2026-05-26 10:06:17.977 [INFO] main.cpp:359 -   总线争用次数: 0
2026-05-26 10:06:17.977 [INFO] main.cpp:368 - ======== 轮询统计 ========
2026-05-26 10:06:17.977 [INFO] main.cpp:369 -   任务组数:     20
2026-05-26 10:06:17.977 [INFO] main.cpp:370 -   成功事务:     0
2026-05-26 10:06:17.977 [INFO] main.cpp:371 -   失败事务:     280
2026-05-26 10:06:17.977 [INFO] main.cpp:373 -   成功率:       0.0%
2026-05-26 10:06:17.977 [INFO] main.cpp:378 - ======== 命令队列统计 ========
2026-05-26 10:06:17.977 [INFO] main.cpp:379 -   已提交: 0  已执行: 0  成功: 0  失败: 0
2026-05-26 10:06:17.977 [INFO] main.cpp:384 -   队列大小: 0  平均耗时: 0.0ms
2026-05-26 10:06:18.978 [INFO] main.cpp:352 - ======== 总线统计 ========
2026-05-26 10:06:18.978 [INFO] main.cpp:353 -   总事务数:     300
2026-05-26 10:06:18.979 [INFO] main.cpp:354 -   总错误数:     300
2026-05-26 10:06:18.979 [INFO] main.cpp:355 -   发送字节数:   2400
2026-05-26 10:06:18.979 [INFO] main.cpp:356 -   接收字节数:   0
2026-05-26 10:06:18.979 [INFO] main.cpp:357 -   平均延迟:     0.00 ms
2026-05-26 10:06:18.979 [INFO] main.cpp:358 -   最大延迟:     0.00 ms
2026-05-26 10:06:18.979 [INFO] main.cpp:359 -   总线争用次数: 0
2026-05-26 10:06:18.979 [INFO] main.cpp:368 - ======== 轮询统计 ========
2026-05-26 10:06:18.979 [INFO] main.cpp:369 -   任务组数:     20
2026-05-26 10:06:18.979 [INFO] main.cpp:370 -   成功事务:     0
2026-05-26 10:06:18.979 [INFO] main.cpp:371 -   失败事务:     300
2026-05-26 10:06:18.979 [INFO] main.cpp:373 -   成功率:       0.0%
2026-05-26 10:06:18.979 [INFO] main.cpp:378 - ======== 命令队列统计 ========
2026-05-26 10:06:18.979 [INFO] main.cpp:379 -   已提交: 0  已执行: 0  成功: 0  失败: 0
2026-05-26 10:06:18.979 [INFO] main.cpp:384 -   队列大小: 0  平均耗时: 0.0ms
2026-05-26 10:06:19.981 [INFO] main.cpp:352 - ======== 总线统计 ========
2026-05-26 10:06:19.981 [INFO] main.cpp:353 -   总事务数:     300
2026-05-26 10:06:19.981 [INFO] main.cpp:354 -   总错误数:     300
2026-05-26 10:06:19.981 [INFO] main.cpp:355 -   发送字节数:   2400
2026-05-26 10:06:19.981 [INFO] main.cpp:356 -   接收字节数:   0
2026-05-26 10:06:19.981 [INFO] main.cpp:357 -   平均延迟:     0.00 ms
2026-05-26 10:06:19.981 [INFO] main.cpp:358 -   最大延迟:     0.00 ms
2026-05-26 10:06:19.981 [INFO] main.cpp:359 -   总线争用次数: 0
2026-05-26 10:06:19.981 [INFO] main.cpp:368 - ======== 轮询统计 ========
2026-05-26 10:06:19.981 [INFO] main.cpp:369 -   任务组数:     20
2026-05-26 10:06:19.981 [INFO] main.cpp:370 -   成功事务:     0
2026-05-26 10:06:19.981 [INFO] main.cpp:371 -   失败事务:     300
2026-05-26 10:06:19.981 [INFO] main.cpp:373 -   成功率:       0.0%
2026-05-26 10:06:19.981 [INFO] main.cpp:378 - ======== 命令队列统计 ========
2026-05-26 10:06:19.981 [INFO] main.cpp:379 -   已提交: 0  已执行: 0  成功: 0  失败: 0
2026-05-26 10:06:19.981 [INFO] main.cpp:384 -   队列大小: 0  平均耗时: 0.0ms
2026-05-26 10:06:20.982 [INFO] main.cpp:352 - ======== 总线统计 ========
2026-05-26 10:06:20.982 [INFO] main.cpp:353 -   总事务数:     300
2026-05-26 10:06:20.983 [INFO] main.cpp:354 -   总错误数:     300
2026-05-26 10:06:20.983 [INFO] main.cpp:355 -   发送字节数:   2400
2026-05-26 10:06:20.983 [INFO] main.cpp:356 -   接收字节数:   0
2026-05-26 10:06:20.983 [INFO] main.cpp:357 -   平均延迟:     0.00 ms
2026-05-26 10:06:20.983 [INFO] main.cpp:358 -   最大延迟:     0.00 ms
2026-05-26 10:06:20.983 [INFO] main.cpp:359 -   总线争用次数: 0
2026-05-26 10:06:20.983 [INFO] main.cpp:368 - ======== 轮询统计 ========
2026-05-26 10:06:20.983 [INFO] main.cpp:369 -   任务组数:     20
2026-05-26 10:06:20.983 [INFO] main.cpp:370 -   成功事务:     0
2026-05-26 10:06:20.983 [INFO] main.cpp:371 -   失败事务:     300
2026-05-26 10:06:20.983 [INFO] main.cpp:373 -   成功率:       0.0%
2026-05-26 10:06:20.983 [INFO] main.cpp:378 - ======== 命令队列统计 ========
2026-05-26 10:06:20.983 [INFO] main.cpp:379 -   已提交: 0  已执行: 0  成功: 0  失败: 0
2026-05-26 10:06:20.983 [INFO] main.cpp:384 -   队列大小: 0  平均耗时: 0.0ms
2026-05-26 10:06:21.984 [INFO] main.cpp:352 - ======== 总线统计 ========
2026-05-26 10:06:21.984 [INFO] main.cpp:353 -   总事务数:     300
2026-05-26 10:06:21.984 [INFO] main.cpp:354 -   总错误数:     300
2026-05-26 10:06:21.984 [INFO] main.cpp:355 -   发送字节数:   2400
2026-05-26 10:06:21.984 [INFO] main.cpp:356 -   接收字节数:   0
2026-05-26 10:06:21.984 [INFO] main.cpp:357 -   平均延迟:     0.00 ms
2026-05-26 10:06:21.985 [INFO] main.cpp:358 -   最大延迟:     0.00 ms
2026-05-26 10:06:21.985 [INFO] main.cpp:359 -   总线争用次数: 0
2026-05-26 10:06:21.985 [INFO] main.cpp:368 - ======== 轮询统计 ========
2026-05-26 10:06:21.985 [INFO] main.cpp:369 -   任务组数:     20
2026-05-26 10:06:21.985 [INFO] main.cpp:370 -   成功事务:     0
2026-05-26 10:06:21.985 [INFO] main.cpp:371 -   失败事务:     300
2026-05-26 10:06:21.985 [INFO] main.cpp:373 -   成功率:       0.0%
2026-05-26 10:06:21.985 [INFO] main.cpp:378 - ======== 命令队列统计 ========
2026-05-26 10:06:21.985 [INFO] main.cpp:379 -   已提交: 0  已执行: 0  成功: 0  失败: 0
2026-05-26 10:06:21.985 [INFO] main.cpp:384 -   队列大小: 0  平均耗时: 0.0ms
2026-05-26 10:06:22.986 [INFO] main.cpp:352 - ======== 总线统计 ========
2026-05-26 10:06:22.986 [INFO] main.cpp:353 -   总事务数:     320
2026-05-26 10:06:22.986 [INFO] main.cpp:354 -   总错误数:     300
2026-05-26 10:06:22.986 [INFO] main.cpp:355 -   发送字节数:   2560
2026-05-26 10:06:22.986 [INFO] main.cpp:356 -   接收字节数:   0
2026-05-26 10:06:22.986 [INFO] main.cpp:357 -   平均延迟:     0.00 ms
2026-05-26 10:06:22.986 [INFO] main.cpp:358 -   最大延迟:     0.00 ms
2026-05-26 10:06:22.986 [INFO] main.cpp:359 -   总线争用次数: 0
2026-05-26 10:06:22.986 [INFO] main.cpp:368 - ======== 轮询统计 ========
2026-05-26 10:06:22.986 [INFO] main.cpp:369 -   任务组数:     20
2026-05-26 10:06:22.986 [INFO] main.cpp:370 -   成功事务:     0
2026-05-26 10:06:22.986 [INFO] main.cpp:371 -   失败事务:     300
2026-05-26 10:06:22.986 [INFO] main.cpp:373 -   成功率:       0.0%
2026-05-26 10:06:22.986 [INFO] main.cpp:378 - ======== 命令队列统计 ========
2026-05-26 10:06:22.986 [INFO] main.cpp:379 -   已提交: 0  已执行: 0  成功: 0  失败: 0
2026-05-26 10:06:22.987 [INFO] main.cpp:384 -   队列大小: 0  平均耗时: 0.0ms
2026-05-26 10:06:23.988 [INFO] main.cpp:352 - ======== 总线统计 ========
2026-05-26 10:06:23.988 [INFO] main.cpp:353 -   总事务数:     320
2026-05-26 10:06:23.989 [INFO] main.cpp:354 -   总错误数:     320
2026-05-26 10:06:23.989 [INFO] main.cpp:355 -   发送字节数:   2560
2026-05-26 10:06:23.989 [INFO] main.cpp:356 -   接收字节数:   0
2026-05-26 10:06:23.989 [INFO] main.cpp:357 -   平均延迟:     0.00 ms
2026-05-26 10:06:23.989 [INFO] main.cpp:358 -   最大延迟:     0.00 ms
2026-05-26 10:06:23.989 [INFO] main.cpp:359 -   总线争用次数: 0
2026-05-26 10:06:23.989 [INFO] main.cpp:368 - ======== 轮询统计 ========
2026-05-26 10:06:23.989 [INFO] main.cpp:369 -   任务组数:     20
2026-05-26 10:06:23.989 [INFO] main.cpp:370 -   成功事务:     0
2026-05-26 10:06:23.989 [INFO] main.cpp:371 -   失败事务:     320
2026-05-26 10:06:23.989 [INFO] main.cpp:373 -   成功率:       0.0%
2026-05-26 10:06:23.990 [INFO] main.cpp:378 - ======== 命令队列统计 ========
2026-05-26 10:06:23.990 [INFO] main.cpp:379 -   已提交: 0  已执行: 0  成功: 0  失败: 0
2026-05-26 10:06:23.990 [INFO] main.cpp:384 -   队列大小: 0  平均耗时: 0.0ms
2026-05-26 10:06:24.991 [INFO] main.cpp:352 - ======== 总线统计 ========
2026-05-26 10:06:24.991 [INFO] main.cpp:353 -   总事务数:     320
2026-05-26 10:06:24.991 [INFO] main.cpp:354 -   总错误数:     320
2026-05-26 10:06:24.991 [INFO] main.cpp:355 -   发送字节数:   2560
2026-05-26 10:06:24.991 [INFO] main.cpp:356 -   接收字节数:   0
2026-05-26 10:06:24.991 [INFO] main.cpp:357 -   平均延迟:     0.00 ms
2026-05-26 10:06:24.991 [INFO] main.cpp:358 -   最大延迟:     0.00 ms
2026-05-26 10:06:24.991 [INFO] main.cpp:359 -   总线争用次数: 0
2026-05-26 10:06:24.991 [INFO] main.cpp:368 - ======== 轮询统计 ========
2026-05-26 10:06:24.991 [INFO] main.cpp:369 -   任务组数:     20
2026-05-26 10:06:24.991 [INFO] main.cpp:370 -   成功事务:     0
2026-05-26 10:06:24.991 [INFO] main.cpp:371 -   失败事务:     320
2026-05-26 10:06:24.991 [INFO] main.cpp:373 -   成功率:       0.0%
2026-05-26 10:06:24.991 [INFO] main.cpp:378 - ======== 命令队列统计 ========
2026-05-26 10:06:24.991 [INFO] main.cpp:379 -   已提交: 0  已执行: 0  成功: 0  失败: 0
2026-05-26 10:06:24.991 [INFO] main.cpp:384 -   队列大小: 0  平均耗时: 0.0ms
2026-05-26 10:06:25.993 [INFO] main.cpp:352 - ======== 总线统计 ========
2026-05-26 10:06:25.993 [INFO] main.cpp:353 -   总事务数:     320
2026-05-26 10:06:25.993 [INFO] main.cpp:354 -   总错误数:     320
2026-05-26 10:06:25.993 [INFO] main.cpp:355 -   发送字节数:   2560
2026-05-26 10:06:25.993 [INFO] main.cpp:356 -   接收字节数:   0
2026-05-26 10:06:25.993 [INFO] main.cpp:357 -   平均延迟:     0.00 ms
2026-05-26 10:06:25.993 [INFO] main.cpp:358 -   最大延迟:     0.00 ms
2026-05-26 10:06:25.993 [INFO] main.cpp:359 -   总线争用次数: 0
2026-05-26 10:06:25.993 [INFO] main.cpp:368 - ======== 轮询统计 ========
2026-05-26 10:06:25.993 [INFO] main.cpp:369 -   任务组数:     20
2026-05-26 10:06:25.993 [INFO] main.cpp:370 -   成功事务:     0
2026-05-26 10:06:25.993 [INFO] main.cpp:371 -   失败事务:     320
2026-05-26 10:06:25.993 [INFO] main.cpp:373 -   成功率:       0.0%
2026-05-26 10:06:25.993 [INFO] main.cpp:378 - ======== 命令队列统计 ========
2026-05-26 10:06:25.993 [INFO] main.cpp:379 -   已提交: 0  已执行: 0  成功: 0  失败: 0
2026-05-26 10:06:25.993 [INFO] main.cpp:384 -   队列大小: 0  平均耗时: 0.0ms
2026-05-26 10:06:26.995 [INFO] main.cpp:352 - ======== 总线统计 ========
2026-05-26 10:06:26.995 [INFO] main.cpp:353 -   总事务数:     320
2026-05-26 10:06:26.995 [INFO] main.cpp:354 -   总错误数:     320
2026-05-26 10:06:26.995 [INFO] main.cpp:355 -   发送字节数:   2560
2026-05-26 10:06:26.995 [INFO] main.cpp:356 -   接收字节数:   0
2026-05-26 10:06:26.995 [INFO] main.cpp:357 -   平均延迟:     0.00 ms
2026-05-26 10:06:26.995 [INFO] main.cpp:358 -   最大延迟:     0.00 ms
2026-05-26 10:06:26.995 [INFO] main.cpp:359 -   总线争用次数: 0
2026-05-26 10:06:26.995 [INFO] main.cpp:368 - ======== 轮询统计 ========
2026-05-26 10:06:26.995 [INFO] main.cpp:369 -   任务组数:     20
2026-05-26 10:06:26.995 [INFO] main.cpp:370 -   成功事务:     0
2026-05-26 10:06:26.995 [INFO] main.cpp:371 -   失败事务:     320
2026-05-26 10:06:26.995 [INFO] main.cpp:373 -   成功率:       0.0%
2026-05-26 10:06:26.995 [INFO] main.cpp:378 - ======== 命令队列统计 ========
2026-05-26 10:06:26.995 [INFO] main.cpp:379 -   已提交: 0  已执行: 0  成功: 0  失败: 0
2026-05-26 10:06:26.995 [INFO] main.cpp:384 -   队列大小: 0  平均耗时: 0.0ms
2026-05-26 10:06:27.997 [INFO] main.cpp:352 - ======== 总线统计 ========
2026-05-26 10:06:27.997 [INFO] main.cpp:353 -   总事务数:     340
2026-05-26 10:06:27.997 [INFO] main.cpp:354 -   总错误数:     320
2026-05-26 10:06:27.997 [INFO] main.cpp:355 -   发送字节数:   2720
2026-05-26 10:06:27.997 [INFO] main.cpp:356 -   接收字节数:   0
2026-05-26 10:06:27.997 [INFO] main.cpp:357 -   平均延迟:     0.00 ms
2026-05-26 10:06:27.997 [INFO] main.cpp:358 -   最大延迟:     0.00 ms
2026-05-26 10:06:27.997 [INFO] main.cpp:359 -   总线争用次数: 0
2026-05-26 10:06:27.997 [INFO] main.cpp:368 - ======== 轮询统计 ========
2026-05-26 10:06:27.997 [INFO] main.cpp:369 -   任务组数:     20
2026-05-26 10:06:27.997 [INFO] main.cpp:370 -   成功事务:     0
2026-05-26 10:06:27.997 [INFO] main.cpp:371 -   失败事务:     320
2026-05-26 10:06:27.997 [INFO] main.cpp:373 -   成功率:       0.0%
2026-05-26 10:06:27.997 [INFO] main.cpp:378 - ======== 命令队列统计 ========
2026-05-26 10:06:27.997 [INFO] main.cpp:379 -   已提交: 0  已执行: 0  成功: 0  失败: 0
2026-05-26 10:06:27.997 [INFO] main.cpp:384 -   队列大小: 0  平均耗时: 0.0ms
2026-05-26 10:06:28.998 [INFO] main.cpp:352 - ======== 总线统计 ========
2026-05-26 10:06:28.998 [INFO] main.cpp:353 -   总事务数:     340
2026-05-26 10:06:28.998 [INFO] main.cpp:354 -   总错误数:     340
2026-05-26 10:06:28.998 [INFO] main.cpp:355 -   发送字节数:   2720
2026-05-26 10:06:28.998 [INFO] main.cpp:356 -   接收字节数:   0
2026-05-26 10:06:28.998 [INFO] main.cpp:357 -   平均延迟:     0.00 ms
2026-05-26 10:06:28.998 [INFO] main.cpp:358 -   最大延迟:     0.00 ms
2026-05-26 10:06:28.998 [INFO] main.cpp:359 -   总线争用次数: 0
2026-05-26 10:06:28.998 [INFO] main.cpp:368 - ======== 轮询统计 ========
2026-05-26 10:06:28.998 [INFO] main.cpp:369 -   任务组数:     20
2026-05-26 10:06:28.998 [INFO] main.cpp:370 -   成功事务:     0
2026-05-26 10:06:28.998 [INFO] main.cpp:371 -   失败事务:     340
2026-05-26 10:06:28.998 [INFO] main.cpp:373 -   成功率:       0.0%
2026-05-26 10:06:28.998 [INFO] main.cpp:378 - ======== 命令队列统计 ========
2026-05-26 10:06:28.998 [INFO] main.cpp:379 -   已提交: 0  已执行: 0  成功: 0  失败: 0
2026-05-26 10:06:28.998 [INFO] main.cpp:384 -   队列大小: 0  平均耗时: 0.0ms
2026-05-26 10:06:30.000 [INFO] main.cpp:352 - ======== 总线统计 ========
2026-05-26 10:06:30.000 [INFO] main.cpp:353 -   总事务数:     340
2026-05-26 10:06:30.000 [INFO] main.cpp:354 -   总错误数:     340
2026-05-26 10:06:30.000 [INFO] main.cpp:355 -   发送字节数:   2720
2026-05-26 10:06:30.000 [INFO] main.cpp:356 -   接收字节数:   0
2026-05-26 10:06:30.000 [INFO] main.cpp:357 -   平均延迟:     0.00 ms
2026-05-26 10:06:30.000 [INFO] main.cpp:358 -   最大延迟:     0.00 ms
2026-05-26 10:06:30.000 [INFO] main.cpp:359 -   总线争用次数: 0
2026-05-26 10:06:30.000 [INFO] main.cpp:368 - ======== 轮询统计 ========
2026-05-26 10:06:30.000 [INFO] main.cpp:369 -   任务组数:     20
2026-05-26 10:06:30.000 [INFO] main.cpp:370 -   成功事务:     0
2026-05-26 10:06:30.000 [INFO] main.cpp:371 -   失败事务:     340
2026-05-26 10:06:30.000 [INFO] main.cpp:373 -   成功率:       0.0%
2026-05-26 10:06:30.000 [INFO] main.cpp:378 - ======== 命令队列统计 ========
2026-05-26 10:06:30.000 [INFO] main.cpp:379 -   已提交: 0  已执行: 0  成功: 0  失败: 0
2026-05-26 10:06:30.000 [INFO] main.cpp:384 -   队列大小: 0  平均耗时: 0.0ms
2026-05-26 10:06:31.001 [INFO] main.cpp:352 - ======== 总线统计 ========
2026-05-26 10:06:31.001 [INFO] main.cpp:353 -   总事务数:     340
2026-05-26 10:06:31.001 [INFO] main.cpp:354 -   总错误数:     340
2026-05-26 10:06:31.002 [INFO] main.cpp:355 -   发送字节数:   2720
2026-05-26 10:06:31.002 [INFO] main.cpp:356 -   接收字节数:   0
2026-05-26 10:06:31.002 [INFO] main.cpp:357 -   平均延迟:     0.00 ms
2026-05-26 10:06:31.002 [INFO] main.cpp:358 -   最大延迟:     0.00 ms
2026-05-26 10:06:31.002 [INFO] main.cpp:359 -   总线争用次数: 0
2026-05-26 10:06:31.002 [INFO] main.cpp:368 - ======== 轮询统计 ========
2026-05-26 10:06:31.002 [INFO] main.cpp:369 -   任务组数:     20
2026-05-26 10:06:31.002 [INFO] main.cpp:370 -   成功事务:     0
2026-05-26 10:06:31.002 [INFO] main.cpp:371 -   失败事务:     340
2026-05-26 10:06:31.002 [INFO] main.cpp:373 -   成功率:       0.0%
2026-05-26 10:06:31.002 [INFO] main.cpp:378 - ======== 命令队列统计 ========
2026-05-26 10:06:31.002 [INFO] main.cpp:379 -   已提交: 0  已执行: 0  成功: 0  失败: 0
2026-05-26 10:06:31.002 [INFO] main.cpp:384 -   队列大小: 0  平均耗时: 0.0ms
2026-05-26 10:06:32.003 [INFO] main.cpp:352 - ======== 总线统计 ========
2026-05-26 10:06:32.003 [INFO] main.cpp:353 -   总事务数:     340
2026-05-26 10:06:32.003 [INFO] main.cpp:354 -   总错误数:     340
2026-05-26 10:06:32.003 [INFO] main.cpp:355 -   发送字节数:   2720
2026-05-26 10:06:32.003 [INFO] main.cpp:356 -   接收字节数:   0
2026-05-26 10:06:32.003 [INFO] main.cpp:357 -   平均延迟:     0.00 ms
2026-05-26 10:06:32.003 [INFO] main.cpp:358 -   最大延迟:     0.00 ms
2026-05-26 10:06:32.003 [INFO] main.cpp:359 -   总线争用次数: 0
2026-05-26 10:06:32.003 [INFO] main.cpp:368 - ======== 轮询统计 ========
2026-05-26 10:06:32.004 [INFO] main.cpp:369 -   任务组数:     20
2026-05-26 10:06:32.004 [INFO] main.cpp:370 -   成功事务:     0
2026-05-26 10:06:32.004 [INFO] main.cpp:371 -   失败事务:     340
2026-05-26 10:06:32.004 [INFO] main.cpp:373 -   成功率:       0.0%
2026-05-26 10:06:32.004 [INFO] main.cpp:378 - ======== 命令队列统计 ========
2026-05-26 10:06:32.004 [INFO] main.cpp:379 -   已提交: 0  已执行: 0  成功: 0  失败: 0
2026-05-26 10:06:32.004 [INFO] main.cpp:384 -   队列大小: 0  平均耗时: 0.0ms
2026-05-26 10:06:33.005 [INFO] main.cpp:352 - ======== 总线统计 ========
2026-05-26 10:06:33.005 [INFO] main.cpp:353 -   总事务数:     360
2026-05-26 10:06:33.005 [INFO] main.cpp:354 -   总错误数:     340
2026-05-26 10:06:33.005 [INFO] main.cpp:355 -   发送字节数:   2880
2026-05-26 10:06:33.005 [INFO] main.cpp:356 -   接收字节数:   0
2026-05-26 10:06:33.005 [INFO] main.cpp:357 -   平均延迟:     0.00 ms
2026-05-26 10:06:33.005 [INFO] main.cpp:358 -   最大延迟:     0.00 ms
2026-05-26 10:06:33.005 [INFO] main.cpp:359 -   总线争用次数: 0
2026-05-26 10:06:33.005 [INFO] main.cpp:368 - ======== 轮询统计 ========
2026-05-26 10:06:33.005 [INFO] main.cpp:369 -   任务组数:     20
2026-05-26 10:06:33.005 [INFO] main.cpp:370 -   成功事务:     0
2026-05-26 10:06:33.005 [INFO] main.cpp:371 -   失败事务:     340
2026-05-26 10:06:33.005 [INFO] main.cpp:373 -   成功率:       0.0%
2026-05-26 10:06:33.005 [INFO] main.cpp:378 - ======== 命令队列统计 ========
2026-05-26 10:06:33.005 [INFO] main.cpp:379 -   已提交: 0  已执行: 0  成功: 0  失败: 0
2026-05-26 10:06:33.005 [INFO] main.cpp:384 -   队列大小: 0  平均耗时: 0.0ms
2026-05-26 10:06:34.007 [INFO] main.cpp:352 - ======== 总线统计 ========
2026-05-26 10:06:34.007 [INFO] main.cpp:353 -   总事务数:     360
2026-05-26 10:06:34.007 [INFO] main.cpp:354 -   总错误数:     360
2026-05-26 10:06:34.007 [INFO] main.cpp:355 -   发送字节数:   2880
2026-05-26 10:06:34.007 [INFO] main.cpp:356 -   接收字节数:   0
2026-05-26 10:06:34.007 [INFO] main.cpp:357 -   平均延迟:     0.00 ms
2026-05-26 10:06:34.007 [INFO] main.cpp:358 -   最大延迟:     0.00 ms
2026-05-26 10:06:34.007 [INFO] main.cpp:359 -   总线争用次数: 0
2026-05-26 10:06:34.007 [INFO] main.cpp:368 - ======== 轮询统计 ========
2026-05-26 10:06:34.007 [INFO] main.cpp:369 -   任务组数:     20
2026-05-26 10:06:34.007 [INFO] main.cpp:370 -   成功事务:     0
2026-05-26 10:06:34.007 [INFO] main.cpp:371 -   失败事务:     360
2026-05-26 10:06:34.007 [INFO] main.cpp:373 -   成功率:       0.0%
2026-05-26 10:06:34.007 [INFO] main.cpp:378 - ======== 命令队列统计 ========
2026-05-26 10:06:34.007 [INFO] main.cpp:379 -   已提交: 0  已执行: 0  成功: 0  失败: 0
2026-05-26 10:06:34.007 [INFO] main.cpp:384 -   队列大小: 0  平均耗时: 0.0ms
2026-05-26 10:06:35.008 [INFO] main.cpp:352 - ======== 总线统计 ========
2026-05-26 10:06:35.008 [INFO] main.cpp:353 -   总事务数:     360
2026-05-26 10:06:35.008 [INFO] main.cpp:354 -   总错误数:     360
2026-05-26 10:06:35.008 [INFO] main.cpp:355 -   发送字节数:   2880
2026-05-26 10:06:35.008 [INFO] main.cpp:356 -   接收字节数:   0
2026-05-26 10:06:35.008 [INFO] main.cpp:357 -   平均延迟:     0.00 ms
2026-05-26 10:06:35.008 [INFO] main.cpp:358 -   最大延迟:     0.00 ms
2026-05-26 10:06:35.008 [INFO] main.cpp:359 -   总线争用次数: 0
2026-05-26 10:06:35.008 [INFO] main.cpp:368 - ======== 轮询统计 ========
2026-05-26 10:06:35.008 [INFO] main.cpp:369 -   任务组数:     20
2026-05-26 10:06:35.008 [INFO] main.cpp:370 -   成功事务:     0
2026-05-26 10:06:35.008 [INFO] main.cpp:371 -   失败事务:     360
2026-05-26 10:06:35.009 [INFO] main.cpp:373 -   成功率:       0.0%
2026-05-26 10:06:35.009 [INFO] main.cpp:378 - ======== 命令队列统计 ========
2026-05-26 10:06:35.009 [INFO] main.cpp:379 -   已提交: 0  已执行: 0  成功: 0  失败: 0
2026-05-26 10:06:35.009 [INFO] main.cpp:384 -   队列大小: 0  平均耗时: 0.0ms
2026-05-26 10:06:36.010 [INFO] main.cpp:352 - ======== 总线统计 ========
2026-05-26 10:06:36.010 [INFO] main.cpp:353 -   总事务数:     360
2026-05-26 10:06:36.010 [INFO] main.cpp:354 -   总错误数:     360
2026-05-26 10:06:36.010 [INFO] main.cpp:355 -   发送字节数:   2880
2026-05-26 10:06:36.010 [INFO] main.cpp:356 -   接收字节数:   0
2026-05-26 10:06:36.010 [INFO] main.cpp:357 -   平均延迟:     0.00 ms
2026-05-26 10:06:36.010 [INFO] main.cpp:358 -   最大延迟:     0.00 ms
2026-05-26 10:06:36.010 [INFO] main.cpp:359 -   总线争用次数: 0
2026-05-26 10:06:36.010 [INFO] main.cpp:368 - ======== 轮询统计 ========
2026-05-26 10:06:36.010 [INFO] main.cpp:369 -   任务组数:     20
2026-05-26 10:06:36.010 [INFO] main.cpp:370 -   成功事务:     0
2026-05-26 10:06:36.010 [INFO] main.cpp:371 -   失败事务:     360
2026-05-26 10:06:36.010 [INFO] main.cpp:373 -   成功率:       0.0%
2026-05-26 10:06:36.010 [INFO] main.cpp:378 - ======== 命令队列统计 ========
2026-05-26 10:06:36.010 [INFO] main.cpp:379 -   已提交: 0  已执行: 0  成功: 0  失败: 0
2026-05-26 10:06:36.010 [INFO] main.cpp:384 -   队列大小: 0  平均耗时: 0.0ms
2026-05-26 10:06:37.011 [INFO] main.cpp:352 - ======== 总线统计 ========
2026-05-26 10:06:37.011 [INFO] main.cpp:353 -   总事务数:     360
2026-05-26 10:06:37.011 [INFO] main.cpp:354 -   总错误数:     360
2026-05-26 10:06:37.011 [INFO] main.cpp:355 -   发送字节数:   2880
2026-05-26 10:06:37.011 [INFO] main.cpp:356 -   接收字节数:   0
2026-05-26 10:06:37.012 [INFO] main.cpp:357 -   平均延迟:     0.00 ms
2026-05-26 10:06:37.012 [INFO] main.cpp:358 -   最大延迟:     0.00 ms
2026-05-26 10:06:37.012 [INFO] main.cpp:359 -   总线争用次数: 0
2026-05-26 10:06:37.012 [INFO] main.cpp:368 - ======== 轮询统计 ========
2026-05-26 10:06:37.012 [INFO] main.cpp:369 -   任务组数:     20
2026-05-26 10:06:37.012 [INFO] main.cpp:370 -   成功事务:     0
2026-05-26 10:06:37.012 [INFO] main.cpp:371 -   失败事务:     360
2026-05-26 10:06:37.012 [INFO] main.cpp:373 -   成功率:       0.0%
2026-05-26 10:06:37.012 [INFO] main.cpp:378 - ======== 命令队列统计 ========
2026-05-26 10:06:37.012 [INFO] main.cpp:379 -   已提交: 0  已执行: 0  成功: 0  失败: 0
2026-05-26 10:06:37.012 [INFO] main.cpp:384 -   队列大小: 0  平均耗时: 0.0ms
2026-05-26 10:06:38.013 [INFO] main.cpp:352 - ======== 总线统计 ========
2026-05-26 10:06:38.013 [INFO] main.cpp:353 -   总事务数:     380
2026-05-26 10:06:38.013 [INFO] main.cpp:354 -   总错误数:     360
2026-05-26 10:06:38.013 [INFO] main.cpp:355 -   发送字节数:   3040
2026-05-26 10:06:38.013 [INFO] main.cpp:356 -   接收字节数:   0
2026-05-26 10:06:38.013 [INFO] main.cpp:357 -   平均延迟:     0.00 ms
2026-05-26 10:06:38.013 [INFO] main.cpp:358 -   最大延迟:     0.00 ms
2026-05-26 10:06:38.013 [INFO] main.cpp:359 -   总线争用次数: 0
2026-05-26 10:06:38.013 [INFO] main.cpp:368 - ======== 轮询统计 ========
2026-05-26 10:06:38.013 [INFO] main.cpp:369 -   任务组数:     20
2026-05-26 10:06:38.013 [INFO] main.cpp:370 -   成功事务:     0
2026-05-26 10:06:38.013 [INFO] main.cpp:371 -   失败事务:     360
2026-05-26 10:06:38.013 [INFO] main.cpp:373 -   成功率:       0.0%
2026-05-26 10:06:38.014 [INFO] main.cpp:378 - ======== 命令队列统计 ========
2026-05-26 10:06:38.014 [INFO] main.cpp:379 -   已提交: 0  已执行: 0  成功: 0  失败: 0
2026-05-26 10:06:38.014 [INFO] main.cpp:384 -   队列大小: 0  平均耗时: 0.0ms
2026-05-26 10:06:39.014 [INFO] main.cpp:352 - ======== 总线统计 ========
2026-05-26 10:06:39.015 [INFO] main.cpp:353 -   总事务数:     380
2026-05-26 10:06:39.016 [INFO] main.cpp:354 -   总错误数:     380
2026-05-26 10:06:39.016 [INFO] main.cpp:355 -   发送字节数:   3040
2026-05-26 10:06:39.016 [INFO] main.cpp:356 -   接收字节数:   0
2026-05-26 10:06:39.016 [INFO] main.cpp:357 -   平均延迟:     0.00 ms
2026-05-26 10:06:39.016 [INFO] main.cpp:358 -   最大延迟:     0.00 ms
2026-05-26 10:06:39.016 [INFO] main.cpp:359 -   总线争用次数: 0
2026-05-26 10:06:39.016 [INFO] main.cpp:368 - ======== 轮询统计 ========
2026-05-26 10:06:39.016 [INFO] main.cpp:369 -   任务组数:     20
2026-05-26 10:06:39.016 [INFO] main.cpp:370 -   成功事务:     0
2026-05-26 10:06:39.016 [INFO] main.cpp:371 -   失败事务:     380
2026-05-26 10:06:39.016 [INFO] main.cpp:373 -   成功率:       0.0%
2026-05-26 10:06:39.016 [INFO] main.cpp:378 - ======== 命令队列统计 ========
2026-05-26 10:06:39.016 [INFO] main.cpp:379 -   已提交: 0  已执行: 0  成功: 0  失败: 0
2026-05-26 10:06:39.016 [INFO] main.cpp:384 -   队列大小: 0  平均耗时: 0.0ms
2026-05-26 10:06:40.017 [INFO] main.cpp:352 - ======== 总线统计 ========
2026-05-26 10:06:40.017 [INFO] main.cpp:353 -   总事务数:     380
2026-05-26 10:06:40.017 [INFO] main.cpp:354 -   总错误数:     380
2026-05-26 10:06:40.018 [INFO] main.cpp:355 -   发送字节数:   3040
2026-05-26 10:06:40.018 [INFO] main.cpp:356 -   接收字节数:   0
2026-05-26 10:06:40.018 [INFO] main.cpp:357 -   平均延迟:     0.00 ms
2026-05-26 10:06:40.018 [INFO] main.cpp:358 -   最大延迟:     0.00 ms
2026-05-26 10:06:40.018 [INFO] main.cpp:359 -   总线争用次数: 0
2026-05-26 10:06:40.018 [INFO] main.cpp:368 - ======== 轮询统计 ========
2026-05-26 10:06:40.018 [INFO] main.cpp:369 -   任务组数:     20
2026-05-26 10:06:40.018 [INFO] main.cpp:370 -   成功事务:     0
2026-05-26 10:06:40.018 [INFO] main.cpp:371 -   失败事务:     380
2026-05-26 10:06:40.018 [INFO] main.cpp:373 -   成功率:       0.0%
2026-05-26 10:06:40.018 [INFO] main.cpp:378 - ======== 命令队列统计 ========
2026-05-26 10:06:40.018 [INFO] main.cpp:379 -   已提交: 0  已执行: 0  成功: 0  失败: 0
2026-05-26 10:06:40.018 [INFO] main.cpp:384 -   队列大小: 0  平均耗时: 0.0ms
2026-05-26 10:06:41.019 [INFO] main.cpp:352 - ======== 总线统计 ========
2026-05-26 10:06:41.019 [INFO] main.cpp:353 -   总事务数:     380
2026-05-26 10:06:41.019 [INFO] main.cpp:354 -   总错误数:     380
2026-05-26 10:06:41.019 [INFO] main.cpp:355 -   发送字节数:   3040
2026-05-26 10:06:41.019 [INFO] main.cpp:356 -   接收字节数:   0
2026-05-26 10:06:41.019 [INFO] main.cpp:357 -   平均延迟:     0.00 ms
2026-05-26 10:06:41.019 [INFO] main.cpp:358 -   最大延迟:     0.00 ms
2026-05-26 10:06:41.019 [INFO] main.cpp:359 -   总线争用次数: 0
2026-05-26 10:06:41.019 [INFO] main.cpp:368 - ======== 轮询统计 ========
2026-05-26 10:06:41.020 [INFO] main.cpp:369 -   任务组数:     20
2026-05-26 10:06:41.020 [INFO] main.cpp:370 -   成功事务:     0
2026-05-26 10:06:41.020 [INFO] main.cpp:371 -   失败事务:     380
2026-05-26 10:06:41.020 [INFO] main.cpp:373 -   成功率:       0.0%
2026-05-26 10:06:41.020 [INFO] main.cpp:378 - ======== 命令队列统计 ========
2026-05-26 10:06:41.020 [INFO] main.cpp:379 -   已提交: 0  已执行: 0  成功: 0  失败: 0
2026-05-26 10:06:41.020 [INFO] main.cpp:384 -   队列大小: 0  平均耗时: 0.0ms
2026-05-26 10:06:42.020 [INFO] main.cpp:352 - ======== 总线统计 ========
2026-05-26 10:06:42.020 [INFO] main.cpp:353 -   总事务数:     380
2026-05-26 10:06:42.020 [INFO] main.cpp:354 -   总错误数:     380
2026-05-26 10:06:42.020 [INFO] main.cpp:355 -   发送字节数:   3040
2026-05-26 10:06:42.020 [INFO] main.cpp:356 -   接收字节数:   0
2026-05-26 10:06:42.021 [INFO] main.cpp:357 -   平均延迟:     0.00 ms
2026-05-26 10:06:42.021 [INFO] main.cpp:358 -   最大延迟:     0.00 ms
2026-05-26 10:06:42.021 [INFO] main.cpp:359 -   总线争用次数: 0
2026-05-26 10:06:42.021 [INFO] main.cpp:368 - ======== 轮询统计 ========
2026-05-26 10:06:42.021 [INFO] main.cpp:369 -   任务组数:     20
2026-05-26 10:06:42.021 [INFO] main.cpp:370 -   成功事务:     0
2026-05-26 10:06:42.021 [INFO] main.cpp:371 -   失败事务:     380
2026-05-26 10:06:42.021 [INFO] main.cpp:373 -   成功率:       0.0%
2026-05-26 10:06:42.021 [INFO] main.cpp:378 - ======== 命令队列统计 ========
2026-05-26 10:06:42.021 [INFO] main.cpp:379 -   已提交: 0  已执行: 0  成功: 0  失败: 0
2026-05-26 10:06:42.021 [INFO] main.cpp:384 -   队列大小: 0  平均耗时: 0.0ms
2026-05-26 10:06:43.022 [INFO] main.cpp:352 - ======== 总线统计 ========
2026-05-26 10:06:43.022 [INFO] main.cpp:353 -   总事务数:     400
2026-05-26 10:06:43.022 [INFO] main.cpp:354 -   总错误数:     380
2026-05-26 10:06:43.022 [INFO] main.cpp:355 -   发送字节数:   3200
2026-05-26 10:06:43.022 [INFO] main.cpp:356 -   接收字节数:   0
2026-05-26 10:06:43.022 [INFO] main.cpp:357 -   平均延迟:     0.00 ms
2026-05-26 10:06:43.022 [INFO] main.cpp:358 -   最大延迟:     0.00 ms
2026-05-26 10:06:43.022 [INFO] main.cpp:359 -   总线争用次数: 0
2026-05-26 10:06:43.023 [INFO] main.cpp:368 - ======== 轮询统计 ========
2026-05-26 10:06:43.023 [INFO] main.cpp:369 -   任务组数:     20
2026-05-26 10:06:43.023 [INFO] main.cpp:370 -   成功事务:     0
2026-05-26 10:06:43.023 [INFO] main.cpp:371 -   失败事务:     380
2026-05-26 10:06:43.023 [INFO] main.cpp:373 -   成功率:       0.0%
2026-05-26 10:06:43.023 [INFO] main.cpp:378 - ======== 命令队列统计 ========
2026-05-26 10:06:43.023 [INFO] main.cpp:379 -   已提交: 0  已执行: 0  成功: 0  失败: 0
2026-05-26 10:06:43.023 [INFO] main.cpp:384 -   队列大小: 0  平均耗时: 0.0ms
2026-05-26 10:06:44.024 [INFO] main.cpp:352 - ======== 总线统计 ========
2026-05-26 10:06:44.024 [INFO] main.cpp:353 -   总事务数:     400
2026-05-26 10:06:44.025 [INFO] main.cpp:354 -   总错误数:     400
2026-05-26 10:06:44.025 [INFO] main.cpp:355 -   发送字节数:   3200
2026-05-26 10:06:44.025 [INFO] main.cpp:356 -   接收字节数:   0
2026-05-26 10:06:44.025 [INFO] main.cpp:357 -   平均延迟:     0.00 ms
2026-05-26 10:06:44.025 [INFO] main.cpp:358 -   最大延迟:     0.00 ms
2026-05-26 10:06:44.025 [INFO] main.cpp:359 -   总线争用次数: 0
2026-05-26 10:06:44.025 [INFO] main.cpp:368 - ======== 轮询统计 ========
2026-05-26 10:06:44.025 [INFO] main.cpp:369 -   任务组数:     20
2026-05-26 10:06:44.025 [INFO] main.cpp:370 -   成功事务:     0
2026-05-26 10:06:44.025 [INFO] main.cpp:371 -   失败事务:     400
2026-05-26 10:06:44.025 [INFO] main.cpp:373 -   成功率:       0.0%
2026-05-26 10:06:44.026 [INFO] main.cpp:378 - ======== 命令队列统计 ========
2026-05-26 10:06:44.026 [INFO] main.cpp:379 -   已提交: 0  已执行: 0  成功: 0  失败: 0
2026-05-26 10:06:44.026 [INFO] main.cpp:384 -   队列大小: 0  平均耗时: 0.0ms
2026-05-26 10:06:45.026 [INFO] main.cpp:352 - ======== 总线统计 ========
2026-05-26 10:06:45.027 [INFO] main.cpp:353 -   总事务数:     400
2026-05-26 10:06:45.027 [INFO] main.cpp:354 -   总错误数:     400
2026-05-26 10:06:45.027 [INFO] main.cpp:355 -   发送字节数:   3200
2026-05-26 10:06:45.027 [INFO] main.cpp:356 -   接收字节数:   0
2026-05-26 10:06:45.027 [INFO] main.cpp:357 -   平均延迟:     0.00 ms
2026-05-26 10:06:45.027 [INFO] main.cpp:358 -   最大延迟:     0.00 ms
2026-05-26 10:06:45.027 [INFO] main.cpp:359 -   总线争用次数: 0
2026-05-26 10:06:45.027 [INFO] main.cpp:368 - ======== 轮询统计 ========
2026-05-26 10:06:45.027 [INFO] main.cpp:369 -   任务组数:     20
2026-05-26 10:06:45.027 [INFO] main.cpp:370 -   成功事务:     0
2026-05-26 10:06:45.027 [INFO] main.cpp:371 -   失败事务:     400
2026-05-26 10:06:45.027 [INFO] main.cpp:373 -   成功率:       0.0%
2026-05-26 10:06:45.027 [INFO] main.cpp:378 - ======== 命令队列统计 ========
2026-05-26 10:06:45.027 [INFO] main.cpp:379 -   已提交: 0  已执行: 0  成功: 0  失败: 0
2026-05-26 10:06:45.027 [INFO] main.cpp:384 -   队列大小: 0  平均耗时: 0.0ms
2026-05-26 10:06:46.028 [INFO] main.cpp:352 - ======== 总线统计 ========
2026-05-26 10:06:46.028 [INFO] main.cpp:353 -   总事务数:     400
2026-05-26 10:06:46.028 [INFO] main.cpp:354 -   总错误数:     400
2026-05-26 10:06:46.028 [INFO] main.cpp:355 -   发送字节数:   3200
2026-05-26 10:06:46.028 [INFO] main.cpp:356 -   接收字节数:   0
2026-05-26 10:06:46.028 [INFO] main.cpp:357 -   平均延迟:     0.00 ms
2026-05-26 10:06:46.028 [INFO] main.cpp:358 -   最大延迟:     0.00 ms
2026-05-26 10:06:46.028 [INFO] main.cpp:359 -   总线争用次数: 0
2026-05-26 10:06:46.029 [INFO] main.cpp:368 - ======== 轮询统计 ========
2026-05-26 10:06:46.029 [INFO] main.cpp:369 -   任务组数:     20
2026-05-26 10:06:46.029 [INFO] main.cpp:370 -   成功事务:     0
2026-05-26 10:06:46.029 [INFO] main.cpp:371 -   失败事务:     400
2026-05-26 10:06:46.029 [INFO] main.cpp:373 -   成功率:       0.0%
2026-05-26 10:06:46.029 [INFO] main.cpp:378 - ======== 命令队列统计 ========
2026-05-26 10:06:46.029 [INFO] main.cpp:379 -   已提交: 0  已执行: 0  成功: 0  失败: 0
2026-05-26 10:06:46.029 [INFO] main.cpp:384 -   队列大小: 0  平均耗时: 0.0ms
2026-05-26 10:06:47.030 [INFO] main.cpp:352 - ======== 总线统计 ========
2026-05-26 10:06:47.030 [INFO] main.cpp:353 -   总事务数:     400
2026-05-26 10:06:47.030 [INFO] main.cpp:354 -   总错误数:     400
2026-05-26 10:06:47.030 [INFO] main.cpp:355 -   发送字节数:   3200
2026-05-26 10:06:47.030 [INFO] main.cpp:356 -   接收字节数:   0
2026-05-26 10:06:47.030 [INFO] main.cpp:357 -   平均延迟:     0.00 ms
2026-05-26 10:06:47.030 [INFO] main.cpp:358 -   最大延迟:     0.00 ms
2026-05-26 10:06:47.030 [INFO] main.cpp:359 -   总线争用次数: 0
2026-05-26 10:06:47.030 [INFO] main.cpp:368 - ======== 轮询统计 ========
2026-05-26 10:06:47.030 [INFO] main.cpp:369 -   任务组数:     20
2026-05-26 10:06:47.030 [INFO] main.cpp:370 -   成功事务:     0
2026-05-26 10:06:47.030 [INFO] main.cpp:371 -   失败事务:     400
2026-05-26 10:06:47.030 [INFO] main.cpp:373 -   成功率:       0.0%
2026-05-26 10:06:47.031 [INFO] main.cpp:378 - ======== 命令队列统计 ========
2026-05-26 10:06:47.031 [INFO] main.cpp:379 -   已提交: 0  已执行: 0  成功: 0  失败: 0
2026-05-26 10:06:47.031 [INFO] main.cpp:384 -   队列大小: 0  平均耗时: 0.0ms
2026-05-26 10:06:48.031 [INFO] main.cpp:352 - ======== 总线统计 ========
2026-05-26 10:06:48.031 [INFO] main.cpp:353 -   总事务数:     420
2026-05-26 10:06:48.031 [INFO] main.cpp:354 -   总错误数:     400
2026-05-26 10:06:48.031 [INFO] main.cpp:355 -   发送字节数:   3360
2026-05-26 10:06:48.031 [INFO] main.cpp:356 -   接收字节数:   0
2026-05-26 10:06:48.031 [INFO] main.cpp:357 -   平均延迟:     0.00 ms
2026-05-26 10:06:48.031 [INFO] main.cpp:358 -   最大延迟:     0.00 ms
2026-05-26 10:06:48.032 [INFO] main.cpp:359 -   总线争用次数: 0
2026-05-26 10:06:48.032 [INFO] main.cpp:368 - ======== 轮询统计 ========
2026-05-26 10:06:48.032 [INFO] main.cpp:369 -   任务组数:     20
2026-05-26 10:06:48.032 [INFO] main.cpp:370 -   成功事务:     0
2026-05-26 10:06:48.032 [INFO] main.cpp:371 -   失败事务:     400
2026-05-26 10:06:48.032 [INFO] main.cpp:373 -   成功率:       0.0%
2026-05-26 10:06:48.032 [INFO] main.cpp:378 - ======== 命令队列统计 ========
2026-05-26 10:06:48.032 [INFO] main.cpp:379 -   已提交: 0  已执行: 0  成功: 0  失败: 0
2026-05-26 10:06:48.032 [INFO] main.cpp:384 -   队列大小: 0  平均耗时: 0.0ms
2026-05-26 10:06:49.033 [INFO] main.cpp:352 - ======== 总线统计 ========
2026-05-26 10:06:49.033 [INFO] main.cpp:353 -   总事务数:     420
2026-05-26 10:06:49.033 [INFO] main.cpp:354 -   总错误数:     420
2026-05-26 10:06:49.033 [INFO] main.cpp:355 -   发送字节数:   3360
2026-05-26 10:06:49.033 [INFO] main.cpp:356 -   接收字节数:   0
2026-05-26 10:06:49.033 [INFO] main.cpp:357 -   平均延迟:     0.00 ms
2026-05-26 10:06:49.033 [INFO] main.cpp:358 -   最大延迟:     0.00 ms
2026-05-26 10:06:49.033 [INFO] main.cpp:359 -   总线争用次数: 0
2026-05-26 10:06:49.033 [INFO] main.cpp:368 - ======== 轮询统计 ========
2026-05-26 10:06:49.033 [INFO] main.cpp:369 -   任务组数:     20
2026-05-26 10:06:49.033 [INFO] main.cpp:370 -   成功事务:     0
2026-05-26 10:06:49.033 [INFO] main.cpp:371 -   失败事务:     420
2026-05-26 10:06:49.033 [INFO] main.cpp:373 -   成功率:       0.0%
2026-05-26 10:06:49.033 [INFO] main.cpp:378 - ======== 命令队列统计 ========
2026-05-26 10:06:49.033 [INFO] main.cpp:379 -   已提交: 0  已执行: 0  成功: 0  失败: 0
2026-05-26 10:06:49.034 [INFO] main.cpp:384 -   队列大小: 0  平均耗时: 0.0ms
2026-05-26 10:06:50.035 [INFO] main.cpp:352 - ======== 总线统计 ========
2026-05-26 10:06:50.035 [INFO] main.cpp:353 -   总事务数:     420
2026-05-26 10:06:50.035 [INFO] main.cpp:354 -   总错误数:     420
2026-05-26 10:06:50.035 [INFO] main.cpp:355 -   发送字节数:   3360
2026-05-26 10:06:50.035 [INFO] main.cpp:356 -   接收字节数:   0
2026-05-26 10:06:50.035 [INFO] main.cpp:357 -   平均延迟:     0.00 ms
2026-05-26 10:06:50.035 [INFO] main.cpp:358 -   最大延迟:     0.00 ms
2026-05-26 10:06:50.035 [INFO] main.cpp:359 -   总线争用次数: 0
2026-05-26 10:06:50.035 [INFO] main.cpp:368 - ======== 轮询统计 ========
2026-05-26 10:06:50.035 [INFO] main.cpp:369 -   任务组数:     20
2026-05-26 10:06:50.035 [INFO] main.cpp:370 -   成功事务:     0
2026-05-26 10:06:50.035 [INFO] main.cpp:371 -   失败事务:     420
2026-05-26 10:06:50.035 [INFO] main.cpp:373 -   成功率:       0.0%
2026-05-26 10:06:50.035 [INFO] main.cpp:378 - ======== 命令队列统计 ========
2026-05-26 10:06:50.035 [INFO] main.cpp:379 -   已提交: 0  已执行: 0  成功: 0  失败: 0
2026-05-26 10:06:50.035 [INFO] main.cpp:384 -   队列大小: 0  平均耗时: 0.0ms
2026-05-26 10:06:51.036 [INFO] main.cpp:352 - ======== 总线统计 ========
2026-05-26 10:06:51.037 [INFO] main.cpp:353 -   总事务数:     420
2026-05-26 10:06:51.037 [INFO] main.cpp:354 -   总错误数:     420
2026-05-26 10:06:51.037 [INFO] main.cpp:355 -   发送字节数:   3360
2026-05-26 10:06:51.037 [INFO] main.cpp:356 -   接收字节数:   0
2026-05-26 10:06:51.037 [INFO] main.cpp:357 -   平均延迟:     0.00 ms
2026-05-26 10:06:51.037 [INFO] main.cpp:358 -   最大延迟:     0.00 ms
2026-05-26 10:06:51.037 [INFO] main.cpp:359 -   总线争用次数: 0
2026-05-26 10:06:51.037 [INFO] main.cpp:368 - ======== 轮询统计 ========
2026-05-26 10:06:51.037 [INFO] main.cpp:369 -   任务组数:     20
2026-05-26 10:06:51.037 [INFO] main.cpp:370 -   成功事务:     0
2026-05-26 10:06:51.037 [INFO] main.cpp:371 -   失败事务:     420
2026-05-26 10:06:51.037 [INFO] main.cpp:373 -   成功率:       0.0%
2026-05-26 10:06:51.037 [INFO] main.cpp:378 - ======== 命令队列统计 ========
2026-05-26 10:06:51.037 [INFO] main.cpp:379 -   已提交: 0  已执行: 0  成功: 0  失败: 0
2026-05-26 10:06:51.037 [INFO] main.cpp:384 -   队列大小: 0  平均耗时: 0.0ms
2026-05-26 10:06:52.038 [INFO] main.cpp:352 - ======== 总线统计 ========
2026-05-26 10:06:52.038 [INFO] main.cpp:353 -   总事务数:     420
2026-05-26 10:06:52.038 [INFO] main.cpp:354 -   总错误数:     420
2026-05-26 10:06:52.038 [INFO] main.cpp:355 -   发送字节数:   3360
2026-05-26 10:06:52.038 [INFO] main.cpp:356 -   接收字节数:   0
2026-05-26 10:06:52.038 [INFO] main.cpp:357 -   平均延迟:     0.00 ms
2026-05-26 10:06:52.039 [INFO] main.cpp:358 -   最大延迟:     0.00 ms
2026-05-26 10:06:52.039 [INFO] main.cpp:359 -   总线争用次数: 0
2026-05-26 10:06:52.039 [INFO] main.cpp:368 - ======== 轮询统计 ========
2026-05-26 10:06:52.039 [INFO] main.cpp:369 -   任务组数:     20
2026-05-26 10:06:52.039 [INFO] main.cpp:370 -   成功事务:     0
2026-05-26 10:06:52.039 [INFO] main.cpp:371 -   失败事务:     420
2026-05-26 10:06:52.039 [INFO] main.cpp:373 -   成功率:       0.0%
2026-05-26 10:06:52.039 [INFO] main.cpp:378 - ======== 命令队列统计 ========
2026-05-26 10:06:52.039 [INFO] main.cpp:379 -   已提交: 0  已执行: 0  成功: 0  失败: 0
2026-05-26 10:06:52.039 [INFO] main.cpp:384 -   队列大小: 0  平均耗时: 0.0ms
2026-05-26 10:06:53.040 [INFO] main.cpp:352 - ======== 总线统计 ========
2026-05-26 10:06:53.040 [INFO] main.cpp:353 -   总事务数:     440
2026-05-26 10:06:53.040 [INFO] main.cpp:354 -   总错误数:     420
2026-05-26 10:06:53.040 [INFO] main.cpp:355 -   发送字节数:   3520
2026-05-26 10:06:53.040 [INFO] main.cpp:356 -   接收字节数:   0
2026-05-26 10:06:53.040 [INFO] main.cpp:357 -   平均延迟:     0.00 ms
2026-05-26 10:06:53.040 [INFO] main.cpp:358 -   最大延迟:     0.00 ms
2026-05-26 10:06:53.040 [INFO] main.cpp:359 -   总线争用次数: 0
2026-05-26 10:06:53.040 [INFO] main.cpp:368 - ======== 轮询统计 ========
2026-05-26 10:06:53.040 [INFO] main.cpp:369 -   任务组数:     20
2026-05-26 10:06:53.040 [INFO] main.cpp:370 -   成功事务:     0
2026-05-26 10:06:53.040 [INFO] main.cpp:371 -   失败事务:     420
2026-05-26 10:06:53.040 [INFO] main.cpp:373 -   成功率:       0.0%
2026-05-26 10:06:53.041 [INFO] main.cpp:378 - ======== 命令队列统计 ========
2026-05-26 10:06:53.041 [INFO] main.cpp:379 -   已提交: 0  已执行: 0  成功: 0  失败: 0
2026-05-26 10:06:53.041 [INFO] main.cpp:384 -   队列大小: 0  平均耗时: 0.0ms
2026-05-26 10:06:54.042 [INFO] main.cpp:352 - ======== 总线统计 ========
2026-05-26 10:06:54.042 [INFO] main.cpp:353 -   总事务数:     440
2026-05-26 10:06:54.042 [INFO] main.cpp:354 -   总错误数:     440
2026-05-26 10:06:54.042 [INFO] main.cpp:355 -   发送字节数:   3520
2026-05-26 10:06:54.042 [INFO] main.cpp:356 -   接收字节数:   0
2026-05-26 10:06:54.042 [INFO] main.cpp:357 -   平均延迟:     0.00 ms
2026-05-26 10:06:54.042 [INFO] main.cpp:358 -   最大延迟:     0.00 ms
2026-05-26 10:06:54.042 [INFO] main.cpp:359 -   总线争用次数: 0
2026-05-26 10:06:54.042 [INFO] main.cpp:368 - ======== 轮询统计 ========
2026-05-26 10:06:54.042 [INFO] main.cpp:369 -   任务组数:     20
2026-05-26 10:06:54.042 [INFO] main.cpp:370 -   成功事务:     0
2026-05-26 10:06:54.042 [INFO] main.cpp:371 -   失败事务:     440
2026-05-26 10:06:54.042 [INFO] main.cpp:373 -   成功率:       0.0%
2026-05-26 10:06:54.042 [INFO] main.cpp:378 - ======== 命令队列统计 ========
2026-05-26 10:06:54.042 [INFO] main.cpp:379 -   已提交: 0  已执行: 0  成功: 0  失败: 0
2026-05-26 10:06:54.042 [INFO] main.cpp:384 -   队列大小: 0  平均耗时: 0.0ms
2026-05-26 10:06:55.044 [INFO] main.cpp:352 - ======== 总线统计 ========
2026-05-26 10:06:55.044 [INFO] main.cpp:353 -   总事务数:     440
2026-05-26 10:06:55.044 [INFO] main.cpp:354 -   总错误数:     440
2026-05-26 10:06:55.044 [INFO] main.cpp:355 -   发送字节数:   3520
2026-05-26 10:06:55.044 [INFO] main.cpp:356 -   接收字节数:   0
2026-05-26 10:06:55.044 [INFO] main.cpp:357 -   平均延迟:     0.00 ms
2026-05-26 10:06:55.044 [INFO] main.cpp:358 -   最大延迟:     0.00 ms
2026-05-26 10:06:55.044 [INFO] main.cpp:359 -   总线争用次数: 0
2026-05-26 10:06:55.044 [INFO] main.cpp:368 - ======== 轮询统计 ========
2026-05-26 10:06:55.044 [INFO] main.cpp:369 -   任务组数:     20
2026-05-26 10:06:55.044 [INFO] main.cpp:370 -   成功事务:     0
2026-05-26 10:06:55.044 [INFO] main.cpp:371 -   失败事务:     440
2026-05-26 10:06:55.044 [INFO] main.cpp:373 -   成功率:       0.0%
2026-05-26 10:06:55.044 [INFO] main.cpp:378 - ======== 命令队列统计 ========
2026-05-26 10:06:55.044 [INFO] main.cpp:379 -   已提交: 0  已执行: 0  成功: 0  失败: 0
2026-05-26 10:06:55.044 [INFO] main.cpp:384 -   队列大小: 0  平均耗时: 0.0ms
2026-05-26 10:06:56.044 [INFO] main.cpp:352 - ======== 总线统计 ========
2026-05-26 10:06:56.045 [INFO] main.cpp:353 -   总事务数:     440
2026-05-26 10:06:56.045 [INFO] main.cpp:354 -   总错误数:     440
2026-05-26 10:06:56.045 [INFO] main.cpp:355 -   发送字节数:   3520
2026-05-26 10:06:56.045 [INFO] main.cpp:356 -   接收字节数:   0
2026-05-26 10:06:56.045 [INFO] main.cpp:357 -   平均延迟:     0.00 ms
2026-05-26 10:06:56.045 [INFO] main.cpp:358 -   最大延迟:     0.00 ms
2026-05-26 10:06:56.045 [INFO] main.cpp:359 -   总线争用次数: 0
2026-05-26 10:06:56.045 [INFO] main.cpp:368 - ======== 轮询统计 ========
2026-05-26 10:06:56.045 [INFO] main.cpp:369 -   任务组数:     20
2026-05-26 10:06:56.045 [INFO] main.cpp:370 -   成功事务:     0
2026-05-26 10:06:56.045 [INFO] main.cpp:371 -   失败事务:     440
2026-05-26 10:06:56.045 [INFO] main.cpp:373 -   成功率:       0.0%
2026-05-26 10:06:56.045 [INFO] main.cpp:378 - ======== 命令队列统计 ========
2026-05-26 10:06:56.045 [INFO] main.cpp:379 -   已提交: 0  已执行: 0  成功: 0  失败: 0
2026-05-26 10:06:56.045 [INFO] main.cpp:384 -   队列大小: 0  平均耗时: 0.0ms
2026-05-26 10:06:57.046 [INFO] main.cpp:352 - ======== 总线统计 ========
2026-05-26 10:06:57.046 [INFO] main.cpp:353 -   总事务数:     440
2026-05-26 10:06:57.046 [INFO] main.cpp:354 -   总错误数:     440
2026-05-26 10:06:57.046 [INFO] main.cpp:355 -   发送字节数:   3520
2026-05-26 10:06:57.046 [INFO] main.cpp:356 -   接收字节数:   0
2026-05-26 10:06:57.047 [INFO] main.cpp:357 -   平均延迟:     0.00 ms
2026-05-26 10:06:57.047 [INFO] main.cpp:358 -   最大延迟:     0.00 ms
2026-05-26 10:06:57.047 [INFO] main.cpp:359 -   总线争用次数: 0
2026-05-26 10:06:57.047 [INFO] main.cpp:368 - ======== 轮询统计 ========
2026-05-26 10:06:57.047 [INFO] main.cpp:369 -   任务组数:     20
2026-05-26 10:06:57.047 [INFO] main.cpp:370 -   成功事务:     0
2026-05-26 10:06:57.047 [INFO] main.cpp:371 -   失败事务:     440
2026-05-26 10:06:57.047 [INFO] main.cpp:373 -   成功率:       0.0%
2026-05-26 10:06:57.047 [INFO] main.cpp:378 - ======== 命令队列统计 ========
2026-05-26 10:06:57.047 [INFO] main.cpp:379 -   已提交: 0  已执行: 0  成功: 0  失败: 0
2026-05-26 10:06:57.047 [INFO] main.cpp:384 -   队列大小: 0  平均耗时: 0.0ms
2026-05-26 10:06:58.048 [INFO] main.cpp:352 - ======== 总线统计 ========
2026-05-26 10:06:58.048 [INFO] main.cpp:353 -   总事务数:     460
2026-05-26 10:06:58.048 [INFO] main.cpp:354 -   总错误数:     440
2026-05-26 10:06:58.048 [INFO] main.cpp:355 -   发送字节数:   3680
2026-05-26 10:06:58.048 [INFO] main.cpp:356 -   接收字节数:   0
2026-05-26 10:06:58.048 [INFO] main.cpp:357 -   平均延迟:     0.00 ms
2026-05-26 10:06:58.048 [INFO] main.cpp:358 -   最大延迟:     0.00 ms
2026-05-26 10:06:58.048 [INFO] main.cpp:359 -   总线争用次数: 0
2026-05-26 10:06:58.048 [INFO] main.cpp:368 - ======== 轮询统计 ========
2026-05-26 10:06:58.048 [INFO] main.cpp:369 -   任务组数:     20
2026-05-26 10:06:58.048 [INFO] main.cpp:370 -   成功事务:     0
2026-05-26 10:06:58.048 [INFO] main.cpp:371 -   失败事务:     440
2026-05-26 10:06:58.048 [INFO] main.cpp:373 -   成功率:       0.0%
2026-05-26 10:06:58.049 [INFO] main.cpp:378 - ======== 命令队列统计 ========
2026-05-26 10:06:58.049 [INFO] main.cpp:379 -   已提交: 0  已执行: 0  成功: 0  失败: 0
2026-05-26 10:06:58.049 [INFO] main.cpp:384 -   队列大小: 0  平均耗时: 0.0ms
2026-05-26 10:06:59.050 [INFO] main.cpp:352 - ======== 总线统计 ========
2026-05-26 10:06:59.050 [INFO] main.cpp:353 -   总事务数:     460
2026-05-26 10:06:59.050 [INFO] main.cpp:354 -   总错误数:     460
2026-05-26 10:06:59.050 [INFO] main.cpp:355 -   发送字节数:   3680
2026-05-26 10:06:59.050 [INFO] main.cpp:356 -   接收字节数:   0
2026-05-26 10:06:59.050 [INFO] main.cpp:357 -   平均延迟:     0.00 ms
2026-05-26 10:06:59.050 [INFO] main.cpp:358 -   最大延迟:     0.00 ms
2026-05-26 10:06:59.050 [INFO] main.cpp:359 -   总线争用次数: 0
2026-05-26 10:06:59.050 [INFO] main.cpp:368 - ======== 轮询统计 ========
2026-05-26 10:06:59.050 [INFO] main.cpp:369 -   任务组数:     20
2026-05-26 10:06:59.050 [INFO] main.cpp:370 -   成功事务:     0
2026-05-26 10:06:59.050 [INFO] main.cpp:371 -   失败事务:     460
2026-05-26 10:06:59.050 [INFO] main.cpp:373 -   成功率:       0.0%
2026-05-26 10:06:59.050 [INFO] main.cpp:378 - ======== 命令队列统计 ========
2026-05-26 10:06:59.050 [INFO] main.cpp:379 -   已提交: 0  已执行: 0  成功: 0  失败: 0
2026-05-26 10:06:59.050 [INFO] main.cpp:384 -   队列大小: 0  平均耗时: 0.0ms
2026-05-26 10:07:00.051 [INFO] main.cpp:352 - ======== 总线统计 ========
2026-05-26 10:07:00.052 [INFO] main.cpp:353 -   总事务数:     460
2026-05-26 10:07:00.052 [INFO] main.cpp:354 -   总错误数:     460
2026-05-26 10:07:00.052 [INFO] main.cpp:355 -   发送字节数:   3680
2026-05-26 10:07:00.052 [INFO] main.cpp:356 -   接收字节数:   0
2026-05-26 10:07:00.052 [INFO] main.cpp:357 -   平均延迟:     0.00 ms
2026-05-26 10:07:00.052 [INFO] main.cpp:358 -   最大延迟:     0.00 ms
2026-05-26 10:07:00.052 [INFO] main.cpp:359 -   总线争用次数: 0
2026-05-26 10:07:00.052 [INFO] main.cpp:368 - ======== 轮询统计 ========
2026-05-26 10:07:00.052 [INFO] main.cpp:369 -   任务组数:     20
2026-05-26 10:07:00.052 [INFO] main.cpp:370 -   成功事务:     0
2026-05-26 10:07:00.052 [INFO] main.cpp:371 -   失败事务:     460
2026-05-26 10:07:00.052 [INFO] main.cpp:373 -   成功率:       0.0%
2026-05-26 10:07:00.052 [INFO] main.cpp:378 - ======== 命令队列统计 ========
2026-05-26 10:07:00.052 [INFO] main.cpp:379 -   已提交: 0  已执行: 0  成功: 0  失败: 0
2026-05-26 10:07:00.052 [INFO] main.cpp:384 -   队列大小: 0  平均耗时: 0.0ms
2026-05-26 10:07:01.053 [INFO] main.cpp:352 - ======== 总线统计 ========
2026-05-26 10:07:01.053 [INFO] main.cpp:353 -   总事务数:     460
2026-05-26 10:07:01.053 [INFO] main.cpp:354 -   总错误数:     460
2026-05-26 10:07:01.053 [INFO] main.cpp:355 -   发送字节数:   3680
2026-05-26 10:07:01.053 [INFO] main.cpp:356 -   接收字节数:   0
2026-05-26 10:07:01.054 [INFO] main.cpp:357 -   平均延迟:     0.00 ms
2026-05-26 10:07:01.054 [INFO] main.cpp:358 -   最大延迟:     0.00 ms
2026-05-26 10:07:01.054 [INFO] main.cpp:359 -   总线争用次数: 0
2026-05-26 10:07:01.054 [INFO] main.cpp:368 - ======== 轮询统计 ========
2026-05-26 10:07:01.054 [INFO] main.cpp:369 -   任务组数:     20
2026-05-26 10:07:01.054 [INFO] main.cpp:370 -   成功事务:     0
2026-05-26 10:07:01.054 [INFO] main.cpp:371 -   失败事务:     460
2026-05-26 10:07:01.054 [INFO] main.cpp:373 -   成功率:       0.0%
2026-05-26 10:07:01.054 [INFO] main.cpp:378 - ======== 命令队列统计 ========
2026-05-26 10:07:01.054 [INFO] main.cpp:379 -   已提交: 0  已执行: 0  成功: 0  失败: 0
2026-05-26 10:07:01.054 [INFO] main.cpp:384 -   队列大小: 0  平均耗时: 0.0ms
2026-05-26 10:07:02.055 [INFO] main.cpp:352 - ======== 总线统计 ========
2026-05-26 10:07:02.055 [INFO] main.cpp:353 -   总事务数:     460
2026-05-26 10:07:02.055 [INFO] main.cpp:354 -   总错误数:     460
2026-05-26 10:07:02.055 [INFO] main.cpp:355 -   发送字节数:   3680
2026-05-26 10:07:02.055 [INFO] main.cpp:356 -   接收字节数:   0
2026-05-26 10:07:02.055 [INFO] main.cpp:357 -   平均延迟:     0.00 ms
2026-05-26 10:07:02.055 [INFO] main.cpp:358 -   最大延迟:     0.00 ms
2026-05-26 10:07:02.055 [INFO] main.cpp:359 -   总线争用次数: 0
2026-05-26 10:07:02.055 [INFO] main.cpp:368 - ======== 轮询统计 ========
2026-05-26 10:07:02.055 [INFO] main.cpp:369 -   任务组数:     20
2026-05-26 10:07:02.055 [INFO] main.cpp:370 -   成功事务:     0
2026-05-26 10:07:02.056 [INFO] main.cpp:371 -   失败事务:     460
2026-05-26 10:07:02.056 [INFO] main.cpp:373 -   成功率:       0.0%
2026-05-26 10:07:02.056 [INFO] main.cpp:378 - ======== 命令队列统计 ========
2026-05-26 10:07:02.056 [INFO] main.cpp:379 -   已提交: 0  已执行: 0  成功: 0  失败: 0
2026-05-26 10:07:02.056 [INFO] main.cpp:384 -   队列大小: 0  平均耗时: 0.0ms
2026-05-26 10:07:03.057 [INFO] main.cpp:352 - ======== 总线统计 ========
2026-05-26 10:07:03.057 [INFO] main.cpp:353 -   总事务数:     480
2026-05-26 10:07:03.057 [INFO] main.cpp:354 -   总错误数:     460
2026-05-26 10:07:03.057 [INFO] main.cpp:355 -   发送字节数:   3840
2026-05-26 10:07:03.057 [INFO] main.cpp:356 -   接收字节数:   0
2026-05-26 10:07:03.057 [INFO] main.cpp:357 -   平均延迟:     0.00 ms
2026-05-26 10:07:03.057 [INFO] main.cpp:358 -   最大延迟:     0.00 ms
2026-05-26 10:07:03.057 [INFO] main.cpp:359 -   总线争用次数: 0
2026-05-26 10:07:03.057 [INFO] main.cpp:368 - ======== 轮询统计 ========
2026-05-26 10:07:03.057 [INFO] main.cpp:369 -   任务组数:     20
2026-05-26 10:07:03.057 [INFO] main.cpp:370 -   成功事务:     0
2026-05-26 10:07:03.057 [INFO] main.cpp:371 -   失败事务:     460
2026-05-26 10:07:03.057 [INFO] main.cpp:373 -   成功率:       0.0%
2026-05-26 10:07:03.057 [INFO] main.cpp:378 - ======== 命令队列统计 ========
2026-05-26 10:07:03.057 [INFO] main.cpp:379 -   已提交: 0  已执行: 0  成功: 0  失败: 0
2026-05-26 10:07:03.057 [INFO] main.cpp:384 -   队列大小: 0  平均耗时: 0.0ms
2026-05-26 10:07:04.059 [INFO] main.cpp:352 - ======== 总线统计 ========
2026-05-26 10:07:04.059 [INFO] main.cpp:353 -   总事务数:     480
2026-05-26 10:07:04.059 [INFO] main.cpp:354 -   总错误数:     480
2026-05-26 10:07:04.059 [INFO] main.cpp:355 -   发送字节数:   3840
2026-05-26 10:07:04.059 [INFO] main.cpp:356 -   接收字节数:   0
2026-05-26 10:07:04.059 [INFO] main.cpp:357 -   平均延迟:     0.00 ms
2026-05-26 10:07:04.059 [INFO] main.cpp:358 -   最大延迟:     0.00 ms
2026-05-26 10:07:04.059 [INFO] main.cpp:359 -   总线争用次数: 0
2026-05-26 10:07:04.059 [INFO] main.cpp:368 - ======== 轮询统计 ========
2026-05-26 10:07:04.059 [INFO] main.cpp:369 -   任务组数:     20
2026-05-26 10:07:04.059 [INFO] main.cpp:370 -   成功事务:     0
2026-05-26 10:07:04.059 [INFO] main.cpp:371 -   失败事务:     480
2026-05-26 10:07:04.059 [INFO] main.cpp:373 -   成功率:       0.0%
2026-05-26 10:07:04.059 [INFO] main.cpp:378 - ======== 命令队列统计 ========
2026-05-26 10:07:04.059 [INFO] main.cpp:379 -   已提交: 0  已执行: 0  成功: 0  失败: 0
2026-05-26 10:07:04.059 [INFO] main.cpp:384 -   队列大小: 0  平均耗时: 0.0ms
2026-05-26 10:07:05.060 [INFO] main.cpp:352 - ======== 总线统计 ========
2026-05-26 10:07:05.060 [INFO] main.cpp:353 -   总事务数:     480
2026-05-26 10:07:05.061 [INFO] main.cpp:354 -   总错误数:     480
2026-05-26 10:07:05.061 [INFO] main.cpp:355 -   发送字节数:   3840
2026-05-26 10:07:05.061 [INFO] main.cpp:356 -   接收字节数:   0
2026-05-26 10:07:05.061 [INFO] main.cpp:357 -   平均延迟:     0.00 ms
2026-05-26 10:07:05.061 [INFO] main.cpp:358 -   最大延迟:     0.00 ms
2026-05-26 10:07:05.061 [INFO] main.cpp:359 -   总线争用次数: 0
2026-05-26 10:07:05.061 [INFO] main.cpp:368 - ======== 轮询统计 ========
2026-05-26 10:07:05.061 [INFO] main.cpp:369 -   任务组数:     20
2026-05-26 10:07:05.061 [INFO] main.cpp:370 -   成功事务:     0
2026-05-26 10:07:05.061 [INFO] main.cpp:371 -   失败事务:     480
2026-05-26 10:07:05.061 [INFO] main.cpp:373 -   成功率:       0.0%
2026-05-26 10:07:05.061 [INFO] main.cpp:378 - ======== 命令队列统计 ========
2026-05-26 10:07:05.061 [INFO] main.cpp:379 -   已提交: 0  已执行: 0  成功: 0  失败: 0
2026-05-26 10:07:05.061 [INFO] main.cpp:384 -   队列大小: 0  平均耗时: 0.0ms
2026-05-26 10:07:06.062 [INFO] main.cpp:352 - ======== 总线统计 ========
2026-05-26 10:07:06.062 [INFO] main.cpp:353 -   总事务数:     480
2026-05-26 10:07:06.062 [INFO] main.cpp:354 -   总错误数:     480
2026-05-26 10:07:06.062 [INFO] main.cpp:355 -   发送字节数:   3840
2026-05-26 10:07:06.062 [INFO] main.cpp:356 -   接收字节数:   0
2026-05-26 10:07:06.062 [INFO] main.cpp:357 -   平均延迟:     0.00 ms
2026-05-26 10:07:06.062 [INFO] main.cpp:358 -   最大延迟:     0.00 ms
2026-05-26 10:07:06.062 [INFO] main.cpp:359 -   总线争用次数: 0
2026-05-26 10:07:06.063 [INFO] main.cpp:368 - ======== 轮询统计 ========
2026-05-26 10:07:06.063 [INFO] main.cpp:369 -   任务组数:     20
2026-05-26 10:07:06.063 [INFO] main.cpp:370 -   成功事务:     0
2026-05-26 10:07:06.063 [INFO] main.cpp:371 -   失败事务:     480
2026-05-26 10:07:06.063 [INFO] main.cpp:373 -   成功率:       0.0%
2026-05-26 10:07:06.063 [INFO] main.cpp:378 - ======== 命令队列统计 ========
2026-05-26 10:07:06.063 [INFO] main.cpp:379 -   已提交: 0  已执行: 0  成功: 0  失败: 0
2026-05-26 10:07:06.063 [INFO] main.cpp:384 -   队列大小: 0  平均耗时: 0.0ms
2026-05-26 10:07:07.064 [INFO] main.cpp:352 - ======== 总线统计 ========
2026-05-26 10:07:07.064 [INFO] main.cpp:353 -   总事务数:     480
2026-05-26 10:07:07.064 [INFO] main.cpp:354 -   总错误数:     480
2026-05-26 10:07:07.064 [INFO] main.cpp:355 -   发送字节数:   3840
2026-05-26 10:07:07.064 [INFO] main.cpp:356 -   接收字节数:   0
2026-05-26 10:07:07.064 [INFO] main.cpp:357 -   平均延迟:     0.00 ms
2026-05-26 10:07:07.064 [INFO] main.cpp:358 -   最大延迟:     0.00 ms
2026-05-26 10:07:07.064 [INFO] main.cpp:359 -   总线争用次数: 0
2026-05-26 10:07:07.064 [INFO] main.cpp:368 - ======== 轮询统计 ========
2026-05-26 10:07:07.064 [INFO] main.cpp:369 -   任务组数:     20
2026-05-26 10:07:07.064 [INFO] main.cpp:370 -   成功事务:     0
2026-05-26 10:07:07.064 [INFO] main.cpp:371 -   失败事务:     480
2026-05-26 10:07:07.064 [INFO] main.cpp:373 -   成功率:       0.0%
2026-05-26 10:07:07.065 [INFO] main.cpp:378 - ======== 命令队列统计 ========
2026-05-26 10:07:07.065 [INFO] main.cpp:379 -   已提交: 0  已执行: 0  成功: 0  失败: 0
2026-05-26 10:07:07.065 [INFO] main.cpp:384 -   队列大小: 0  平均耗时: 0.0ms
2026-05-26 10:07:08.066 [INFO] main.cpp:352 - ======== 总线统计 ========
2026-05-26 10:07:08.066 [INFO] main.cpp:353 -   总事务数:     500
2026-05-26 10:07:08.066 [INFO] main.cpp:354 -   总错误数:     480
2026-05-26 10:07:08.066 [INFO] main.cpp:355 -   发送字节数:   4000
2026-05-26 10:07:08.066 [INFO] main.cpp:356 -   接收字节数:   0
2026-05-26 10:07:08.066 [INFO] main.cpp:357 -   平均延迟:     0.00 ms
2026-05-26 10:07:08.066 [INFO] main.cpp:358 -   最大延迟:     0.00 ms
2026-05-26 10:07:08.066 [INFO] main.cpp:359 -   总线争用次数: 0
2026-05-26 10:07:08.066 [INFO] main.cpp:368 - ======== 轮询统计 ========
2026-05-26 10:07:08.066 [INFO] main.cpp:369 -   任务组数:     20
2026-05-26 10:07:08.066 [INFO] main.cpp:370 -   成功事务:     0
2026-05-26 10:07:08.066 [INFO] main.cpp:371 -   失败事务:     480
2026-05-26 10:07:08.066 [INFO] main.cpp:373 -   成功率:       0.0%
2026-05-26 10:07:08.066 [INFO] main.cpp:378 - ======== 命令队列统计 ========
2026-05-26 10:07:08.066 [INFO] main.cpp:379 -   已提交: 0  已执行: 0  成功: 0  失败: 0
2026-05-26 10:07:08.066 [INFO] main.cpp:384 -   队列大小: 0  平均耗时: 0.0ms
2026-05-26 10:07:09.067 [INFO] main.cpp:352 - ======== 总线统计 ========
2026-05-26 10:07:09.068 [INFO] main.cpp:353 -   总事务数:     500
2026-05-26 10:07:09.069 [INFO] main.cpp:354 -   总错误数:     500
2026-05-26 10:07:09.069 [INFO] main.cpp:355 -   发送字节数:   4000
2026-05-26 10:07:09.069 [INFO] main.cpp:356 -   接收字节数:   0
2026-05-26 10:07:09.069 [INFO] main.cpp:357 -   平均延迟:     0.00 ms
2026-05-26 10:07:09.069 [INFO] main.cpp:358 -   最大延迟:     0.00 ms
2026-05-26 10:07:09.069 [INFO] main.cpp:359 -   总线争用次数: 0
2026-05-26 10:07:09.069 [INFO] main.cpp:368 - ======== 轮询统计 ========
2026-05-26 10:07:09.069 [INFO] main.cpp:369 -   任务组数:     20
2026-05-26 10:07:09.069 [INFO] main.cpp:370 -   成功事务:     0
2026-05-26 10:07:09.069 [INFO] main.cpp:371 -   失败事务:     500
2026-05-26 10:07:09.069 [INFO] main.cpp:373 -   成功率:       0.0%
2026-05-26 10:07:09.069 [INFO] main.cpp:378 - ======== 命令队列统计 ========
2026-05-26 10:07:09.069 [INFO] main.cpp:379 -   已提交: 0  已执行: 0  成功: 0  失败: 0
2026-05-26 10:07:09.069 [INFO] main.cpp:384 -   队列大小: 0  平均耗时: 0.0ms
2026-05-26 10:07:10.071 [INFO] main.cpp:352 - ======== 总线统计 ========
2026-05-26 10:07:10.071 [INFO] main.cpp:353 -   总事务数:     500
2026-05-26 10:07:10.071 [INFO] main.cpp:354 -   总错误数:     500
2026-05-26 10:07:10.071 [INFO] main.cpp:355 -   发送字节数:   4000
2026-05-26 10:07:10.071 [INFO] main.cpp:356 -   接收字节数:   0
2026-05-26 10:07:10.071 [INFO] main.cpp:357 -   平均延迟:     0.00 ms
2026-05-26 10:07:10.071 [INFO] main.cpp:358 -   最大延迟:     0.00 ms
2026-05-26 10:07:10.071 [INFO] main.cpp:359 -   总线争用次数: 0
2026-05-26 10:07:10.071 [INFO] main.cpp:368 - ======== 轮询统计 ========
2026-05-26 10:07:10.071 [INFO] main.cpp:369 -   任务组数:     20
2026-05-26 10:07:10.071 [INFO] main.cpp:370 -   成功事务:     0
2026-05-26 10:07:10.071 [INFO] main.cpp:371 -   失败事务:     500
2026-05-26 10:07:10.071 [INFO] main.cpp:373 -   成功率:       0.0%
2026-05-26 10:07:10.071 [INFO] main.cpp:378 - ======== 命令队列统计 ========
2026-05-26 10:07:10.071 [INFO] main.cpp:379 -   已提交: 0  已执行: 0  成功: 0  失败: 0
2026-05-26 10:07:10.071 [INFO] main.cpp:384 -   队列大小: 0  平均耗时: 0.0ms
2026-05-26 10:07:11.072 [INFO] main.cpp:352 - ======== 总线统计 ========
2026-05-26 10:07:11.072 [INFO] main.cpp:353 -   总事务数:     500
2026-05-26 10:07:11.072 [INFO] main.cpp:354 -   总错误数:     500
2026-05-26 10:07:11.072 [INFO] main.cpp:355 -   发送字节数:   4000
2026-05-26 10:07:11.072 [INFO] main.cpp:356 -   接收字节数:   0
2026-05-26 10:07:11.072 [INFO] main.cpp:357 -   平均延迟:     0.00 ms
2026-05-26 10:07:11.072 [INFO] main.cpp:358 -   最大延迟:     0.00 ms
2026-05-26 10:07:11.072 [INFO] main.cpp:359 -   总线争用次数: 0
2026-05-26 10:07:11.072 [INFO] main.cpp:368 - ======== 轮询统计 ========
2026-05-26 10:07:11.072 [INFO] main.cpp:369 -   任务组数:     20
2026-05-26 10:07:11.072 [INFO] main.cpp:370 -   成功事务:     0
2026-05-26 10:07:11.072 [INFO] main.cpp:371 -   失败事务:     500
2026-05-26 10:07:11.073 [INFO] main.cpp:373 -   成功率:       0.0%
2026-05-26 10:07:11.073 [INFO] main.cpp:378 - ======== 命令队列统计 ========
2026-05-26 10:07:11.073 [INFO] main.cpp:379 -   已提交: 0  已执行: 0  成功: 0  失败: 0
2026-05-26 10:07:11.073 [INFO] main.cpp:384 -   队列大小: 0  平均耗时: 0.0ms
2026-05-26 10:07:12.074 [INFO] main.cpp:352 - ======== 总线统计 ========
2026-05-26 10:07:12.074 [INFO] main.cpp:353 -   总事务数:     500
2026-05-26 10:07:12.074 [INFO] main.cpp:354 -   总错误数:     500
2026-05-26 10:07:12.074 [INFO] main.cpp:355 -   发送字节数:   4000
2026-05-26 10:07:12.074 [INFO] main.cpp:356 -   接收字节数:   0
2026-05-26 10:07:12.074 [INFO] main.cpp:357 -   平均延迟:     0.00 ms
2026-05-26 10:07:12.074 [INFO] main.cpp:358 -   最大延迟:     0.00 ms
2026-05-26 10:07:12.074 [INFO] main.cpp:359 -   总线争用次数: 0
2026-05-26 10:07:12.074 [INFO] main.cpp:368 - ======== 轮询统计 ========
2026-05-26 10:07:12.074 [INFO] main.cpp:369 -   任务组数:     20
2026-05-26 10:07:12.074 [INFO] main.cpp:370 -   成功事务:     0
2026-05-26 10:07:12.074 [INFO] main.cpp:371 -   失败事务:     500
2026-05-26 10:07:12.074 [INFO] main.cpp:373 -   成功率:       0.0%
2026-05-26 10:07:12.074 [INFO] main.cpp:378 - ======== 命令队列统计 ========
2026-05-26 10:07:12.074 [INFO] main.cpp:379 -   已提交: 0  已执行: 0  成功: 0  失败: 0
2026-05-26 10:07:12.074 [INFO] main.cpp:384 -   队列大小: 0  平均耗时: 0.0ms
2026-05-26 10:07:13.074 [INFO] main.cpp:352 - ======== 总线统计 ========
2026-05-26 10:07:13.075 [INFO] main.cpp:353 -   总事务数:     520
2026-05-26 10:07:13.075 [INFO] main.cpp:354 -   总错误数:     500
2026-05-26 10:07:13.075 [INFO] main.cpp:355 -   发送字节数:   4160
2026-05-26 10:07:13.075 [INFO] main.cpp:356 -   接收字节数:   0
2026-05-26 10:07:13.075 [INFO] main.cpp:357 -   平均延迟:     0.00 ms
2026-05-26 10:07:13.075 [INFO] main.cpp:358 -   最大延迟:     0.00 ms
2026-05-26 10:07:13.075 [INFO] main.cpp:359 -   总线争用次数: 0
2026-05-26 10:07:13.075 [INFO] main.cpp:368 - ======== 轮询统计 ========
2026-05-26 10:07:13.075 [INFO] main.cpp:369 -   任务组数:     20
2026-05-26 10:07:13.075 [INFO] main.cpp:370 -   成功事务:     0
2026-05-26 10:07:13.075 [INFO] main.cpp:371 -   失败事务:     500
2026-05-26 10:07:13.075 [INFO] main.cpp:373 -   成功率:       0.0%
2026-05-26 10:07:13.075 [INFO] main.cpp:378 - ======== 命令队列统计 ========
2026-05-26 10:07:13.075 [INFO] main.cpp:379 -   已提交: 0  已执行: 0  成功: 0  失败: 0
2026-05-26 10:07:13.075 [INFO] main.cpp:384 -   队列大小: 0  平均耗时: 0.0ms
2026-05-26 10:07:14.076 [INFO] main.cpp:352 - ======== 总线统计 ========
2026-05-26 10:07:14.076 [INFO] main.cpp:353 -   总事务数:     520
2026-05-26 10:07:14.078 [INFO] main.cpp:354 -   总错误数:     520
2026-05-26 10:07:14.078 [INFO] main.cpp:355 -   发送字节数:   4160
2026-05-26 10:07:14.078 [INFO] main.cpp:356 -   接收字节数:   0
2026-05-26 10:07:14.078 [INFO] main.cpp:357 -   平均延迟:     0.00 ms
2026-05-26 10:07:14.078 [INFO] main.cpp:358 -   最大延迟:     0.00 ms
2026-05-26 10:07:14.078 [INFO] main.cpp:359 -   总线争用次数: 0
2026-05-26 10:07:14.078 [INFO] main.cpp:368 - ======== 轮询统计 ========
2026-05-26 10:07:14.078 [INFO] main.cpp:369 -   任务组数:     20
2026-05-26 10:07:14.078 [INFO] main.cpp:370 -   成功事务:     0
2026-05-26 10:07:14.078 [INFO] main.cpp:371 -   失败事务:     520
2026-05-26 10:07:14.078 [INFO] main.cpp:373 -   成功率:       0.0%
2026-05-26 10:07:14.078 [INFO] main.cpp:378 - ======== 命令队列统计 ========
2026-05-26 10:07:14.078 [INFO] main.cpp:379 -   已提交: 0  已执行: 0  成功: 0  失败: 0
2026-05-26 10:07:14.078 [INFO] main.cpp:384 -   队列大小: 0  平均耗时: 0.0ms
2026-05-26 10:07:15.079 [INFO] main.cpp:352 - ======== 总线统计 ========
2026-05-26 10:07:15.079 [INFO] main.cpp:353 -   总事务数:     520
2026-05-26 10:07:15.079 [INFO] main.cpp:354 -   总错误数:     520
2026-05-26 10:07:15.079 [INFO] main.cpp:355 -   发送字节数:   4160
2026-05-26 10:07:15.079 [INFO] main.cpp:356 -   接收字节数:   0
2026-05-26 10:07:15.080 [INFO] main.cpp:357 -   平均延迟:     0.00 ms
2026-05-26 10:07:15.080 [INFO] main.cpp:358 -   最大延迟:     0.00 ms
2026-05-26 10:07:15.080 [INFO] main.cpp:359 -   总线争用次数: 0
2026-05-26 10:07:15.080 [INFO] main.cpp:368 - ======== 轮询统计 ========
2026-05-26 10:07:15.080 [INFO] main.cpp:369 -   任务组数:     20
2026-05-26 10:07:15.080 [INFO] main.cpp:370 -   成功事务:     0
2026-05-26 10:07:15.080 [INFO] main.cpp:371 -   失败事务:     520
2026-05-26 10:07:15.080 [INFO] main.cpp:373 -   成功率:       0.0%
2026-05-26 10:07:15.080 [INFO] main.cpp:378 - ======== 命令队列统计 ========
2026-05-26 10:07:15.080 [INFO] main.cpp:379 -   已提交: 0  已执行: 0  成功: 0  失败: 0
2026-05-26 10:07:15.080 [INFO] main.cpp:384 -   队列大小: 0  平均耗时: 0.0ms
2026-05-26 10:07:16.081 [INFO] main.cpp:352 - ======== 总线统计 ========
2026-05-26 10:07:16.081 [INFO] main.cpp:353 -   总事务数:     520
2026-05-26 10:07:16.081 [INFO] main.cpp:354 -   总错误数:     520
2026-05-26 10:07:16.081 [INFO] main.cpp:355 -   发送字节数:   4160
2026-05-26 10:07:16.081 [INFO] main.cpp:356 -   接收字节数:   0
2026-05-26 10:07:16.081 [INFO] main.cpp:357 -   平均延迟:     0.00 ms
2026-05-26 10:07:16.081 [INFO] main.cpp:358 -   最大延迟:     0.00 ms
2026-05-26 10:07:16.081 [INFO] main.cpp:359 -   总线争用次数: 0
2026-05-26 10:07:16.081 [INFO] main.cpp:368 - ======== 轮询统计 ========
2026-05-26 10:07:16.081 [INFO] main.cpp:369 -   任务组数:     20
2026-05-26 10:07:16.082 [INFO] main.cpp:370 -   成功事务:     0
2026-05-26 10:07:16.082 [INFO] main.cpp:371 -   失败事务:     520
2026-05-26 10:07:16.082 [INFO] main.cpp:373 -   成功率:       0.0%
2026-05-26 10:07:16.082 [INFO] main.cpp:378 - ======== 命令队列统计 ========
2026-05-26 10:07:16.082 [INFO] main.cpp:379 -   已提交: 0  已执行: 0  成功: 0  失败: 0
2026-05-26 10:07:16.082 [INFO] main.cpp:384 -   队列大小: 0  平均耗时: 0.0ms
2026-05-26 10:07:17.083 [INFO] main.cpp:352 - ======== 总线统计 ========
2026-05-26 10:07:17.083 [INFO] main.cpp:353 -   总事务数:     520
2026-05-26 10:07:17.083 [INFO] main.cpp:354 -   总错误数:     520
2026-05-26 10:07:17.083 [INFO] main.cpp:355 -   发送字节数:   4160
2026-05-26 10:07:17.083 [INFO] main.cpp:356 -   接收字节数:   0
2026-05-26 10:07:17.083 [INFO] main.cpp:357 -   平均延迟:     0.00 ms
2026-05-26 10:07:17.083 [INFO] main.cpp:358 -   最大延迟:     0.00 ms
2026-05-26 10:07:17.083 [INFO] main.cpp:359 -   总线争用次数: 0
2026-05-26 10:07:17.083 [INFO] main.cpp:368 - ======== 轮询统计 ========
2026-05-26 10:07:17.083 [INFO] main.cpp:369 -   任务组数:     20
2026-05-26 10:07:17.083 [INFO] main.cpp:370 -   成功事务:     0
2026-05-26 10:07:17.083 [INFO] main.cpp:371 -   失败事务:     520
2026-05-26 10:07:17.083 [INFO] main.cpp:373 -   成功率:       0.0%
2026-05-26 10:07:17.083 [INFO] main.cpp:378 - ======== 命令队列统计 ========
2026-05-26 10:07:17.083 [INFO] main.cpp:379 -   已提交: 0  已执行: 0  成功: 0  失败: 0
2026-05-26 10:07:17.083 [INFO] main.cpp:384 -   队列大小: 0  平均耗时: 0.0ms
2026-05-26 10:07:18.085 [INFO] main.cpp:352 - ======== 总线统计 ========
2026-05-26 10:07:18.085 [INFO] main.cpp:353 -   总事务数:     540
2026-05-26 10:07:18.085 [INFO] main.cpp:354 -   总错误数:     520
2026-05-26 10:07:18.085 [INFO] main.cpp:355 -   发送字节数:   4320
2026-05-26 10:07:18.085 [INFO] main.cpp:356 -   接收字节数:   0
2026-05-26 10:07:18.085 [INFO] main.cpp:357 -   平均延迟:     0.00 ms
2026-05-26 10:07:18.085 [INFO] main.cpp:358 -   最大延迟:     0.00 ms
2026-05-26 10:07:18.085 [INFO] main.cpp:359 -   总线争用次数: 0
2026-05-26 10:07:18.085 [INFO] main.cpp:368 - ======== 轮询统计 ========
2026-05-26 10:07:18.085 [INFO] main.cpp:369 -   任务组数:     20
2026-05-26 10:07:18.085 [INFO] main.cpp:370 -   成功事务:     0
2026-05-26 10:07:18.085 [INFO] main.cpp:371 -   失败事务:     520
2026-05-26 10:07:18.085 [INFO] main.cpp:373 -   成功率:       0.0%
2026-05-26 10:07:18.085 [INFO] main.cpp:378 - ======== 命令队列统计 ========
2026-05-26 10:07:18.085 [INFO] main.cpp:379 -   已提交: 0  已执行: 0  成功: 0  失败: 0
2026-05-26 10:07:18.085 [INFO] main.cpp:384 -   队列大小: 0  平均耗时: 0.0ms
2026-05-26 10:07:19.086 [INFO] main.cpp:352 - ======== 总线统计 ========
2026-05-26 10:07:19.086 [INFO] main.cpp:353 -   总事务数:     540
2026-05-26 10:07:19.086 [INFO] main.cpp:354 -   总错误数:     540
2026-05-26 10:07:19.086 [INFO] main.cpp:355 -   发送字节数:   4320
2026-05-26 10:07:19.086 [INFO] main.cpp:356 -   接收字节数:   0
2026-05-26 10:07:19.086 [INFO] main.cpp:357 -   平均延迟:     0.00 ms
2026-05-26 10:07:19.086 [INFO] main.cpp:358 -   最大延迟:     0.00 ms
2026-05-26 10:07:19.086 [INFO] main.cpp:359 -   总线争用次数: 0
2026-05-26 10:07:19.086 [INFO] main.cpp:368 - ======== 轮询统计 ========
2026-05-26 10:07:19.086 [INFO] main.cpp:369 -   任务组数:     20
2026-05-26 10:07:19.086 [INFO] main.cpp:370 -   成功事务:     0
2026-05-26 10:07:19.086 [INFO] main.cpp:371 -   失败事务:     540
2026-05-26 10:07:19.086 [INFO] main.cpp:373 -   成功率:       0.0%
2026-05-26 10:07:19.086 [INFO] main.cpp:378 - ======== 命令队列统计 ========
2026-05-26 10:07:19.086 [INFO] main.cpp:379 -   已提交: 0  已执行: 0  成功: 0  失败: 0
2026-05-26 10:07:19.086 [INFO] main.cpp:384 -   队列大小: 0  平均耗时: 0.0ms
2026-05-26 10:07:20.088 [INFO] main.cpp:352 - ======== 总线统计 ========
2026-05-26 10:07:20.088 [INFO] main.cpp:353 -   总事务数:     540
2026-05-26 10:07:20.088 [INFO] main.cpp:354 -   总错误数:     540
2026-05-26 10:07:20.088 [INFO] main.cpp:355 -   发送字节数:   4320
2026-05-26 10:07:20.088 [INFO] main.cpp:356 -   接收字节数:   0
2026-05-26 10:07:20.088 [INFO] main.cpp:357 -   平均延迟:     0.00 ms
2026-05-26 10:07:20.088 [INFO] main.cpp:358 -   最大延迟:     0.00 ms
2026-05-26 10:07:20.088 [INFO] main.cpp:359 -   总线争用次数: 0
2026-05-26 10:07:20.088 [INFO] main.cpp:368 - ======== 轮询统计 ========
2026-05-26 10:07:20.088 [INFO] main.cpp:369 -   任务组数:     20
2026-05-26 10:07:20.088 [INFO] main.cpp:370 -   成功事务:     0
2026-05-26 10:07:20.088 [INFO] main.cpp:371 -   失败事务:     540
2026-05-26 10:07:20.088 [INFO] main.cpp:373 -   成功率:       0.0%
2026-05-26 10:07:20.088 [INFO] main.cpp:378 - ======== 命令队列统计 ========
2026-05-26 10:07:20.088 [INFO] main.cpp:379 -   已提交: 0  已执行: 0  成功: 0  失败: 0
2026-05-26 10:07:20.088 [INFO] main.cpp:384 -   队列大小: 0  平均耗时: 0.0ms
2026-05-26 10:07:21.089 [INFO] main.cpp:352 - ======== 总线统计 ========
2026-05-26 10:07:21.089 [INFO] main.cpp:353 -   总事务数:     540
2026-05-26 10:07:21.090 [INFO] main.cpp:354 -   总错误数:     540
2026-05-26 10:07:21.090 [INFO] main.cpp:355 -   发送字节数:   4320
2026-05-26 10:07:21.090 [INFO] main.cpp:356 -   接收字节数:   0
2026-05-26 10:07:21.090 [INFO] main.cpp:357 -   平均延迟:     0.00 ms
2026-05-26 10:07:21.090 [INFO] main.cpp:358 -   最大延迟:     0.00 ms
2026-05-26 10:07:21.090 [INFO] main.cpp:359 -   总线争用次数: 0
2026-05-26 10:07:21.090 [INFO] main.cpp:368 - ======== 轮询统计 ========
2026-05-26 10:07:21.090 [INFO] main.cpp:369 -   任务组数:     20
2026-05-26 10:07:21.090 [INFO] main.cpp:370 -   成功事务:     0
2026-05-26 10:07:21.090 [INFO] main.cpp:371 -   失败事务:     540
2026-05-26 10:07:21.090 [INFO] main.cpp:373 -   成功率:       0.0%
2026-05-26 10:07:21.090 [INFO] main.cpp:378 - ======== 命令队列统计 ========
2026-05-26 10:07:21.090 [INFO] main.cpp:379 -   已提交: 0  已执行: 0  成功: 0  失败: 0
2026-05-26 10:07:21.090 [INFO] main.cpp:384 -   队列大小: 0  平均耗时: 0.0ms
2026-05-26 10:07:22.091 [INFO] main.cpp:352 - ======== 总线统计 ========
2026-05-26 10:07:22.091 [INFO] main.cpp:353 -   总事务数:     540
2026-05-26 10:07:22.091 [INFO] main.cpp:354 -   总错误数:     540
2026-05-26 10:07:22.091 [INFO] main.cpp:355 -   发送字节数:   4320
2026-05-26 10:07:22.091 [INFO] main.cpp:356 -   接收字节数:   0
2026-05-26 10:07:22.091 [INFO] main.cpp:357 -   平均延迟:     0.00 ms
2026-05-26 10:07:22.091 [INFO] main.cpp:358 -   最大延迟:     0.00 ms
2026-05-26 10:07:22.091 [INFO] main.cpp:359 -   总线争用次数: 0
2026-05-26 10:07:22.091 [INFO] main.cpp:368 - ======== 轮询统计 ========
2026-05-26 10:07:22.092 [INFO] main.cpp:369 -   任务组数:     20
2026-05-26 10:07:22.092 [INFO] main.cpp:370 -   成功事务:     0
2026-05-26 10:07:22.092 [INFO] main.cpp:371 -   失败事务:     540
2026-05-26 10:07:22.092 [INFO] main.cpp:373 -   成功率:       0.0%
2026-05-26 10:07:22.092 [INFO] main.cpp:378 - ======== 命令队列统计 ========
2026-05-26 10:07:22.092 [INFO] main.cpp:379 -   已提交: 0  已执行: 0  成功: 0  失败: 0
2026-05-26 10:07:22.092 [INFO] main.cpp:384 -   队列大小: 0  平均耗时: 0.0ms
2026-05-26 10:07:23.093 [INFO] main.cpp:352 - ======== 总线统计 ========
2026-05-26 10:07:23.093 [INFO] main.cpp:353 -   总事务数:     560
2026-05-26 10:07:23.093 [INFO] main.cpp:354 -   总错误数:     540
2026-05-26 10:07:23.093 [INFO] main.cpp:355 -   发送字节数:   4480
2026-05-26 10:07:23.093 [INFO] main.cpp:356 -   接收字节数:   0
2026-05-26 10:07:23.093 [INFO] main.cpp:357 -   平均延迟:     0.00 ms
2026-05-26 10:07:23.093 [INFO] main.cpp:358 -   最大延迟:     0.00 ms
2026-05-26 10:07:23.093 [INFO] main.cpp:359 -   总线争用次数: 0
2026-05-26 10:07:23.093 [INFO] main.cpp:368 - ======== 轮询统计 ========
2026-05-26 10:07:23.093 [INFO] main.cpp:369 -   任务组数:     20
2026-05-26 10:07:23.093 [INFO] main.cpp:370 -   成功事务:     0
2026-05-26 10:07:23.093 [INFO] main.cpp:371 -   失败事务:     540
2026-05-26 10:07:23.093 [INFO] main.cpp:373 -   成功率:       0.0%
2026-05-26 10:07:23.093 [INFO] main.cpp:378 - ======== 命令队列统计 ========
2026-05-26 10:07:23.094 [INFO] main.cpp:379 -   已提交: 0  已执行: 0  成功: 0  失败: 0
2026-05-26 10:07:23.094 [INFO] main.cpp:384 -   队列大小: 0  平均耗时: 0.0ms
2026-05-26 10:07:24.094 [INFO] main.cpp:352 - ======== 总线统计 ========
2026-05-26 10:07:24.095 [INFO] main.cpp:353 -   总事务数:     560
2026-05-26 10:07:24.095 [INFO] main.cpp:354 -   总错误数:     560
2026-05-26 10:07:24.095 [INFO] main.cpp:355 -   发送字节数:   4480
2026-05-26 10:07:24.095 [INFO] main.cpp:356 -   接收字节数:   0
2026-05-26 10:07:24.095 [INFO] main.cpp:357 -   平均延迟:     0.00 ms
2026-05-26 10:07:24.095 [INFO] main.cpp:358 -   最大延迟:     0.00 ms
2026-05-26 10:07:24.095 [INFO] main.cpp:359 -   总线争用次数: 0
2026-05-26 10:07:24.095 [INFO] main.cpp:368 - ======== 轮询统计 ========
2026-05-26 10:07:24.095 [INFO] main.cpp:369 -   任务组数:     20
2026-05-26 10:07:24.095 [INFO] main.cpp:370 -   成功事务:     0
2026-05-26 10:07:24.095 [INFO] main.cpp:371 -   失败事务:     560
2026-05-26 10:07:24.095 [INFO] main.cpp:373 -   成功率:       0.0%
2026-05-26 10:07:24.095 [INFO] main.cpp:378 - ======== 命令队列统计 ========
2026-05-26 10:07:24.095 [INFO] main.cpp:379 -   已提交: 0  已执行: 0  成功: 0  失败: 0
2026-05-26 10:07:24.095 [INFO] main.cpp:384 -   队列大小: 0  平均耗时: 0.0ms
2026-05-26 10:07:25.096 [INFO] main.cpp:352 - ======== 总线统计 ========
2026-05-26 10:07:25.096 [INFO] main.cpp:353 -   总事务数:     560
2026-05-26 10:07:25.097 [INFO] main.cpp:354 -   总错误数:     560
2026-05-26 10:07:25.097 [INFO] main.cpp:355 -   发送字节数:   4480
2026-05-26 10:07:25.097 [INFO] main.cpp:356 -   接收字节数:   0
2026-05-26 10:07:25.097 [INFO] main.cpp:357 -   平均延迟:     0.00 ms
2026-05-26 10:07:25.097 [INFO] main.cpp:358 -   最大延迟:     0.00 ms
2026-05-26 10:07:25.097 [INFO] main.cpp:359 -   总线争用次数: 0
2026-05-26 10:07:25.097 [INFO] main.cpp:368 - ======== 轮询统计 ========
2026-05-26 10:07:25.097 [INFO] main.cpp:369 -   任务组数:     20
2026-05-26 10:07:25.097 [INFO] main.cpp:370 -   成功事务:     0
2026-05-26 10:07:25.097 [INFO] main.cpp:371 -   失败事务:     560
2026-05-26 10:07:25.097 [INFO] main.cpp:373 -   成功率:       0.0%
2026-05-26 10:07:25.097 [INFO] main.cpp:378 - ======== 命令队列统计 ========
2026-05-26 10:07:25.097 [INFO] main.cpp:379 -   已提交: 0  已执行: 0  成功: 0  失败: 0
2026-05-26 10:07:25.097 [INFO] main.cpp:384 -   队列大小: 0  平均耗时: 0.0ms
2026-05-26 10:07:26.098 [INFO] main.cpp:352 - ======== 总线统计 ========
2026-05-26 10:07:26.098 [INFO] main.cpp:353 -   总事务数:     560
2026-05-26 10:07:26.098 [INFO] main.cpp:354 -   总错误数:     560
2026-05-26 10:07:26.098 [INFO] main.cpp:355 -   发送字节数:   4480
2026-05-26 10:07:26.098 [INFO] main.cpp:356 -   接收字节数:   0
2026-05-26 10:07:26.098 [INFO] main.cpp:357 -   平均延迟:     0.00 ms
2026-05-26 10:07:26.098 [INFO] main.cpp:358 -   最大延迟:     0.00 ms
2026-05-26 10:07:26.098 [INFO] main.cpp:359 -   总线争用次数: 0
2026-05-26 10:07:26.098 [INFO] main.cpp:368 - ======== 轮询统计 ========
2026-05-26 10:07:26.098 [INFO] main.cpp:369 -   任务组数:     20
2026-05-26 10:07:26.098 [INFO] main.cpp:370 -   成功事务:     0
2026-05-26 10:07:26.098 [INFO] main.cpp:371 -   失败事务:     560
2026-05-26 10:07:26.098 [INFO] main.cpp:373 -   成功率:       0.0%
2026-05-26 10:07:26.098 [INFO] main.cpp:378 - ======== 命令队列统计 ========
2026-05-26 10:07:26.098 [INFO] main.cpp:379 -   已提交: 0  已执行: 0  成功: 0  失败: 0
2026-05-26 10:07:26.098 [INFO] main.cpp:384 -   队列大小: 0  平均耗时: 0.0ms
2026-05-26 10:07:26.585 [INFO] main.cpp:392 - 正在停止 Web 服务器...
2026-05-26 10:07:26.858 [INFO] main.cpp:395 - 正在停止所有应用...
2026-05-26 10:07:26.858 [INFO] main.cpp:398 - 正在停止命令队列...
2026-05-26 10:07:26.858 [INFO] command_queue.cpp:307 - 命令处理线程 #0 已退出
2026-05-26 10:07:26.858 [INFO] command_queue.cpp:59 - 命令队列已停止
2026-05-26 10:07:26.858 [INFO] main.cpp:402 - 正在关闭串口...
2026-05-26 10:07:26.858 [INFO] main.cpp:405 - 正在停止轮询...
2026-05-26 10:07:26.942 [INFO] main.cpp:410 - ======== 最终统计 ========
2026-05-26 10:07:26.942 [INFO] main.cpp:411 -   总事务数:     560
2026-05-26 10:07:26.942 [INFO] main.cpp:412 -   总错误数:     560
2026-05-26 10:07:26.942 [INFO] main.cpp:413 -   成功率:       0.0%
2026-05-26 10:07:26.942 [INFO] main.cpp:417 -   平均延迟:     0.00 ms
2026-05-26 10:07:26.942 [INFO] main.cpp:418 -   最大延迟:     0.00 ms
2026-05-26 10:07:26.942 [INFO] main.cpp:419 - === 系统退出 ===

======================================================
  日志系统关闭: 2026-05-26 10:07:26.942
======================================================
