======================================================
  日志系统启动: 2026-05-26 10:53:06.993
  日志文件: ./logs/gateway_20260526_105306.log
  最大文件数: 50
  最低级别: INFO
======================================================
2026-05-26 10:53:06.993 [INFO] main.cpp:171 - === 系统启动 ===
2026-05-26 10:53:06.993 [INFO] main.cpp:172 - 串口: /dev/ttyS9, 波特率: 9600, 工作线程: 4
2026-05-26 10:53:06.993 [INFO] main.cpp:176 - 所有设备已初始化
2026-05-26 10:53:06.993 [INFO] main.cpp:183 - 应用管理器已启动, 注册了 1 个应用
2026-05-26 10:53:06.993 [INFO] main.cpp:188 - Web 服务器已启动
2026-05-26 10:53:06.993 [INFO] main.cpp:193 - 初始化串口总线: /dev/ttyS9 @ 9600 baud
2026-05-26 10:53:06.993 [INFO] command_queue.cpp:38 - 命令队列启动, 工作线程数: 1
2026-05-26 10:53:06.993 [INFO] main.cpp:211 - 串口总线已就绪, 工作线程数: 4
2026-05-26 10:53:06.993 [INFO] command_queue.cpp:228 - 命令处理线程 #0 已启动
2026-05-26 10:53:06.993 [INFO] main.cpp:310 - 共 20 个轮询任务:
2026-05-26 10:53:06.993 [INFO] main.cpp:313 -   [1] PM2.5传感器 - PM2.5 (间隔: 5000 ms)
2026-05-26 10:53:06.993 [INFO] main.cpp:313 -   [2] PM10传感器 - PM10 (间隔: 5000 ms)
2026-05-26 10:53:06.993 [INFO] main.cpp:313 -   [3] 湿度传感器 - 湿度 (间隔: 5000 ms)
2026-05-26 10:53:06.993 [INFO] main.cpp:313 -   [4] 温度传感器 - 温度 (间隔: 5000 ms)
2026-05-26 10:53:06.994 [INFO] main.cpp:313 -   [5] TVOC传感器 - TVOC (间隔: 5000 ms)
2026-05-26 10:53:06.994 [INFO] main.cpp:313 -   [6] 甲醛传感器 - 甲醛 (间隔: 5000 ms)
2026-05-26 10:53:06.994 [INFO] main.cpp:313 -   [7] 臭氧传感器 - 臭氧 (间隔: 5000 ms)
2026-05-26 10:53:06.994 [INFO] main.cpp:313 -   [8] CO2传感器 - CO2 (间隔: 5000 ms)
2026-05-26 10:53:06.994 [INFO] main.cpp:313 -   [9] 烟雾报警器 - 报警状态 (间隔: 5000 ms)
2026-05-26 10:53:06.994 [INFO] main.cpp:313 -   [10] 恒湿净化一体机 - 环境数据 (间隔: 5000 ms)
2026-05-26 10:53:06.994 [INFO] main.cpp:313 -   [11] 恒湿净化一体机 - 电源状态 (间隔: 5000 ms)
2026-05-26 10:53:06.994 [INFO] main.cpp:313 -   [12] 恒湿净化一体机 - 故障状态 (间隔: 5000 ms)
2026-05-26 10:53:06.994 [INFO] main.cpp:313 -   [13] 报警装置 - 状态 (间隔: 5000 ms)
2026-05-26 10:53:06.994 [INFO] main.cpp:313 -   [14] 水浸传感器 - 浸水状态 (间隔: 5000 ms)
2026-05-26 10:53:06.994 [INFO] main.cpp:313 -   [15] 红外探测器 - 红外状态 (间隔: 5000 ms)
2026-05-26 10:53:06.994 [INFO] main.cpp:313 -   [16] 红外探测器 - 雷达状态 (间隔: 5000 ms)
2026-05-26 10:53:06.994 [INFO] main.cpp:313 -   [17] 霉菌空气净化机 - 环境数据 (间隔: 5000 ms)
2026-05-26 10:53:06.994 [INFO] main.cpp:313 -   [18] 霉菌空气净化机 - 运行模式 (间隔: 5000 ms)
2026-05-26 10:53:06.994 [INFO] main.cpp:313 -   [19] 霉菌空气净化机 - 电源状态 (间隔: 5000 ms)
2026-05-26 10:53:06.994 [INFO] main.cpp:313 -   [20] 弱光检测传感器 - 光照度 (间隔: 5000 ms)
2026-05-26 10:53:06.994 [INFO] main.cpp:330 - 多线程轮询已启动, 按 Ctrl+C 退出
2026-05-26 10:53:07.995 [INFO] main.cpp:352 - ======== 总线统计 ========
2026-05-26 10:53:07.995 [INFO] main.cpp:353 -   总事务数:     20
2026-05-26 10:53:07.995 [INFO] main.cpp:354 -   总错误数:     0
2026-05-26 10:53:07.995 [INFO] main.cpp:355 -   发送字节数:   160
2026-05-26 10:53:07.995 [INFO] main.cpp:356 -   接收字节数:   0
2026-05-26 10:53:07.995 [INFO] main.cpp:357 -   平均延迟:     0.00 ms
2026-05-26 10:53:07.995 [INFO] main.cpp:358 -   最大延迟:     0.00 ms
2026-05-26 10:53:07.995 [INFO] main.cpp:359 -   总线争用次数: 0
2026-05-26 10:53:07.995 [INFO] main.cpp:368 - ======== 轮询统计 ========
2026-05-26 10:53:07.995 [INFO] main.cpp:369 -   任务组数:     20
2026-05-26 10:53:07.995 [INFO] main.cpp:370 -   成功事务:     0
2026-05-26 10:53:07.996 [INFO] main.cpp:371 -   失败事务:     0
2026-05-26 10:53:07.996 [INFO] main.cpp:378 - ======== 命令队列统计 ========
2026-05-26 10:53:07.996 [INFO] main.cpp:379 -   已提交: 0  已执行: 0  成功: 0  失败: 0
2026-05-26 10:53:07.996 [INFO] main.cpp:384 -   队列大小: 0  平均耗时: 0.0ms
2026-05-26 10:53:08.997 [INFO] main.cpp:352 - ======== 总线统计 ========
2026-05-26 10:53:08.997 [INFO] main.cpp:353 -   总事务数:     20
2026-05-26 10:53:08.997 [INFO] main.cpp:354 -   总错误数:     20
2026-05-26 10:53:08.997 [INFO] main.cpp:355 -   发送字节数:   160
2026-05-26 10:53:08.997 [INFO] main.cpp:356 -   接收字节数:   0
2026-05-26 10:53:08.997 [INFO] main.cpp:357 -   平均延迟:     0.00 ms
2026-05-26 10:53:08.997 [INFO] main.cpp:358 -   最大延迟:     0.00 ms
2026-05-26 10:53:08.997 [INFO] main.cpp:359 -   总线争用次数: 0
2026-05-26 10:53:08.997 [INFO] main.cpp:368 - ======== 轮询统计 ========
2026-05-26 10:53:08.997 [INFO] main.cpp:369 -   任务组数:     20
2026-05-26 10:53:08.997 [INFO] main.cpp:370 -   成功事务:     0
2026-05-26 10:53:08.997 [INFO] main.cpp:371 -   失败事务:     20
2026-05-26 10:53:08.997 [INFO] main.cpp:373 -   成功率:       0.0%
2026-05-26 10:53:08.997 [INFO] main.cpp:378 - ======== 命令队列统计 ========
2026-05-26 10:53:08.997 [INFO] main.cpp:379 -   已提交: 0  已执行: 0  成功: 0  失败: 0
2026-05-26 10:53:08.997 [INFO] main.cpp:384 -   队列大小: 0  平均耗时: 0.0ms
2026-05-26 10:53:09.998 [INFO] main.cpp:352 - ======== 总线统计 ========
2026-05-26 10:53:09.998 [INFO] main.cpp:353 -   总事务数:     20
2026-05-26 10:53:09.998 [INFO] main.cpp:354 -   总错误数:     20
2026-05-26 10:53:09.998 [INFO] main.cpp:355 -   发送字节数:   160
2026-05-26 10:53:09.998 [INFO] main.cpp:356 -   接收字节数:   0
2026-05-26 10:53:09.998 [INFO] main.cpp:357 -   平均延迟:     0.00 ms
2026-05-26 10:53:09.998 [INFO] main.cpp:358 -   最大延迟:     0.00 ms
2026-05-26 10:53:09.998 [INFO] main.cpp:359 -   总线争用次数: 0
2026-05-26 10:53:09.998 [INFO] main.cpp:368 - ======== 轮询统计 ========
2026-05-26 10:53:09.998 [INFO] main.cpp:369 -   任务组数:     20
2026-05-26 10:53:09.998 [INFO] main.cpp:370 -   成功事务:     0
2026-05-26 10:53:09.998 [INFO] main.cpp:371 -   失败事务:     20
2026-05-26 10:53:09.998 [INFO] main.cpp:373 -   成功率:       0.0%
2026-05-26 10:53:09.999 [INFO] main.cpp:378 - ======== 命令队列统计 ========
2026-05-26 10:53:09.999 [INFO] main.cpp:379 -   已提交: 0  已执行: 0  成功: 0  失败: 0
2026-05-26 10:53:09.999 [INFO] main.cpp:384 -   队列大小: 0  平均耗时: 0.0ms
2026-05-26 10:53:11.000 [INFO] main.cpp:352 - ======== 总线统计 ========
2026-05-26 10:53:11.000 [INFO] main.cpp:353 -   总事务数:     20
2026-05-26 10:53:11.000 [INFO] main.cpp:354 -   总错误数:     20
2026-05-26 10:53:11.000 [INFO] main.cpp:355 -   发送字节数:   160
2026-05-26 10:53:11.000 [INFO] main.cpp:356 -   接收字节数:   0
2026-05-26 10:53:11.000 [INFO] main.cpp:357 -   平均延迟:     0.00 ms
2026-05-26 10:53:11.000 [INFO] main.cpp:358 -   最大延迟:     0.00 ms
2026-05-26 10:53:11.000 [INFO] main.cpp:359 -   总线争用次数: 0
2026-05-26 10:53:11.000 [INFO] main.cpp:368 - ======== 轮询统计 ========
2026-05-26 10:53:11.000 [INFO] main.cpp:369 -   任务组数:     20
2026-05-26 10:53:11.000 [INFO] main.cpp:370 -   成功事务:     0
2026-05-26 10:53:11.000 [INFO] main.cpp:371 -   失败事务:     20
2026-05-26 10:53:11.000 [INFO] main.cpp:373 -   成功率:       0.0%
2026-05-26 10:53:11.000 [INFO] main.cpp:378 - ======== 命令队列统计 ========
2026-05-26 10:53:11.000 [INFO] main.cpp:379 -   已提交: 0  已执行: 0  成功: 0  失败: 0
2026-05-26 10:53:11.000 [INFO] main.cpp:384 -   队列大小: 0  平均耗时: 0.0ms
2026-05-26 10:53:12.001 [INFO] main.cpp:352 - ======== 总线统计 ========
2026-05-26 10:53:12.001 [INFO] main.cpp:353 -   总事务数:     39
2026-05-26 10:53:12.001 [INFO] main.cpp:354 -   总错误数:     20
2026-05-26 10:53:12.001 [INFO] main.cpp:355 -   发送字节数:   160
2026-05-26 10:53:12.001 [INFO] main.cpp:356 -   接收字节数:   0
2026-05-26 10:53:12.001 [INFO] main.cpp:357 -   平均延迟:     0.00 ms
2026-05-26 10:53:12.001 [INFO] main.cpp:358 -   最大延迟:     0.00 ms
2026-05-26 10:53:12.001 [INFO] main.cpp:359 -   总线争用次数: 0
2026-05-26 10:53:12.001 [INFO] main.cpp:368 - ======== 轮询统计 ========
2026-05-26 10:53:12.001 [INFO] main.cpp:369 -   任务组数:     20
2026-05-26 10:53:12.001 [INFO] main.cpp:370 -   成功事务:     0
2026-05-26 10:53:12.001 [INFO] main.cpp:371 -   失败事务:     20
2026-05-26 10:53:12.001 [INFO] main.cpp:373 -   成功率:       0.0%
2026-05-26 10:53:12.001 [INFO] main.cpp:378 - ======== 命令队列统计 ========
2026-05-26 10:53:12.001 [INFO] main.cpp:379 -   已提交: 0  已执行: 0  成功: 0  失败: 0
2026-05-26 10:53:12.001 [INFO] main.cpp:384 -   队列大小: 0  平均耗时: 0.0ms
2026-05-26 10:53:13.002 [INFO] main.cpp:352 - ======== 总线统计 ========
2026-05-26 10:53:13.002 [INFO] main.cpp:353 -   总事务数:     40
2026-05-26 10:53:13.003 [INFO] main.cpp:354 -   总错误数:     20
2026-05-26 10:53:13.003 [INFO] main.cpp:355 -   发送字节数:   320
2026-05-26 10:53:13.003 [INFO] main.cpp:356 -   接收字节数:   0
2026-05-26 10:53:13.003 [INFO] main.cpp:357 -   平均延迟:     0.00 ms
2026-05-26 10:53:13.003 [INFO] main.cpp:358 -   最大延迟:     0.00 ms
2026-05-26 10:53:13.003 [INFO] main.cpp:359 -   总线争用次数: 0
2026-05-26 10:53:13.003 [INFO] main.cpp:368 - ======== 轮询统计 ========
2026-05-26 10:53:13.003 [INFO] main.cpp:369 -   任务组数:     20
2026-05-26 10:53:13.003 [INFO] main.cpp:370 -   成功事务:     0
2026-05-26 10:53:13.003 [INFO] main.cpp:371 -   失败事务:     20
2026-05-26 10:53:13.003 [INFO] main.cpp:373 -   成功率:       0.0%
2026-05-26 10:53:13.003 [INFO] main.cpp:378 - ======== 命令队列统计 ========
2026-05-26 10:53:13.003 [INFO] main.cpp:379 -   已提交: 0  已执行: 0  成功: 0  失败: 0
2026-05-26 10:53:13.003 [INFO] main.cpp:384 -   队列大小: 0  平均耗时: 0.0ms
2026-05-26 10:53:14.004 [INFO] main.cpp:352 - ======== 总线统计 ========
2026-05-26 10:53:14.004 [INFO] main.cpp:353 -   总事务数:     40
2026-05-26 10:53:14.004 [INFO] main.cpp:354 -   总错误数:     40
2026-05-26 10:53:14.004 [INFO] main.cpp:355 -   发送字节数:   320
2026-05-26 10:53:14.004 [INFO] main.cpp:356 -   接收字节数:   0
2026-05-26 10:53:14.005 [INFO] main.cpp:357 -   平均延迟:     0.00 ms
2026-05-26 10:53:14.005 [INFO] main.cpp:358 -   最大延迟:     0.00 ms
2026-05-26 10:53:14.005 [INFO] main.cpp:359 -   总线争用次数: 0
2026-05-26 10:53:14.005 [INFO] main.cpp:368 - ======== 轮询统计 ========
2026-05-26 10:53:14.005 [INFO] main.cpp:369 -   任务组数:     20
2026-05-26 10:53:14.005 [INFO] main.cpp:370 -   成功事务:     0
2026-05-26 10:53:14.005 [INFO] main.cpp:371 -   失败事务:     40
2026-05-26 10:53:14.005 [INFO] main.cpp:373 -   成功率:       0.0%
2026-05-26 10:53:14.005 [INFO] main.cpp:378 - ======== 命令队列统计 ========
2026-05-26 10:53:14.005 [INFO] main.cpp:379 -   已提交: 0  已执行: 0  成功: 0  失败: 0
2026-05-26 10:53:14.005 [INFO] main.cpp:384 -   队列大小: 0  平均耗时: 0.0ms
2026-05-26 10:53:15.005 [INFO] main.cpp:352 - ======== 总线统计 ========
2026-05-26 10:53:15.005 [INFO] main.cpp:353 -   总事务数:     40
2026-05-26 10:53:15.005 [INFO] main.cpp:354 -   总错误数:     40
2026-05-26 10:53:15.005 [INFO] main.cpp:355 -   发送字节数:   320
2026-05-26 10:53:15.005 [INFO] main.cpp:356 -   接收字节数:   0
2026-05-26 10:53:15.005 [INFO] main.cpp:357 -   平均延迟:     0.00 ms
2026-05-26 10:53:15.005 [INFO] main.cpp:358 -   最大延迟:     0.00 ms
2026-05-26 10:53:15.005 [INFO] main.cpp:359 -   总线争用次数: 0
2026-05-26 10:53:15.005 [INFO] main.cpp:368 - ======== 轮询统计 ========
2026-05-26 10:53:15.005 [INFO] main.cpp:369 -   任务组数:     20
2026-05-26 10:53:15.005 [INFO] main.cpp:370 -   成功事务:     0
2026-05-26 10:53:15.005 [INFO] main.cpp:371 -   失败事务:     40
2026-05-26 10:53:15.006 [INFO] main.cpp:373 -   成功率:       0.0%
2026-05-26 10:53:15.006 [INFO] main.cpp:378 - ======== 命令队列统计 ========
2026-05-26 10:53:15.006 [INFO] main.cpp:379 -   已提交: 0  已执行: 0  成功: 0  失败: 0
2026-05-26 10:53:15.006 [INFO] main.cpp:384 -   队列大小: 0  平均耗时: 0.0ms
2026-05-26 10:53:16.006 [INFO] main.cpp:352 - ======== 总线统计 ========
2026-05-26 10:53:16.007 [INFO] main.cpp:353 -   总事务数:     40
2026-05-26 10:53:16.007 [INFO] main.cpp:354 -   总错误数:     40
2026-05-26 10:53:16.007 [INFO] main.cpp:355 -   发送字节数:   320
2026-05-26 10:53:16.007 [INFO] main.cpp:356 -   接收字节数:   0
2026-05-26 10:53:16.007 [INFO] main.cpp:357 -   平均延迟:     0.00 ms
2026-05-26 10:53:16.007 [INFO] main.cpp:358 -   最大延迟:     0.00 ms
2026-05-26 10:53:16.007 [INFO] main.cpp:359 -   总线争用次数: 0
2026-05-26 10:53:16.007 [INFO] main.cpp:368 - ======== 轮询统计 ========
2026-05-26 10:53:16.007 [INFO] main.cpp:369 -   任务组数:     20
2026-05-26 10:53:16.007 [INFO] main.cpp:370 -   成功事务:     0
2026-05-26 10:53:16.007 [INFO] main.cpp:371 -   失败事务:     40
2026-05-26 10:53:16.007 [INFO] main.cpp:373 -   成功率:       0.0%
2026-05-26 10:53:16.007 [INFO] main.cpp:378 - ======== 命令队列统计 ========
2026-05-26 10:53:16.007 [INFO] main.cpp:379 -   已提交: 0  已执行: 0  成功: 0  失败: 0
2026-05-26 10:53:16.007 [INFO] main.cpp:384 -   队列大小: 0  平均耗时: 0.0ms
2026-05-26 10:53:17.008 [INFO] main.cpp:352 - ======== 总线统计 ========
2026-05-26 10:53:17.008 [INFO] main.cpp:353 -   总事务数:     59
2026-05-26 10:53:17.008 [INFO] main.cpp:354 -   总错误数:     40
2026-05-26 10:53:17.008 [INFO] main.cpp:355 -   发送字节数:   320
2026-05-26 10:53:17.008 [INFO] main.cpp:356 -   接收字节数:   0
2026-05-26 10:53:17.008 [INFO] main.cpp:357 -   平均延迟:     0.00 ms
2026-05-26 10:53:17.008 [INFO] main.cpp:358 -   最大延迟:     0.00 ms
2026-05-26 10:53:17.008 [INFO] main.cpp:359 -   总线争用次数: 0
2026-05-26 10:53:17.008 [INFO] main.cpp:368 - ======== 轮询统计 ========
2026-05-26 10:53:17.009 [INFO] main.cpp:369 -   任务组数:     20
2026-05-26 10:53:17.009 [INFO] main.cpp:370 -   成功事务:     0
2026-05-26 10:53:17.009 [INFO] main.cpp:371 -   失败事务:     40
2026-05-26 10:53:17.009 [INFO] main.cpp:373 -   成功率:       0.0%
2026-05-26 10:53:17.009 [INFO] main.cpp:378 - ======== 命令队列统计 ========
2026-05-26 10:53:17.009 [INFO] main.cpp:379 -   已提交: 0  已执行: 0  成功: 0  失败: 0
2026-05-26 10:53:17.009 [INFO] main.cpp:384 -   队列大小: 0  平均耗时: 0.0ms
2026-05-26 10:53:18.010 [INFO] main.cpp:352 - ======== 总线统计 ========
2026-05-26 10:53:18.010 [INFO] main.cpp:353 -   总事务数:     60
2026-05-26 10:53:18.010 [INFO] main.cpp:354 -   总错误数:     40
2026-05-26 10:53:18.010 [INFO] main.cpp:355 -   发送字节数:   480
2026-05-26 10:53:18.010 [INFO] main.cpp:356 -   接收字节数:   0
2026-05-26 10:53:18.010 [INFO] main.cpp:357 -   平均延迟:     0.00 ms
2026-05-26 10:53:18.010 [INFO] main.cpp:358 -   最大延迟:     0.00 ms
2026-05-26 10:53:18.010 [INFO] main.cpp:359 -   总线争用次数: 0
2026-05-26 10:53:18.010 [INFO] main.cpp:368 - ======== 轮询统计 ========
2026-05-26 10:53:18.010 [INFO] main.cpp:369 -   任务组数:     20
2026-05-26 10:53:18.010 [INFO] main.cpp:370 -   成功事务:     0
2026-05-26 10:53:18.010 [INFO] main.cpp:371 -   失败事务:     40
2026-05-26 10:53:18.011 [INFO] main.cpp:373 -   成功率:       0.0%
2026-05-26 10:53:18.011 [INFO] main.cpp:378 - ======== 命令队列统计 ========
2026-05-26 10:53:18.011 [INFO] main.cpp:379 -   已提交: 0  已执行: 0  成功: 0  失败: 0
2026-05-26 10:53:18.011 [INFO] main.cpp:384 -   队列大小: 0  平均耗时: 0.0ms
2026-05-26 10:53:19.011 [INFO] main.cpp:352 - ======== 总线统计 ========
2026-05-26 10:53:19.011 [INFO] main.cpp:353 -   总事务数:     60
2026-05-26 10:53:19.011 [INFO] main.cpp:354 -   总错误数:     60
2026-05-26 10:53:19.011 [INFO] main.cpp:355 -   发送字节数:   480
2026-05-26 10:53:19.011 [INFO] main.cpp:356 -   接收字节数:   0
2026-05-26 10:53:19.011 [INFO] main.cpp:357 -   平均延迟:     0.00 ms
2026-05-26 10:53:19.011 [INFO] main.cpp:358 -   最大延迟:     0.00 ms
2026-05-26 10:53:19.011 [INFO] main.cpp:359 -   总线争用次数: 0
2026-05-26 10:53:19.011 [INFO] main.cpp:368 - ======== 轮询统计 ========
2026-05-26 10:53:19.011 [INFO] main.cpp:369 -   任务组数:     20
2026-05-26 10:53:19.011 [INFO] main.cpp:370 -   成功事务:     0
2026-05-26 10:53:19.011 [INFO] main.cpp:371 -   失败事务:     60
2026-05-26 10:53:19.011 [INFO] main.cpp:373 -   成功率:       0.0%
2026-05-26 10:53:19.011 [INFO] main.cpp:378 - ======== 命令队列统计 ========
2026-05-26 10:53:19.011 [INFO] main.cpp:379 -   已提交: 0  已执行: 0  成功: 0  失败: 0
2026-05-26 10:53:19.012 [INFO] main.cpp:384 -   队列大小: 0  平均耗时: 0.0ms
2026-05-26 10:53:20.012 [INFO] main.cpp:352 - ======== 总线统计 ========
2026-05-26 10:53:20.012 [INFO] main.cpp:353 -   总事务数:     60
2026-05-26 10:53:20.012 [INFO] main.cpp:354 -   总错误数:     60
2026-05-26 10:53:20.012 [INFO] main.cpp:355 -   发送字节数:   480
2026-05-26 10:53:20.013 [INFO] main.cpp:356 -   接收字节数:   0
2026-05-26 10:53:20.013 [INFO] main.cpp:357 -   平均延迟:     0.00 ms
2026-05-26 10:53:20.013 [INFO] main.cpp:358 -   最大延迟:     0.00 ms
2026-05-26 10:53:20.013 [INFO] main.cpp:359 -   总线争用次数: 0
2026-05-26 10:53:20.013 [INFO] main.cpp:368 - ======== 轮询统计 ========
2026-05-26 10:53:20.013 [INFO] main.cpp:369 -   任务组数:     20
2026-05-26 10:53:20.013 [INFO] main.cpp:370 -   成功事务:     0
2026-05-26 10:53:20.013 [INFO] main.cpp:371 -   失败事务:     60
2026-05-26 10:53:20.013 [INFO] main.cpp:373 -   成功率:       0.0%
2026-05-26 10:53:20.013 [INFO] main.cpp:378 - ======== 命令队列统计 ========
2026-05-26 10:53:20.013 [INFO] main.cpp:379 -   已提交: 0  已执行: 0  成功: 0  失败: 0
2026-05-26 10:53:20.013 [INFO] main.cpp:384 -   队列大小: 0  平均耗时: 0.0ms
2026-05-26 10:53:21.014 [INFO] main.cpp:352 - ======== 总线统计 ========
2026-05-26 10:53:21.014 [INFO] main.cpp:353 -   总事务数:     60
2026-05-26 10:53:21.014 [INFO] main.cpp:354 -   总错误数:     60
2026-05-26 10:53:21.014 [INFO] main.cpp:355 -   发送字节数:   480
2026-05-26 10:53:21.014 [INFO] main.cpp:356 -   接收字节数:   0
2026-05-26 10:53:21.014 [INFO] main.cpp:357 -   平均延迟:     0.00 ms
2026-05-26 10:53:21.014 [INFO] main.cpp:358 -   最大延迟:     0.00 ms
2026-05-26 10:53:21.014 [INFO] main.cpp:359 -   总线争用次数: 0
2026-05-26 10:53:21.014 [INFO] main.cpp:368 - ======== 轮询统计 ========
2026-05-26 10:53:21.014 [INFO] main.cpp:369 -   任务组数:     20
2026-05-26 10:53:21.015 [INFO] main.cpp:370 -   成功事务:     0
2026-05-26 10:53:21.015 [INFO] main.cpp:371 -   失败事务:     60
2026-05-26 10:53:21.015 [INFO] main.cpp:373 -   成功率:       0.0%
2026-05-26 10:53:21.015 [INFO] main.cpp:378 - ======== 命令队列统计 ========
2026-05-26 10:53:21.015 [INFO] main.cpp:379 -   已提交: 0  已执行: 0  成功: 0  失败: 0
2026-05-26 10:53:21.015 [INFO] main.cpp:384 -   队列大小: 0  平均耗时: 0.0ms
2026-05-26 10:53:22.015 [INFO] main.cpp:352 - ======== 总线统计 ========
2026-05-26 10:53:22.016 [INFO] main.cpp:353 -   总事务数:     79
2026-05-26 10:53:22.016 [INFO] main.cpp:354 -   总错误数:     60
2026-05-26 10:53:22.016 [INFO] main.cpp:355 -   发送字节数:   480
2026-05-26 10:53:22.016 [INFO] main.cpp:356 -   接收字节数:   0
2026-05-26 10:53:22.016 [INFO] main.cpp:357 -   平均延迟:     0.00 ms
2026-05-26 10:53:22.016 [INFO] main.cpp:358 -   最大延迟:     0.00 ms
2026-05-26 10:53:22.016 [INFO] main.cpp:359 -   总线争用次数: 0
2026-05-26 10:53:22.016 [INFO] main.cpp:368 - ======== 轮询统计 ========
2026-05-26 10:53:22.016 [INFO] main.cpp:369 -   任务组数:     20
2026-05-26 10:53:22.016 [INFO] main.cpp:370 -   成功事务:     0
2026-05-26 10:53:22.016 [INFO] main.cpp:371 -   失败事务:     60
2026-05-26 10:53:22.016 [INFO] main.cpp:373 -   成功率:       0.0%
2026-05-26 10:53:22.016 [INFO] main.cpp:378 - ======== 命令队列统计 ========
2026-05-26 10:53:22.016 [INFO] main.cpp:379 -   已提交: 0  已执行: 0  成功: 0  失败: 0
2026-05-26 10:53:22.016 [INFO] main.cpp:384 -   队列大小: 0  平均耗时: 0.0ms
2026-05-26 10:53:23.017 [INFO] main.cpp:352 - ======== 总线统计 ========
2026-05-26 10:53:23.017 [INFO] main.cpp:353 -   总事务数:     80
2026-05-26 10:53:23.017 [INFO] main.cpp:354 -   总错误数:     60
2026-05-26 10:53:23.017 [INFO] main.cpp:355 -   发送字节数:   640
2026-05-26 10:53:23.017 [INFO] main.cpp:356 -   接收字节数:   0
2026-05-26 10:53:23.017 [INFO] main.cpp:357 -   平均延迟:     0.00 ms
2026-05-26 10:53:23.017 [INFO] main.cpp:358 -   最大延迟:     0.00 ms
2026-05-26 10:53:23.018 [INFO] main.cpp:359 -   总线争用次数: 0
2026-05-26 10:53:23.018 [INFO] main.cpp:368 - ======== 轮询统计 ========
2026-05-26 10:53:23.018 [INFO] main.cpp:369 -   任务组数:     20
2026-05-26 10:53:23.018 [INFO] main.cpp:370 -   成功事务:     0
2026-05-26 10:53:23.018 [INFO] main.cpp:371 -   失败事务:     60
2026-05-26 10:53:23.018 [INFO] main.cpp:373 -   成功率:       0.0%
2026-05-26 10:53:23.018 [INFO] main.cpp:378 - ======== 命令队列统计 ========
2026-05-26 10:53:23.018 [INFO] main.cpp:379 -   已提交: 0  已执行: 0  成功: 0  失败: 0
2026-05-26 10:53:23.018 [INFO] main.cpp:384 -   队列大小: 0  平均耗时: 0.0ms
2026-05-26 10:53:24.019 [INFO] main.cpp:352 - ======== 总线统计 ========
2026-05-26 10:53:24.019 [INFO] main.cpp:353 -   总事务数:     80
2026-05-26 10:53:24.019 [INFO] main.cpp:354 -   总错误数:     80
2026-05-26 10:53:24.019 [INFO] main.cpp:355 -   发送字节数:   640
2026-05-26 10:53:24.019 [INFO] main.cpp:356 -   接收字节数:   0
2026-05-26 10:53:24.019 [INFO] main.cpp:357 -   平均延迟:     0.00 ms
2026-05-26 10:53:24.019 [INFO] main.cpp:358 -   最大延迟:     0.00 ms
2026-05-26 10:53:24.019 [INFO] main.cpp:359 -   总线争用次数: 0
2026-05-26 10:53:24.019 [INFO] main.cpp:368 - ======== 轮询统计 ========
2026-05-26 10:53:24.019 [INFO] main.cpp:369 -   任务组数:     20
2026-05-26 10:53:24.019 [INFO] main.cpp:370 -   成功事务:     0
2026-05-26 10:53:24.019 [INFO] main.cpp:371 -   失败事务:     80
2026-05-26 10:53:24.020 [INFO] main.cpp:373 -   成功率:       0.0%
2026-05-26 10:53:24.020 [INFO] main.cpp:378 - ======== 命令队列统计 ========
2026-05-26 10:53:24.020 [INFO] main.cpp:379 -   已提交: 0  已执行: 0  成功: 0  失败: 0
2026-05-26 10:53:24.020 [INFO] main.cpp:384 -   队列大小: 0  平均耗时: 0.0ms
2026-05-26 10:53:25.021 [INFO] main.cpp:352 - ======== 总线统计 ========
2026-05-26 10:53:25.021 [INFO] main.cpp:353 -   总事务数:     80
2026-05-26 10:53:25.021 [INFO] main.cpp:354 -   总错误数:     80
2026-05-26 10:53:25.021 [INFO] main.cpp:355 -   发送字节数:   640
2026-05-26 10:53:25.021 [INFO] main.cpp:356 -   接收字节数:   0
2026-05-26 10:53:25.021 [INFO] main.cpp:357 -   平均延迟:     0.00 ms
2026-05-26 10:53:25.021 [INFO] main.cpp:358 -   最大延迟:     0.00 ms
2026-05-26 10:53:25.021 [INFO] main.cpp:359 -   总线争用次数: 0
2026-05-26 10:53:25.021 [INFO] main.cpp:368 - ======== 轮询统计 ========
2026-05-26 10:53:25.021 [INFO] main.cpp:369 -   任务组数:     20
2026-05-26 10:53:25.021 [INFO] main.cpp:370 -   成功事务:     0
2026-05-26 10:53:25.021 [INFO] main.cpp:371 -   失败事务:     80
2026-05-26 10:53:25.021 [INFO] main.cpp:373 -   成功率:       0.0%
2026-05-26 10:53:25.021 [INFO] main.cpp:378 - ======== 命令队列统计 ========
2026-05-26 10:53:25.021 [INFO] main.cpp:379 -   已提交: 0  已执行: 0  成功: 0  失败: 0
2026-05-26 10:53:25.021 [INFO] main.cpp:384 -   队列大小: 0  平均耗时: 0.0ms
2026-05-26 10:53:26.023 [INFO] main.cpp:352 - ======== 总线统计 ========
2026-05-26 10:53:26.023 [INFO] main.cpp:353 -   总事务数:     80
2026-05-26 10:53:26.023 [INFO] main.cpp:354 -   总错误数:     80
2026-05-26 10:53:26.023 [INFO] main.cpp:355 -   发送字节数:   640
2026-05-26 10:53:26.023 [INFO] main.cpp:356 -   接收字节数:   0
2026-05-26 10:53:26.023 [INFO] main.cpp:357 -   平均延迟:     0.00 ms
2026-05-26 10:53:26.023 [INFO] main.cpp:358 -   最大延迟:     0.00 ms
2026-05-26 10:53:26.023 [INFO] main.cpp:359 -   总线争用次数: 0
2026-05-26 10:53:26.023 [INFO] main.cpp:368 - ======== 轮询统计 ========
2026-05-26 10:53:26.023 [INFO] main.cpp:369 -   任务组数:     20
2026-05-26 10:53:26.023 [INFO] main.cpp:370 -   成功事务:     0
2026-05-26 10:53:26.023 [INFO] main.cpp:371 -   失败事务:     80
2026-05-26 10:53:26.023 [INFO] main.cpp:373 -   成功率:       0.0%
2026-05-26 10:53:26.023 [INFO] main.cpp:378 - ======== 命令队列统计 ========
2026-05-26 10:53:26.023 [INFO] main.cpp:379 -   已提交: 0  已执行: 0  成功: 0  失败: 0
2026-05-26 10:53:26.023 [INFO] main.cpp:384 -   队列大小: 0  平均耗时: 0.0ms
2026-05-26 10:53:27.024 [INFO] main.cpp:352 - ======== 总线统计 ========
2026-05-26 10:53:27.024 [INFO] main.cpp:353 -   总事务数:     100
2026-05-26 10:53:27.024 [INFO] main.cpp:354 -   总错误数:     80
2026-05-26 10:53:27.024 [INFO] main.cpp:355 -   发送字节数:   640
2026-05-26 10:53:27.024 [INFO] main.cpp:356 -   接收字节数:   0
2026-05-26 10:53:27.025 [INFO] main.cpp:357 -   平均延迟:     0.00 ms
2026-05-26 10:53:27.025 [INFO] main.cpp:358 -   最大延迟:     0.00 ms
2026-05-26 10:53:27.025 [INFO] main.cpp:359 -   总线争用次数: 0
2026-05-26 10:53:27.025 [INFO] main.cpp:368 - ======== 轮询统计 ========
2026-05-26 10:53:27.025 [INFO] main.cpp:369 -   任务组数:     20
2026-05-26 10:53:27.025 [INFO] main.cpp:370 -   成功事务:     0
2026-05-26 10:53:27.025 [INFO] main.cpp:371 -   失败事务:     80
2026-05-26 10:53:27.025 [INFO] main.cpp:373 -   成功率:       0.0%
2026-05-26 10:53:27.025 [INFO] main.cpp:378 - ======== 命令队列统计 ========
2026-05-26 10:53:27.025 [INFO] main.cpp:379 -   已提交: 0  已执行: 0  成功: 0  失败: 0
2026-05-26 10:53:27.025 [INFO] main.cpp:384 -   队列大小: 0  平均耗时: 0.0ms
2026-05-26 10:53:28.025 [INFO] main.cpp:352 - ======== 总线统计 ========
2026-05-26 10:53:28.025 [INFO] main.cpp:353 -   总事务数:     100
2026-05-26 10:53:28.025 [INFO] main.cpp:354 -   总错误数:     80
2026-05-26 10:53:28.025 [INFO] main.cpp:355 -   发送字节数:   800
2026-05-26 10:53:28.025 [INFO] main.cpp:356 -   接收字节数:   0
2026-05-26 10:53:28.025 [INFO] main.cpp:357 -   平均延迟:     0.00 ms
2026-05-26 10:53:28.025 [INFO] main.cpp:358 -   最大延迟:     0.00 ms
2026-05-26 10:53:28.025 [INFO] main.cpp:359 -   总线争用次数: 0
2026-05-26 10:53:28.025 [INFO] main.cpp:368 - ======== 轮询统计 ========
2026-05-26 10:53:28.025 [INFO] main.cpp:369 -   任务组数:     20
2026-05-26 10:53:28.025 [INFO] main.cpp:370 -   成功事务:     0
2026-05-26 10:53:28.025 [INFO] main.cpp:371 -   失败事务:     80
2026-05-26 10:53:28.025 [INFO] main.cpp:373 -   成功率:       0.0%
2026-05-26 10:53:28.025 [INFO] main.cpp:378 - ======== 命令队列统计 ========
2026-05-26 10:53:28.026 [INFO] main.cpp:379 -   已提交: 0  已执行: 0  成功: 0  失败: 0
2026-05-26 10:53:28.026 [INFO] main.cpp:384 -   队列大小: 0  平均耗时: 0.0ms
2026-05-26 10:53:29.027 [INFO] main.cpp:352 - ======== 总线统计 ========
2026-05-26 10:53:29.027 [INFO] main.cpp:353 -   总事务数:     100
2026-05-26 10:53:29.027 [INFO] main.cpp:354 -   总错误数:     100
2026-05-26 10:53:29.027 [INFO] main.cpp:355 -   发送字节数:   800
2026-05-26 10:53:29.027 [INFO] main.cpp:356 -   接收字节数:   0
2026-05-26 10:53:29.027 [INFO] main.cpp:357 -   平均延迟:     0.00 ms
2026-05-26 10:53:29.027 [INFO] main.cpp:358 -   最大延迟:     0.00 ms
2026-05-26 10:53:29.027 [INFO] main.cpp:359 -   总线争用次数: 0
2026-05-26 10:53:29.027 [INFO] main.cpp:368 - ======== 轮询统计 ========
2026-05-26 10:53:29.027 [INFO] main.cpp:369 -   任务组数:     20
2026-05-26 10:53:29.027 [INFO] main.cpp:370 -   成功事务:     0
2026-05-26 10:53:29.027 [INFO] main.cpp:371 -   失败事务:     100
2026-05-26 10:53:29.027 [INFO] main.cpp:373 -   成功率:       0.0%
2026-05-26 10:53:29.027 [INFO] main.cpp:378 - ======== 命令队列统计 ========
2026-05-26 10:53:29.027 [INFO] main.cpp:379 -   已提交: 0  已执行: 0  成功: 0  失败: 0
2026-05-26 10:53:29.027 [INFO] main.cpp:384 -   队列大小: 0  平均耗时: 0.0ms
2026-05-26 10:53:30.028 [INFO] main.cpp:352 - ======== 总线统计 ========
2026-05-26 10:53:30.028 [INFO] main.cpp:353 -   总事务数:     100
2026-05-26 10:53:30.028 [INFO] main.cpp:354 -   总错误数:     100
2026-05-26 10:53:30.028 [INFO] main.cpp:355 -   发送字节数:   800
2026-05-26 10:53:30.028 [INFO] main.cpp:356 -   接收字节数:   0
2026-05-26 10:53:30.028 [INFO] main.cpp:357 -   平均延迟:     0.00 ms
2026-05-26 10:53:30.028 [INFO] main.cpp:358 -   最大延迟:     0.00 ms
2026-05-26 10:53:30.028 [INFO] main.cpp:359 -   总线争用次数: 0
2026-05-26 10:53:30.028 [INFO] main.cpp:368 - ======== 轮询统计 ========
2026-05-26 10:53:30.028 [INFO] main.cpp:369 -   任务组数:     20
2026-05-26 10:53:30.028 [INFO] main.cpp:370 -   成功事务:     0
2026-05-26 10:53:30.028 [INFO] main.cpp:371 -   失败事务:     100
2026-05-26 10:53:30.028 [INFO] main.cpp:373 -   成功率:       0.0%
2026-05-26 10:53:30.028 [INFO] main.cpp:378 - ======== 命令队列统计 ========
2026-05-26 10:53:30.028 [INFO] main.cpp:379 -   已提交: 0  已执行: 0  成功: 0  失败: 0
2026-05-26 10:53:30.028 [INFO] main.cpp:384 -   队列大小: 0  平均耗时: 0.0ms
2026-05-26 10:53:31.029 [INFO] main.cpp:352 - ======== 总线统计 ========
2026-05-26 10:53:31.029 [INFO] main.cpp:353 -   总事务数:     100
2026-05-26 10:53:31.029 [INFO] main.cpp:354 -   总错误数:     100
2026-05-26 10:53:31.029 [INFO] main.cpp:355 -   发送字节数:   800
2026-05-26 10:53:31.029 [INFO] main.cpp:356 -   接收字节数:   0
2026-05-26 10:53:31.029 [INFO] main.cpp:357 -   平均延迟:     0.00 ms
2026-05-26 10:53:31.029 [INFO] main.cpp:358 -   最大延迟:     0.00 ms
2026-05-26 10:53:31.029 [INFO] main.cpp:359 -   总线争用次数: 0
2026-05-26 10:53:31.029 [INFO] main.cpp:368 - ======== 轮询统计 ========
2026-05-26 10:53:31.029 [INFO] main.cpp:369 -   任务组数:     20
2026-05-26 10:53:31.029 [INFO] main.cpp:370 -   成功事务:     0
2026-05-26 10:53:31.029 [INFO] main.cpp:371 -   失败事务:     100
2026-05-26 10:53:31.029 [INFO] main.cpp:373 -   成功率:       0.0%
2026-05-26 10:53:31.029 [INFO] main.cpp:378 - ======== 命令队列统计 ========
2026-05-26 10:53:31.029 [INFO] main.cpp:379 -   已提交: 0  已执行: 0  成功: 0  失败: 0
2026-05-26 10:53:31.029 [INFO] main.cpp:384 -   队列大小: 0  平均耗时: 0.0ms
2026-05-26 10:53:32.030 [INFO] main.cpp:352 - ======== 总线统计 ========
2026-05-26 10:53:32.030 [INFO] main.cpp:353 -   总事务数:     120
2026-05-26 10:53:32.030 [INFO] main.cpp:354 -   总错误数:     100
2026-05-26 10:53:32.030 [INFO] main.cpp:355 -   发送字节数:   800
2026-05-26 10:53:32.031 [INFO] main.cpp:356 -   接收字节数:   0
2026-05-26 10:53:32.031 [INFO] main.cpp:357 -   平均延迟:     0.00 ms
2026-05-26 10:53:32.031 [INFO] main.cpp:358 -   最大延迟:     0.00 ms
2026-05-26 10:53:32.031 [INFO] main.cpp:359 -   总线争用次数: 0
2026-05-26 10:53:32.031 [INFO] main.cpp:368 - ======== 轮询统计 ========
2026-05-26 10:53:32.031 [INFO] main.cpp:369 -   任务组数:     20
2026-05-26 10:53:32.031 [INFO] main.cpp:370 -   成功事务:     0
2026-05-26 10:53:32.031 [INFO] main.cpp:371 -   失败事务:     100
2026-05-26 10:53:32.031 [INFO] main.cpp:373 -   成功率:       0.0%
2026-05-26 10:53:32.031 [INFO] main.cpp:378 - ======== 命令队列统计 ========
2026-05-26 10:53:32.031 [INFO] main.cpp:379 -   已提交: 0  已执行: 0  成功: 0  失败: 0
2026-05-26 10:53:32.031 [INFO] main.cpp:384 -   队列大小: 0  平均耗时: 0.0ms
2026-05-26 10:53:33.032 [INFO] main.cpp:352 - ======== 总线统计 ========
2026-05-26 10:53:33.032 [INFO] main.cpp:353 -   总事务数:     120
2026-05-26 10:53:33.032 [INFO] main.cpp:354 -   总错误数:     100
2026-05-26 10:53:33.032 [INFO] main.cpp:355 -   发送字节数:   960
2026-05-26 10:53:33.032 [INFO] main.cpp:356 -   接收字节数:   0
2026-05-26 10:53:33.032 [INFO] main.cpp:357 -   平均延迟:     0.00 ms
2026-05-26 10:53:33.032 [INFO] main.cpp:358 -   最大延迟:     0.00 ms
2026-05-26 10:53:33.032 [INFO] main.cpp:359 -   总线争用次数: 0
2026-05-26 10:53:33.033 [INFO] main.cpp:368 - ======== 轮询统计 ========
2026-05-26 10:53:33.033 [INFO] main.cpp:369 -   任务组数:     20
2026-05-26 10:53:33.033 [INFO] main.cpp:370 -   成功事务:     0
2026-05-26 10:53:33.033 [INFO] main.cpp:371 -   失败事务:     100
2026-05-26 10:53:33.033 [INFO] main.cpp:373 -   成功率:       0.0%
2026-05-26 10:53:33.033 [INFO] main.cpp:378 - ======== 命令队列统计 ========
2026-05-26 10:53:33.033 [INFO] main.cpp:379 -   已提交: 0  已执行: 0  成功: 0  失败: 0
2026-05-26 10:53:33.033 [INFO] main.cpp:384 -   队列大小: 0  平均耗时: 0.0ms
2026-05-26 10:53:34.034 [INFO] main.cpp:352 - ======== 总线统计 ========
2026-05-26 10:53:34.034 [INFO] main.cpp:353 -   总事务数:     120
2026-05-26 10:53:34.034 [INFO] main.cpp:354 -   总错误数:     120
2026-05-26 10:53:34.034 [INFO] main.cpp:355 -   发送字节数:   960
2026-05-26 10:53:34.034 [INFO] main.cpp:356 -   接收字节数:   0
2026-05-26 10:53:34.034 [INFO] main.cpp:357 -   平均延迟:     0.00 ms
2026-05-26 10:53:34.034 [INFO] main.cpp:358 -   最大延迟:     0.00 ms
2026-05-26 10:53:34.034 [INFO] main.cpp:359 -   总线争用次数: 0
2026-05-26 10:53:34.034 [INFO] main.cpp:368 - ======== 轮询统计 ========
2026-05-26 10:53:34.034 [INFO] main.cpp:369 -   任务组数:     20
2026-05-26 10:53:34.034 [INFO] main.cpp:370 -   成功事务:     0
2026-05-26 10:53:34.034 [INFO] main.cpp:371 -   失败事务:     120
2026-05-26 10:53:34.034 [INFO] main.cpp:373 -   成功率:       0.0%
2026-05-26 10:53:34.034 [INFO] main.cpp:378 - ======== 命令队列统计 ========
2026-05-26 10:53:34.035 [INFO] main.cpp:379 -   已提交: 0  已执行: 0  成功: 0  失败: 0
2026-05-26 10:53:34.035 [INFO] main.cpp:384 -   队列大小: 0  平均耗时: 0.0ms
2026-05-26 10:53:35.036 [INFO] main.cpp:352 - ======== 总线统计 ========
2026-05-26 10:53:35.036 [INFO] main.cpp:353 -   总事务数:     120
2026-05-26 10:53:35.036 [INFO] main.cpp:354 -   总错误数:     120
2026-05-26 10:53:35.036 [INFO] main.cpp:355 -   发送字节数:   960
2026-05-26 10:53:35.036 [INFO] main.cpp:356 -   接收字节数:   0
2026-05-26 10:53:35.036 [INFO] main.cpp:357 -   平均延迟:     0.00 ms
2026-05-26 10:53:35.036 [INFO] main.cpp:358 -   最大延迟:     0.00 ms
2026-05-26 10:53:35.036 [INFO] main.cpp:359 -   总线争用次数: 0
2026-05-26 10:53:35.036 [INFO] main.cpp:368 - ======== 轮询统计 ========
2026-05-26 10:53:35.036 [INFO] main.cpp:369 -   任务组数:     20
2026-05-26 10:53:35.036 [INFO] main.cpp:370 -   成功事务:     0
2026-05-26 10:53:35.036 [INFO] main.cpp:371 -   失败事务:     120
2026-05-26 10:53:35.036 [INFO] main.cpp:373 -   成功率:       0.0%
2026-05-26 10:53:35.036 [INFO] main.cpp:378 - ======== 命令队列统计 ========
2026-05-26 10:53:35.036 [INFO] main.cpp:379 -   已提交: 0  已执行: 0  成功: 0  失败: 0
2026-05-26 10:53:35.036 [INFO] main.cpp:384 -   队列大小: 0  平均耗时: 0.0ms
2026-05-26 10:53:36.037 [INFO] main.cpp:352 - ======== 总线统计 ========
2026-05-26 10:53:36.038 [INFO] main.cpp:353 -   总事务数:     120
2026-05-26 10:53:36.038 [INFO] main.cpp:354 -   总错误数:     120
2026-05-26 10:53:36.038 [INFO] main.cpp:355 -   发送字节数:   960
2026-05-26 10:53:36.038 [INFO] main.cpp:356 -   接收字节数:   0
2026-05-26 10:53:36.038 [INFO] main.cpp:357 -   平均延迟:     0.00 ms
2026-05-26 10:53:36.038 [INFO] main.cpp:358 -   最大延迟:     0.00 ms
2026-05-26 10:53:36.038 [INFO] main.cpp:359 -   总线争用次数: 0
2026-05-26 10:53:36.038 [INFO] main.cpp:368 - ======== 轮询统计 ========
2026-05-26 10:53:36.038 [INFO] main.cpp:369 -   任务组数:     20
2026-05-26 10:53:36.038 [INFO] main.cpp:370 -   成功事务:     0
2026-05-26 10:53:36.038 [INFO] main.cpp:371 -   失败事务:     120
2026-05-26 10:53:36.038 [INFO] main.cpp:373 -   成功率:       0.0%
2026-05-26 10:53:36.038 [INFO] main.cpp:378 - ======== 命令队列统计 ========
2026-05-26 10:53:36.038 [INFO] main.cpp:379 -   已提交: 0  已执行: 0  成功: 0  失败: 0
2026-05-26 10:53:36.038 [INFO] main.cpp:384 -   队列大小: 0  平均耗时: 0.0ms
2026-05-26 10:53:37.039 [INFO] main.cpp:352 - ======== 总线统计 ========
2026-05-26 10:53:37.039 [INFO] main.cpp:353 -   总事务数:     140
2026-05-26 10:53:37.039 [INFO] main.cpp:354 -   总错误数:     120
2026-05-26 10:53:37.039 [INFO] main.cpp:355 -   发送字节数:   960
2026-05-26 10:53:37.039 [INFO] main.cpp:356 -   接收字节数:   0
2026-05-26 10:53:37.039 [INFO] main.cpp:357 -   平均延迟:     0.00 ms
2026-05-26 10:53:37.039 [INFO] main.cpp:358 -   最大延迟:     0.00 ms
2026-05-26 10:53:37.039 [INFO] main.cpp:359 -   总线争用次数: 0
2026-05-26 10:53:37.040 [INFO] main.cpp:368 - ======== 轮询统计 ========
2026-05-26 10:53:37.040 [INFO] main.cpp:369 -   任务组数:     20
2026-05-26 10:53:37.040 [INFO] main.cpp:370 -   成功事务:     0
2026-05-26 10:53:37.040 [INFO] main.cpp:371 -   失败事务:     120
2026-05-26 10:53:37.040 [INFO] main.cpp:373 -   成功率:       0.0%
2026-05-26 10:53:37.040 [INFO] main.cpp:378 - ======== 命令队列统计 ========
2026-05-26 10:53:37.040 [INFO] main.cpp:379 -   已提交: 0  已执行: 0  成功: 0  失败: 0
2026-05-26 10:53:37.040 [INFO] main.cpp:384 -   队列大小: 0  平均耗时: 0.0ms
2026-05-26 10:53:38.041 [INFO] main.cpp:352 - ======== 总线统计 ========
2026-05-26 10:53:38.041 [INFO] main.cpp:353 -   总事务数:     140
2026-05-26 10:53:38.041 [INFO] main.cpp:354 -   总错误数:     120
2026-05-26 10:53:38.041 [INFO] main.cpp:355 -   发送字节数:   1120
2026-05-26 10:53:38.041 [INFO] main.cpp:356 -   接收字节数:   0
2026-05-26 10:53:38.041 [INFO] main.cpp:357 -   平均延迟:     0.00 ms
2026-05-26 10:53:38.041 [INFO] main.cpp:358 -   最大延迟:     0.00 ms
2026-05-26 10:53:38.041 [INFO] main.cpp:359 -   总线争用次数: 0
2026-05-26 10:53:38.041 [INFO] main.cpp:368 - ======== 轮询统计 ========
2026-05-26 10:53:38.041 [INFO] main.cpp:369 -   任务组数:     20
2026-05-26 10:53:38.041 [INFO] main.cpp:370 -   成功事务:     0
2026-05-26 10:53:38.041 [INFO] main.cpp:371 -   失败事务:     120
2026-05-26 10:53:38.041 [INFO] main.cpp:373 -   成功率:       0.0%
2026-05-26 10:53:38.041 [INFO] main.cpp:378 - ======== 命令队列统计 ========
2026-05-26 10:53:38.041 [INFO] main.cpp:379 -   已提交: 0  已执行: 0  成功: 0  失败: 0
2026-05-26 10:53:38.042 [INFO] main.cpp:384 -   队列大小: 0  平均耗时: 0.0ms
2026-05-26 10:53:39.043 [INFO] main.cpp:352 - ======== 总线统计 ========
2026-05-26 10:53:39.043 [INFO] main.cpp:353 -   总事务数:     140
2026-05-26 10:53:39.043 [INFO] main.cpp:354 -   总错误数:     140
2026-05-26 10:53:39.043 [INFO] main.cpp:355 -   发送字节数:   1120
2026-05-26 10:53:39.043 [INFO] main.cpp:356 -   接收字节数:   0
2026-05-26 10:53:39.043 [INFO] main.cpp:357 -   平均延迟:     0.00 ms
2026-05-26 10:53:39.043 [INFO] main.cpp:358 -   最大延迟:     0.00 ms
2026-05-26 10:53:39.043 [INFO] main.cpp:359 -   总线争用次数: 0
2026-05-26 10:53:39.043 [INFO] main.cpp:368 - ======== 轮询统计 ========
2026-05-26 10:53:39.043 [INFO] main.cpp:369 -   任务组数:     20
2026-05-26 10:53:39.043 [INFO] main.cpp:370 -   成功事务:     0
2026-05-26 10:53:39.043 [INFO] main.cpp:371 -   失败事务:     140
2026-05-26 10:53:39.043 [INFO] main.cpp:373 -   成功率:       0.0%
2026-05-26 10:53:39.043 [INFO] main.cpp:378 - ======== 命令队列统计 ========
2026-05-26 10:53:39.043 [INFO] main.cpp:379 -   已提交: 0  已执行: 0  成功: 0  失败: 0
2026-05-26 10:53:39.043 [INFO] main.cpp:384 -   队列大小: 0  平均耗时: 0.0ms
2026-05-26 10:53:40.044 [INFO] main.cpp:352 - ======== 总线统计 ========
2026-05-26 10:53:40.044 [INFO] main.cpp:353 -   总事务数:     140
2026-05-26 10:53:40.044 [INFO] main.cpp:354 -   总错误数:     140
2026-05-26 10:53:40.044 [INFO] main.cpp:355 -   发送字节数:   1120
2026-05-26 10:53:40.044 [INFO] main.cpp:356 -   接收字节数:   0
2026-05-26 10:53:40.044 [INFO] main.cpp:357 -   平均延迟:     0.00 ms
2026-05-26 10:53:40.044 [INFO] main.cpp:358 -   最大延迟:     0.00 ms
2026-05-26 10:53:40.044 [INFO] main.cpp:359 -   总线争用次数: 0
2026-05-26 10:53:40.044 [INFO] main.cpp:368 - ======== 轮询统计 ========
2026-05-26 10:53:40.044 [INFO] main.cpp:369 -   任务组数:     20
2026-05-26 10:53:40.044 [INFO] main.cpp:370 -   成功事务:     0
2026-05-26 10:53:40.044 [INFO] main.cpp:371 -   失败事务:     140
2026-05-26 10:53:40.044 [INFO] main.cpp:373 -   成功率:       0.0%
2026-05-26 10:53:40.044 [INFO] main.cpp:378 - ======== 命令队列统计 ========
2026-05-26 10:53:40.044 [INFO] main.cpp:379 -   已提交: 0  已执行: 0  成功: 0  失败: 0
2026-05-26 10:53:40.044 [INFO] main.cpp:384 -   队列大小: 0  平均耗时: 0.0ms
2026-05-26 10:53:41.045 [INFO] main.cpp:352 - ======== 总线统计 ========
2026-05-26 10:53:41.045 [INFO] main.cpp:353 -   总事务数:     140
2026-05-26 10:53:41.045 [INFO] main.cpp:354 -   总错误数:     140
2026-05-26 10:53:41.045 [INFO] main.cpp:355 -   发送字节数:   1120
2026-05-26 10:53:41.045 [INFO] main.cpp:356 -   接收字节数:   0
2026-05-26 10:53:41.045 [INFO] main.cpp:357 -   平均延迟:     0.00 ms
2026-05-26 10:53:41.045 [INFO] main.cpp:358 -   最大延迟:     0.00 ms
2026-05-26 10:53:41.045 [INFO] main.cpp:359 -   总线争用次数: 0
2026-05-26 10:53:41.045 [INFO] main.cpp:368 - ======== 轮询统计 ========
2026-05-26 10:53:41.045 [INFO] main.cpp:369 -   任务组数:     20
2026-05-26 10:53:41.045 [INFO] main.cpp:370 -   成功事务:     0
2026-05-26 10:53:41.045 [INFO] main.cpp:371 -   失败事务:     140
2026-05-26 10:53:41.045 [INFO] main.cpp:373 -   成功率:       0.0%
2026-05-26 10:53:41.045 [INFO] main.cpp:378 - ======== 命令队列统计 ========
2026-05-26 10:53:41.045 [INFO] main.cpp:379 -   已提交: 0  已执行: 0  成功: 0  失败: 0
2026-05-26 10:53:41.045 [INFO] main.cpp:384 -   队列大小: 0  平均耗时: 0.0ms
2026-05-26 10:53:42.046 [INFO] main.cpp:352 - ======== 总线统计 ========
2026-05-26 10:53:42.046 [INFO] main.cpp:353 -   总事务数:     160
2026-05-26 10:53:42.046 [INFO] main.cpp:354 -   总错误数:     140
2026-05-26 10:53:42.046 [INFO] main.cpp:355 -   发送字节数:   1120
2026-05-26 10:53:42.047 [INFO] main.cpp:356 -   接收字节数:   0
2026-05-26 10:53:42.047 [INFO] main.cpp:357 -   平均延迟:     0.00 ms
2026-05-26 10:53:42.047 [INFO] main.cpp:358 -   最大延迟:     0.00 ms
2026-05-26 10:53:42.047 [INFO] main.cpp:359 -   总线争用次数: 0
2026-05-26 10:53:42.047 [INFO] main.cpp:368 - ======== 轮询统计 ========
2026-05-26 10:53:42.047 [INFO] main.cpp:369 -   任务组数:     20
2026-05-26 10:53:42.047 [INFO] main.cpp:370 -   成功事务:     0
2026-05-26 10:53:42.047 [INFO] main.cpp:371 -   失败事务:     140
2026-05-26 10:53:42.047 [INFO] main.cpp:373 -   成功率:       0.0%
2026-05-26 10:53:42.047 [INFO] main.cpp:378 - ======== 命令队列统计 ========
2026-05-26 10:53:42.047 [INFO] main.cpp:379 -   已提交: 0  已执行: 0  成功: 0  失败: 0
2026-05-26 10:53:42.047 [INFO] main.cpp:384 -   队列大小: 0  平均耗时: 0.0ms
2026-05-26 10:53:43.048 [INFO] main.cpp:352 - ======== 总线统计 ========
2026-05-26 10:53:43.048 [INFO] main.cpp:353 -   总事务数:     160
2026-05-26 10:53:43.048 [INFO] main.cpp:354 -   总错误数:     140
2026-05-26 10:53:43.048 [INFO] main.cpp:355 -   发送字节数:   1280
2026-05-26 10:53:43.048 [INFO] main.cpp:356 -   接收字节数:   0
2026-05-26 10:53:43.048 [INFO] main.cpp:357 -   平均延迟:     0.00 ms
2026-05-26 10:53:43.048 [INFO] main.cpp:358 -   最大延迟:     0.00 ms
2026-05-26 10:53:43.048 [INFO] main.cpp:359 -   总线争用次数: 0
2026-05-26 10:53:43.048 [INFO] main.cpp:368 - ======== 轮询统计 ========
2026-05-26 10:53:43.048 [INFO] main.cpp:369 -   任务组数:     20
2026-05-26 10:53:43.048 [INFO] main.cpp:370 -   成功事务:     0
2026-05-26 10:53:43.048 [INFO] main.cpp:371 -   失败事务:     140
2026-05-26 10:53:43.048 [INFO] main.cpp:373 -   成功率:       0.0%
2026-05-26 10:53:43.048 [INFO] main.cpp:378 - ======== 命令队列统计 ========
2026-05-26 10:53:43.048 [INFO] main.cpp:379 -   已提交: 0  已执行: 0  成功: 0  失败: 0
2026-05-26 10:53:43.048 [INFO] main.cpp:384 -   队列大小: 0  平均耗时: 0.0ms
2026-05-26 10:53:44.050 [INFO] main.cpp:352 - ======== 总线统计 ========
2026-05-26 10:53:44.050 [INFO] main.cpp:353 -   总事务数:     160
2026-05-26 10:53:44.050 [INFO] main.cpp:354 -   总错误数:     160
2026-05-26 10:53:44.050 [INFO] main.cpp:355 -   发送字节数:   1280
2026-05-26 10:53:44.050 [INFO] main.cpp:356 -   接收字节数:   0
2026-05-26 10:53:44.050 [INFO] main.cpp:357 -   平均延迟:     0.00 ms
2026-05-26 10:53:44.050 [INFO] main.cpp:358 -   最大延迟:     0.00 ms
2026-05-26 10:53:44.050 [INFO] main.cpp:359 -   总线争用次数: 0
2026-05-26 10:53:44.050 [INFO] main.cpp:368 - ======== 轮询统计 ========
2026-05-26 10:53:44.050 [INFO] main.cpp:369 -   任务组数:     20
2026-05-26 10:53:44.050 [INFO] main.cpp:370 -   成功事务:     0
2026-05-26 10:53:44.050 [INFO] main.cpp:371 -   失败事务:     160
2026-05-26 10:53:44.050 [INFO] main.cpp:373 -   成功率:       0.0%
2026-05-26 10:53:44.050 [INFO] main.cpp:378 - ======== 命令队列统计 ========
2026-05-26 10:53:44.050 [INFO] main.cpp:379 -   已提交: 0  已执行: 0  成功: 0  失败: 0
2026-05-26 10:53:44.050 [INFO] main.cpp:384 -   队列大小: 0  平均耗时: 0.0ms
2026-05-26 10:53:45.051 [INFO] main.cpp:352 - ======== 总线统计 ========
2026-05-26 10:53:45.052 [INFO] main.cpp:353 -   总事务数:     160
2026-05-26 10:53:45.052 [INFO] main.cpp:354 -   总错误数:     160
2026-05-26 10:53:45.052 [INFO] main.cpp:355 -   发送字节数:   1280
2026-05-26 10:53:45.052 [INFO] main.cpp:356 -   接收字节数:   0
2026-05-26 10:53:45.052 [INFO] main.cpp:357 -   平均延迟:     0.00 ms
2026-05-26 10:53:45.052 [INFO] main.cpp:358 -   最大延迟:     0.00 ms
2026-05-26 10:53:45.052 [INFO] main.cpp:359 -   总线争用次数: 0
2026-05-26 10:53:45.052 [INFO] main.cpp:368 - ======== 轮询统计 ========
2026-05-26 10:53:45.052 [INFO] main.cpp:369 -   任务组数:     20
2026-05-26 10:53:45.052 [INFO] main.cpp:370 -   成功事务:     0
2026-05-26 10:53:45.052 [INFO] main.cpp:371 -   失败事务:     160
2026-05-26 10:53:45.052 [INFO] main.cpp:373 -   成功率:       0.0%
2026-05-26 10:53:45.052 [INFO] main.cpp:378 - ======== 命令队列统计 ========
2026-05-26 10:53:45.052 [INFO] main.cpp:379 -   已提交: 0  已执行: 0  成功: 0  失败: 0
2026-05-26 10:53:45.052 [INFO] main.cpp:384 -   队列大小: 0  平均耗时: 0.0ms
2026-05-26 10:53:46.053 [INFO] main.cpp:352 - ======== 总线统计 ========
2026-05-26 10:53:46.053 [INFO] main.cpp:353 -   总事务数:     160
2026-05-26 10:53:46.053 [INFO] main.cpp:354 -   总错误数:     160
2026-05-26 10:53:46.053 [INFO] main.cpp:355 -   发送字节数:   1280
2026-05-26 10:53:46.053 [INFO] main.cpp:356 -   接收字节数:   0
2026-05-26 10:53:46.053 [INFO] main.cpp:357 -   平均延迟:     0.00 ms
2026-05-26 10:53:46.054 [INFO] main.cpp:358 -   最大延迟:     0.00 ms
2026-05-26 10:53:46.054 [INFO] main.cpp:359 -   总线争用次数: 0
2026-05-26 10:53:46.054 [INFO] main.cpp:368 - ======== 轮询统计 ========
2026-05-26 10:53:46.054 [INFO] main.cpp:369 -   任务组数:     20
2026-05-26 10:53:46.054 [INFO] main.cpp:370 -   成功事务:     0
2026-05-26 10:53:46.054 [INFO] main.cpp:371 -   失败事务:     160
2026-05-26 10:53:46.054 [INFO] main.cpp:373 -   成功率:       0.0%
2026-05-26 10:53:46.054 [INFO] main.cpp:378 - ======== 命令队列统计 ========
2026-05-26 10:53:46.054 [INFO] main.cpp:379 -   已提交: 0  已执行: 0  成功: 0  失败: 0
2026-05-26 10:53:46.054 [INFO] main.cpp:384 -   队列大小: 0  平均耗时: 0.0ms
2026-05-26 10:53:47.054 [INFO] main.cpp:352 - ======== 总线统计 ========
2026-05-26 10:53:47.054 [INFO] main.cpp:353 -   总事务数:     180
2026-05-26 10:53:47.054 [INFO] main.cpp:354 -   总错误数:     160
2026-05-26 10:53:47.054 [INFO] main.cpp:355 -   发送字节数:   1280
2026-05-26 10:53:47.054 [INFO] main.cpp:356 -   接收字节数:   0
2026-05-26 10:53:47.054 [INFO] main.cpp:357 -   平均延迟:     0.00 ms
2026-05-26 10:53:47.055 [INFO] main.cpp:358 -   最大延迟:     0.00 ms
2026-05-26 10:53:47.055 [INFO] main.cpp:359 -   总线争用次数: 0
2026-05-26 10:53:47.055 [INFO] main.cpp:368 - ======== 轮询统计 ========
2026-05-26 10:53:47.055 [INFO] main.cpp:369 -   任务组数:     20
2026-05-26 10:53:47.055 [INFO] main.cpp:370 -   成功事务:     0
2026-05-26 10:53:47.055 [INFO] main.cpp:371 -   失败事务:     160
2026-05-26 10:53:47.055 [INFO] main.cpp:373 -   成功率:       0.0%
2026-05-26 10:53:47.055 [INFO] main.cpp:378 - ======== 命令队列统计 ========
2026-05-26 10:53:47.055 [INFO] main.cpp:379 -   已提交: 0  已执行: 0  成功: 0  失败: 0
2026-05-26 10:53:47.055 [INFO] main.cpp:384 -   队列大小: 0  平均耗时: 0.0ms
2026-05-26 10:53:48.056 [INFO] main.cpp:352 - ======== 总线统计 ========
2026-05-26 10:53:48.056 [INFO] main.cpp:353 -   总事务数:     180
2026-05-26 10:53:48.056 [INFO] main.cpp:354 -   总错误数:     160
2026-05-26 10:53:48.056 [INFO] main.cpp:355 -   发送字节数:   1440
2026-05-26 10:53:48.056 [INFO] main.cpp:356 -   接收字节数:   0
2026-05-26 10:53:48.056 [INFO] main.cpp:357 -   平均延迟:     0.00 ms
2026-05-26 10:53:48.056 [INFO] main.cpp:358 -   最大延迟:     0.00 ms
2026-05-26 10:53:48.056 [INFO] main.cpp:359 -   总线争用次数: 0
2026-05-26 10:53:48.056 [INFO] main.cpp:368 - ======== 轮询统计 ========
2026-05-26 10:53:48.056 [INFO] main.cpp:369 -   任务组数:     20
2026-05-26 10:53:48.057 [INFO] main.cpp:370 -   成功事务:     0
2026-05-26 10:53:48.057 [INFO] main.cpp:371 -   失败事务:     160
2026-05-26 10:53:48.057 [INFO] main.cpp:373 -   成功率:       0.0%
2026-05-26 10:53:48.057 [INFO] main.cpp:378 - ======== 命令队列统计 ========
2026-05-26 10:53:48.057 [INFO] main.cpp:379 -   已提交: 0  已执行: 0  成功: 0  失败: 0
2026-05-26 10:53:48.057 [INFO] main.cpp:384 -   队列大小: 0  平均耗时: 0.0ms
2026-05-26 10:53:49.058 [INFO] main.cpp:352 - ======== 总线统计 ========
2026-05-26 10:53:49.058 [INFO] main.cpp:353 -   总事务数:     180
2026-05-26 10:53:49.058 [INFO] main.cpp:354 -   总错误数:     180
2026-05-26 10:53:49.058 [INFO] main.cpp:355 -   发送字节数:   1440
2026-05-26 10:53:49.058 [INFO] main.cpp:356 -   接收字节数:   0
2026-05-26 10:53:49.058 [INFO] main.cpp:357 -   平均延迟:     0.00 ms
2026-05-26 10:53:49.058 [INFO] main.cpp:358 -   最大延迟:     0.00 ms
2026-05-26 10:53:49.058 [INFO] main.cpp:359 -   总线争用次数: 0
2026-05-26 10:53:49.058 [INFO] main.cpp:368 - ======== 轮询统计 ========
2026-05-26 10:53:49.058 [INFO] main.cpp:369 -   任务组数:     20
2026-05-26 10:53:49.058 [INFO] main.cpp:370 -   成功事务:     0
2026-05-26 10:53:49.058 [INFO] main.cpp:371 -   失败事务:     180
2026-05-26 10:53:49.058 [INFO] main.cpp:373 -   成功率:       0.0%
2026-05-26 10:53:49.058 [INFO] main.cpp:378 - ======== 命令队列统计 ========
2026-05-26 10:53:49.058 [INFO] main.cpp:379 -   已提交: 0  已执行: 0  成功: 0  失败: 0
2026-05-26 10:53:49.058 [INFO] main.cpp:384 -   队列大小: 0  平均耗时: 0.0ms
2026-05-26 10:53:50.059 [INFO] main.cpp:352 - ======== 总线统计 ========
2026-05-26 10:53:50.060 [INFO] main.cpp:353 -   总事务数:     180
2026-05-26 10:53:50.060 [INFO] main.cpp:354 -   总错误数:     180
2026-05-26 10:53:50.060 [INFO] main.cpp:355 -   发送字节数:   1440
2026-05-26 10:53:50.060 [INFO] main.cpp:356 -   接收字节数:   0
2026-05-26 10:53:50.060 [INFO] main.cpp:357 -   平均延迟:     0.00 ms
2026-05-26 10:53:50.060 [INFO] main.cpp:358 -   最大延迟:     0.00 ms
2026-05-26 10:53:50.060 [INFO] main.cpp:359 -   总线争用次数: 0
2026-05-26 10:53:50.060 [INFO] main.cpp:368 - ======== 轮询统计 ========
2026-05-26 10:53:50.060 [INFO] main.cpp:369 -   任务组数:     20
2026-05-26 10:53:50.060 [INFO] main.cpp:370 -   成功事务:     0
2026-05-26 10:53:50.060 [INFO] main.cpp:371 -   失败事务:     180
2026-05-26 10:53:50.060 [INFO] main.cpp:373 -   成功率:       0.0%
2026-05-26 10:53:50.060 [INFO] main.cpp:378 - ======== 命令队列统计 ========
2026-05-26 10:53:50.060 [INFO] main.cpp:379 -   已提交: 0  已执行: 0  成功: 0  失败: 0
2026-05-26 10:53:50.060 [INFO] main.cpp:384 -   队列大小: 0  平均耗时: 0.0ms
2026-05-26 10:53:51.061 [INFO] main.cpp:352 - ======== 总线统计 ========
2026-05-26 10:53:51.061 [INFO] main.cpp:353 -   总事务数:     180
2026-05-26 10:53:51.061 [INFO] main.cpp:354 -   总错误数:     180
2026-05-26 10:53:51.061 [INFO] main.cpp:355 -   发送字节数:   1440
2026-05-26 10:53:51.061 [INFO] main.cpp:356 -   接收字节数:   0
2026-05-26 10:53:51.061 [INFO] main.cpp:357 -   平均延迟:     0.00 ms
2026-05-26 10:53:51.061 [INFO] main.cpp:358 -   最大延迟:     0.00 ms
2026-05-26 10:53:51.061 [INFO] main.cpp:359 -   总线争用次数: 0
2026-05-26 10:53:51.061 [INFO] main.cpp:368 - ======== 轮询统计 ========
2026-05-26 10:53:51.061 [INFO] main.cpp:369 -   任务组数:     20
2026-05-26 10:53:51.061 [INFO] main.cpp:370 -   成功事务:     0
2026-05-26 10:53:51.061 [INFO] main.cpp:371 -   失败事务:     180
2026-05-26 10:53:51.061 [INFO] main.cpp:373 -   成功率:       0.0%
2026-05-26 10:53:51.061 [INFO] main.cpp:378 - ======== 命令队列统计 ========
2026-05-26 10:53:51.061 [INFO] main.cpp:379 -   已提交: 0  已执行: 0  成功: 0  失败: 0
2026-05-26 10:53:51.062 [INFO] main.cpp:384 -   队列大小: 0  平均耗时: 0.0ms
2026-05-26 10:53:52.063 [INFO] main.cpp:352 - ======== 总线统计 ========
2026-05-26 10:53:52.063 [INFO] main.cpp:353 -   总事务数:     200
2026-05-26 10:53:52.063 [INFO] main.cpp:354 -   总错误数:     180
2026-05-26 10:53:52.063 [INFO] main.cpp:355 -   发送字节数:   1440
2026-05-26 10:53:52.063 [INFO] main.cpp:356 -   接收字节数:   0
2026-05-26 10:53:52.063 [INFO] main.cpp:357 -   平均延迟:     0.00 ms
2026-05-26 10:53:52.063 [INFO] main.cpp:358 -   最大延迟:     0.00 ms
2026-05-26 10:53:52.063 [INFO] main.cpp:359 -   总线争用次数: 0
2026-05-26 10:53:52.063 [INFO] main.cpp:368 - ======== 轮询统计 ========
2026-05-26 10:53:52.063 [INFO] main.cpp:369 -   任务组数:     20
2026-05-26 10:53:52.063 [INFO] main.cpp:370 -   成功事务:     0
2026-05-26 10:53:52.063 [INFO] main.cpp:371 -   失败事务:     180
2026-05-26 10:53:52.063 [INFO] main.cpp:373 -   成功率:       0.0%
2026-05-26 10:53:52.063 [INFO] main.cpp:378 - ======== 命令队列统计 ========
2026-05-26 10:53:52.063 [INFO] main.cpp:379 -   已提交: 0  已执行: 0  成功: 0  失败: 0
2026-05-26 10:53:52.063 [INFO] main.cpp:384 -   队列大小: 0  平均耗时: 0.0ms
2026-05-26 10:53:53.064 [INFO] main.cpp:352 - ======== 总线统计 ========
2026-05-26 10:53:53.064 [INFO] main.cpp:353 -   总事务数:     200
2026-05-26 10:53:53.064 [INFO] main.cpp:354 -   总错误数:     180
2026-05-26 10:53:53.064 [INFO] main.cpp:355 -   发送字节数:   1600
2026-05-26 10:53:53.064 [INFO] main.cpp:356 -   接收字节数:   0
2026-05-26 10:53:53.064 [INFO] main.cpp:357 -   平均延迟:     0.00 ms
2026-05-26 10:53:53.065 [INFO] main.cpp:358 -   最大延迟:     0.00 ms
2026-05-26 10:53:53.065 [INFO] main.cpp:359 -   总线争用次数: 0
2026-05-26 10:53:53.065 [INFO] main.cpp:368 - ======== 轮询统计 ========
2026-05-26 10:53:53.065 [INFO] main.cpp:369 -   任务组数:     20
2026-05-26 10:53:53.065 [INFO] main.cpp:370 -   成功事务:     0
2026-05-26 10:53:53.065 [INFO] main.cpp:371 -   失败事务:     180
2026-05-26 10:53:53.065 [INFO] main.cpp:373 -   成功率:       0.0%
2026-05-26 10:53:53.065 [INFO] main.cpp:378 - ======== 命令队列统计 ========
2026-05-26 10:53:53.065 [INFO] main.cpp:379 -   已提交: 0  已执行: 0  成功: 0  失败: 0
2026-05-26 10:53:53.065 [INFO] main.cpp:384 -   队列大小: 0  平均耗时: 0.0ms
2026-05-26 10:53:54.066 [INFO] main.cpp:352 - ======== 总线统计 ========
2026-05-26 10:53:54.066 [INFO] main.cpp:353 -   总事务数:     200
2026-05-26 10:53:54.066 [INFO] main.cpp:354 -   总错误数:     200
2026-05-26 10:53:54.066 [INFO] main.cpp:355 -   发送字节数:   1600
2026-05-26 10:53:54.066 [INFO] main.cpp:356 -   接收字节数:   0
2026-05-26 10:53:54.066 [INFO] main.cpp:357 -   平均延迟:     0.00 ms
2026-05-26 10:53:54.066 [INFO] main.cpp:358 -   最大延迟:     0.00 ms
2026-05-26 10:53:54.066 [INFO] main.cpp:359 -   总线争用次数: 0
2026-05-26 10:53:54.066 [INFO] main.cpp:368 - ======== 轮询统计 ========
2026-05-26 10:53:54.067 [INFO] main.cpp:369 -   任务组数:     20
2026-05-26 10:53:54.067 [INFO] main.cpp:370 -   成功事务:     0
2026-05-26 10:53:54.067 [INFO] main.cpp:371 -   失败事务:     200
2026-05-26 10:53:54.067 [INFO] main.cpp:373 -   成功率:       0.0%
2026-05-26 10:53:54.067 [INFO] main.cpp:378 - ======== 命令队列统计 ========
2026-05-26 10:53:54.067 [INFO] main.cpp:379 -   已提交: 0  已执行: 0  成功: 0  失败: 0
2026-05-26 10:53:54.067 [INFO] main.cpp:384 -   队列大小: 0  平均耗时: 0.0ms
2026-05-26 10:53:55.068 [INFO] main.cpp:352 - ======== 总线统计 ========
2026-05-26 10:53:55.068 [INFO] main.cpp:353 -   总事务数:     200
2026-05-26 10:53:55.068 [INFO] main.cpp:354 -   总错误数:     200
2026-05-26 10:53:55.068 [INFO] main.cpp:355 -   发送字节数:   1600
2026-05-26 10:53:55.068 [INFO] main.cpp:356 -   接收字节数:   0
2026-05-26 10:53:55.068 [INFO] main.cpp:357 -   平均延迟:     0.00 ms
2026-05-26 10:53:55.068 [INFO] main.cpp:358 -   最大延迟:     0.00 ms
2026-05-26 10:53:55.068 [INFO] main.cpp:359 -   总线争用次数: 0
2026-05-26 10:53:55.068 [INFO] main.cpp:368 - ======== 轮询统计 ========
2026-05-26 10:53:55.068 [INFO] main.cpp:369 -   任务组数:     20
2026-05-26 10:53:55.068 [INFO] main.cpp:370 -   成功事务:     0
2026-05-26 10:53:55.068 [INFO] main.cpp:371 -   失败事务:     200
2026-05-26 10:53:55.068 [INFO] main.cpp:373 -   成功率:       0.0%
2026-05-26 10:53:55.068 [INFO] main.cpp:378 - ======== 命令队列统计 ========
2026-05-26 10:53:55.068 [INFO] main.cpp:379 -   已提交: 0  已执行: 0  成功: 0  失败: 0
2026-05-26 10:53:55.068 [INFO] main.cpp:384 -   队列大小: 0  平均耗时: 0.0ms
2026-05-26 10:53:56.069 [INFO] main.cpp:352 - ======== 总线统计 ========
2026-05-26 10:53:56.069 [INFO] main.cpp:353 -   总事务数:     200
2026-05-26 10:53:56.070 [INFO] main.cpp:354 -   总错误数:     200
2026-05-26 10:53:56.070 [INFO] main.cpp:355 -   发送字节数:   1600
2026-05-26 10:53:56.070 [INFO] main.cpp:356 -   接收字节数:   0
2026-05-26 10:53:56.070 [INFO] main.cpp:357 -   平均延迟:     0.00 ms
2026-05-26 10:53:56.070 [INFO] main.cpp:358 -   最大延迟:     0.00 ms
2026-05-26 10:53:56.070 [INFO] main.cpp:359 -   总线争用次数: 0
2026-05-26 10:53:56.070 [INFO] main.cpp:368 - ======== 轮询统计 ========
2026-05-26 10:53:56.070 [INFO] main.cpp:369 -   任务组数:     20
2026-05-26 10:53:56.070 [INFO] main.cpp:370 -   成功事务:     0
2026-05-26 10:53:56.070 [INFO] main.cpp:371 -   失败事务:     200
2026-05-26 10:53:56.070 [INFO] main.cpp:373 -   成功率:       0.0%
2026-05-26 10:53:56.070 [INFO] main.cpp:378 - ======== 命令队列统计 ========
2026-05-26 10:53:56.070 [INFO] main.cpp:379 -   已提交: 0  已执行: 0  成功: 0  失败: 0
2026-05-26 10:53:56.070 [INFO] main.cpp:384 -   队列大小: 0  平均耗时: 0.0ms
2026-05-26 10:53:57.071 [INFO] main.cpp:352 - ======== 总线统计 ========
2026-05-26 10:53:57.071 [INFO] main.cpp:353 -   总事务数:     220
2026-05-26 10:53:57.071 [INFO] main.cpp:354 -   总错误数:     200
2026-05-26 10:53:57.071 [INFO] main.cpp:355 -   发送字节数:   1600
2026-05-26 10:53:57.071 [INFO] main.cpp:356 -   接收字节数:   0
2026-05-26 10:53:57.071 [INFO] main.cpp:357 -   平均延迟:     0.00 ms
2026-05-26 10:53:57.071 [INFO] main.cpp:358 -   最大延迟:     0.00 ms
2026-05-26 10:53:57.071 [INFO] main.cpp:359 -   总线争用次数: 0
2026-05-26 10:53:57.071 [INFO] main.cpp:368 - ======== 轮询统计 ========
2026-05-26 10:53:57.071 [INFO] main.cpp:369 -   任务组数:     20
2026-05-26 10:53:57.071 [INFO] main.cpp:370 -   成功事务:     0
2026-05-26 10:53:57.071 [INFO] main.cpp:371 -   失败事务:     200
2026-05-26 10:53:57.071 [INFO] main.cpp:373 -   成功率:       0.0%
2026-05-26 10:53:57.071 [INFO] main.cpp:378 - ======== 命令队列统计 ========
2026-05-26 10:53:57.071 [INFO] main.cpp:379 -   已提交: 0  已执行: 0  成功: 0  失败: 0
2026-05-26 10:53:57.072 [INFO] main.cpp:384 -   队列大小: 0  平均耗时: 0.0ms
2026-05-26 10:53:58.073 [INFO] main.cpp:352 - ======== 总线统计 ========
2026-05-26 10:53:58.073 [INFO] main.cpp:353 -   总事务数:     220
2026-05-26 10:53:58.073 [INFO] main.cpp:354 -   总错误数:     200
2026-05-26 10:53:58.073 [INFO] main.cpp:355 -   发送字节数:   1760
2026-05-26 10:53:58.073 [INFO] main.cpp:356 -   接收字节数:   0
2026-05-26 10:53:58.073 [INFO] main.cpp:357 -   平均延迟:     0.00 ms
2026-05-26 10:53:58.073 [INFO] main.cpp:358 -   最大延迟:     0.00 ms
2026-05-26 10:53:58.073 [INFO] main.cpp:359 -   总线争用次数: 0
2026-05-26 10:53:58.073 [INFO] main.cpp:368 - ======== 轮询统计 ========
2026-05-26 10:53:58.073 [INFO] main.cpp:369 -   任务组数:     20
2026-05-26 10:53:58.073 [INFO] main.cpp:370 -   成功事务:     0
2026-05-26 10:53:58.073 [INFO] main.cpp:371 -   失败事务:     200
2026-05-26 10:53:58.073 [INFO] main.cpp:373 -   成功率:       0.0%
2026-05-26 10:53:58.073 [INFO] main.cpp:378 - ======== 命令队列统计 ========
2026-05-26 10:53:58.073 [INFO] main.cpp:379 -   已提交: 0  已执行: 0  成功: 0  失败: 0
2026-05-26 10:53:58.073 [INFO] main.cpp:384 -   队列大小: 0  平均耗时: 0.0ms
2026-05-26 10:53:59.074 [INFO] main.cpp:352 - ======== 总线统计 ========
2026-05-26 10:53:59.074 [INFO] main.cpp:353 -   总事务数:     220
2026-05-26 10:53:59.074 [INFO] main.cpp:354 -   总错误数:     220
2026-05-26 10:53:59.074 [INFO] main.cpp:355 -   发送字节数:   1760
2026-05-26 10:53:59.074 [INFO] main.cpp:356 -   接收字节数:   0
2026-05-26 10:53:59.074 [INFO] main.cpp:357 -   平均延迟:     0.00 ms
2026-05-26 10:53:59.075 [INFO] main.cpp:358 -   最大延迟:     0.00 ms
2026-05-26 10:53:59.075 [INFO] main.cpp:359 -   总线争用次数: 0
2026-05-26 10:53:59.075 [INFO] main.cpp:368 - ======== 轮询统计 ========
2026-05-26 10:53:59.075 [INFO] main.cpp:369 -   任务组数:     20
2026-05-26 10:53:59.075 [INFO] main.cpp:370 -   成功事务:     0
2026-05-26 10:53:59.075 [INFO] main.cpp:371 -   失败事务:     220
2026-05-26 10:53:59.075 [INFO] main.cpp:373 -   成功率:       0.0%
2026-05-26 10:53:59.075 [INFO] main.cpp:378 - ======== 命令队列统计 ========
2026-05-26 10:53:59.075 [INFO] main.cpp:379 -   已提交: 0  已执行: 0  成功: 0  失败: 0
2026-05-26 10:53:59.075 [INFO] main.cpp:384 -   队列大小: 0  平均耗时: 0.0ms
2026-05-26 10:54:00.076 [INFO] main.cpp:352 - ======== 总线统计 ========
2026-05-26 10:54:00.076 [INFO] main.cpp:353 -   总事务数:     220
2026-05-26 10:54:00.076 [INFO] main.cpp:354 -   总错误数:     220
2026-05-26 10:54:00.076 [INFO] main.cpp:355 -   发送字节数:   1760
2026-05-26 10:54:00.076 [INFO] main.cpp:356 -   接收字节数:   0
2026-05-26 10:54:00.076 [INFO] main.cpp:357 -   平均延迟:     0.00 ms
2026-05-26 10:54:00.076 [INFO] main.cpp:358 -   最大延迟:     0.00 ms
2026-05-26 10:54:00.076 [INFO] main.cpp:359 -   总线争用次数: 0
2026-05-26 10:54:00.076 [INFO] main.cpp:368 - ======== 轮询统计 ========
2026-05-26 10:54:00.076 [INFO] main.cpp:369 -   任务组数:     20
2026-05-26 10:54:00.076 [INFO] main.cpp:370 -   成功事务:     0
2026-05-26 10:54:00.076 [INFO] main.cpp:371 -   失败事务:     220
2026-05-26 10:54:00.077 [INFO] main.cpp:373 -   成功率:       0.0%
2026-05-26 10:54:00.077 [INFO] main.cpp:378 - ======== 命令队列统计 ========
2026-05-26 10:54:00.077 [INFO] main.cpp:379 -   已提交: 0  已执行: 0  成功: 0  失败: 0
2026-05-26 10:54:00.077 [INFO] main.cpp:384 -   队列大小: 0  平均耗时: 0.0ms
2026-05-26 10:54:01.077 [INFO] main.cpp:352 - ======== 总线统计 ========
2026-05-26 10:54:01.077 [INFO] main.cpp:353 -   总事务数:     220
2026-05-26 10:54:01.077 [INFO] main.cpp:354 -   总错误数:     220
2026-05-26 10:54:01.077 [INFO] main.cpp:355 -   发送字节数:   1760
2026-05-26 10:54:01.077 [INFO] main.cpp:356 -   接收字节数:   0
2026-05-26 10:54:01.077 [INFO] main.cpp:357 -   平均延迟:     0.00 ms
2026-05-26 10:54:01.077 [INFO] main.cpp:358 -   最大延迟:     0.00 ms
2026-05-26 10:54:01.077 [INFO] main.cpp:359 -   总线争用次数: 0
2026-05-26 10:54:01.077 [INFO] main.cpp:368 - ======== 轮询统计 ========
2026-05-26 10:54:01.077 [INFO] main.cpp:369 -   任务组数:     20
2026-05-26 10:54:01.077 [INFO] main.cpp:370 -   成功事务:     0
2026-05-26 10:54:01.077 [INFO] main.cpp:371 -   失败事务:     220
2026-05-26 10:54:01.077 [INFO] main.cpp:373 -   成功率:       0.0%
2026-05-26 10:54:01.077 [INFO] main.cpp:378 - ======== 命令队列统计 ========
2026-05-26 10:54:01.077 [INFO] main.cpp:379 -   已提交: 0  已执行: 0  成功: 0  失败: 0
2026-05-26 10:54:01.077 [INFO] main.cpp:384 -   队列大小: 0  平均耗时: 0.0ms
2026-05-26 10:54:02.078 [INFO] main.cpp:352 - ======== 总线统计 ========
2026-05-26 10:54:02.078 [INFO] main.cpp:353 -   总事务数:     240
2026-05-26 10:54:02.078 [INFO] main.cpp:354 -   总错误数:     220
2026-05-26 10:54:02.078 [INFO] main.cpp:355 -   发送字节数:   1760
2026-05-26 10:54:02.078 [INFO] main.cpp:356 -   接收字节数:   0
2026-05-26 10:54:02.078 [INFO] main.cpp:357 -   平均延迟:     0.00 ms
2026-05-26 10:54:02.078 [INFO] main.cpp:358 -   最大延迟:     0.00 ms
2026-05-26 10:54:02.078 [INFO] main.cpp:359 -   总线争用次数: 0
2026-05-26 10:54:02.078 [INFO] main.cpp:368 - ======== 轮询统计 ========
2026-05-26 10:54:02.078 [INFO] main.cpp:369 -   任务组数:     20
2026-05-26 10:54:02.078 [INFO] main.cpp:370 -   成功事务:     0
2026-05-26 10:54:02.078 [INFO] main.cpp:371 -   失败事务:     220
2026-05-26 10:54:02.078 [INFO] main.cpp:373 -   成功率:       0.0%
2026-05-26 10:54:02.078 [INFO] main.cpp:378 - ======== 命令队列统计 ========
2026-05-26 10:54:02.078 [INFO] main.cpp:379 -   已提交: 0  已执行: 0  成功: 0  失败: 0
2026-05-26 10:54:02.078 [INFO] main.cpp:384 -   队列大小: 0  平均耗时: 0.0ms
2026-05-26 10:54:03.079 [INFO] main.cpp:352 - ======== 总线统计 ========
2026-05-26 10:54:03.079 [INFO] main.cpp:353 -   总事务数:     240
2026-05-26 10:54:03.079 [INFO] main.cpp:354 -   总错误数:     220
2026-05-26 10:54:03.079 [INFO] main.cpp:355 -   发送字节数:   1920
2026-05-26 10:54:03.080 [INFO] main.cpp:356 -   接收字节数:   0
2026-05-26 10:54:03.080 [INFO] main.cpp:357 -   平均延迟:     0.00 ms
2026-05-26 10:54:03.080 [INFO] main.cpp:358 -   最大延迟:     0.00 ms
2026-05-26 10:54:03.080 [INFO] main.cpp:359 -   总线争用次数: 0
2026-05-26 10:54:03.080 [INFO] main.cpp:368 - ======== 轮询统计 ========
2026-05-26 10:54:03.080 [INFO] main.cpp:369 -   任务组数:     20
2026-05-26 10:54:03.080 [INFO] main.cpp:370 -   成功事务:     0
2026-05-26 10:54:03.080 [INFO] main.cpp:371 -   失败事务:     220
2026-05-26 10:54:03.080 [INFO] main.cpp:373 -   成功率:       0.0%
2026-05-26 10:54:03.080 [INFO] main.cpp:378 - ======== 命令队列统计 ========
2026-05-26 10:54:03.080 [INFO] main.cpp:379 -   已提交: 0  已执行: 0  成功: 0  失败: 0
2026-05-26 10:54:03.080 [INFO] main.cpp:384 -   队列大小: 0  平均耗时: 0.0ms
2026-05-26 10:54:04.081 [INFO] main.cpp:352 - ======== 总线统计 ========
2026-05-26 10:54:04.081 [INFO] main.cpp:353 -   总事务数:     240
2026-05-26 10:54:04.081 [INFO] main.cpp:354 -   总错误数:     240
2026-05-26 10:54:04.081 [INFO] main.cpp:355 -   发送字节数:   1920
2026-05-26 10:54:04.081 [INFO] main.cpp:356 -   接收字节数:   0
2026-05-26 10:54:04.081 [INFO] main.cpp:357 -   平均延迟:     0.00 ms
2026-05-26 10:54:04.081 [INFO] main.cpp:358 -   最大延迟:     0.00 ms
2026-05-26 10:54:04.081 [INFO] main.cpp:359 -   总线争用次数: 0
2026-05-26 10:54:04.081 [INFO] main.cpp:368 - ======== 轮询统计 ========
2026-05-26 10:54:04.081 [INFO] main.cpp:369 -   任务组数:     20
2026-05-26 10:54:04.081 [INFO] main.cpp:370 -   成功事务:     0
2026-05-26 10:54:04.081 [INFO] main.cpp:371 -   失败事务:     240
2026-05-26 10:54:04.081 [INFO] main.cpp:373 -   成功率:       0.0%
2026-05-26 10:54:04.081 [INFO] main.cpp:378 - ======== 命令队列统计 ========
2026-05-26 10:54:04.081 [INFO] main.cpp:379 -   已提交: 0  已执行: 0  成功: 0  失败: 0
2026-05-26 10:54:04.081 [INFO] main.cpp:384 -   队列大小: 0  平均耗时: 0.0ms
2026-05-26 10:54:05.083 [INFO] main.cpp:352 - ======== 总线统计 ========
2026-05-26 10:54:05.083 [INFO] main.cpp:353 -   总事务数:     240
2026-05-26 10:54:05.083 [INFO] main.cpp:354 -   总错误数:     240
2026-05-26 10:54:05.083 [INFO] main.cpp:355 -   发送字节数:   1920
2026-05-26 10:54:05.083 [INFO] main.cpp:356 -   接收字节数:   0
2026-05-26 10:54:05.083 [INFO] main.cpp:357 -   平均延迟:     0.00 ms
2026-05-26 10:54:05.083 [INFO] main.cpp:358 -   最大延迟:     0.00 ms
2026-05-26 10:54:05.083 [INFO] main.cpp:359 -   总线争用次数: 0
2026-05-26 10:54:05.083 [INFO] main.cpp:368 - ======== 轮询统计 ========
2026-05-26 10:54:05.083 [INFO] main.cpp:369 -   任务组数:     20
2026-05-26 10:54:05.083 [INFO] main.cpp:370 -   成功事务:     0
2026-05-26 10:54:05.083 [INFO] main.cpp:371 -   失败事务:     240
2026-05-26 10:54:05.083 [INFO] main.cpp:373 -   成功率:       0.0%
2026-05-26 10:54:05.083 [INFO] main.cpp:378 - ======== 命令队列统计 ========
2026-05-26 10:54:05.083 [INFO] main.cpp:379 -   已提交: 0  已执行: 0  成功: 0  失败: 0
2026-05-26 10:54:05.083 [INFO] main.cpp:384 -   队列大小: 0  平均耗时: 0.0ms
2026-05-26 10:54:06.084 [INFO] main.cpp:352 - ======== 总线统计 ========
2026-05-26 10:54:06.084 [INFO] main.cpp:353 -   总事务数:     240
2026-05-26 10:54:06.084 [INFO] main.cpp:354 -   总错误数:     240
2026-05-26 10:54:06.084 [INFO] main.cpp:355 -   发送字节数:   1920
2026-05-26 10:54:06.084 [INFO] main.cpp:356 -   接收字节数:   0
2026-05-26 10:54:06.085 [INFO] main.cpp:357 -   平均延迟:     0.00 ms
2026-05-26 10:54:06.085 [INFO] main.cpp:358 -   最大延迟:     0.00 ms
2026-05-26 10:54:06.085 [INFO] main.cpp:359 -   总线争用次数: 0
2026-05-26 10:54:06.085 [INFO] main.cpp:368 - ======== 轮询统计 ========
2026-05-26 10:54:06.085 [INFO] main.cpp:369 -   任务组数:     20
2026-05-26 10:54:06.085 [INFO] main.cpp:370 -   成功事务:     0
2026-05-26 10:54:06.085 [INFO] main.cpp:371 -   失败事务:     240
2026-05-26 10:54:06.085 [INFO] main.cpp:373 -   成功率:       0.0%
2026-05-26 10:54:06.085 [INFO] main.cpp:378 - ======== 命令队列统计 ========
2026-05-26 10:54:06.085 [INFO] main.cpp:379 -   已提交: 0  已执行: 0  成功: 0  失败: 0
2026-05-26 10:54:06.085 [INFO] main.cpp:384 -   队列大小: 0  平均耗时: 0.0ms
2026-05-26 10:54:07.086 [INFO] main.cpp:352 - ======== 总线统计 ========
2026-05-26 10:54:07.086 [INFO] main.cpp:353 -   总事务数:     260
2026-05-26 10:54:07.086 [INFO] main.cpp:354 -   总错误数:     240
2026-05-26 10:54:07.086 [INFO] main.cpp:355 -   发送字节数:   1920
2026-05-26 10:54:07.086 [INFO] main.cpp:356 -   接收字节数:   0
2026-05-26 10:54:07.086 [INFO] main.cpp:357 -   平均延迟:     0.00 ms
2026-05-26 10:54:07.086 [INFO] main.cpp:358 -   最大延迟:     0.00 ms
2026-05-26 10:54:07.086 [INFO] main.cpp:359 -   总线争用次数: 0
2026-05-26 10:54:07.086 [INFO] main.cpp:368 - ======== 轮询统计 ========
2026-05-26 10:54:07.087 [INFO] main.cpp:369 -   任务组数:     20
2026-05-26 10:54:07.087 [INFO] main.cpp:370 -   成功事务:     0
2026-05-26 10:54:07.087 [INFO] main.cpp:371 -   失败事务:     240
2026-05-26 10:54:07.087 [INFO] main.cpp:373 -   成功率:       0.0%
2026-05-26 10:54:07.087 [INFO] main.cpp:378 - ======== 命令队列统计 ========
2026-05-26 10:54:07.087 [INFO] main.cpp:379 -   已提交: 0  已执行: 0  成功: 0  失败: 0
2026-05-26 10:54:07.087 [INFO] main.cpp:384 -   队列大小: 0  平均耗时: 0.0ms
2026-05-26 10:54:08.088 [INFO] main.cpp:352 - ======== 总线统计 ========
2026-05-26 10:54:08.088 [INFO] main.cpp:353 -   总事务数:     260
2026-05-26 10:54:08.088 [INFO] main.cpp:354 -   总错误数:     240
2026-05-26 10:54:08.088 [INFO] main.cpp:355 -   发送字节数:   2080
2026-05-26 10:54:08.088 [INFO] main.cpp:356 -   接收字节数:   0
2026-05-26 10:54:08.088 [INFO] main.cpp:357 -   平均延迟:     0.00 ms
2026-05-26 10:54:08.088 [INFO] main.cpp:358 -   最大延迟:     0.00 ms
2026-05-26 10:54:08.088 [INFO] main.cpp:359 -   总线争用次数: 0
2026-05-26 10:54:08.088 [INFO] main.cpp:368 - ======== 轮询统计 ========
2026-05-26 10:54:08.088 [INFO] main.cpp:369 -   任务组数:     20
2026-05-26 10:54:08.088 [INFO] main.cpp:370 -   成功事务:     0
2026-05-26 10:54:08.088 [INFO] main.cpp:371 -   失败事务:     240
2026-05-26 10:54:08.088 [INFO] main.cpp:373 -   成功率:       0.0%
2026-05-26 10:54:08.088 [INFO] main.cpp:378 - ======== 命令队列统计 ========
2026-05-26 10:54:08.088 [INFO] main.cpp:379 -   已提交: 0  已执行: 0  成功: 0  失败: 0
2026-05-26 10:54:08.088 [INFO] main.cpp:384 -   队列大小: 0  平均耗时: 0.0ms
2026-05-26 10:54:09.089 [INFO] main.cpp:352 - ======== 总线统计 ========
2026-05-26 10:54:09.089 [INFO] main.cpp:353 -   总事务数:     260
2026-05-26 10:54:09.089 [INFO] main.cpp:354 -   总错误数:     260
2026-05-26 10:54:09.089 [INFO] main.cpp:355 -   发送字节数:   2080
2026-05-26 10:54:09.089 [INFO] main.cpp:356 -   接收字节数:   0
2026-05-26 10:54:09.090 [INFO] main.cpp:357 -   平均延迟:     0.00 ms
2026-05-26 10:54:09.090 [INFO] main.cpp:358 -   最大延迟:     0.00 ms
2026-05-26 10:54:09.090 [INFO] main.cpp:359 -   总线争用次数: 0
2026-05-26 10:54:09.090 [INFO] main.cpp:368 - ======== 轮询统计 ========
2026-05-26 10:54:09.090 [INFO] main.cpp:369 -   任务组数:     20
2026-05-26 10:54:09.090 [INFO] main.cpp:370 -   成功事务:     0
2026-05-26 10:54:09.090 [INFO] main.cpp:371 -   失败事务:     260
2026-05-26 10:54:09.090 [INFO] main.cpp:373 -   成功率:       0.0%
2026-05-26 10:54:09.090 [INFO] main.cpp:378 - ======== 命令队列统计 ========
2026-05-26 10:54:09.090 [INFO] main.cpp:379 -   已提交: 0  已执行: 0  成功: 0  失败: 0
2026-05-26 10:54:09.090 [INFO] main.cpp:384 -   队列大小: 0  平均耗时: 0.0ms
2026-05-26 10:54:10.090 [INFO] main.cpp:352 - ======== 总线统计 ========
2026-05-26 10:54:10.091 [INFO] main.cpp:353 -   总事务数:     260
2026-05-26 10:54:10.091 [INFO] main.cpp:354 -   总错误数:     260
2026-05-26 10:54:10.091 [INFO] main.cpp:355 -   发送字节数:   2080
2026-05-26 10:54:10.091 [INFO] main.cpp:356 -   接收字节数:   0
2026-05-26 10:54:10.091 [INFO] main.cpp:357 -   平均延迟:     0.00 ms
2026-05-26 10:54:10.091 [INFO] main.cpp:358 -   最大延迟:     0.00 ms
2026-05-26 10:54:10.091 [INFO] main.cpp:359 -   总线争用次数: 0
2026-05-26 10:54:10.091 [INFO] main.cpp:368 - ======== 轮询统计 ========
2026-05-26 10:54:10.091 [INFO] main.cpp:369 -   任务组数:     20
2026-05-26 10:54:10.091 [INFO] main.cpp:370 -   成功事务:     0
2026-05-26 10:54:10.091 [INFO] main.cpp:371 -   失败事务:     260
2026-05-26 10:54:10.091 [INFO] main.cpp:373 -   成功率:       0.0%
2026-05-26 10:54:10.091 [INFO] main.cpp:378 - ======== 命令队列统计 ========
2026-05-26 10:54:10.091 [INFO] main.cpp:379 -   已提交: 0  已执行: 0  成功: 0  失败: 0
2026-05-26 10:54:10.091 [INFO] main.cpp:384 -   队列大小: 0  平均耗时: 0.0ms
2026-05-26 10:54:11.091 [INFO] main.cpp:352 - ======== 总线统计 ========
2026-05-26 10:54:11.092 [INFO] main.cpp:353 -   总事务数:     260
2026-05-26 10:54:11.092 [INFO] main.cpp:354 -   总错误数:     260
2026-05-26 10:54:11.092 [INFO] main.cpp:355 -   发送字节数:   2080
2026-05-26 10:54:11.092 [INFO] main.cpp:356 -   接收字节数:   0
2026-05-26 10:54:11.092 [INFO] main.cpp:357 -   平均延迟:     0.00 ms
2026-05-26 10:54:11.092 [INFO] main.cpp:358 -   最大延迟:     0.00 ms
2026-05-26 10:54:11.092 [INFO] main.cpp:359 -   总线争用次数: 0
2026-05-26 10:54:11.092 [INFO] main.cpp:368 - ======== 轮询统计 ========
2026-05-26 10:54:11.092 [INFO] main.cpp:369 -   任务组数:     20
2026-05-26 10:54:11.092 [INFO] main.cpp:370 -   成功事务:     0
2026-05-26 10:54:11.092 [INFO] main.cpp:371 -   失败事务:     260
2026-05-26 10:54:11.092 [INFO] main.cpp:373 -   成功率:       0.0%
2026-05-26 10:54:11.092 [INFO] main.cpp:378 - ======== 命令队列统计 ========
2026-05-26 10:54:11.092 [INFO] main.cpp:379 -   已提交: 0  已执行: 0  成功: 0  失败: 0
2026-05-26 10:54:11.092 [INFO] main.cpp:384 -   队列大小: 0  平均耗时: 0.0ms
2026-05-26 10:54:12.093 [INFO] main.cpp:352 - ======== 总线统计 ========
2026-05-26 10:54:12.093 [INFO] main.cpp:353 -   总事务数:     280
2026-05-26 10:54:12.093 [INFO] main.cpp:354 -   总错误数:     260
2026-05-26 10:54:12.093 [INFO] main.cpp:355 -   发送字节数:   2080
2026-05-26 10:54:12.093 [INFO] main.cpp:356 -   接收字节数:   0
2026-05-26 10:54:12.093 [INFO] main.cpp:357 -   平均延迟:     0.00 ms
2026-05-26 10:54:12.093 [INFO] main.cpp:358 -   最大延迟:     0.00 ms
2026-05-26 10:54:12.093 [INFO] main.cpp:359 -   总线争用次数: 0
2026-05-26 10:54:12.094 [INFO] main.cpp:368 - ======== 轮询统计 ========
2026-05-26 10:54:12.094 [INFO] main.cpp:369 -   任务组数:     20
2026-05-26 10:54:12.094 [INFO] main.cpp:370 -   成功事务:     0
2026-05-26 10:54:12.094 [INFO] main.cpp:371 -   失败事务:     260
2026-05-26 10:54:12.094 [INFO] main.cpp:373 -   成功率:       0.0%
2026-05-26 10:54:12.094 [INFO] main.cpp:378 - ======== 命令队列统计 ========
2026-05-26 10:54:12.094 [INFO] main.cpp:379 -   已提交: 0  已执行: 0  成功: 0  失败: 0
2026-05-26 10:54:12.094 [INFO] main.cpp:384 -   队列大小: 0  平均耗时: 0.0ms
2026-05-26 10:54:13.094 [INFO] main.cpp:352 - ======== 总线统计 ========
2026-05-26 10:54:13.094 [INFO] main.cpp:353 -   总事务数:     280
2026-05-26 10:54:13.095 [INFO] main.cpp:354 -   总错误数:     260
2026-05-26 10:54:13.095 [INFO] main.cpp:355 -   发送字节数:   2240
2026-05-26 10:54:13.095 [INFO] main.cpp:356 -   接收字节数:   0
2026-05-26 10:54:13.095 [INFO] main.cpp:357 -   平均延迟:     0.00 ms
2026-05-26 10:54:13.095 [INFO] main.cpp:358 -   最大延迟:     0.00 ms
2026-05-26 10:54:13.095 [INFO] main.cpp:359 -   总线争用次数: 0
2026-05-26 10:54:13.095 [INFO] main.cpp:368 - ======== 轮询统计 ========
2026-05-26 10:54:13.095 [INFO] main.cpp:369 -   任务组数:     20
2026-05-26 10:54:13.095 [INFO] main.cpp:370 -   成功事务:     0
2026-05-26 10:54:13.095 [INFO] main.cpp:371 -   失败事务:     260
2026-05-26 10:54:13.095 [INFO] main.cpp:373 -   成功率:       0.0%
2026-05-26 10:54:13.095 [INFO] main.cpp:378 - ======== 命令队列统计 ========
2026-05-26 10:54:13.095 [INFO] main.cpp:379 -   已提交: 0  已执行: 0  成功: 0  失败: 0
2026-05-26 10:54:13.095 [INFO] main.cpp:384 -   队列大小: 0  平均耗时: 0.0ms
2026-05-26 10:54:14.096 [INFO] main.cpp:352 - ======== 总线统计 ========
2026-05-26 10:54:14.096 [INFO] main.cpp:353 -   总事务数:     280
2026-05-26 10:54:14.096 [INFO] main.cpp:354 -   总错误数:     280
2026-05-26 10:54:14.096 [INFO] main.cpp:355 -   发送字节数:   2240
2026-05-26 10:54:14.096 [INFO] main.cpp:356 -   接收字节数:   0
2026-05-26 10:54:14.096 [INFO] main.cpp:357 -   平均延迟:     0.00 ms
2026-05-26 10:54:14.096 [INFO] main.cpp:358 -   最大延迟:     0.00 ms
2026-05-26 10:54:14.096 [INFO] main.cpp:359 -   总线争用次数: 0
2026-05-26 10:54:14.097 [INFO] main.cpp:368 - ======== 轮询统计 ========
2026-05-26 10:54:14.097 [INFO] main.cpp:369 -   任务组数:     20
2026-05-26 10:54:14.097 [INFO] main.cpp:370 -   成功事务:     0
2026-05-26 10:54:14.097 [INFO] main.cpp:371 -   失败事务:     280
2026-05-26 10:54:14.097 [INFO] main.cpp:373 -   成功率:       0.0%
2026-05-26 10:54:14.097 [INFO] main.cpp:378 - ======== 命令队列统计 ========
2026-05-26 10:54:14.097 [INFO] main.cpp:379 -   已提交: 0  已执行: 0  成功: 0  失败: 0
2026-05-26 10:54:14.097 [INFO] main.cpp:384 -   队列大小: 0  平均耗时: 0.0ms
2026-05-26 10:54:15.098 [INFO] main.cpp:352 - ======== 总线统计 ========
2026-05-26 10:54:15.098 [INFO] main.cpp:353 -   总事务数:     280
2026-05-26 10:54:15.098 [INFO] main.cpp:354 -   总错误数:     280
2026-05-26 10:54:15.098 [INFO] main.cpp:355 -   发送字节数:   2240
2026-05-26 10:54:15.098 [INFO] main.cpp:356 -   接收字节数:   0
2026-05-26 10:54:15.098 [INFO] main.cpp:357 -   平均延迟:     0.00 ms
2026-05-26 10:54:15.098 [INFO] main.cpp:358 -   最大延迟:     0.00 ms
2026-05-26 10:54:15.098 [INFO] main.cpp:359 -   总线争用次数: 0
2026-05-26 10:54:15.098 [INFO] main.cpp:368 - ======== 轮询统计 ========
2026-05-26 10:54:15.098 [INFO] main.cpp:369 -   任务组数:     20
2026-05-26 10:54:15.098 [INFO] main.cpp:370 -   成功事务:     0
2026-05-26 10:54:15.098 [INFO] main.cpp:371 -   失败事务:     280
2026-05-26 10:54:15.098 [INFO] main.cpp:373 -   成功率:       0.0%
2026-05-26 10:54:15.098 [INFO] main.cpp:378 - ======== 命令队列统计 ========
2026-05-26 10:54:15.098 [INFO] main.cpp:379 -   已提交: 0  已执行: 0  成功: 0  失败: 0
2026-05-26 10:54:15.098 [INFO] main.cpp:384 -   队列大小: 0  平均耗时: 0.0ms
2026-05-26 10:54:16.099 [INFO] main.cpp:352 - ======== 总线统计 ========
2026-05-26 10:54:16.100 [INFO] main.cpp:353 -   总事务数:     280
2026-05-26 10:54:16.100 [INFO] main.cpp:354 -   总错误数:     280
2026-05-26 10:54:16.100 [INFO] main.cpp:355 -   发送字节数:   2240
2026-05-26 10:54:16.100 [INFO] main.cpp:356 -   接收字节数:   0
2026-05-26 10:54:16.100 [INFO] main.cpp:357 -   平均延迟:     0.00 ms
2026-05-26 10:54:16.100 [INFO] main.cpp:358 -   最大延迟:     0.00 ms
2026-05-26 10:54:16.100 [INFO] main.cpp:359 -   总线争用次数: 0
2026-05-26 10:54:16.100 [INFO] main.cpp:368 - ======== 轮询统计 ========
2026-05-26 10:54:16.100 [INFO] main.cpp:369 -   任务组数:     20
2026-05-26 10:54:16.100 [INFO] main.cpp:370 -   成功事务:     0
2026-05-26 10:54:16.100 [INFO] main.cpp:371 -   失败事务:     280
2026-05-26 10:54:16.100 [INFO] main.cpp:373 -   成功率:       0.0%
2026-05-26 10:54:16.100 [INFO] main.cpp:378 - ======== 命令队列统计 ========
2026-05-26 10:54:16.100 [INFO] main.cpp:379 -   已提交: 0  已执行: 0  成功: 0  失败: 0
2026-05-26 10:54:16.100 [INFO] main.cpp:384 -   队列大小: 0  平均耗时: 0.0ms
2026-05-26 10:54:17.101 [INFO] main.cpp:352 - ======== 总线统计 ========
2026-05-26 10:54:17.101 [INFO] main.cpp:353 -   总事务数:     300
2026-05-26 10:54:17.101 [INFO] main.cpp:354 -   总错误数:     280
2026-05-26 10:54:17.101 [INFO] main.cpp:355 -   发送字节数:   2304
2026-05-26 10:54:17.101 [INFO] main.cpp:356 -   接收字节数:   0
2026-05-26 10:54:17.101 [INFO] main.cpp:357 -   平均延迟:     0.00 ms
2026-05-26 10:54:17.101 [INFO] main.cpp:358 -   最大延迟:     0.00 ms
2026-05-26 10:54:17.101 [INFO] main.cpp:359 -   总线争用次数: 0
2026-05-26 10:54:17.101 [INFO] main.cpp:368 - ======== 轮询统计 ========
2026-05-26 10:54:17.101 [INFO] main.cpp:369 -   任务组数:     20
2026-05-26 10:54:17.101 [INFO] main.cpp:370 -   成功事务:     0
2026-05-26 10:54:17.102 [INFO] main.cpp:371 -   失败事务:     280
2026-05-26 10:54:17.102 [INFO] main.cpp:373 -   成功率:       0.0%
2026-05-26 10:54:17.102 [INFO] main.cpp:378 - ======== 命令队列统计 ========
2026-05-26 10:54:17.102 [INFO] main.cpp:379 -   已提交: 0  已执行: 0  成功: 0  失败: 0
2026-05-26 10:54:17.102 [INFO] main.cpp:384 -   队列大小: 0  平均耗时: 0.0ms
2026-05-26 10:54:18.102 [INFO] main.cpp:352 - ======== 总线统计 ========
2026-05-26 10:54:18.102 [INFO] main.cpp:353 -   总事务数:     300
2026-05-26 10:54:18.102 [INFO] main.cpp:354 -   总错误数:     288
2026-05-26 10:54:18.102 [INFO] main.cpp:355 -   发送字节数:   2400
2026-05-26 10:54:18.102 [INFO] main.cpp:356 -   接收字节数:   0
2026-05-26 10:54:18.102 [INFO] main.cpp:357 -   平均延迟:     0.00 ms
2026-05-26 10:54:18.102 [INFO] main.cpp:358 -   最大延迟:     0.00 ms
2026-05-26 10:54:18.102 [INFO] main.cpp:359 -   总线争用次数: 0
2026-05-26 10:54:18.103 [INFO] main.cpp:368 - ======== 轮询统计 ========
2026-05-26 10:54:18.103 [INFO] main.cpp:369 -   任务组数:     20
2026-05-26 10:54:18.103 [INFO] main.cpp:370 -   成功事务:     0
2026-05-26 10:54:18.103 [INFO] main.cpp:371 -   失败事务:     288
2026-05-26 10:54:18.103 [INFO] main.cpp:373 -   成功率:       0.0%
2026-05-26 10:54:18.103 [INFO] main.cpp:378 - ======== 命令队列统计 ========
2026-05-26 10:54:18.103 [INFO] main.cpp:379 -   已提交: 0  已执行: 0  成功: 0  失败: 0
2026-05-26 10:54:18.103 [INFO] main.cpp:384 -   队列大小: 0  平均耗时: 0.0ms
2026-05-26 10:54:19.103 [INFO] main.cpp:352 - ======== 总线统计 ========
2026-05-26 10:54:19.104 [INFO] main.cpp:353 -   总事务数:     300
2026-05-26 10:54:19.104 [INFO] main.cpp:354 -   总错误数:     300
2026-05-26 10:54:19.104 [INFO] main.cpp:355 -   发送字节数:   2400
2026-05-26 10:54:19.104 [INFO] main.cpp:356 -   接收字节数:   0
2026-05-26 10:54:19.104 [INFO] main.cpp:357 -   平均延迟:     0.00 ms
2026-05-26 10:54:19.104 [INFO] main.cpp:358 -   最大延迟:     0.00 ms
2026-05-26 10:54:19.104 [INFO] main.cpp:359 -   总线争用次数: 0
2026-05-26 10:54:19.104 [INFO] main.cpp:368 - ======== 轮询统计 ========
2026-05-26 10:54:19.104 [INFO] main.cpp:369 -   任务组数:     20
2026-05-26 10:54:19.104 [INFO] main.cpp:370 -   成功事务:     0
2026-05-26 10:54:19.104 [INFO] main.cpp:371 -   失败事务:     300
2026-05-26 10:54:19.104 [INFO] main.cpp:373 -   成功率:       0.0%
2026-05-26 10:54:19.104 [INFO] main.cpp:378 - ======== 命令队列统计 ========
2026-05-26 10:54:19.104 [INFO] main.cpp:379 -   已提交: 0  已执行: 0  成功: 0  失败: 0
2026-05-26 10:54:19.104 [INFO] main.cpp:384 -   队列大小: 0  平均耗时: 0.0ms
2026-05-26 10:54:20.105 [INFO] main.cpp:352 - ======== 总线统计 ========
2026-05-26 10:54:20.105 [INFO] main.cpp:353 -   总事务数:     300
2026-05-26 10:54:20.105 [INFO] main.cpp:354 -   总错误数:     300
2026-05-26 10:54:20.105 [INFO] main.cpp:355 -   发送字节数:   2400
2026-05-26 10:54:20.105 [INFO] main.cpp:356 -   接收字节数:   0
2026-05-26 10:54:20.105 [INFO] main.cpp:357 -   平均延迟:     0.00 ms
2026-05-26 10:54:20.105 [INFO] main.cpp:358 -   最大延迟:     0.00 ms
2026-05-26 10:54:20.105 [INFO] main.cpp:359 -   总线争用次数: 0
2026-05-26 10:54:20.105 [INFO] main.cpp:368 - ======== 轮询统计 ========
2026-05-26 10:54:20.105 [INFO] main.cpp:369 -   任务组数:     20
2026-05-26 10:54:20.105 [INFO] main.cpp:370 -   成功事务:     0
2026-05-26 10:54:20.105 [INFO] main.cpp:371 -   失败事务:     300
2026-05-26 10:54:20.105 [INFO] main.cpp:373 -   成功率:       0.0%
2026-05-26 10:54:20.105 [INFO] main.cpp:378 - ======== 命令队列统计 ========
2026-05-26 10:54:20.105 [INFO] main.cpp:379 -   已提交: 0  已执行: 0  成功: 0  失败: 0
2026-05-26 10:54:20.105 [INFO] main.cpp:384 -   队列大小: 0  平均耗时: 0.0ms
2026-05-26 10:54:21.106 [INFO] main.cpp:352 - ======== 总线统计 ========
2026-05-26 10:54:21.106 [INFO] main.cpp:353 -   总事务数:     300
2026-05-26 10:54:21.106 [INFO] main.cpp:354 -   总错误数:     300
2026-05-26 10:54:21.107 [INFO] main.cpp:355 -   发送字节数:   2400
2026-05-26 10:54:21.107 [INFO] main.cpp:356 -   接收字节数:   0
2026-05-26 10:54:21.107 [INFO] main.cpp:357 -   平均延迟:     0.00 ms
2026-05-26 10:54:21.107 [INFO] main.cpp:358 -   最大延迟:     0.00 ms
2026-05-26 10:54:21.107 [INFO] main.cpp:359 -   总线争用次数: 0
2026-05-26 10:54:21.107 [INFO] main.cpp:368 - ======== 轮询统计 ========
2026-05-26 10:54:21.107 [INFO] main.cpp:369 -   任务组数:     20
2026-05-26 10:54:21.107 [INFO] main.cpp:370 -   成功事务:     0
2026-05-26 10:54:21.107 [INFO] main.cpp:371 -   失败事务:     300
2026-05-26 10:54:21.107 [INFO] main.cpp:373 -   成功率:       0.0%
2026-05-26 10:54:21.107 [INFO] main.cpp:378 - ======== 命令队列统计 ========
2026-05-26 10:54:21.107 [INFO] main.cpp:379 -   已提交: 0  已执行: 0  成功: 0  失败: 0
2026-05-26 10:54:21.107 [INFO] main.cpp:384 -   队列大小: 0  平均耗时: 0.0ms
2026-05-26 10:54:22.108 [INFO] main.cpp:352 - ======== 总线统计 ========
2026-05-26 10:54:22.108 [INFO] main.cpp:353 -   总事务数:     320
2026-05-26 10:54:22.108 [INFO] main.cpp:354 -   总错误数:     300
2026-05-26 10:54:22.108 [INFO] main.cpp:355 -   发送字节数:   2440
2026-05-26 10:54:22.108 [INFO] main.cpp:356 -   接收字节数:   0
2026-05-26 10:54:22.108 [INFO] main.cpp:357 -   平均延迟:     0.00 ms
2026-05-26 10:54:22.108 [INFO] main.cpp:358 -   最大延迟:     0.00 ms
2026-05-26 10:54:22.108 [INFO] main.cpp:359 -   总线争用次数: 0
2026-05-26 10:54:22.108 [INFO] main.cpp:368 - ======== 轮询统计 ========
2026-05-26 10:54:22.108 [INFO] main.cpp:369 -   任务组数:     20
2026-05-26 10:54:22.108 [INFO] main.cpp:370 -   成功事务:     0
2026-05-26 10:54:22.108 [INFO] main.cpp:371 -   失败事务:     300
2026-05-26 10:54:22.108 [INFO] main.cpp:373 -   成功率:       0.0%
2026-05-26 10:54:22.108 [INFO] main.cpp:378 - ======== 命令队列统计 ========
2026-05-26 10:54:22.108 [INFO] main.cpp:379 -   已提交: 0  已执行: 0  成功: 0  失败: 0
2026-05-26 10:54:22.108 [INFO] main.cpp:384 -   队列大小: 0  平均耗时: 0.0ms
2026-05-26 10:54:23.109 [INFO] main.cpp:352 - ======== 总线统计 ========
2026-05-26 10:54:23.109 [INFO] main.cpp:353 -   总事务数:     320
2026-05-26 10:54:23.109 [INFO] main.cpp:354 -   总错误数:     305
2026-05-26 10:54:23.109 [INFO] main.cpp:355 -   发送字节数:   2560
2026-05-26 10:54:23.109 [INFO] main.cpp:356 -   接收字节数:   0
2026-05-26 10:54:23.109 [INFO] main.cpp:357 -   平均延迟:     0.00 ms
2026-05-26 10:54:23.109 [INFO] main.cpp:358 -   最大延迟:     0.00 ms
2026-05-26 10:54:23.109 [INFO] main.cpp:359 -   总线争用次数: 0
2026-05-26 10:54:23.109 [INFO] main.cpp:368 - ======== 轮询统计 ========
2026-05-26 10:54:23.109 [INFO] main.cpp:369 -   任务组数:     20
2026-05-26 10:54:23.109 [INFO] main.cpp:370 -   成功事务:     0
2026-05-26 10:54:23.109 [INFO] main.cpp:371 -   失败事务:     305
2026-05-26 10:54:23.109 [INFO] main.cpp:373 -   成功率:       0.0%
2026-05-26 10:54:23.109 [INFO] main.cpp:378 - ======== 命令队列统计 ========
2026-05-26 10:54:23.109 [INFO] main.cpp:379 -   已提交: 0  已执行: 0  成功: 0  失败: 0
2026-05-26 10:54:23.109 [INFO] main.cpp:384 -   队列大小: 0  平均耗时: 0.0ms
2026-05-26 10:54:24.110 [INFO] main.cpp:352 - ======== 总线统计 ========
2026-05-26 10:54:24.110 [INFO] main.cpp:353 -   总事务数:     320
2026-05-26 10:54:24.110 [INFO] main.cpp:354 -   总错误数:     320
2026-05-26 10:54:24.110 [INFO] main.cpp:355 -   发送字节数:   2560
2026-05-26 10:54:24.110 [INFO] main.cpp:356 -   接收字节数:   0
2026-05-26 10:54:24.110 [INFO] main.cpp:357 -   平均延迟:     0.00 ms
2026-05-26 10:54:24.110 [INFO] main.cpp:358 -   最大延迟:     0.00 ms
2026-05-26 10:54:24.110 [INFO] main.cpp:359 -   总线争用次数: 0
2026-05-26 10:54:24.110 [INFO] main.cpp:368 - ======== 轮询统计 ========
2026-05-26 10:54:24.110 [INFO] main.cpp:369 -   任务组数:     20
2026-05-26 10:54:24.110 [INFO] main.cpp:370 -   成功事务:     0
2026-05-26 10:54:24.110 [INFO] main.cpp:371 -   失败事务:     320
2026-05-26 10:54:24.110 [INFO] main.cpp:373 -   成功率:       0.0%
2026-05-26 10:54:24.110 [INFO] main.cpp:378 - ======== 命令队列统计 ========
2026-05-26 10:54:24.110 [INFO] main.cpp:379 -   已提交: 0  已执行: 0  成功: 0  失败: 0
2026-05-26 10:54:24.110 [INFO] main.cpp:384 -   队列大小: 0  平均耗时: 0.0ms
2026-05-26 10:54:25.111 [INFO] main.cpp:352 - ======== 总线统计 ========
2026-05-26 10:54:25.111 [INFO] main.cpp:353 -   总事务数:     320
2026-05-26 10:54:25.111 [INFO] main.cpp:354 -   总错误数:     320
2026-05-26 10:54:25.111 [INFO] main.cpp:355 -   发送字节数:   2560
2026-05-26 10:54:25.111 [INFO] main.cpp:356 -   接收字节数:   0
2026-05-26 10:54:25.111 [INFO] main.cpp:357 -   平均延迟:     0.00 ms
2026-05-26 10:54:25.111 [INFO] main.cpp:358 -   最大延迟:     0.00 ms
2026-05-26 10:54:25.111 [INFO] main.cpp:359 -   总线争用次数: 0
2026-05-26 10:54:25.111 [INFO] main.cpp:368 - ======== 轮询统计 ========
2026-05-26 10:54:25.111 [INFO] main.cpp:369 -   任务组数:     20
2026-05-26 10:54:25.111 [INFO] main.cpp:370 -   成功事务:     0
2026-05-26 10:54:25.111 [INFO] main.cpp:371 -   失败事务:     320
2026-05-26 10:54:25.112 [INFO] main.cpp:373 -   成功率:       0.0%
2026-05-26 10:54:25.112 [INFO] main.cpp:378 - ======== 命令队列统计 ========
2026-05-26 10:54:25.112 [INFO] main.cpp:379 -   已提交: 0  已执行: 0  成功: 0  失败: 0
2026-05-26 10:54:25.112 [INFO] main.cpp:384 -   队列大小: 0  平均耗时: 0.0ms
2026-05-26 10:54:26.112 [INFO] main.cpp:352 - ======== 总线统计 ========
2026-05-26 10:54:26.113 [INFO] main.cpp:353 -   总事务数:     320
2026-05-26 10:54:26.113 [INFO] main.cpp:354 -   总错误数:     320
2026-05-26 10:54:26.113 [INFO] main.cpp:355 -   发送字节数:   2560
2026-05-26 10:54:26.113 [INFO] main.cpp:356 -   接收字节数:   0
2026-05-26 10:54:26.113 [INFO] main.cpp:357 -   平均延迟:     0.00 ms
2026-05-26 10:54:26.113 [INFO] main.cpp:358 -   最大延迟:     0.00 ms
2026-05-26 10:54:26.113 [INFO] main.cpp:359 -   总线争用次数: 0
2026-05-26 10:54:26.113 [INFO] main.cpp:368 - ======== 轮询统计 ========
2026-05-26 10:54:26.113 [INFO] main.cpp:369 -   任务组数:     20
2026-05-26 10:54:26.113 [INFO] main.cpp:370 -   成功事务:     0
2026-05-26 10:54:26.113 [INFO] main.cpp:371 -   失败事务:     320
2026-05-26 10:54:26.113 [INFO] main.cpp:373 -   成功率:       0.0%
2026-05-26 10:54:26.113 [INFO] main.cpp:378 - ======== 命令队列统计 ========
2026-05-26 10:54:26.113 [INFO] main.cpp:379 -   已提交: 0  已执行: 0  成功: 0  失败: 0
2026-05-26 10:54:26.113 [INFO] main.cpp:384 -   队列大小: 0  平均耗时: 0.0ms
2026-05-26 10:54:27.114 [INFO] main.cpp:352 - ======== 总线统计 ========
2026-05-26 10:54:27.114 [INFO] main.cpp:353 -   总事务数:     340
2026-05-26 10:54:27.114 [INFO] main.cpp:354 -   总错误数:     320
2026-05-26 10:54:27.114 [INFO] main.cpp:355 -   发送字节数:   2656
2026-05-26 10:54:27.115 [INFO] main.cpp:356 -   接收字节数:   0
2026-05-26 10:54:27.115 [INFO] main.cpp:357 -   平均延迟:     0.00 ms
2026-05-26 10:54:27.115 [INFO] main.cpp:358 -   最大延迟:     0.00 ms
2026-05-26 10:54:27.115 [INFO] main.cpp:359 -   总线争用次数: 0
2026-05-26 10:54:27.115 [INFO] main.cpp:368 - ======== 轮询统计 ========
2026-05-26 10:54:27.115 [INFO] main.cpp:369 -   任务组数:     20
2026-05-26 10:54:27.115 [INFO] main.cpp:370 -   成功事务:     0
2026-05-26 10:54:27.115 [INFO] main.cpp:371 -   失败事务:     320
2026-05-26 10:54:27.115 [INFO] main.cpp:373 -   成功率:       0.0%
2026-05-26 10:54:27.115 [INFO] main.cpp:378 - ======== 命令队列统计 ========
2026-05-26 10:54:27.115 [INFO] main.cpp:379 -   已提交: 0  已执行: 0  成功: 0  失败: 0
2026-05-26 10:54:27.115 [INFO] main.cpp:384 -   队列大小: 0  平均耗时: 0.0ms
2026-05-26 10:54:28.116 [INFO] main.cpp:352 - ======== 总线统计 ========
2026-05-26 10:54:28.116 [INFO] main.cpp:353 -   总事务数:     340
2026-05-26 10:54:28.116 [INFO] main.cpp:354 -   总错误数:     332
2026-05-26 10:54:28.116 [INFO] main.cpp:355 -   发送字节数:   2720
2026-05-26 10:54:28.116 [INFO] main.cpp:356 -   接收字节数:   0
2026-05-26 10:54:28.116 [INFO] main.cpp:357 -   平均延迟:     0.00 ms
2026-05-26 10:54:28.116 [INFO] main.cpp:358 -   最大延迟:     0.00 ms
2026-05-26 10:54:28.116 [INFO] main.cpp:359 -   总线争用次数: 0
2026-05-26 10:54:28.116 [INFO] main.cpp:368 - ======== 轮询统计 ========
2026-05-26 10:54:28.116 [INFO] main.cpp:369 -   任务组数:     20
2026-05-26 10:54:28.116 [INFO] main.cpp:370 -   成功事务:     0
2026-05-26 10:54:28.116 [INFO] main.cpp:371 -   失败事务:     332
2026-05-26 10:54:28.117 [INFO] main.cpp:373 -   成功率:       0.0%
2026-05-26 10:54:28.117 [INFO] main.cpp:378 - ======== 命令队列统计 ========
2026-05-26 10:54:28.117 [INFO] main.cpp:379 -   已提交: 0  已执行: 0  成功: 0  失败: 0
2026-05-26 10:54:28.117 [INFO] main.cpp:384 -   队列大小: 0  平均耗时: 0.0ms
2026-05-26 10:54:29.117 [INFO] main.cpp:352 - ======== 总线统计 ========
2026-05-26 10:54:29.117 [INFO] main.cpp:353 -   总事务数:     340
2026-05-26 10:54:29.117 [INFO] main.cpp:354 -   总错误数:     340
2026-05-26 10:54:29.117 [INFO] main.cpp:355 -   发送字节数:   2720
2026-05-26 10:54:29.117 [INFO] main.cpp:356 -   接收字节数:   0
2026-05-26 10:54:29.117 [INFO] main.cpp:357 -   平均延迟:     0.00 ms
2026-05-26 10:54:29.117 [INFO] main.cpp:358 -   最大延迟:     0.00 ms
2026-05-26 10:54:29.117 [INFO] main.cpp:359 -   总线争用次数: 0
2026-05-26 10:54:29.117 [INFO] main.cpp:368 - ======== 轮询统计 ========
2026-05-26 10:54:29.117 [INFO] main.cpp:369 -   任务组数:     20
2026-05-26 10:54:29.117 [INFO] main.cpp:370 -   成功事务:     0
2026-05-26 10:54:29.117 [INFO] main.cpp:371 -   失败事务:     340
2026-05-26 10:54:29.117 [INFO] main.cpp:373 -   成功率:       0.0%
2026-05-26 10:54:29.117 [INFO] main.cpp:378 - ======== 命令队列统计 ========
2026-05-26 10:54:29.117 [INFO] main.cpp:379 -   已提交: 0  已执行: 0  成功: 0  失败: 0
2026-05-26 10:54:29.117 [INFO] main.cpp:384 -   队列大小: 0  平均耗时: 0.0ms
2026-05-26 10:54:30.118 [INFO] main.cpp:352 - ======== 总线统计 ========
2026-05-26 10:54:30.119 [INFO] main.cpp:353 -   总事务数:     340
2026-05-26 10:54:30.119 [INFO] main.cpp:354 -   总错误数:     340
2026-05-26 10:54:30.119 [INFO] main.cpp:355 -   发送字节数:   2720
2026-05-26 10:54:30.119 [INFO] main.cpp:356 -   接收字节数:   0
2026-05-26 10:54:30.119 [INFO] main.cpp:357 -   平均延迟:     0.00 ms
2026-05-26 10:54:30.119 [INFO] main.cpp:358 -   最大延迟:     0.00 ms
2026-05-26 10:54:30.119 [INFO] main.cpp:359 -   总线争用次数: 0
2026-05-26 10:54:30.119 [INFO] main.cpp:368 - ======== 轮询统计 ========
2026-05-26 10:54:30.119 [INFO] main.cpp:369 -   任务组数:     20
2026-05-26 10:54:30.119 [INFO] main.cpp:370 -   成功事务:     0
2026-05-26 10:54:30.119 [INFO] main.cpp:371 -   失败事务:     340
2026-05-26 10:54:30.119 [INFO] main.cpp:373 -   成功率:       0.0%
2026-05-26 10:54:30.119 [INFO] main.cpp:378 - ======== 命令队列统计 ========
2026-05-26 10:54:30.119 [INFO] main.cpp:379 -   已提交: 0  已执行: 0  成功: 0  失败: 0
2026-05-26 10:54:30.119 [INFO] main.cpp:384 -   队列大小: 0  平均耗时: 0.0ms
2026-05-26 10:54:31.120 [INFO] main.cpp:352 - ======== 总线统计 ========
2026-05-26 10:54:31.120 [INFO] main.cpp:353 -   总事务数:     340
2026-05-26 10:54:31.120 [INFO] main.cpp:354 -   总错误数:     340
2026-05-26 10:54:31.120 [INFO] main.cpp:355 -   发送字节数:   2720
2026-05-26 10:54:31.121 [INFO] main.cpp:356 -   接收字节数:   0
2026-05-26 10:54:31.121 [INFO] main.cpp:357 -   平均延迟:     0.00 ms
2026-05-26 10:54:31.121 [INFO] main.cpp:358 -   最大延迟:     0.00 ms
2026-05-26 10:54:31.121 [INFO] main.cpp:359 -   总线争用次数: 0
2026-05-26 10:54:31.121 [INFO] main.cpp:368 - ======== 轮询统计 ========
2026-05-26 10:54:31.121 [INFO] main.cpp:369 -   任务组数:     20
2026-05-26 10:54:31.121 [INFO] main.cpp:370 -   成功事务:     0
2026-05-26 10:54:31.121 [INFO] main.cpp:371 -   失败事务:     340
2026-05-26 10:54:31.121 [INFO] main.cpp:373 -   成功率:       0.0%
2026-05-26 10:54:31.121 [INFO] main.cpp:378 - ======== 命令队列统计 ========
2026-05-26 10:54:31.121 [INFO] main.cpp:379 -   已提交: 0  已执行: 0  成功: 0  失败: 0
2026-05-26 10:54:31.121 [INFO] main.cpp:384 -   队列大小: 0  平均耗时: 0.0ms
2026-05-26 10:54:32.122 [INFO] main.cpp:352 - ======== 总线统计 ========
2026-05-26 10:54:32.122 [INFO] main.cpp:353 -   总事务数:     360
2026-05-26 10:54:32.122 [INFO] main.cpp:354 -   总错误数:     340
2026-05-26 10:54:32.122 [INFO] main.cpp:355 -   发送字节数:   2848
2026-05-26 10:54:32.122 [INFO] main.cpp:356 -   接收字节数:   0
2026-05-26 10:54:32.122 [INFO] main.cpp:357 -   平均延迟:     0.00 ms
2026-05-26 10:54:32.122 [INFO] main.cpp:358 -   最大延迟:     0.00 ms
2026-05-26 10:54:32.122 [INFO] main.cpp:359 -   总线争用次数: 0
2026-05-26 10:54:32.122 [INFO] main.cpp:368 - ======== 轮询统计 ========
2026-05-26 10:54:32.123 [INFO] main.cpp:369 -   任务组数:     20
2026-05-26 10:54:32.123 [INFO] main.cpp:370 -   成功事务:     0
2026-05-26 10:54:32.123 [INFO] main.cpp:371 -   失败事务:     340
2026-05-26 10:54:32.123 [INFO] main.cpp:373 -   成功率:       0.0%
2026-05-26 10:54:32.123 [INFO] main.cpp:378 - ======== 命令队列统计 ========
2026-05-26 10:54:32.123 [INFO] main.cpp:379 -   已提交: 0  已执行: 0  成功: 0  失败: 0
2026-05-26 10:54:32.123 [INFO] main.cpp:384 -   队列大小: 0  平均耗时: 0.0ms
2026-05-26 10:54:33.124 [INFO] main.cpp:352 - ======== 总线统计 ========
2026-05-26 10:54:33.124 [INFO] main.cpp:353 -   总事务数:     360
2026-05-26 10:54:33.124 [INFO] main.cpp:354 -   总错误数:     356
2026-05-26 10:54:33.124 [INFO] main.cpp:355 -   发送字节数:   2880
2026-05-26 10:54:33.124 [INFO] main.cpp:356 -   接收字节数:   0
2026-05-26 10:54:33.124 [INFO] main.cpp:357 -   平均延迟:     0.00 ms
2026-05-26 10:54:33.124 [INFO] main.cpp:358 -   最大延迟:     0.00 ms
2026-05-26 10:54:33.124 [INFO] main.cpp:359 -   总线争用次数: 0
2026-05-26 10:54:33.124 [INFO] main.cpp:368 - ======== 轮询统计 ========
2026-05-26 10:54:33.124 [INFO] main.cpp:369 -   任务组数:     20
2026-05-26 10:54:33.124 [INFO] main.cpp:370 -   成功事务:     0
2026-05-26 10:54:33.124 [INFO] main.cpp:371 -   失败事务:     356
2026-05-26 10:54:33.124 [INFO] main.cpp:373 -   成功率:       0.0%
2026-05-26 10:54:33.124 [INFO] main.cpp:378 - ======== 命令队列统计 ========
2026-05-26 10:54:33.124 [INFO] main.cpp:379 -   已提交: 0  已执行: 0  成功: 0  失败: 0
2026-05-26 10:54:33.124 [INFO] main.cpp:384 -   队列大小: 0  平均耗时: 0.0ms
2026-05-26 10:54:34.126 [INFO] main.cpp:352 - ======== 总线统计 ========
2026-05-26 10:54:34.126 [INFO] main.cpp:353 -   总事务数:     360
2026-05-26 10:54:34.126 [INFO] main.cpp:354 -   总错误数:     360
2026-05-26 10:54:34.126 [INFO] main.cpp:355 -   发送字节数:   2880
2026-05-26 10:54:34.126 [INFO] main.cpp:356 -   接收字节数:   0
2026-05-26 10:54:34.126 [INFO] main.cpp:357 -   平均延迟:     0.00 ms
2026-05-26 10:54:34.126 [INFO] main.cpp:358 -   最大延迟:     0.00 ms
2026-05-26 10:54:34.126 [INFO] main.cpp:359 -   总线争用次数: 0
2026-05-26 10:54:34.126 [INFO] main.cpp:368 - ======== 轮询统计 ========
2026-05-26 10:54:34.126 [INFO] main.cpp:369 -   任务组数:     20
2026-05-26 10:54:34.126 [INFO] main.cpp:370 -   成功事务:     0
2026-05-26 10:54:34.126 [INFO] main.cpp:371 -   失败事务:     360
2026-05-26 10:54:34.126 [INFO] main.cpp:373 -   成功率:       0.0%
2026-05-26 10:54:34.126 [INFO] main.cpp:378 - ======== 命令队列统计 ========
2026-05-26 10:54:34.126 [INFO] main.cpp:379 -   已提交: 0  已执行: 0  成功: 0  失败: 0
2026-05-26 10:54:34.126 [INFO] main.cpp:384 -   队列大小: 0  平均耗时: 0.0ms
2026-05-26 10:54:35.128 [INFO] main.cpp:352 - ======== 总线统计 ========
2026-05-26 10:54:35.128 [INFO] main.cpp:353 -   总事务数:     360
2026-05-26 10:54:35.128 [INFO] main.cpp:354 -   总错误数:     360
2026-05-26 10:54:35.128 [INFO] main.cpp:355 -   发送字节数:   2880
2026-05-26 10:54:35.128 [INFO] main.cpp:356 -   接收字节数:   0
2026-05-26 10:54:35.128 [INFO] main.cpp:357 -   平均延迟:     0.00 ms
2026-05-26 10:54:35.128 [INFO] main.cpp:358 -   最大延迟:     0.00 ms
2026-05-26 10:54:35.128 [INFO] main.cpp:359 -   总线争用次数: 0
2026-05-26 10:54:35.128 [INFO] main.cpp:368 - ======== 轮询统计 ========
2026-05-26 10:54:35.128 [INFO] main.cpp:369 -   任务组数:     20
2026-05-26 10:54:35.128 [INFO] main.cpp:370 -   成功事务:     0
2026-05-26 10:54:35.128 [INFO] main.cpp:371 -   失败事务:     360
2026-05-26 10:54:35.128 [INFO] main.cpp:373 -   成功率:       0.0%
2026-05-26 10:54:35.128 [INFO] main.cpp:378 - ======== 命令队列统计 ========
2026-05-26 10:54:35.128 [INFO] main.cpp:379 -   已提交: 0  已执行: 0  成功: 0  失败: 0
2026-05-26 10:54:35.128 [INFO] main.cpp:384 -   队列大小: 0  平均耗时: 0.0ms
2026-05-26 10:54:36.129 [INFO] main.cpp:352 - ======== 总线统计 ========
2026-05-26 10:54:36.129 [INFO] main.cpp:353 -   总事务数:     360
2026-05-26 10:54:36.129 [INFO] main.cpp:354 -   总错误数:     360
2026-05-26 10:54:36.129 [INFO] main.cpp:355 -   发送字节数:   2880
2026-05-26 10:54:36.129 [INFO] main.cpp:356 -   接收字节数:   0
2026-05-26 10:54:36.129 [INFO] main.cpp:357 -   平均延迟:     0.00 ms
2026-05-26 10:54:36.129 [INFO] main.cpp:358 -   最大延迟:     0.00 ms
2026-05-26 10:54:36.129 [INFO] main.cpp:359 -   总线争用次数: 0
2026-05-26 10:54:36.129 [INFO] main.cpp:368 - ======== 轮询统计 ========
2026-05-26 10:54:36.129 [INFO] main.cpp:369 -   任务组数:     20
2026-05-26 10:54:36.129 [INFO] main.cpp:370 -   成功事务:     0
2026-05-26 10:54:36.129 [INFO] main.cpp:371 -   失败事务:     360
2026-05-26 10:54:36.129 [INFO] main.cpp:373 -   成功率:       0.0%
2026-05-26 10:54:36.129 [INFO] main.cpp:378 - ======== 命令队列统计 ========
2026-05-26 10:54:36.129 [INFO] main.cpp:379 -   已提交: 0  已执行: 0  成功: 0  失败: 0
2026-05-26 10:54:36.129 [INFO] main.cpp:384 -   队列大小: 0  平均耗时: 0.0ms
2026-05-26 10:54:37.130 [INFO] main.cpp:352 - ======== 总线统计 ========
2026-05-26 10:54:37.131 [INFO] main.cpp:353 -   总事务数:     380
2026-05-26 10:54:37.131 [INFO] main.cpp:354 -   总错误数:     360
2026-05-26 10:54:37.131 [INFO] main.cpp:355 -   发送字节数:   2912
2026-05-26 10:54:37.131 [INFO] main.cpp:356 -   接收字节数:   0
2026-05-26 10:54:37.131 [INFO] main.cpp:357 -   平均延迟:     0.00 ms
2026-05-26 10:54:37.131 [INFO] main.cpp:358 -   最大延迟:     0.00 ms
2026-05-26 10:54:37.131 [INFO] main.cpp:359 -   总线争用次数: 0
2026-05-26 10:54:37.131 [INFO] main.cpp:368 - ======== 轮询统计 ========
2026-05-26 10:54:37.131 [INFO] main.cpp:369 -   任务组数:     20
2026-05-26 10:54:37.131 [INFO] main.cpp:370 -   成功事务:     0
2026-05-26 10:54:37.131 [INFO] main.cpp:371 -   失败事务:     360
2026-05-26 10:54:37.131 [INFO] main.cpp:373 -   成功率:       0.0%
2026-05-26 10:54:37.131 [INFO] main.cpp:378 - ======== 命令队列统计 ========
2026-05-26 10:54:37.131 [INFO] main.cpp:379 -   已提交: 0  已执行: 0  成功: 0  失败: 0
2026-05-26 10:54:37.131 [INFO] main.cpp:384 -   队列大小: 0  平均耗时: 0.0ms
2026-05-26 10:54:38.132 [INFO] main.cpp:352 - ======== 总线统计 ========
2026-05-26 10:54:38.132 [INFO] main.cpp:353 -   总事务数:     380
2026-05-26 10:54:38.132 [INFO] main.cpp:354 -   总错误数:     372
2026-05-26 10:54:38.132 [INFO] main.cpp:355 -   发送字节数:   3040
2026-05-26 10:54:38.132 [INFO] main.cpp:356 -   接收字节数:   0
2026-05-26 10:54:38.133 [INFO] main.cpp:357 -   平均延迟:     0.00 ms
2026-05-26 10:54:38.133 [INFO] main.cpp:358 -   最大延迟:     0.00 ms
2026-05-26 10:54:38.133 [INFO] main.cpp:359 -   总线争用次数: 0
2026-05-26 10:54:38.133 [INFO] main.cpp:368 - ======== 轮询统计 ========
2026-05-26 10:54:38.133 [INFO] main.cpp:369 -   任务组数:     20
2026-05-26 10:54:38.133 [INFO] main.cpp:370 -   成功事务:     0
2026-05-26 10:54:38.133 [INFO] main.cpp:371 -   失败事务:     372
2026-05-26 10:54:38.133 [INFO] main.cpp:373 -   成功率:       0.0%
2026-05-26 10:54:38.133 [INFO] main.cpp:378 - ======== 命令队列统计 ========
2026-05-26 10:54:38.133 [INFO] main.cpp:379 -   已提交: 0  已执行: 0  成功: 0  失败: 0
2026-05-26 10:54:38.133 [INFO] main.cpp:384 -   队列大小: 0  平均耗时: 0.0ms
2026-05-26 10:54:39.133 [INFO] main.cpp:352 - ======== 总线统计 ========
2026-05-26 10:54:39.133 [INFO] main.cpp:353 -   总事务数:     380
2026-05-26 10:54:39.133 [INFO] main.cpp:354 -   总错误数:     380
2026-05-26 10:54:39.133 [INFO] main.cpp:355 -   发送字节数:   3040
2026-05-26 10:54:39.133 [INFO] main.cpp:356 -   接收字节数:   0
2026-05-26 10:54:39.133 [INFO] main.cpp:357 -   平均延迟:     0.00 ms
2026-05-26 10:54:39.133 [INFO] main.cpp:358 -   最大延迟:     0.00 ms
2026-05-26 10:54:39.133 [INFO] main.cpp:359 -   总线争用次数: 0
2026-05-26 10:54:39.133 [INFO] main.cpp:368 - ======== 轮询统计 ========
2026-05-26 10:54:39.133 [INFO] main.cpp:369 -   任务组数:     20
2026-05-26 10:54:39.133 [INFO] main.cpp:370 -   成功事务:     0
2026-05-26 10:54:39.134 [INFO] main.cpp:371 -   失败事务:     380
2026-05-26 10:54:39.134 [INFO] main.cpp:373 -   成功率:       0.0%
2026-05-26 10:54:39.134 [INFO] main.cpp:378 - ======== 命令队列统计 ========
2026-05-26 10:54:39.134 [INFO] main.cpp:379 -   已提交: 0  已执行: 0  成功: 0  失败: 0
2026-05-26 10:54:39.134 [INFO] main.cpp:384 -   队列大小: 0  平均耗时: 0.0ms
2026-05-26 10:54:40.134 [INFO] main.cpp:352 - ======== 总线统计 ========
2026-05-26 10:54:40.134 [INFO] main.cpp:353 -   总事务数:     380
2026-05-26 10:54:40.134 [INFO] main.cpp:354 -   总错误数:     380
2026-05-26 10:54:40.134 [INFO] main.cpp:355 -   发送字节数:   3040
2026-05-26 10:54:40.135 [INFO] main.cpp:356 -   接收字节数:   0
2026-05-26 10:54:40.135 [INFO] main.cpp:357 -   平均延迟:     0.00 ms
2026-05-26 10:54:40.135 [INFO] main.cpp:358 -   最大延迟:     0.00 ms
2026-05-26 10:54:40.135 [INFO] main.cpp:359 -   总线争用次数: 0
2026-05-26 10:54:40.135 [INFO] main.cpp:368 - ======== 轮询统计 ========
2026-05-26 10:54:40.135 [INFO] main.cpp:369 -   任务组数:     20
2026-05-26 10:54:40.135 [INFO] main.cpp:370 -   成功事务:     0
2026-05-26 10:54:40.135 [INFO] main.cpp:371 -   失败事务:     380
2026-05-26 10:54:40.135 [INFO] main.cpp:373 -   成功率:       0.0%
2026-05-26 10:54:40.135 [INFO] main.cpp:378 - ======== 命令队列统计 ========
2026-05-26 10:54:40.135 [INFO] main.cpp:379 -   已提交: 0  已执行: 0  成功: 0  失败: 0
2026-05-26 10:54:40.135 [INFO] main.cpp:384 -   队列大小: 0  平均耗时: 0.0ms
2026-05-26 10:54:41.135 [INFO] main.cpp:352 - ======== 总线统计 ========
2026-05-26 10:54:41.135 [INFO] main.cpp:353 -   总事务数:     380
2026-05-26 10:54:41.135 [INFO] main.cpp:354 -   总错误数:     380
2026-05-26 10:54:41.135 [INFO] main.cpp:355 -   发送字节数:   3040
2026-05-26 10:54:41.135 [INFO] main.cpp:356 -   接收字节数:   0
2026-05-26 10:54:41.136 [INFO] main.cpp:357 -   平均延迟:     0.00 ms
2026-05-26 10:54:41.136 [INFO] main.cpp:358 -   最大延迟:     0.00 ms
2026-05-26 10:54:41.136 [INFO] main.cpp:359 -   总线争用次数: 0
2026-05-26 10:54:41.136 [INFO] main.cpp:368 - ======== 轮询统计 ========
2026-05-26 10:54:41.136 [INFO] main.cpp:369 -   任务组数:     20
2026-05-26 10:54:41.136 [INFO] main.cpp:370 -   成功事务:     0
2026-05-26 10:54:41.136 [INFO] main.cpp:371 -   失败事务:     380
2026-05-26 10:54:41.136 [INFO] main.cpp:373 -   成功率:       0.0%
2026-05-26 10:54:41.136 [INFO] main.cpp:378 - ======== 命令队列统计 ========
2026-05-26 10:54:41.136 [INFO] main.cpp:379 -   已提交: 0  已执行: 0  成功: 0  失败: 0
2026-05-26 10:54:41.136 [INFO] main.cpp:384 -   队列大小: 0  平均耗时: 0.0ms
2026-05-26 10:54:41.564 [INFO] main.cpp:392 - 正在停止 Web 服务器...
2026-05-26 10:54:42.004 [INFO] main.cpp:395 - 正在停止所有应用...
2026-05-26 10:54:42.005 [INFO] main.cpp:398 - 正在停止命令队列...
2026-05-26 10:54:42.005 [INFO] command_queue.cpp:307 - 命令处理线程 #0 已退出
2026-05-26 10:54:42.005 [INFO] command_queue.cpp:59 - 命令队列已停止
2026-05-26 10:54:42.005 [INFO] main.cpp:402 - 正在关闭串口...
2026-05-26 10:54:42.005 [INFO] main.cpp:405 - 正在停止轮询...
2026-05-26 10:54:42.043 [INFO] main.cpp:410 - ======== 最终统计 ========
2026-05-26 10:54:42.043 [INFO] main.cpp:411 -   总事务数:     380
2026-05-26 10:54:42.043 [INFO] main.cpp:412 -   总错误数:     380
2026-05-26 10:54:42.043 [INFO] main.cpp:413 -   成功率:       0.0%
2026-05-26 10:54:42.043 [INFO] main.cpp:417 -   平均延迟:     0.00 ms
2026-05-26 10:54:42.043 [INFO] main.cpp:418 -   最大延迟:     0.00 ms
2026-05-26 10:54:42.043 [INFO] main.cpp:419 - === 系统退出 ===

======================================================
  日志系统关闭: 2026-05-26 10:54:42.043
======================================================
