======================================================
  日志系统启动: 2026-05-26 11:03:12.382
  日志文件: ./logs/gateway_20260526_110312.log
  最大文件数: 50
  最低级别: INFO
======================================================
2026-05-26 11:03:12.382 [INFO] main.cpp:171 - === 系统启动 ===
2026-05-26 11:03:12.382 [INFO] main.cpp:172 - 串口: /dev/ttyS9, 波特率: 9600, 工作线程: 4
2026-05-26 11:03:12.382 [INFO] main.cpp:176 - 所有设备已初始化
2026-05-26 11:03:12.383 [INFO] main.cpp:183 - 应用管理器已启动, 注册了 1 个应用
2026-05-26 11:03:12.383 [INFO] main.cpp:188 - Web 服务器已启动
2026-05-26 11:03:12.383 [INFO] main.cpp:193 - 初始化串口总线: /dev/ttyS9 @ 9600 baud
2026-05-26 11:03:12.383 [INFO] command_queue.cpp:38 - 命令队列启动, 工作线程数: 1
2026-05-26 11:03:12.383 [INFO] main.cpp:211 - 串口总线已就绪, 工作线程数: 4
2026-05-26 11:03:12.383 [INFO] command_queue.cpp:228 - 命令处理线程 #0 已启动
2026-05-26 11:03:12.384 [INFO] main.cpp:310 - 共 20 个轮询任务:
2026-05-26 11:03:12.384 [INFO] main.cpp:313 -   [1] PM2.5传感器 - PM2.5 (间隔: 5000 ms)
2026-05-26 11:03:12.384 [INFO] main.cpp:313 -   [2] PM10传感器 - PM10 (间隔: 5000 ms)
2026-05-26 11:03:12.384 [INFO] main.cpp:313 -   [3] 湿度传感器 - 湿度 (间隔: 5000 ms)
2026-05-26 11:03:12.384 [INFO] main.cpp:313 -   [4] 温度传感器 - 温度 (间隔: 5000 ms)
2026-05-26 11:03:12.384 [INFO] main.cpp:313 -   [5] TVOC传感器 - TVOC (间隔: 5000 ms)
2026-05-26 11:03:12.384 [INFO] main.cpp:313 -   [6] 甲醛传感器 - 甲醛 (间隔: 5000 ms)
2026-05-26 11:03:12.384 [INFO] main.cpp:313 -   [7] 臭氧传感器 - 臭氧 (间隔: 5000 ms)
2026-05-26 11:03:12.384 [INFO] main.cpp:313 -   [8] CO2传感器 - CO2 (间隔: 5000 ms)
2026-05-26 11:03:12.384 [INFO] main.cpp:313 -   [9] 烟雾报警器 - 报警状态 (间隔: 5000 ms)
2026-05-26 11:03:12.384 [INFO] main.cpp:313 -   [10] 恒湿净化一体机 - 环境数据 (间隔: 5000 ms)
2026-05-26 11:03:12.385 [INFO] main.cpp:313 -   [11] 恒湿净化一体机 - 电源状态 (间隔: 5000 ms)
2026-05-26 11:03:12.385 [INFO] main.cpp:313 -   [12] 恒湿净化一体机 - 故障状态 (间隔: 5000 ms)
2026-05-26 11:03:12.385 [INFO] main.cpp:313 -   [13] 报警装置 - 状态 (间隔: 5000 ms)
2026-05-26 11:03:12.385 [INFO] main.cpp:313 -   [14] 水浸传感器 - 浸水状态 (间隔: 5000 ms)
2026-05-26 11:03:12.385 [INFO] main.cpp:313 -   [15] 红外探测器 - 红外状态 (间隔: 5000 ms)
2026-05-26 11:03:12.385 [INFO] main.cpp:313 -   [16] 红外探测器 - 雷达状态 (间隔: 5000 ms)
2026-05-26 11:03:12.385 [INFO] main.cpp:313 -   [17] 霉菌空气净化机 - 环境数据 (间隔: 5000 ms)
2026-05-26 11:03:12.385 [INFO] main.cpp:313 -   [18] 霉菌空气净化机 - 运行模式 (间隔: 5000 ms)
2026-05-26 11:03:12.385 [INFO] main.cpp:313 -   [19] 霉菌空气净化机 - 电源状态 (间隔: 5000 ms)
2026-05-26 11:03:12.385 [INFO] main.cpp:313 -   [20] 弱光检测传感器 - 光照度 (间隔: 5000 ms)
2026-05-26 11:03:12.388 [INFO] main.cpp:330 - 多线程轮询已启动, 按 Ctrl+C 退出
2026-05-26 11:03:13.389 [INFO] main.cpp:352 - ======== 总线统计 ========
2026-05-26 11:03:13.389 [INFO] main.cpp:353 -   总事务数:     20
2026-05-26 11:03:13.389 [INFO] main.cpp:354 -   总错误数:     0
2026-05-26 11:03:13.389 [INFO] main.cpp:355 -   发送字节数:   160
2026-05-26 11:03:13.389 [INFO] main.cpp:356 -   接收字节数:   0
2026-05-26 11:03:13.389 [INFO] main.cpp:357 -   平均延迟:     0.00 ms
2026-05-26 11:03:13.389 [INFO] main.cpp:358 -   最大延迟:     0.00 ms
2026-05-26 11:03:13.389 [INFO] main.cpp:359 -   总线争用次数: 0
2026-05-26 11:03:13.389 [INFO] main.cpp:368 - ======== 轮询统计 ========
2026-05-26 11:03:13.390 [INFO] main.cpp:369 -   任务组数:     20
2026-05-26 11:03:13.390 [INFO] main.cpp:370 -   成功事务:     0
2026-05-26 11:03:13.390 [INFO] main.cpp:371 -   失败事务:     0
2026-05-26 11:03:13.390 [INFO] main.cpp:378 - ======== 命令队列统计 ========
2026-05-26 11:03:13.390 [INFO] main.cpp:379 -   已提交: 0  已执行: 0  成功: 0  失败: 0
2026-05-26 11:03:13.390 [INFO] main.cpp:384 -   队列大小: 0  平均耗时: 0.0ms
2026-05-26 11:03:14.391 [INFO] main.cpp:352 - ======== 总线统计 ========
2026-05-26 11:03:14.391 [INFO] main.cpp:353 -   总事务数:     20
2026-05-26 11:03:14.391 [INFO] main.cpp:354 -   总错误数:     20
2026-05-26 11:03:14.391 [INFO] main.cpp:355 -   发送字节数:   160
2026-05-26 11:03:14.391 [INFO] main.cpp:356 -   接收字节数:   0
2026-05-26 11:03:14.391 [INFO] main.cpp:357 -   平均延迟:     0.00 ms
2026-05-26 11:03:14.391 [INFO] main.cpp:358 -   最大延迟:     0.00 ms
2026-05-26 11:03:14.391 [INFO] main.cpp:359 -   总线争用次数: 0
2026-05-26 11:03:14.391 [INFO] main.cpp:368 - ======== 轮询统计 ========
2026-05-26 11:03:14.391 [INFO] main.cpp:369 -   任务组数:     20
2026-05-26 11:03:14.391 [INFO] main.cpp:370 -   成功事务:     0
2026-05-26 11:03:14.392 [INFO] main.cpp:371 -   失败事务:     20
2026-05-26 11:03:14.392 [INFO] main.cpp:373 -   成功率:       0.0%
2026-05-26 11:03:14.392 [INFO] main.cpp:378 - ======== 命令队列统计 ========
2026-05-26 11:03:14.392 [INFO] main.cpp:379 -   已提交: 0  已执行: 0  成功: 0  失败: 0
2026-05-26 11:03:14.392 [INFO] main.cpp:384 -   队列大小: 0  平均耗时: 0.0ms
2026-05-26 11:03:15.393 [INFO] main.cpp:352 - ======== 总线统计 ========
2026-05-26 11:03:15.393 [INFO] main.cpp:353 -   总事务数:     20
2026-05-26 11:03:15.393 [INFO] main.cpp:354 -   总错误数:     20
2026-05-26 11:03:15.393 [INFO] main.cpp:355 -   发送字节数:   160
2026-05-26 11:03:15.393 [INFO] main.cpp:356 -   接收字节数:   0
2026-05-26 11:03:15.393 [INFO] main.cpp:357 -   平均延迟:     0.00 ms
2026-05-26 11:03:15.393 [INFO] main.cpp:358 -   最大延迟:     0.00 ms
2026-05-26 11:03:15.393 [INFO] main.cpp:359 -   总线争用次数: 0
2026-05-26 11:03:15.393 [INFO] main.cpp:368 - ======== 轮询统计 ========
2026-05-26 11:03:15.393 [INFO] main.cpp:369 -   任务组数:     20
2026-05-26 11:03:15.394 [INFO] main.cpp:370 -   成功事务:     0
2026-05-26 11:03:15.394 [INFO] main.cpp:371 -   失败事务:     20
2026-05-26 11:03:15.394 [INFO] main.cpp:373 -   成功率:       0.0%
2026-05-26 11:03:15.394 [INFO] main.cpp:378 - ======== 命令队列统计 ========
2026-05-26 11:03:15.394 [INFO] main.cpp:379 -   已提交: 0  已执行: 0  成功: 0  失败: 0
2026-05-26 11:03:15.394 [INFO] main.cpp:384 -   队列大小: 0  平均耗时: 0.0ms
2026-05-26 11:03:16.395 [INFO] main.cpp:352 - ======== 总线统计 ========
2026-05-26 11:03:16.395 [INFO] main.cpp:353 -   总事务数:     20
2026-05-26 11:03:16.395 [INFO] main.cpp:354 -   总错误数:     20
2026-05-26 11:03:16.395 [INFO] main.cpp:355 -   发送字节数:   160
2026-05-26 11:03:16.395 [INFO] main.cpp:356 -   接收字节数:   0
2026-05-26 11:03:16.395 [INFO] main.cpp:357 -   平均延迟:     0.00 ms
2026-05-26 11:03:16.395 [INFO] main.cpp:358 -   最大延迟:     0.00 ms
2026-05-26 11:03:16.395 [INFO] main.cpp:359 -   总线争用次数: 0
2026-05-26 11:03:16.395 [INFO] main.cpp:368 - ======== 轮询统计 ========
2026-05-26 11:03:16.395 [INFO] main.cpp:369 -   任务组数:     20
2026-05-26 11:03:16.396 [INFO] main.cpp:370 -   成功事务:     0
2026-05-26 11:03:16.396 [INFO] main.cpp:371 -   失败事务:     20
2026-05-26 11:03:16.396 [INFO] main.cpp:373 -   成功率:       0.0%
2026-05-26 11:03:16.396 [INFO] main.cpp:378 - ======== 命令队列统计 ========
2026-05-26 11:03:16.396 [INFO] main.cpp:379 -   已提交: 0  已执行: 0  成功: 0  失败: 0
2026-05-26 11:03:16.396 [INFO] main.cpp:384 -   队列大小: 0  平均耗时: 0.0ms
2026-05-26 11:03:17.396 [INFO] main.cpp:352 - ======== 总线统计 ========
2026-05-26 11:03:17.397 [INFO] main.cpp:353 -   总事务数:     40
2026-05-26 11:03:17.397 [INFO] main.cpp:354 -   总错误数:     20
2026-05-26 11:03:17.397 [INFO] main.cpp:355 -   发送字节数:   160
2026-05-26 11:03:17.397 [INFO] main.cpp:356 -   接收字节数:   0
2026-05-26 11:03:17.397 [INFO] main.cpp:357 -   平均延迟:     0.00 ms
2026-05-26 11:03:17.397 [INFO] main.cpp:358 -   最大延迟:     0.00 ms
2026-05-26 11:03:17.397 [INFO] main.cpp:359 -   总线争用次数: 0
2026-05-26 11:03:17.397 [INFO] main.cpp:368 - ======== 轮询统计 ========
2026-05-26 11:03:17.397 [INFO] main.cpp:369 -   任务组数:     20
2026-05-26 11:03:17.397 [INFO] main.cpp:370 -   成功事务:     0
2026-05-26 11:03:17.397 [INFO] main.cpp:371 -   失败事务:     20
2026-05-26 11:03:17.397 [INFO] main.cpp:373 -   成功率:       0.0%
2026-05-26 11:03:17.397 [INFO] main.cpp:378 - ======== 命令队列统计 ========
2026-05-26 11:03:17.397 [INFO] main.cpp:379 -   已提交: 0  已执行: 0  成功: 0  失败: 0
2026-05-26 11:03:17.397 [INFO] main.cpp:384 -   队列大小: 0  平均耗时: 0.0ms
2026-05-26 11:03:18.398 [INFO] main.cpp:352 - ======== 总线统计 ========
2026-05-26 11:03:18.398 [INFO] main.cpp:353 -   总事务数:     40
2026-05-26 11:03:18.399 [INFO] main.cpp:354 -   总错误数:     20
2026-05-26 11:03:18.399 [INFO] main.cpp:355 -   发送字节数:   320
2026-05-26 11:03:18.399 [INFO] main.cpp:356 -   接收字节数:   0
2026-05-26 11:03:18.399 [INFO] main.cpp:357 -   平均延迟:     0.00 ms
2026-05-26 11:03:18.399 [INFO] main.cpp:358 -   最大延迟:     0.00 ms
2026-05-26 11:03:18.399 [INFO] main.cpp:359 -   总线争用次数: 0
2026-05-26 11:03:18.399 [INFO] main.cpp:368 - ======== 轮询统计 ========
2026-05-26 11:03:18.399 [INFO] main.cpp:369 -   任务组数:     20
2026-05-26 11:03:18.399 [INFO] main.cpp:370 -   成功事务:     0
2026-05-26 11:03:18.399 [INFO] main.cpp:371 -   失败事务:     20
2026-05-26 11:03:18.399 [INFO] main.cpp:373 -   成功率:       0.0%
2026-05-26 11:03:18.399 [INFO] main.cpp:378 - ======== 命令队列统计 ========
2026-05-26 11:03:18.399 [INFO] main.cpp:379 -   已提交: 0  已执行: 0  成功: 0  失败: 0
2026-05-26 11:03:18.399 [INFO] main.cpp:384 -   队列大小: 0  平均耗时: 0.0ms
2026-05-26 11:03:19.400 [INFO] main.cpp:352 - ======== 总线统计 ========
2026-05-26 11:03:19.401 [INFO] main.cpp:353 -   总事务数:     40
2026-05-26 11:03:19.401 [INFO] main.cpp:354 -   总错误数:     40
2026-05-26 11:03:19.401 [INFO] main.cpp:355 -   发送字节数:   320
2026-05-26 11:03:19.401 [INFO] main.cpp:356 -   接收字节数:   0
2026-05-26 11:03:19.401 [INFO] main.cpp:357 -   平均延迟:     0.00 ms
2026-05-26 11:03:19.401 [INFO] main.cpp:358 -   最大延迟:     0.00 ms
2026-05-26 11:03:19.401 [INFO] main.cpp:359 -   总线争用次数: 0
2026-05-26 11:03:19.401 [INFO] main.cpp:368 - ======== 轮询统计 ========
2026-05-26 11:03:19.401 [INFO] main.cpp:369 -   任务组数:     20
2026-05-26 11:03:19.401 [INFO] main.cpp:370 -   成功事务:     0
2026-05-26 11:03:19.401 [INFO] main.cpp:371 -   失败事务:     40
2026-05-26 11:03:19.401 [INFO] main.cpp:373 -   成功率:       0.0%
2026-05-26 11:03:19.401 [INFO] main.cpp:378 - ======== 命令队列统计 ========
2026-05-26 11:03:19.401 [INFO] main.cpp:379 -   已提交: 0  已执行: 0  成功: 0  失败: 0
2026-05-26 11:03:19.401 [INFO] main.cpp:384 -   队列大小: 0  平均耗时: 0.0ms
2026-05-26 11:03:20.402 [INFO] main.cpp:352 - ======== 总线统计 ========
2026-05-26 11:03:20.403 [INFO] main.cpp:353 -   总事务数:     40
2026-05-26 11:03:20.403 [INFO] main.cpp:354 -   总错误数:     40
2026-05-26 11:03:20.403 [INFO] main.cpp:355 -   发送字节数:   320
2026-05-26 11:03:20.403 [INFO] main.cpp:356 -   接收字节数:   0
2026-05-26 11:03:20.403 [INFO] main.cpp:357 -   平均延迟:     0.00 ms
2026-05-26 11:03:20.403 [INFO] main.cpp:358 -   最大延迟:     0.00 ms
2026-05-26 11:03:20.403 [INFO] main.cpp:359 -   总线争用次数: 0
2026-05-26 11:03:20.403 [INFO] main.cpp:368 - ======== 轮询统计 ========
2026-05-26 11:03:20.403 [INFO] main.cpp:369 -   任务组数:     20
2026-05-26 11:03:20.403 [INFO] main.cpp:370 -   成功事务:     0
2026-05-26 11:03:20.403 [INFO] main.cpp:371 -   失败事务:     40
2026-05-26 11:03:20.403 [INFO] main.cpp:373 -   成功率:       0.0%
2026-05-26 11:03:20.403 [INFO] main.cpp:378 - ======== 命令队列统计 ========
2026-05-26 11:03:20.403 [INFO] main.cpp:379 -   已提交: 0  已执行: 0  成功: 0  失败: 0
2026-05-26 11:03:20.403 [INFO] main.cpp:384 -   队列大小: 0  平均耗时: 0.0ms
2026-05-26 11:03:21.404 [INFO] main.cpp:352 - ======== 总线统计 ========
2026-05-26 11:03:21.405 [INFO] main.cpp:353 -   总事务数:     40
2026-05-26 11:03:21.405 [INFO] main.cpp:354 -   总错误数:     40
2026-05-26 11:03:21.405 [INFO] main.cpp:355 -   发送字节数:   320
2026-05-26 11:03:21.405 [INFO] main.cpp:356 -   接收字节数:   0
2026-05-26 11:03:21.405 [INFO] main.cpp:357 -   平均延迟:     0.00 ms
2026-05-26 11:03:21.405 [INFO] main.cpp:358 -   最大延迟:     0.00 ms
2026-05-26 11:03:21.405 [INFO] main.cpp:359 -   总线争用次数: 0
2026-05-26 11:03:21.405 [INFO] main.cpp:368 - ======== 轮询统计 ========
2026-05-26 11:03:21.405 [INFO] main.cpp:369 -   任务组数:     20
2026-05-26 11:03:21.405 [INFO] main.cpp:370 -   成功事务:     0
2026-05-26 11:03:21.405 [INFO] main.cpp:371 -   失败事务:     40
2026-05-26 11:03:21.405 [INFO] main.cpp:373 -   成功率:       0.0%
2026-05-26 11:03:21.405 [INFO] main.cpp:378 - ======== 命令队列统计 ========
2026-05-26 11:03:21.405 [INFO] main.cpp:379 -   已提交: 0  已执行: 0  成功: 0  失败: 0
2026-05-26 11:03:21.405 [INFO] main.cpp:384 -   队列大小: 0  平均耗时: 0.0ms
2026-05-26 11:03:22.407 [INFO] main.cpp:352 - ======== 总线统计 ========
2026-05-26 11:03:22.407 [INFO] main.cpp:353 -   总事务数:     60
2026-05-26 11:03:22.407 [INFO] main.cpp:354 -   总错误数:     40
2026-05-26 11:03:22.407 [INFO] main.cpp:355 -   发送字节数:   320
2026-05-26 11:03:22.407 [INFO] main.cpp:356 -   接收字节数:   0
2026-05-26 11:03:22.407 [INFO] main.cpp:357 -   平均延迟:     0.00 ms
2026-05-26 11:03:22.407 [INFO] main.cpp:358 -   最大延迟:     0.00 ms
2026-05-26 11:03:22.407 [INFO] main.cpp:359 -   总线争用次数: 0
2026-05-26 11:03:22.407 [INFO] main.cpp:368 - ======== 轮询统计 ========
2026-05-26 11:03:22.407 [INFO] main.cpp:369 -   任务组数:     20
2026-05-26 11:03:22.407 [INFO] main.cpp:370 -   成功事务:     0
2026-05-26 11:03:22.407 [INFO] main.cpp:371 -   失败事务:     40
2026-05-26 11:03:22.407 [INFO] main.cpp:373 -   成功率:       0.0%
2026-05-26 11:03:22.407 [INFO] main.cpp:378 - ======== 命令队列统计 ========
2026-05-26 11:03:22.407 [INFO] main.cpp:379 -   已提交: 0  已执行: 0  成功: 0  失败: 0
2026-05-26 11:03:22.407 [INFO] main.cpp:384 -   队列大小: 0  平均耗时: 0.0ms
2026-05-26 11:03:23.407 [INFO] main.cpp:352 - ======== 总线统计 ========
2026-05-26 11:03:23.408 [INFO] main.cpp:353 -   总事务数:     60
2026-05-26 11:03:23.408 [INFO] main.cpp:354 -   总错误数:     40
2026-05-26 11:03:23.408 [INFO] main.cpp:355 -   发送字节数:   480
2026-05-26 11:03:23.408 [INFO] main.cpp:356 -   接收字节数:   0
2026-05-26 11:03:23.408 [INFO] main.cpp:357 -   平均延迟:     0.00 ms
2026-05-26 11:03:23.408 [INFO] main.cpp:358 -   最大延迟:     0.00 ms
2026-05-26 11:03:23.408 [INFO] main.cpp:359 -   总线争用次数: 0
2026-05-26 11:03:23.408 [INFO] main.cpp:368 - ======== 轮询统计 ========
2026-05-26 11:03:23.408 [INFO] main.cpp:369 -   任务组数:     20
2026-05-26 11:03:23.408 [INFO] main.cpp:370 -   成功事务:     0
2026-05-26 11:03:23.408 [INFO] main.cpp:371 -   失败事务:     40
2026-05-26 11:03:23.408 [INFO] main.cpp:373 -   成功率:       0.0%
2026-05-26 11:03:23.408 [INFO] main.cpp:378 - ======== 命令队列统计 ========
2026-05-26 11:03:23.408 [INFO] main.cpp:379 -   已提交: 0  已执行: 0  成功: 0  失败: 0
2026-05-26 11:03:23.408 [INFO] main.cpp:384 -   队列大小: 0  平均耗时: 0.0ms
2026-05-26 11:03:24.409 [INFO] main.cpp:352 - ======== 总线统计 ========
2026-05-26 11:03:24.410 [INFO] main.cpp:353 -   总事务数:     60
2026-05-26 11:03:24.410 [INFO] main.cpp:354 -   总错误数:     60
2026-05-26 11:03:24.410 [INFO] main.cpp:355 -   发送字节数:   480
2026-05-26 11:03:24.410 [INFO] main.cpp:356 -   接收字节数:   0
2026-05-26 11:03:24.410 [INFO] main.cpp:357 -   平均延迟:     0.00 ms
2026-05-26 11:03:24.410 [INFO] main.cpp:358 -   最大延迟:     0.00 ms
2026-05-26 11:03:24.410 [INFO] main.cpp:359 -   总线争用次数: 0
2026-05-26 11:03:24.410 [INFO] main.cpp:368 - ======== 轮询统计 ========
2026-05-26 11:03:24.410 [INFO] main.cpp:369 -   任务组数:     20
2026-05-26 11:03:24.410 [INFO] main.cpp:370 -   成功事务:     0
2026-05-26 11:03:24.410 [INFO] main.cpp:371 -   失败事务:     60
2026-05-26 11:03:24.410 [INFO] main.cpp:373 -   成功率:       0.0%
2026-05-26 11:03:24.410 [INFO] main.cpp:378 - ======== 命令队列统计 ========
2026-05-26 11:03:24.410 [INFO] main.cpp:379 -   已提交: 0  已执行: 0  成功: 0  失败: 0
2026-05-26 11:03:24.410 [INFO] main.cpp:384 -   队列大小: 0  平均耗时: 0.0ms
2026-05-26 11:03:25.411 [INFO] main.cpp:352 - ======== 总线统计 ========
2026-05-26 11:03:25.411 [INFO] main.cpp:353 -   总事务数:     60
2026-05-26 11:03:25.411 [INFO] main.cpp:354 -   总错误数:     60
2026-05-26 11:03:25.411 [INFO] main.cpp:355 -   发送字节数:   480
2026-05-26 11:03:25.411 [INFO] main.cpp:356 -   接收字节数:   0
2026-05-26 11:03:25.411 [INFO] main.cpp:357 -   平均延迟:     0.00 ms
2026-05-26 11:03:25.411 [INFO] main.cpp:358 -   最大延迟:     0.00 ms
2026-05-26 11:03:25.411 [INFO] main.cpp:359 -   总线争用次数: 0
2026-05-26 11:03:25.411 [INFO] main.cpp:368 - ======== 轮询统计 ========
2026-05-26 11:03:25.411 [INFO] main.cpp:369 -   任务组数:     20
2026-05-26 11:03:25.412 [INFO] main.cpp:370 -   成功事务:     0
2026-05-26 11:03:25.412 [INFO] main.cpp:371 -   失败事务:     60
2026-05-26 11:03:25.412 [INFO] main.cpp:373 -   成功率:       0.0%
2026-05-26 11:03:25.412 [INFO] main.cpp:378 - ======== 命令队列统计 ========
2026-05-26 11:03:25.412 [INFO] main.cpp:379 -   已提交: 0  已执行: 0  成功: 0  失败: 0
2026-05-26 11:03:25.412 [INFO] main.cpp:384 -   队列大小: 0  平均耗时: 0.0ms
2026-05-26 11:03:26.413 [INFO] main.cpp:352 - ======== 总线统计 ========
2026-05-26 11:03:26.413 [INFO] main.cpp:353 -   总事务数:     60
2026-05-26 11:03:26.413 [INFO] main.cpp:354 -   总错误数:     60
2026-05-26 11:03:26.413 [INFO] main.cpp:355 -   发送字节数:   480
2026-05-26 11:03:26.413 [INFO] main.cpp:356 -   接收字节数:   0
2026-05-26 11:03:26.413 [INFO] main.cpp:357 -   平均延迟:     0.00 ms
2026-05-26 11:03:26.413 [INFO] main.cpp:358 -   最大延迟:     0.00 ms
2026-05-26 11:03:26.413 [INFO] main.cpp:359 -   总线争用次数: 0
2026-05-26 11:03:26.414 [INFO] main.cpp:368 - ======== 轮询统计 ========
2026-05-26 11:03:26.414 [INFO] main.cpp:369 -   任务组数:     20
2026-05-26 11:03:26.414 [INFO] main.cpp:370 -   成功事务:     0
2026-05-26 11:03:26.414 [INFO] main.cpp:371 -   失败事务:     60
2026-05-26 11:03:26.414 [INFO] main.cpp:373 -   成功率:       0.0%
2026-05-26 11:03:26.414 [INFO] main.cpp:378 - ======== 命令队列统计 ========
2026-05-26 11:03:26.414 [INFO] main.cpp:379 -   已提交: 0  已执行: 0  成功: 0  失败: 0
2026-05-26 11:03:26.414 [INFO] main.cpp:384 -   队列大小: 0  平均耗时: 0.0ms
2026-05-26 11:03:27.414 [INFO] main.cpp:352 - ======== 总线统计 ========
2026-05-26 11:03:27.414 [INFO] main.cpp:353 -   总事务数:     80
2026-05-26 11:03:27.414 [INFO] main.cpp:354 -   总错误数:     60
2026-05-26 11:03:27.414 [INFO] main.cpp:355 -   发送字节数:   480
2026-05-26 11:03:27.414 [INFO] main.cpp:356 -   接收字节数:   0
2026-05-26 11:03:27.414 [INFO] main.cpp:357 -   平均延迟:     0.00 ms
2026-05-26 11:03:27.415 [INFO] main.cpp:358 -   最大延迟:     0.00 ms
2026-05-26 11:03:27.415 [INFO] main.cpp:359 -   总线争用次数: 0
2026-05-26 11:03:27.415 [INFO] main.cpp:368 - ======== 轮询统计 ========
2026-05-26 11:03:27.415 [INFO] main.cpp:369 -   任务组数:     20
2026-05-26 11:03:27.415 [INFO] main.cpp:370 -   成功事务:     0
2026-05-26 11:03:27.415 [INFO] main.cpp:371 -   失败事务:     60
2026-05-26 11:03:27.415 [INFO] main.cpp:373 -   成功率:       0.0%
2026-05-26 11:03:27.415 [INFO] main.cpp:378 - ======== 命令队列统计 ========
2026-05-26 11:03:27.415 [INFO] main.cpp:379 -   已提交: 0  已执行: 0  成功: 0  失败: 0
2026-05-26 11:03:27.415 [INFO] main.cpp:384 -   队列大小: 0  平均耗时: 0.0ms
2026-05-26 11:03:28.416 [INFO] main.cpp:352 - ======== 总线统计 ========
2026-05-26 11:03:28.416 [INFO] main.cpp:353 -   总事务数:     80
2026-05-26 11:03:28.416 [INFO] main.cpp:354 -   总错误数:     60
2026-05-26 11:03:28.416 [INFO] main.cpp:355 -   发送字节数:   640
2026-05-26 11:03:28.416 [INFO] main.cpp:356 -   接收字节数:   0
2026-05-26 11:03:28.417 [INFO] main.cpp:357 -   平均延迟:     0.00 ms
2026-05-26 11:03:28.417 [INFO] main.cpp:358 -   最大延迟:     0.00 ms
2026-05-26 11:03:28.417 [INFO] main.cpp:359 -   总线争用次数: 0
2026-05-26 11:03:28.417 [INFO] main.cpp:368 - ======== 轮询统计 ========
2026-05-26 11:03:28.417 [INFO] main.cpp:369 -   任务组数:     20
2026-05-26 11:03:28.417 [INFO] main.cpp:370 -   成功事务:     0
2026-05-26 11:03:28.417 [INFO] main.cpp:371 -   失败事务:     60
2026-05-26 11:03:28.417 [INFO] main.cpp:373 -   成功率:       0.0%
2026-05-26 11:03:28.417 [INFO] main.cpp:378 - ======== 命令队列统计 ========
2026-05-26 11:03:28.417 [INFO] main.cpp:379 -   已提交: 0  已执行: 0  成功: 0  失败: 0
2026-05-26 11:03:28.417 [INFO] main.cpp:384 -   队列大小: 0  平均耗时: 0.0ms
2026-05-26 11:03:29.418 [INFO] main.cpp:352 - ======== 总线统计 ========
2026-05-26 11:03:29.418 [INFO] main.cpp:353 -   总事务数:     80
2026-05-26 11:03:29.418 [INFO] main.cpp:354 -   总错误数:     80
2026-05-26 11:03:29.418 [INFO] main.cpp:355 -   发送字节数:   640
2026-05-26 11:03:29.418 [INFO] main.cpp:356 -   接收字节数:   0
2026-05-26 11:03:29.418 [INFO] main.cpp:357 -   平均延迟:     0.00 ms
2026-05-26 11:03:29.418 [INFO] main.cpp:358 -   最大延迟:     0.00 ms
2026-05-26 11:03:29.418 [INFO] main.cpp:359 -   总线争用次数: 0
2026-05-26 11:03:29.418 [INFO] main.cpp:368 - ======== 轮询统计 ========
2026-05-26 11:03:29.418 [INFO] main.cpp:369 -   任务组数:     20
2026-05-26 11:03:29.418 [INFO] main.cpp:370 -   成功事务:     0
2026-05-26 11:03:29.418 [INFO] main.cpp:371 -   失败事务:     80
2026-05-26 11:03:29.418 [INFO] main.cpp:373 -   成功率:       0.0%
2026-05-26 11:03:29.418 [INFO] main.cpp:378 - ======== 命令队列统计 ========
2026-05-26 11:03:29.418 [INFO] main.cpp:379 -   已提交: 0  已执行: 0  成功: 0  失败: 0
2026-05-26 11:03:29.418 [INFO] main.cpp:384 -   队列大小: 0  平均耗时: 0.0ms
2026-05-26 11:03:30.419 [INFO] main.cpp:352 - ======== 总线统计 ========
2026-05-26 11:03:30.419 [INFO] main.cpp:353 -   总事务数:     80
2026-05-26 11:03:30.419 [INFO] main.cpp:354 -   总错误数:     80
2026-05-26 11:03:30.419 [INFO] main.cpp:355 -   发送字节数:   640
2026-05-26 11:03:30.419 [INFO] main.cpp:356 -   接收字节数:   0
2026-05-26 11:03:30.420 [INFO] main.cpp:357 -   平均延迟:     0.00 ms
2026-05-26 11:03:30.420 [INFO] main.cpp:358 -   最大延迟:     0.00 ms
2026-05-26 11:03:30.420 [INFO] main.cpp:359 -   总线争用次数: 0
2026-05-26 11:03:30.420 [INFO] main.cpp:368 - ======== 轮询统计 ========
2026-05-26 11:03:30.420 [INFO] main.cpp:369 -   任务组数:     20
2026-05-26 11:03:30.420 [INFO] main.cpp:370 -   成功事务:     0
2026-05-26 11:03:30.420 [INFO] main.cpp:371 -   失败事务:     80
2026-05-26 11:03:30.420 [INFO] main.cpp:373 -   成功率:       0.0%
2026-05-26 11:03:30.420 [INFO] main.cpp:378 - ======== 命令队列统计 ========
2026-05-26 11:03:30.420 [INFO] main.cpp:379 -   已提交: 0  已执行: 0  成功: 0  失败: 0
2026-05-26 11:03:30.420 [INFO] main.cpp:384 -   队列大小: 0  平均耗时: 0.0ms
2026-05-26 11:03:31.421 [INFO] main.cpp:352 - ======== 总线统计 ========
2026-05-26 11:03:31.421 [INFO] main.cpp:353 -   总事务数:     80
2026-05-26 11:03:31.421 [INFO] main.cpp:354 -   总错误数:     80
2026-05-26 11:03:31.421 [INFO] main.cpp:355 -   发送字节数:   640
2026-05-26 11:03:31.421 [INFO] main.cpp:356 -   接收字节数:   0
2026-05-26 11:03:31.421 [INFO] main.cpp:357 -   平均延迟:     0.00 ms
2026-05-26 11:03:31.421 [INFO] main.cpp:358 -   最大延迟:     0.00 ms
2026-05-26 11:03:31.421 [INFO] main.cpp:359 -   总线争用次数: 0
2026-05-26 11:03:31.421 [INFO] main.cpp:368 - ======== 轮询统计 ========
2026-05-26 11:03:31.421 [INFO] main.cpp:369 -   任务组数:     20
2026-05-26 11:03:31.421 [INFO] main.cpp:370 -   成功事务:     0
2026-05-26 11:03:31.421 [INFO] main.cpp:371 -   失败事务:     80
2026-05-26 11:03:31.422 [INFO] main.cpp:373 -   成功率:       0.0%
2026-05-26 11:03:31.422 [INFO] main.cpp:378 - ======== 命令队列统计 ========
2026-05-26 11:03:31.422 [INFO] main.cpp:379 -   已提交: 0  已执行: 0  成功: 0  失败: 0
2026-05-26 11:03:31.422 [INFO] main.cpp:384 -   队列大小: 0  平均耗时: 0.0ms
2026-05-26 11:03:32.423 [INFO] main.cpp:352 - ======== 总线统计 ========
2026-05-26 11:03:32.423 [INFO] main.cpp:353 -   总事务数:     100
2026-05-26 11:03:32.423 [INFO] main.cpp:354 -   总错误数:     80
2026-05-26 11:03:32.423 [INFO] main.cpp:355 -   发送字节数:   640
2026-05-26 11:03:32.423 [INFO] main.cpp:356 -   接收字节数:   0
2026-05-26 11:03:32.423 [INFO] main.cpp:357 -   平均延迟:     0.00 ms
2026-05-26 11:03:32.423 [INFO] main.cpp:358 -   最大延迟:     0.00 ms
2026-05-26 11:03:32.423 [INFO] main.cpp:359 -   总线争用次数: 0
2026-05-26 11:03:32.423 [INFO] main.cpp:368 - ======== 轮询统计 ========
2026-05-26 11:03:32.423 [INFO] main.cpp:369 -   任务组数:     20
2026-05-26 11:03:32.423 [INFO] main.cpp:370 -   成功事务:     0
2026-05-26 11:03:32.423 [INFO] main.cpp:371 -   失败事务:     80
2026-05-26 11:03:32.423 [INFO] main.cpp:373 -   成功率:       0.0%
2026-05-26 11:03:32.424 [INFO] main.cpp:378 - ======== 命令队列统计 ========
2026-05-26 11:03:32.424 [INFO] main.cpp:379 -   已提交: 0  已执行: 0  成功: 0  失败: 0
2026-05-26 11:03:32.424 [INFO] main.cpp:384 -   队列大小: 0  平均耗时: 0.0ms
2026-05-26 11:03:33.424 [INFO] main.cpp:352 - ======== 总线统计 ========
2026-05-26 11:03:33.424 [INFO] main.cpp:353 -   总事务数:     100
2026-05-26 11:03:33.424 [INFO] main.cpp:354 -   总错误数:     80
2026-05-26 11:03:33.424 [INFO] main.cpp:355 -   发送字节数:   800
2026-05-26 11:03:33.424 [INFO] main.cpp:356 -   接收字节数:   0
2026-05-26 11:03:33.425 [INFO] main.cpp:357 -   平均延迟:     0.00 ms
2026-05-26 11:03:33.425 [INFO] main.cpp:358 -   最大延迟:     0.00 ms
2026-05-26 11:03:33.425 [INFO] main.cpp:359 -   总线争用次数: 0
2026-05-26 11:03:33.425 [INFO] main.cpp:368 - ======== 轮询统计 ========
2026-05-26 11:03:33.425 [INFO] main.cpp:369 -   任务组数:     20
2026-05-26 11:03:33.425 [INFO] main.cpp:370 -   成功事务:     0
2026-05-26 11:03:33.425 [INFO] main.cpp:371 -   失败事务:     80
2026-05-26 11:03:33.425 [INFO] main.cpp:373 -   成功率:       0.0%
2026-05-26 11:03:33.425 [INFO] main.cpp:378 - ======== 命令队列统计 ========
2026-05-26 11:03:33.425 [INFO] main.cpp:379 -   已提交: 0  已执行: 0  成功: 0  失败: 0
2026-05-26 11:03:33.425 [INFO] main.cpp:384 -   队列大小: 0  平均耗时: 0.0ms
2026-05-26 11:03:34.426 [INFO] main.cpp:352 - ======== 总线统计 ========
2026-05-26 11:03:34.426 [INFO] main.cpp:353 -   总事务数:     100
2026-05-26 11:03:34.426 [INFO] main.cpp:354 -   总错误数:     100
2026-05-26 11:03:34.426 [INFO] main.cpp:355 -   发送字节数:   800
2026-05-26 11:03:34.426 [INFO] main.cpp:356 -   接收字节数:   0
2026-05-26 11:03:34.427 [INFO] main.cpp:357 -   平均延迟:     0.00 ms
2026-05-26 11:03:34.427 [INFO] main.cpp:358 -   最大延迟:     0.00 ms
2026-05-26 11:03:34.427 [INFO] main.cpp:359 -   总线争用次数: 0
2026-05-26 11:03:34.427 [INFO] main.cpp:368 - ======== 轮询统计 ========
2026-05-26 11:03:34.427 [INFO] main.cpp:369 -   任务组数:     20
2026-05-26 11:03:34.427 [INFO] main.cpp:370 -   成功事务:     0
2026-05-26 11:03:34.427 [INFO] main.cpp:371 -   失败事务:     100
2026-05-26 11:03:34.427 [INFO] main.cpp:373 -   成功率:       0.0%
2026-05-26 11:03:34.427 [INFO] main.cpp:378 - ======== 命令队列统计 ========
2026-05-26 11:03:34.427 [INFO] main.cpp:379 -   已提交: 0  已执行: 0  成功: 0  失败: 0
2026-05-26 11:03:34.427 [INFO] main.cpp:384 -   队列大小: 0  平均耗时: 0.0ms
2026-05-26 11:03:35.427 [INFO] main.cpp:352 - ======== 总线统计 ========
2026-05-26 11:03:35.428 [INFO] main.cpp:353 -   总事务数:     100
2026-05-26 11:03:35.428 [INFO] main.cpp:354 -   总错误数:     100
2026-05-26 11:03:35.428 [INFO] main.cpp:355 -   发送字节数:   800
2026-05-26 11:03:35.428 [INFO] main.cpp:356 -   接收字节数:   0
2026-05-26 11:03:35.428 [INFO] main.cpp:357 -   平均延迟:     0.00 ms
2026-05-26 11:03:35.428 [INFO] main.cpp:358 -   最大延迟:     0.00 ms
2026-05-26 11:03:35.428 [INFO] main.cpp:359 -   总线争用次数: 0
2026-05-26 11:03:35.428 [INFO] main.cpp:368 - ======== 轮询统计 ========
2026-05-26 11:03:35.428 [INFO] main.cpp:369 -   任务组数:     20
2026-05-26 11:03:35.428 [INFO] main.cpp:370 -   成功事务:     0
2026-05-26 11:03:35.428 [INFO] main.cpp:371 -   失败事务:     100
2026-05-26 11:03:35.428 [INFO] main.cpp:373 -   成功率:       0.0%
2026-05-26 11:03:35.428 [INFO] main.cpp:378 - ======== 命令队列统计 ========
2026-05-26 11:03:35.428 [INFO] main.cpp:379 -   已提交: 0  已执行: 0  成功: 0  失败: 0
2026-05-26 11:03:35.428 [INFO] main.cpp:384 -   队列大小: 0  平均耗时: 0.0ms
2026-05-26 11:03:36.429 [INFO] main.cpp:352 - ======== 总线统计 ========
2026-05-26 11:03:36.430 [INFO] main.cpp:353 -   总事务数:     100
2026-05-26 11:03:36.430 [INFO] main.cpp:354 -   总错误数:     100
2026-05-26 11:03:36.430 [INFO] main.cpp:355 -   发送字节数:   800
2026-05-26 11:03:36.430 [INFO] main.cpp:356 -   接收字节数:   0
2026-05-26 11:03:36.430 [INFO] main.cpp:357 -   平均延迟:     0.00 ms
2026-05-26 11:03:36.430 [INFO] main.cpp:358 -   最大延迟:     0.00 ms
2026-05-26 11:03:36.430 [INFO] main.cpp:359 -   总线争用次数: 0
2026-05-26 11:03:36.430 [INFO] main.cpp:368 - ======== 轮询统计 ========
2026-05-26 11:03:36.430 [INFO] main.cpp:369 -   任务组数:     20
2026-05-26 11:03:36.430 [INFO] main.cpp:370 -   成功事务:     0
2026-05-26 11:03:36.430 [INFO] main.cpp:371 -   失败事务:     100
2026-05-26 11:03:36.430 [INFO] main.cpp:373 -   成功率:       0.0%
2026-05-26 11:03:36.430 [INFO] main.cpp:378 - ======== 命令队列统计 ========
2026-05-26 11:03:36.430 [INFO] main.cpp:379 -   已提交: 0  已执行: 0  成功: 0  失败: 0
2026-05-26 11:03:36.430 [INFO] main.cpp:384 -   队列大小: 0  平均耗时: 0.0ms
2026-05-26 11:03:37.431 [INFO] main.cpp:352 - ======== 总线统计 ========
2026-05-26 11:03:37.431 [INFO] main.cpp:353 -   总事务数:     120
2026-05-26 11:03:37.431 [INFO] main.cpp:354 -   总错误数:     100
2026-05-26 11:03:37.431 [INFO] main.cpp:355 -   发送字节数:   800
2026-05-26 11:03:37.431 [INFO] main.cpp:356 -   接收字节数:   0
2026-05-26 11:03:37.431 [INFO] main.cpp:357 -   平均延迟:     0.00 ms
2026-05-26 11:03:37.431 [INFO] main.cpp:358 -   最大延迟:     0.00 ms
2026-05-26 11:03:37.431 [INFO] main.cpp:359 -   总线争用次数: 0
2026-05-26 11:03:37.431 [INFO] main.cpp:368 - ======== 轮询统计 ========
2026-05-26 11:03:37.431 [INFO] main.cpp:369 -   任务组数:     20
2026-05-26 11:03:37.431 [INFO] main.cpp:370 -   成功事务:     0
2026-05-26 11:03:37.431 [INFO] main.cpp:371 -   失败事务:     100
2026-05-26 11:03:37.431 [INFO] main.cpp:373 -   成功率:       0.0%
2026-05-26 11:03:37.432 [INFO] main.cpp:378 - ======== 命令队列统计 ========
2026-05-26 11:03:37.432 [INFO] main.cpp:379 -   已提交: 0  已执行: 0  成功: 0  失败: 0
2026-05-26 11:03:37.432 [INFO] main.cpp:384 -   队列大小: 0  平均耗时: 0.0ms
2026-05-26 11:03:38.433 [INFO] main.cpp:352 - ======== 总线统计 ========
2026-05-26 11:03:38.433 [INFO] main.cpp:353 -   总事务数:     120
2026-05-26 11:03:38.433 [INFO] main.cpp:354 -   总错误数:     100
2026-05-26 11:03:38.433 [INFO] main.cpp:355 -   发送字节数:   960
2026-05-26 11:03:38.433 [INFO] main.cpp:356 -   接收字节数:   0
2026-05-26 11:03:38.433 [INFO] main.cpp:357 -   平均延迟:     0.00 ms
2026-05-26 11:03:38.433 [INFO] main.cpp:358 -   最大延迟:     0.00 ms
2026-05-26 11:03:38.433 [INFO] main.cpp:359 -   总线争用次数: 0
2026-05-26 11:03:38.433 [INFO] main.cpp:368 - ======== 轮询统计 ========
2026-05-26 11:03:38.433 [INFO] main.cpp:369 -   任务组数:     20
2026-05-26 11:03:38.433 [INFO] main.cpp:370 -   成功事务:     0
2026-05-26 11:03:38.433 [INFO] main.cpp:371 -   失败事务:     100
2026-05-26 11:03:38.433 [INFO] main.cpp:373 -   成功率:       0.0%
2026-05-26 11:03:38.434 [INFO] main.cpp:378 - ======== 命令队列统计 ========
2026-05-26 11:03:38.434 [INFO] main.cpp:379 -   已提交: 0  已执行: 0  成功: 0  失败: 0
2026-05-26 11:03:38.434 [INFO] main.cpp:384 -   队列大小: 0  平均耗时: 0.0ms
2026-05-26 11:03:39.435 [INFO] main.cpp:352 - ======== 总线统计 ========
2026-05-26 11:03:39.435 [INFO] main.cpp:353 -   总事务数:     120
2026-05-26 11:03:39.435 [INFO] main.cpp:354 -   总错误数:     120
2026-05-26 11:03:39.435 [INFO] main.cpp:355 -   发送字节数:   960
2026-05-26 11:03:39.435 [INFO] main.cpp:356 -   接收字节数:   0
2026-05-26 11:03:39.435 [INFO] main.cpp:357 -   平均延迟:     0.00 ms
2026-05-26 11:03:39.435 [INFO] main.cpp:358 -   最大延迟:     0.00 ms
2026-05-26 11:03:39.435 [INFO] main.cpp:359 -   总线争用次数: 0
2026-05-26 11:03:39.435 [INFO] main.cpp:368 - ======== 轮询统计 ========
2026-05-26 11:03:39.435 [INFO] main.cpp:369 -   任务组数:     20
2026-05-26 11:03:39.435 [INFO] main.cpp:370 -   成功事务:     0
2026-05-26 11:03:39.435 [INFO] main.cpp:371 -   失败事务:     120
2026-05-26 11:03:39.435 [INFO] main.cpp:373 -   成功率:       0.0%
2026-05-26 11:03:39.435 [INFO] main.cpp:378 - ======== 命令队列统计 ========
2026-05-26 11:03:39.435 [INFO] main.cpp:379 -   已提交: 0  已执行: 0  成功: 0  失败: 0
2026-05-26 11:03:39.435 [INFO] main.cpp:384 -   队列大小: 0  平均耗时: 0.0ms
2026-05-26 11:03:40.436 [INFO] main.cpp:352 - ======== 总线统计 ========
2026-05-26 11:03:40.436 [INFO] main.cpp:353 -   总事务数:     120
2026-05-26 11:03:40.436 [INFO] main.cpp:354 -   总错误数:     120
2026-05-26 11:03:40.436 [INFO] main.cpp:355 -   发送字节数:   960
2026-05-26 11:03:40.436 [INFO] main.cpp:356 -   接收字节数:   0
2026-05-26 11:03:40.436 [INFO] main.cpp:357 -   平均延迟:     0.00 ms
2026-05-26 11:03:40.436 [INFO] main.cpp:358 -   最大延迟:     0.00 ms
2026-05-26 11:03:40.436 [INFO] main.cpp:359 -   总线争用次数: 0
2026-05-26 11:03:40.437 [INFO] main.cpp:368 - ======== 轮询统计 ========
2026-05-26 11:03:40.437 [INFO] main.cpp:369 -   任务组数:     20
2026-05-26 11:03:40.437 [INFO] main.cpp:370 -   成功事务:     0
2026-05-26 11:03:40.437 [INFO] main.cpp:371 -   失败事务:     120
2026-05-26 11:03:40.437 [INFO] main.cpp:373 -   成功率:       0.0%
2026-05-26 11:03:40.437 [INFO] main.cpp:378 - ======== 命令队列统计 ========
2026-05-26 11:03:40.437 [INFO] main.cpp:379 -   已提交: 0  已执行: 0  成功: 0  失败: 0
2026-05-26 11:03:40.437 [INFO] main.cpp:384 -   队列大小: 0  平均耗时: 0.0ms
2026-05-26 11:03:41.438 [INFO] main.cpp:352 - ======== 总线统计 ========
2026-05-26 11:03:41.438 [INFO] main.cpp:353 -   总事务数:     120
2026-05-26 11:03:41.438 [INFO] main.cpp:354 -   总错误数:     120
2026-05-26 11:03:41.438 [INFO] main.cpp:355 -   发送字节数:   960
2026-05-26 11:03:41.438 [INFO] main.cpp:356 -   接收字节数:   0
2026-05-26 11:03:41.438 [INFO] main.cpp:357 -   平均延迟:     0.00 ms
2026-05-26 11:03:41.438 [INFO] main.cpp:358 -   最大延迟:     0.00 ms
2026-05-26 11:03:41.438 [INFO] main.cpp:359 -   总线争用次数: 0
2026-05-26 11:03:41.439 [INFO] main.cpp:368 - ======== 轮询统计 ========
2026-05-26 11:03:41.439 [INFO] main.cpp:369 -   任务组数:     20
2026-05-26 11:03:41.439 [INFO] main.cpp:370 -   成功事务:     0
2026-05-26 11:03:41.439 [INFO] main.cpp:371 -   失败事务:     120
2026-05-26 11:03:41.439 [INFO] main.cpp:373 -   成功率:       0.0%
2026-05-26 11:03:41.439 [INFO] main.cpp:378 - ======== 命令队列统计 ========
2026-05-26 11:03:41.439 [INFO] main.cpp:379 -   已提交: 0  已执行: 0  成功: 0  失败: 0
2026-05-26 11:03:41.439 [INFO] main.cpp:384 -   队列大小: 0  平均耗时: 0.0ms
2026-05-26 11:03:42.440 [INFO] main.cpp:352 - ======== 总线统计 ========
2026-05-26 11:03:42.440 [INFO] main.cpp:353 -   总事务数:     140
2026-05-26 11:03:42.440 [INFO] main.cpp:354 -   总错误数:     120
2026-05-26 11:03:42.440 [INFO] main.cpp:355 -   发送字节数:   960
2026-05-26 11:03:42.440 [INFO] main.cpp:356 -   接收字节数:   0
2026-05-26 11:03:42.440 [INFO] main.cpp:357 -   平均延迟:     0.00 ms
2026-05-26 11:03:42.441 [INFO] main.cpp:358 -   最大延迟:     0.00 ms
2026-05-26 11:03:42.441 [INFO] main.cpp:359 -   总线争用次数: 0
2026-05-26 11:03:42.441 [INFO] main.cpp:368 - ======== 轮询统计 ========
2026-05-26 11:03:42.441 [INFO] main.cpp:369 -   任务组数:     20
2026-05-26 11:03:42.441 [INFO] main.cpp:370 -   成功事务:     0
2026-05-26 11:03:42.441 [INFO] main.cpp:371 -   失败事务:     120
2026-05-26 11:03:42.441 [INFO] main.cpp:373 -   成功率:       0.0%
2026-05-26 11:03:42.441 [INFO] main.cpp:378 - ======== 命令队列统计 ========
2026-05-26 11:03:42.441 [INFO] main.cpp:379 -   已提交: 0  已执行: 0  成功: 0  失败: 0
2026-05-26 11:03:42.441 [INFO] main.cpp:384 -   队列大小: 0  平均耗时: 0.0ms
2026-05-26 11:03:43.442 [INFO] main.cpp:352 - ======== 总线统计 ========
2026-05-26 11:03:43.442 [INFO] main.cpp:353 -   总事务数:     140
2026-05-26 11:03:43.442 [INFO] main.cpp:354 -   总错误数:     120
2026-05-26 11:03:43.442 [INFO] main.cpp:355 -   发送字节数:   1120
2026-05-26 11:03:43.442 [INFO] main.cpp:356 -   接收字节数:   0
2026-05-26 11:03:43.442 [INFO] main.cpp:357 -   平均延迟:     0.00 ms
2026-05-26 11:03:43.442 [INFO] main.cpp:358 -   最大延迟:     0.00 ms
2026-05-26 11:03:43.442 [INFO] main.cpp:359 -   总线争用次数: 0
2026-05-26 11:03:43.443 [INFO] main.cpp:368 - ======== 轮询统计 ========
2026-05-26 11:03:43.443 [INFO] main.cpp:369 -   任务组数:     20
2026-05-26 11:03:43.443 [INFO] main.cpp:370 -   成功事务:     0
2026-05-26 11:03:43.443 [INFO] main.cpp:371 -   失败事务:     120
2026-05-26 11:03:43.443 [INFO] main.cpp:373 -   成功率:       0.0%
2026-05-26 11:03:43.443 [INFO] main.cpp:378 - ======== 命令队列统计 ========
2026-05-26 11:03:43.443 [INFO] main.cpp:379 -   已提交: 0  已执行: 0  成功: 0  失败: 0
2026-05-26 11:03:43.443 [INFO] main.cpp:384 -   队列大小: 0  平均耗时: 0.0ms
2026-05-26 11:03:44.444 [INFO] main.cpp:352 - ======== 总线统计 ========
2026-05-26 11:03:44.444 [INFO] main.cpp:353 -   总事务数:     140
2026-05-26 11:03:44.444 [INFO] main.cpp:354 -   总错误数:     140
2026-05-26 11:03:44.444 [INFO] main.cpp:355 -   发送字节数:   1120
2026-05-26 11:03:44.444 [INFO] main.cpp:356 -   接收字节数:   0
2026-05-26 11:03:44.444 [INFO] main.cpp:357 -   平均延迟:     0.00 ms
2026-05-26 11:03:44.444 [INFO] main.cpp:358 -   最大延迟:     0.00 ms
2026-05-26 11:03:44.444 [INFO] main.cpp:359 -   总线争用次数: 0
2026-05-26 11:03:44.444 [INFO] main.cpp:368 - ======== 轮询统计 ========
2026-05-26 11:03:44.445 [INFO] main.cpp:369 -   任务组数:     20
2026-05-26 11:03:44.445 [INFO] main.cpp:370 -   成功事务:     0
2026-05-26 11:03:44.445 [INFO] main.cpp:371 -   失败事务:     140
2026-05-26 11:03:44.445 [INFO] main.cpp:373 -   成功率:       0.0%
2026-05-26 11:03:44.445 [INFO] main.cpp:378 - ======== 命令队列统计 ========
2026-05-26 11:03:44.445 [INFO] main.cpp:379 -   已提交: 0  已执行: 0  成功: 0  失败: 0
2026-05-26 11:03:44.445 [INFO] main.cpp:384 -   队列大小: 0  平均耗时: 0.0ms
2026-05-26 11:03:45.446 [INFO] main.cpp:352 - ======== 总线统计 ========
2026-05-26 11:03:45.446 [INFO] main.cpp:353 -   总事务数:     140
2026-05-26 11:03:45.446 [INFO] main.cpp:354 -   总错误数:     140
2026-05-26 11:03:45.446 [INFO] main.cpp:355 -   发送字节数:   1120
2026-05-26 11:03:45.446 [INFO] main.cpp:356 -   接收字节数:   0
2026-05-26 11:03:45.446 [INFO] main.cpp:357 -   平均延迟:     0.00 ms
2026-05-26 11:03:45.446 [INFO] main.cpp:358 -   最大延迟:     0.00 ms
2026-05-26 11:03:45.446 [INFO] main.cpp:359 -   总线争用次数: 0
2026-05-26 11:03:45.446 [INFO] main.cpp:368 - ======== 轮询统计 ========
2026-05-26 11:03:45.446 [INFO] main.cpp:369 -   任务组数:     20
2026-05-26 11:03:45.446 [INFO] main.cpp:370 -   成功事务:     0
2026-05-26 11:03:45.446 [INFO] main.cpp:371 -   失败事务:     140
2026-05-26 11:03:45.446 [INFO] main.cpp:373 -   成功率:       0.0%
2026-05-26 11:03:45.446 [INFO] main.cpp:378 - ======== 命令队列统计 ========
2026-05-26 11:03:45.446 [INFO] main.cpp:379 -   已提交: 0  已执行: 0  成功: 0  失败: 0
2026-05-26 11:03:45.446 [INFO] main.cpp:384 -   队列大小: 0  平均耗时: 0.0ms
2026-05-26 11:03:46.447 [INFO] main.cpp:352 - ======== 总线统计 ========
2026-05-26 11:03:46.448 [INFO] main.cpp:353 -   总事务数:     140
2026-05-26 11:03:46.448 [INFO] main.cpp:354 -   总错误数:     140
2026-05-26 11:03:46.448 [INFO] main.cpp:355 -   发送字节数:   1120
2026-05-26 11:03:46.448 [INFO] main.cpp:356 -   接收字节数:   0
2026-05-26 11:03:46.448 [INFO] main.cpp:357 -   平均延迟:     0.00 ms
2026-05-26 11:03:46.448 [INFO] main.cpp:358 -   最大延迟:     0.00 ms
2026-05-26 11:03:46.448 [INFO] main.cpp:359 -   总线争用次数: 0
2026-05-26 11:03:46.448 [INFO] main.cpp:368 - ======== 轮询统计 ========
2026-05-26 11:03:46.448 [INFO] main.cpp:369 -   任务组数:     20
2026-05-26 11:03:46.448 [INFO] main.cpp:370 -   成功事务:     0
2026-05-26 11:03:46.448 [INFO] main.cpp:371 -   失败事务:     140
2026-05-26 11:03:46.448 [INFO] main.cpp:373 -   成功率:       0.0%
2026-05-26 11:03:46.448 [INFO] main.cpp:378 - ======== 命令队列统计 ========
2026-05-26 11:03:46.448 [INFO] main.cpp:379 -   已提交: 0  已执行: 0  成功: 0  失败: 0
2026-05-26 11:03:46.448 [INFO] main.cpp:384 -   队列大小: 0  平均耗时: 0.0ms
2026-05-26 11:03:47.449 [INFO] main.cpp:352 - ======== 总线统计 ========
2026-05-26 11:03:47.450 [INFO] main.cpp:353 -   总事务数:     160
2026-05-26 11:03:47.450 [INFO] main.cpp:354 -   总错误数:     140
2026-05-26 11:03:47.450 [INFO] main.cpp:355 -   发送字节数:   1120
2026-05-26 11:03:47.450 [INFO] main.cpp:356 -   接收字节数:   0
2026-05-26 11:03:47.450 [INFO] main.cpp:357 -   平均延迟:     0.00 ms
2026-05-26 11:03:47.450 [INFO] main.cpp:358 -   最大延迟:     0.00 ms
2026-05-26 11:03:47.450 [INFO] main.cpp:359 -   总线争用次数: 0
2026-05-26 11:03:47.450 [INFO] main.cpp:368 - ======== 轮询统计 ========
2026-05-26 11:03:47.450 [INFO] main.cpp:369 -   任务组数:     20
2026-05-26 11:03:47.450 [INFO] main.cpp:370 -   成功事务:     0
2026-05-26 11:03:47.450 [INFO] main.cpp:371 -   失败事务:     140
2026-05-26 11:03:47.450 [INFO] main.cpp:373 -   成功率:       0.0%
2026-05-26 11:03:47.450 [INFO] main.cpp:378 - ======== 命令队列统计 ========
2026-05-26 11:03:47.450 [INFO] main.cpp:379 -   已提交: 0  已执行: 0  成功: 0  失败: 0
2026-05-26 11:03:47.450 [INFO] main.cpp:384 -   队列大小: 0  平均耗时: 0.0ms
2026-05-26 11:03:48.451 [INFO] main.cpp:352 - ======== 总线统计 ========
2026-05-26 11:03:48.452 [INFO] main.cpp:353 -   总事务数:     160
2026-05-26 11:03:48.452 [INFO] main.cpp:354 -   总错误数:     140
2026-05-26 11:03:48.452 [INFO] main.cpp:355 -   发送字节数:   1280
2026-05-26 11:03:48.452 [INFO] main.cpp:356 -   接收字节数:   0
2026-05-26 11:03:48.452 [INFO] main.cpp:357 -   平均延迟:     0.00 ms
2026-05-26 11:03:48.452 [INFO] main.cpp:358 -   最大延迟:     0.00 ms
2026-05-26 11:03:48.452 [INFO] main.cpp:359 -   总线争用次数: 0
2026-05-26 11:03:48.452 [INFO] main.cpp:368 - ======== 轮询统计 ========
2026-05-26 11:03:48.452 [INFO] main.cpp:369 -   任务组数:     20
2026-05-26 11:03:48.452 [INFO] main.cpp:370 -   成功事务:     0
2026-05-26 11:03:48.452 [INFO] main.cpp:371 -   失败事务:     140
2026-05-26 11:03:48.452 [INFO] main.cpp:373 -   成功率:       0.0%
2026-05-26 11:03:48.452 [INFO] main.cpp:378 - ======== 命令队列统计 ========
2026-05-26 11:03:48.452 [INFO] main.cpp:379 -   已提交: 0  已执行: 0  成功: 0  失败: 0
2026-05-26 11:03:48.452 [INFO] main.cpp:384 -   队列大小: 0  平均耗时: 0.0ms
2026-05-26 11:03:49.453 [INFO] main.cpp:352 - ======== 总线统计 ========
2026-05-26 11:03:49.454 [INFO] main.cpp:353 -   总事务数:     160
2026-05-26 11:03:49.454 [INFO] main.cpp:354 -   总错误数:     160
2026-05-26 11:03:49.454 [INFO] main.cpp:355 -   发送字节数:   1280
2026-05-26 11:03:49.454 [INFO] main.cpp:356 -   接收字节数:   0
2026-05-26 11:03:49.454 [INFO] main.cpp:357 -   平均延迟:     0.00 ms
2026-05-26 11:03:49.454 [INFO] main.cpp:358 -   最大延迟:     0.00 ms
2026-05-26 11:03:49.454 [INFO] main.cpp:359 -   总线争用次数: 0
2026-05-26 11:03:49.454 [INFO] main.cpp:368 - ======== 轮询统计 ========
2026-05-26 11:03:49.454 [INFO] main.cpp:369 -   任务组数:     20
2026-05-26 11:03:49.454 [INFO] main.cpp:370 -   成功事务:     0
2026-05-26 11:03:49.454 [INFO] main.cpp:371 -   失败事务:     160
2026-05-26 11:03:49.454 [INFO] main.cpp:373 -   成功率:       0.0%
2026-05-26 11:03:49.454 [INFO] main.cpp:378 - ======== 命令队列统计 ========
2026-05-26 11:03:49.454 [INFO] main.cpp:379 -   已提交: 0  已执行: 0  成功: 0  失败: 0
2026-05-26 11:03:49.454 [INFO] main.cpp:384 -   队列大小: 0  平均耗时: 0.0ms
2026-05-26 11:03:50.455 [INFO] main.cpp:352 - ======== 总线统计 ========
2026-05-26 11:03:50.455 [INFO] main.cpp:353 -   总事务数:     160
2026-05-26 11:03:50.456 [INFO] main.cpp:354 -   总错误数:     160
2026-05-26 11:03:50.456 [INFO] main.cpp:355 -   发送字节数:   1280
2026-05-26 11:03:50.456 [INFO] main.cpp:356 -   接收字节数:   0
2026-05-26 11:03:50.456 [INFO] main.cpp:357 -   平均延迟:     0.00 ms
2026-05-26 11:03:50.456 [INFO] main.cpp:358 -   最大延迟:     0.00 ms
2026-05-26 11:03:50.456 [INFO] main.cpp:359 -   总线争用次数: 0
2026-05-26 11:03:50.456 [INFO] main.cpp:368 - ======== 轮询统计 ========
2026-05-26 11:03:50.456 [INFO] main.cpp:369 -   任务组数:     20
2026-05-26 11:03:50.456 [INFO] main.cpp:370 -   成功事务:     0
2026-05-26 11:03:50.456 [INFO] main.cpp:371 -   失败事务:     160
2026-05-26 11:03:50.456 [INFO] main.cpp:373 -   成功率:       0.0%
2026-05-26 11:03:50.456 [INFO] main.cpp:378 - ======== 命令队列统计 ========
2026-05-26 11:03:50.456 [INFO] main.cpp:379 -   已提交: 0  已执行: 0  成功: 0  失败: 0
2026-05-26 11:03:50.456 [INFO] main.cpp:384 -   队列大小: 0  平均耗时: 0.0ms
2026-05-26 11:03:51.457 [INFO] main.cpp:352 - ======== 总线统计 ========
2026-05-26 11:03:51.457 [INFO] main.cpp:353 -   总事务数:     160
2026-05-26 11:03:51.457 [INFO] main.cpp:354 -   总错误数:     160
2026-05-26 11:03:51.457 [INFO] main.cpp:355 -   发送字节数:   1280
2026-05-26 11:03:51.457 [INFO] main.cpp:356 -   接收字节数:   0
2026-05-26 11:03:51.457 [INFO] main.cpp:357 -   平均延迟:     0.00 ms
2026-05-26 11:03:51.457 [INFO] main.cpp:358 -   最大延迟:     0.00 ms
2026-05-26 11:03:51.457 [INFO] main.cpp:359 -   总线争用次数: 0
2026-05-26 11:03:51.458 [INFO] main.cpp:368 - ======== 轮询统计 ========
2026-05-26 11:03:51.458 [INFO] main.cpp:369 -   任务组数:     20
2026-05-26 11:03:51.458 [INFO] main.cpp:370 -   成功事务:     0
2026-05-26 11:03:51.458 [INFO] main.cpp:371 -   失败事务:     160
2026-05-26 11:03:51.458 [INFO] main.cpp:373 -   成功率:       0.0%
2026-05-26 11:03:51.458 [INFO] main.cpp:378 - ======== 命令队列统计 ========
2026-05-26 11:03:51.458 [INFO] main.cpp:379 -   已提交: 0  已执行: 0  成功: 0  失败: 0
2026-05-26 11:03:51.458 [INFO] main.cpp:384 -   队列大小: 0  平均耗时: 0.0ms
2026-05-26 11:03:52.459 [INFO] main.cpp:352 - ======== 总线统计 ========
2026-05-26 11:03:52.459 [INFO] main.cpp:353 -   总事务数:     180
2026-05-26 11:03:52.459 [INFO] main.cpp:354 -   总错误数:     160
2026-05-26 11:03:52.459 [INFO] main.cpp:355 -   发送字节数:   1280
2026-05-26 11:03:52.459 [INFO] main.cpp:356 -   接收字节数:   0
2026-05-26 11:03:52.459 [INFO] main.cpp:357 -   平均延迟:     0.00 ms
2026-05-26 11:03:52.459 [INFO] main.cpp:358 -   最大延迟:     0.00 ms
2026-05-26 11:03:52.459 [INFO] main.cpp:359 -   总线争用次数: 0
2026-05-26 11:03:52.459 [INFO] main.cpp:368 - ======== 轮询统计 ========
2026-05-26 11:03:52.460 [INFO] main.cpp:369 -   任务组数:     20
2026-05-26 11:03:52.460 [INFO] main.cpp:370 -   成功事务:     0
2026-05-26 11:03:52.460 [INFO] main.cpp:371 -   失败事务:     160
2026-05-26 11:03:52.460 [INFO] main.cpp:373 -   成功率:       0.0%
2026-05-26 11:03:52.460 [INFO] main.cpp:378 - ======== 命令队列统计 ========
2026-05-26 11:03:52.460 [INFO] main.cpp:379 -   已提交: 0  已执行: 0  成功: 0  失败: 0
2026-05-26 11:03:52.460 [INFO] main.cpp:384 -   队列大小: 0  平均耗时: 0.0ms
2026-05-26 11:03:53.461 [INFO] main.cpp:352 - ======== 总线统计 ========
2026-05-26 11:03:53.461 [INFO] main.cpp:353 -   总事务数:     180
2026-05-26 11:03:53.461 [INFO] main.cpp:354 -   总错误数:     160
2026-05-26 11:03:53.461 [INFO] main.cpp:355 -   发送字节数:   1440
2026-05-26 11:03:53.461 [INFO] main.cpp:356 -   接收字节数:   0
2026-05-26 11:03:53.461 [INFO] main.cpp:357 -   平均延迟:     0.00 ms
2026-05-26 11:03:53.461 [INFO] main.cpp:358 -   最大延迟:     0.00 ms
2026-05-26 11:03:53.461 [INFO] main.cpp:359 -   总线争用次数: 0
2026-05-26 11:03:53.461 [INFO] main.cpp:368 - ======== 轮询统计 ========
2026-05-26 11:03:53.461 [INFO] main.cpp:369 -   任务组数:     20
2026-05-26 11:03:53.461 [INFO] main.cpp:370 -   成功事务:     0
2026-05-26 11:03:53.462 [INFO] main.cpp:371 -   失败事务:     160
2026-05-26 11:03:53.462 [INFO] main.cpp:373 -   成功率:       0.0%
2026-05-26 11:03:53.462 [INFO] main.cpp:378 - ======== 命令队列统计 ========
2026-05-26 11:03:53.462 [INFO] main.cpp:379 -   已提交: 0  已执行: 0  成功: 0  失败: 0
2026-05-26 11:03:53.462 [INFO] main.cpp:384 -   队列大小: 0  平均耗时: 0.0ms
2026-05-26 11:03:54.463 [INFO] main.cpp:352 - ======== 总线统计 ========
2026-05-26 11:03:54.463 [INFO] main.cpp:353 -   总事务数:     180
2026-05-26 11:03:54.463 [INFO] main.cpp:354 -   总错误数:     180
2026-05-26 11:03:54.463 [INFO] main.cpp:355 -   发送字节数:   1440
2026-05-26 11:03:54.463 [INFO] main.cpp:356 -   接收字节数:   0
2026-05-26 11:03:54.463 [INFO] main.cpp:357 -   平均延迟:     0.00 ms
2026-05-26 11:03:54.463 [INFO] main.cpp:358 -   最大延迟:     0.00 ms
2026-05-26 11:03:54.463 [INFO] main.cpp:359 -   总线争用次数: 0
2026-05-26 11:03:54.463 [INFO] main.cpp:368 - ======== 轮询统计 ========
2026-05-26 11:03:54.463 [INFO] main.cpp:369 -   任务组数:     20
2026-05-26 11:03:54.463 [INFO] main.cpp:370 -   成功事务:     0
2026-05-26 11:03:54.463 [INFO] main.cpp:371 -   失败事务:     180
2026-05-26 11:03:54.463 [INFO] main.cpp:373 -   成功率:       0.0%
2026-05-26 11:03:54.463 [INFO] main.cpp:378 - ======== 命令队列统计 ========
2026-05-26 11:03:54.463 [INFO] main.cpp:379 -   已提交: 0  已执行: 0  成功: 0  失败: 0
2026-05-26 11:03:54.464 [INFO] main.cpp:384 -   队列大小: 0  平均耗时: 0.0ms
2026-05-26 11:03:55.464 [INFO] main.cpp:352 - ======== 总线统计 ========
2026-05-26 11:03:55.464 [INFO] main.cpp:353 -   总事务数:     180
2026-05-26 11:03:55.464 [INFO] main.cpp:354 -   总错误数:     180
2026-05-26 11:03:55.464 [INFO] main.cpp:355 -   发送字节数:   1440
2026-05-26 11:03:55.464 [INFO] main.cpp:356 -   接收字节数:   0
2026-05-26 11:03:55.464 [INFO] main.cpp:357 -   平均延迟:     0.00 ms
2026-05-26 11:03:55.464 [INFO] main.cpp:358 -   最大延迟:     0.00 ms
2026-05-26 11:03:55.464 [INFO] main.cpp:359 -   总线争用次数: 0
2026-05-26 11:03:55.464 [INFO] main.cpp:368 - ======== 轮询统计 ========
2026-05-26 11:03:55.464 [INFO] main.cpp:369 -   任务组数:     20
2026-05-26 11:03:55.464 [INFO] main.cpp:370 -   成功事务:     0
2026-05-26 11:03:55.464 [INFO] main.cpp:371 -   失败事务:     180
2026-05-26 11:03:55.464 [INFO] main.cpp:373 -   成功率:       0.0%
2026-05-26 11:03:55.464 [INFO] main.cpp:378 - ======== 命令队列统计 ========
2026-05-26 11:03:55.464 [INFO] main.cpp:379 -   已提交: 0  已执行: 0  成功: 0  失败: 0
2026-05-26 11:03:55.464 [INFO] main.cpp:384 -   队列大小: 0  平均耗时: 0.0ms
2026-05-26 11:03:56.466 [INFO] main.cpp:352 - ======== 总线统计 ========
2026-05-26 11:03:56.466 [INFO] main.cpp:353 -   总事务数:     180
2026-05-26 11:03:56.466 [INFO] main.cpp:354 -   总错误数:     180
2026-05-26 11:03:56.466 [INFO] main.cpp:355 -   发送字节数:   1440
2026-05-26 11:03:56.466 [INFO] main.cpp:356 -   接收字节数:   0
2026-05-26 11:03:56.466 [INFO] main.cpp:357 -   平均延迟:     0.00 ms
2026-05-26 11:03:56.466 [INFO] main.cpp:358 -   最大延迟:     0.00 ms
2026-05-26 11:03:56.466 [INFO] main.cpp:359 -   总线争用次数: 0
2026-05-26 11:03:56.466 [INFO] main.cpp:368 - ======== 轮询统计 ========
2026-05-26 11:03:56.466 [INFO] main.cpp:369 -   任务组数:     20
2026-05-26 11:03:56.466 [INFO] main.cpp:370 -   成功事务:     0
2026-05-26 11:03:56.466 [INFO] main.cpp:371 -   失败事务:     180
2026-05-26 11:03:56.466 [INFO] main.cpp:373 -   成功率:       0.0%
2026-05-26 11:03:56.466 [INFO] main.cpp:378 - ======== 命令队列统计 ========
2026-05-26 11:03:56.466 [INFO] main.cpp:379 -   已提交: 0  已执行: 0  成功: 0  失败: 0
2026-05-26 11:03:56.466 [INFO] main.cpp:384 -   队列大小: 0  平均耗时: 0.0ms
2026-05-26 11:03:57.468 [INFO] main.cpp:352 - ======== 总线统计 ========
2026-05-26 11:03:57.468 [INFO] main.cpp:353 -   总事务数:     200
2026-05-26 11:03:57.468 [INFO] main.cpp:354 -   总错误数:     180
2026-05-26 11:03:57.468 [INFO] main.cpp:355 -   发送字节数:   1440
2026-05-26 11:03:57.468 [INFO] main.cpp:356 -   接收字节数:   0
2026-05-26 11:03:57.468 [INFO] main.cpp:357 -   平均延迟:     0.00 ms
2026-05-26 11:03:57.468 [INFO] main.cpp:358 -   最大延迟:     0.00 ms
2026-05-26 11:03:57.468 [INFO] main.cpp:359 -   总线争用次数: 0
2026-05-26 11:03:57.468 [INFO] main.cpp:368 - ======== 轮询统计 ========
2026-05-26 11:03:57.468 [INFO] main.cpp:369 -   任务组数:     20
2026-05-26 11:03:57.468 [INFO] main.cpp:370 -   成功事务:     0
2026-05-26 11:03:57.468 [INFO] main.cpp:371 -   失败事务:     180
2026-05-26 11:03:57.468 [INFO] main.cpp:373 -   成功率:       0.0%
2026-05-26 11:03:57.468 [INFO] main.cpp:378 - ======== 命令队列统计 ========
2026-05-26 11:03:57.468 [INFO] main.cpp:379 -   已提交: 0  已执行: 0  成功: 0  失败: 0
2026-05-26 11:03:57.468 [INFO] main.cpp:384 -   队列大小: 0  平均耗时: 0.0ms
2026-05-26 11:03:58.469 [INFO] main.cpp:352 - ======== 总线统计 ========
2026-05-26 11:03:58.470 [INFO] main.cpp:353 -   总事务数:     200
2026-05-26 11:03:58.470 [INFO] main.cpp:354 -   总错误数:     180
2026-05-26 11:03:58.470 [INFO] main.cpp:355 -   发送字节数:   1600
2026-05-26 11:03:58.470 [INFO] main.cpp:356 -   接收字节数:   0
2026-05-26 11:03:58.470 [INFO] main.cpp:357 -   平均延迟:     0.00 ms
2026-05-26 11:03:58.470 [INFO] main.cpp:358 -   最大延迟:     0.00 ms
2026-05-26 11:03:58.470 [INFO] main.cpp:359 -   总线争用次数: 0
2026-05-26 11:03:58.470 [INFO] main.cpp:368 - ======== 轮询统计 ========
2026-05-26 11:03:58.470 [INFO] main.cpp:369 -   任务组数:     20
2026-05-26 11:03:58.470 [INFO] main.cpp:370 -   成功事务:     0
2026-05-26 11:03:58.470 [INFO] main.cpp:371 -   失败事务:     180
2026-05-26 11:03:58.470 [INFO] main.cpp:373 -   成功率:       0.0%
2026-05-26 11:03:58.470 [INFO] main.cpp:378 - ======== 命令队列统计 ========
2026-05-26 11:03:58.470 [INFO] main.cpp:379 -   已提交: 0  已执行: 0  成功: 0  失败: 0
2026-05-26 11:03:58.470 [INFO] main.cpp:384 -   队列大小: 0  平均耗时: 0.0ms
2026-05-26 11:03:59.471 [INFO] main.cpp:352 - ======== 总线统计 ========
2026-05-26 11:03:59.471 [INFO] main.cpp:353 -   总事务数:     200
2026-05-26 11:03:59.471 [INFO] main.cpp:354 -   总错误数:     200
2026-05-26 11:03:59.471 [INFO] main.cpp:355 -   发送字节数:   1600
2026-05-26 11:03:59.471 [INFO] main.cpp:356 -   接收字节数:   0
2026-05-26 11:03:59.471 [INFO] main.cpp:357 -   平均延迟:     0.00 ms
2026-05-26 11:03:59.471 [INFO] main.cpp:358 -   最大延迟:     0.00 ms
2026-05-26 11:03:59.471 [INFO] main.cpp:359 -   总线争用次数: 0
2026-05-26 11:03:59.471 [INFO] main.cpp:368 - ======== 轮询统计 ========
2026-05-26 11:03:59.471 [INFO] main.cpp:369 -   任务组数:     20
2026-05-26 11:03:59.471 [INFO] main.cpp:370 -   成功事务:     0
2026-05-26 11:03:59.471 [INFO] main.cpp:371 -   失败事务:     200
2026-05-26 11:03:59.471 [INFO] main.cpp:373 -   成功率:       0.0%
2026-05-26 11:03:59.471 [INFO] main.cpp:378 - ======== 命令队列统计 ========
2026-05-26 11:03:59.472 [INFO] main.cpp:379 -   已提交: 0  已执行: 0  成功: 0  失败: 0
2026-05-26 11:03:59.472 [INFO] main.cpp:384 -   队列大小: 0  平均耗时: 0.0ms
2026-05-26 11:04:00.473 [INFO] main.cpp:352 - ======== 总线统计 ========
2026-05-26 11:04:00.473 [INFO] main.cpp:353 -   总事务数:     200
2026-05-26 11:04:00.473 [INFO] main.cpp:354 -   总错误数:     200
2026-05-26 11:04:00.473 [INFO] main.cpp:355 -   发送字节数:   1600
2026-05-26 11:04:00.473 [INFO] main.cpp:356 -   接收字节数:   0
2026-05-26 11:04:00.473 [INFO] main.cpp:357 -   平均延迟:     0.00 ms
2026-05-26 11:04:00.473 [INFO] main.cpp:358 -   最大延迟:     0.00 ms
2026-05-26 11:04:00.473 [INFO] main.cpp:359 -   总线争用次数: 0
2026-05-26 11:04:00.473 [INFO] main.cpp:368 - ======== 轮询统计 ========
2026-05-26 11:04:00.473 [INFO] main.cpp:369 -   任务组数:     20
2026-05-26 11:04:00.473 [INFO] main.cpp:370 -   成功事务:     0
2026-05-26 11:04:00.473 [INFO] main.cpp:371 -   失败事务:     200
2026-05-26 11:04:00.473 [INFO] main.cpp:373 -   成功率:       0.0%
2026-05-26 11:04:00.473 [INFO] main.cpp:378 - ======== 命令队列统计 ========
2026-05-26 11:04:00.473 [INFO] main.cpp:379 -   已提交: 0  已执行: 0  成功: 0  失败: 0
2026-05-26 11:04:00.473 [INFO] main.cpp:384 -   队列大小: 0  平均耗时: 0.0ms
2026-05-26 11:04:01.474 [INFO] main.cpp:352 - ======== 总线统计 ========
2026-05-26 11:04:01.474 [INFO] main.cpp:353 -   总事务数:     200
2026-05-26 11:04:01.474 [INFO] main.cpp:354 -   总错误数:     200
2026-05-26 11:04:01.474 [INFO] main.cpp:355 -   发送字节数:   1600
2026-05-26 11:04:01.474 [INFO] main.cpp:356 -   接收字节数:   0
2026-05-26 11:04:01.474 [INFO] main.cpp:357 -   平均延迟:     0.00 ms
2026-05-26 11:04:01.474 [INFO] main.cpp:358 -   最大延迟:     0.00 ms
2026-05-26 11:04:01.474 [INFO] main.cpp:359 -   总线争用次数: 0
2026-05-26 11:04:01.475 [INFO] main.cpp:368 - ======== 轮询统计 ========
2026-05-26 11:04:01.475 [INFO] main.cpp:369 -   任务组数:     20
2026-05-26 11:04:01.475 [INFO] main.cpp:370 -   成功事务:     0
2026-05-26 11:04:01.475 [INFO] main.cpp:371 -   失败事务:     200
2026-05-26 11:04:01.475 [INFO] main.cpp:373 -   成功率:       0.0%
2026-05-26 11:04:01.475 [INFO] main.cpp:378 - ======== 命令队列统计 ========
2026-05-26 11:04:01.475 [INFO] main.cpp:379 -   已提交: 0  已执行: 0  成功: 0  失败: 0
2026-05-26 11:04:01.475 [INFO] main.cpp:384 -   队列大小: 0  平均耗时: 0.0ms
2026-05-26 11:04:02.476 [INFO] main.cpp:352 - ======== 总线统计 ========
2026-05-26 11:04:02.476 [INFO] main.cpp:353 -   总事务数:     220
2026-05-26 11:04:02.476 [INFO] main.cpp:354 -   总错误数:     200
2026-05-26 11:04:02.476 [INFO] main.cpp:355 -   发送字节数:   1600
2026-05-26 11:04:02.476 [INFO] main.cpp:356 -   接收字节数:   0
2026-05-26 11:04:02.476 [INFO] main.cpp:357 -   平均延迟:     0.00 ms
2026-05-26 11:04:02.476 [INFO] main.cpp:358 -   最大延迟:     0.00 ms
2026-05-26 11:04:02.476 [INFO] main.cpp:359 -   总线争用次数: 0
2026-05-26 11:04:02.476 [INFO] main.cpp:368 - ======== 轮询统计 ========
2026-05-26 11:04:02.477 [INFO] main.cpp:369 -   任务组数:     20
2026-05-26 11:04:02.477 [INFO] main.cpp:370 -   成功事务:     0
2026-05-26 11:04:02.477 [INFO] main.cpp:371 -   失败事务:     200
2026-05-26 11:04:02.477 [INFO] main.cpp:373 -   成功率:       0.0%
2026-05-26 11:04:02.477 [INFO] main.cpp:378 - ======== 命令队列统计 ========
2026-05-26 11:04:02.477 [INFO] main.cpp:379 -   已提交: 0  已执行: 0  成功: 0  失败: 0
2026-05-26 11:04:02.477 [INFO] main.cpp:384 -   队列大小: 0  平均耗时: 0.0ms
2026-05-26 11:04:03.477 [INFO] main.cpp:352 - ======== 总线统计 ========
2026-05-26 11:04:03.478 [INFO] main.cpp:353 -   总事务数:     220
2026-05-26 11:04:03.478 [INFO] main.cpp:354 -   总错误数:     200
2026-05-26 11:04:03.478 [INFO] main.cpp:355 -   发送字节数:   1760
2026-05-26 11:04:03.478 [INFO] main.cpp:356 -   接收字节数:   0
2026-05-26 11:04:03.478 [INFO] main.cpp:357 -   平均延迟:     0.00 ms
2026-05-26 11:04:03.478 [INFO] main.cpp:358 -   最大延迟:     0.00 ms
2026-05-26 11:04:03.478 [INFO] main.cpp:359 -   总线争用次数: 0
2026-05-26 11:04:03.478 [INFO] main.cpp:368 - ======== 轮询统计 ========
2026-05-26 11:04:03.478 [INFO] main.cpp:369 -   任务组数:     20
2026-05-26 11:04:03.478 [INFO] main.cpp:370 -   成功事务:     0
2026-05-26 11:04:03.478 [INFO] main.cpp:371 -   失败事务:     200
2026-05-26 11:04:03.478 [INFO] main.cpp:373 -   成功率:       0.0%
2026-05-26 11:04:03.478 [INFO] main.cpp:378 - ======== 命令队列统计 ========
2026-05-26 11:04:03.478 [INFO] main.cpp:379 -   已提交: 0  已执行: 0  成功: 0  失败: 0
2026-05-26 11:04:03.478 [INFO] main.cpp:384 -   队列大小: 0  平均耗时: 0.0ms
2026-05-26 11:04:04.479 [INFO] main.cpp:352 - ======== 总线统计 ========
2026-05-26 11:04:04.479 [INFO] main.cpp:353 -   总事务数:     220
2026-05-26 11:04:04.479 [INFO] main.cpp:354 -   总错误数:     220
2026-05-26 11:04:04.480 [INFO] main.cpp:355 -   发送字节数:   1760
2026-05-26 11:04:04.480 [INFO] main.cpp:356 -   接收字节数:   0
2026-05-26 11:04:04.480 [INFO] main.cpp:357 -   平均延迟:     0.00 ms
2026-05-26 11:04:04.480 [INFO] main.cpp:358 -   最大延迟:     0.00 ms
2026-05-26 11:04:04.480 [INFO] main.cpp:359 -   总线争用次数: 0
2026-05-26 11:04:04.480 [INFO] main.cpp:368 - ======== 轮询统计 ========
2026-05-26 11:04:04.480 [INFO] main.cpp:369 -   任务组数:     20
2026-05-26 11:04:04.480 [INFO] main.cpp:370 -   成功事务:     0
2026-05-26 11:04:04.480 [INFO] main.cpp:371 -   失败事务:     220
2026-05-26 11:04:04.480 [INFO] main.cpp:373 -   成功率:       0.0%
2026-05-26 11:04:04.480 [INFO] main.cpp:378 - ======== 命令队列统计 ========
2026-05-26 11:04:04.480 [INFO] main.cpp:379 -   已提交: 0  已执行: 0  成功: 0  失败: 0
2026-05-26 11:04:04.480 [INFO] main.cpp:384 -   队列大小: 0  平均耗时: 0.0ms
2026-05-26 11:04:05.481 [INFO] main.cpp:352 - ======== 总线统计 ========
2026-05-26 11:04:05.481 [INFO] main.cpp:353 -   总事务数:     220
2026-05-26 11:04:05.482 [INFO] main.cpp:354 -   总错误数:     220
2026-05-26 11:04:05.482 [INFO] main.cpp:355 -   发送字节数:   1760
2026-05-26 11:04:05.482 [INFO] main.cpp:356 -   接收字节数:   0
2026-05-26 11:04:05.482 [INFO] main.cpp:357 -   平均延迟:     0.00 ms
2026-05-26 11:04:05.482 [INFO] main.cpp:358 -   最大延迟:     0.00 ms
2026-05-26 11:04:05.482 [INFO] main.cpp:359 -   总线争用次数: 0
2026-05-26 11:04:05.482 [INFO] main.cpp:368 - ======== 轮询统计 ========
2026-05-26 11:04:05.482 [INFO] main.cpp:369 -   任务组数:     20
2026-05-26 11:04:05.482 [INFO] main.cpp:370 -   成功事务:     0
2026-05-26 11:04:05.482 [INFO] main.cpp:371 -   失败事务:     220
2026-05-26 11:04:05.482 [INFO] main.cpp:373 -   成功率:       0.0%
2026-05-26 11:04:05.482 [INFO] main.cpp:378 - ======== 命令队列统计 ========
2026-05-26 11:04:05.482 [INFO] main.cpp:379 -   已提交: 0  已执行: 0  成功: 0  失败: 0
2026-05-26 11:04:05.482 [INFO] main.cpp:384 -   队列大小: 0  平均耗时: 0.0ms
2026-05-26 11:04:06.483 [INFO] main.cpp:352 - ======== 总线统计 ========
2026-05-26 11:04:06.483 [INFO] main.cpp:353 -   总事务数:     220
2026-05-26 11:04:06.483 [INFO] main.cpp:354 -   总错误数:     220
2026-05-26 11:04:06.483 [INFO] main.cpp:355 -   发送字节数:   1760
2026-05-26 11:04:06.483 [INFO] main.cpp:356 -   接收字节数:   0
2026-05-26 11:04:06.484 [INFO] main.cpp:357 -   平均延迟:     0.00 ms
2026-05-26 11:04:06.484 [INFO] main.cpp:358 -   最大延迟:     0.00 ms
2026-05-26 11:04:06.484 [INFO] main.cpp:359 -   总线争用次数: 0
2026-05-26 11:04:06.484 [INFO] main.cpp:368 - ======== 轮询统计 ========
2026-05-26 11:04:06.484 [INFO] main.cpp:369 -   任务组数:     20
2026-05-26 11:04:06.484 [INFO] main.cpp:370 -   成功事务:     0
2026-05-26 11:04:06.484 [INFO] main.cpp:371 -   失败事务:     220
2026-05-26 11:04:06.484 [INFO] main.cpp:373 -   成功率:       0.0%
2026-05-26 11:04:06.484 [INFO] main.cpp:378 - ======== 命令队列统计 ========
2026-05-26 11:04:06.484 [INFO] main.cpp:379 -   已提交: 0  已执行: 0  成功: 0  失败: 0
2026-05-26 11:04:06.484 [INFO] main.cpp:384 -   队列大小: 0  平均耗时: 0.0ms
2026-05-26 11:04:07.484 [INFO] main.cpp:352 - ======== 总线统计 ========
2026-05-26 11:04:07.484 [INFO] main.cpp:353 -   总事务数:     240
2026-05-26 11:04:07.484 [INFO] main.cpp:354 -   总错误数:     220
2026-05-26 11:04:07.484 [INFO] main.cpp:355 -   发送字节数:   1896
2026-05-26 11:04:07.484 [INFO] main.cpp:356 -   接收字节数:   0
2026-05-26 11:04:07.485 [INFO] main.cpp:357 -   平均延迟:     0.00 ms
2026-05-26 11:04:07.485 [INFO] main.cpp:358 -   最大延迟:     0.00 ms
2026-05-26 11:04:07.485 [INFO] main.cpp:359 -   总线争用次数: 0
2026-05-26 11:04:07.485 [INFO] main.cpp:368 - ======== 轮询统计 ========
2026-05-26 11:04:07.485 [INFO] main.cpp:369 -   任务组数:     20
2026-05-26 11:04:07.485 [INFO] main.cpp:370 -   成功事务:     0
2026-05-26 11:04:07.485 [INFO] main.cpp:371 -   失败事务:     220
2026-05-26 11:04:07.485 [INFO] main.cpp:373 -   成功率:       0.0%
2026-05-26 11:04:07.485 [INFO] main.cpp:378 - ======== 命令队列统计 ========
2026-05-26 11:04:07.485 [INFO] main.cpp:379 -   已提交: 0  已执行: 0  成功: 0  失败: 0
2026-05-26 11:04:07.485 [INFO] main.cpp:384 -   队列大小: 0  平均耗时: 0.0ms
2026-05-26 11:04:08.486 [INFO] main.cpp:352 - ======== 总线统计 ========
2026-05-26 11:04:08.486 [INFO] main.cpp:353 -   总事务数:     240
2026-05-26 11:04:08.486 [INFO] main.cpp:354 -   总错误数:     237
2026-05-26 11:04:08.486 [INFO] main.cpp:355 -   发送字节数:   1920
2026-05-26 11:04:08.486 [INFO] main.cpp:356 -   接收字节数:   0
2026-05-26 11:04:08.486 [INFO] main.cpp:357 -   平均延迟:     0.00 ms
2026-05-26 11:04:08.486 [INFO] main.cpp:358 -   最大延迟:     0.00 ms
2026-05-26 11:04:08.486 [INFO] main.cpp:359 -   总线争用次数: 0
2026-05-26 11:04:08.486 [INFO] main.cpp:368 - ======== 轮询统计 ========
2026-05-26 11:04:08.487 [INFO] main.cpp:369 -   任务组数:     20
2026-05-26 11:04:08.487 [INFO] main.cpp:370 -   成功事务:     0
2026-05-26 11:04:08.487 [INFO] main.cpp:371 -   失败事务:     237
2026-05-26 11:04:08.487 [INFO] main.cpp:373 -   成功率:       0.0%
2026-05-26 11:04:08.487 [INFO] main.cpp:378 - ======== 命令队列统计 ========
2026-05-26 11:04:08.487 [INFO] main.cpp:379 -   已提交: 0  已执行: 0  成功: 0  失败: 0
2026-05-26 11:04:08.487 [INFO] main.cpp:384 -   队列大小: 0  平均耗时: 0.0ms
2026-05-26 11:04:09.487 [INFO] main.cpp:352 - ======== 总线统计 ========
2026-05-26 11:04:09.488 [INFO] main.cpp:353 -   总事务数:     240
2026-05-26 11:04:09.488 [INFO] main.cpp:354 -   总错误数:     240
2026-05-26 11:04:09.488 [INFO] main.cpp:355 -   发送字节数:   1920
2026-05-26 11:04:09.488 [INFO] main.cpp:356 -   接收字节数:   0
2026-05-26 11:04:09.488 [INFO] main.cpp:357 -   平均延迟:     0.00 ms
2026-05-26 11:04:09.488 [INFO] main.cpp:358 -   最大延迟:     0.00 ms
2026-05-26 11:04:09.488 [INFO] main.cpp:359 -   总线争用次数: 0
2026-05-26 11:04:09.488 [INFO] main.cpp:368 - ======== 轮询统计 ========
2026-05-26 11:04:09.488 [INFO] main.cpp:369 -   任务组数:     20
2026-05-26 11:04:09.488 [INFO] main.cpp:370 -   成功事务:     0
2026-05-26 11:04:09.488 [INFO] main.cpp:371 -   失败事务:     240
2026-05-26 11:04:09.488 [INFO] main.cpp:373 -   成功率:       0.0%
2026-05-26 11:04:09.488 [INFO] main.cpp:378 - ======== 命令队列统计 ========
2026-05-26 11:04:09.488 [INFO] main.cpp:379 -   已提交: 0  已执行: 0  成功: 0  失败: 0
2026-05-26 11:04:09.488 [INFO] main.cpp:384 -   队列大小: 0  平均耗时: 0.0ms
2026-05-26 11:04:10.489 [INFO] main.cpp:352 - ======== 总线统计 ========
2026-05-26 11:04:10.489 [INFO] main.cpp:353 -   总事务数:     240
2026-05-26 11:04:10.489 [INFO] main.cpp:354 -   总错误数:     240
2026-05-26 11:04:10.490 [INFO] main.cpp:355 -   发送字节数:   1920
2026-05-26 11:04:10.490 [INFO] main.cpp:356 -   接收字节数:   0
2026-05-26 11:04:10.490 [INFO] main.cpp:357 -   平均延迟:     0.00 ms
2026-05-26 11:04:10.490 [INFO] main.cpp:358 -   最大延迟:     0.00 ms
2026-05-26 11:04:10.490 [INFO] main.cpp:359 -   总线争用次数: 0
2026-05-26 11:04:10.490 [INFO] main.cpp:368 - ======== 轮询统计 ========
2026-05-26 11:04:10.490 [INFO] main.cpp:369 -   任务组数:     20
2026-05-26 11:04:10.490 [INFO] main.cpp:370 -   成功事务:     0
2026-05-26 11:04:10.490 [INFO] main.cpp:371 -   失败事务:     240
2026-05-26 11:04:10.490 [INFO] main.cpp:373 -   成功率:       0.0%
2026-05-26 11:04:10.490 [INFO] main.cpp:378 - ======== 命令队列统计 ========
2026-05-26 11:04:10.490 [INFO] main.cpp:379 -   已提交: 0  已执行: 0  成功: 0  失败: 0
2026-05-26 11:04:10.490 [INFO] main.cpp:384 -   队列大小: 0  平均耗时: 0.0ms
2026-05-26 11:04:11.491 [INFO] main.cpp:352 - ======== 总线统计 ========
2026-05-26 11:04:11.491 [INFO] main.cpp:353 -   总事务数:     240
2026-05-26 11:04:11.491 [INFO] main.cpp:354 -   总错误数:     240
2026-05-26 11:04:11.491 [INFO] main.cpp:355 -   发送字节数:   1920
2026-05-26 11:04:11.491 [INFO] main.cpp:356 -   接收字节数:   0
2026-05-26 11:04:11.491 [INFO] main.cpp:357 -   平均延迟:     0.00 ms
2026-05-26 11:04:11.491 [INFO] main.cpp:358 -   最大延迟:     0.00 ms
2026-05-26 11:04:11.491 [INFO] main.cpp:359 -   总线争用次数: 0
2026-05-26 11:04:11.491 [INFO] main.cpp:368 - ======== 轮询统计 ========
2026-05-26 11:04:11.491 [INFO] main.cpp:369 -   任务组数:     20
2026-05-26 11:04:11.491 [INFO] main.cpp:370 -   成功事务:     0
2026-05-26 11:04:11.492 [INFO] main.cpp:371 -   失败事务:     240
2026-05-26 11:04:11.492 [INFO] main.cpp:373 -   成功率:       0.0%
2026-05-26 11:04:11.492 [INFO] main.cpp:378 - ======== 命令队列统计 ========
2026-05-26 11:04:11.492 [INFO] main.cpp:379 -   已提交: 0  已执行: 0  成功: 0  失败: 0
2026-05-26 11:04:11.492 [INFO] main.cpp:384 -   队列大小: 0  平均耗时: 0.0ms
2026-05-26 11:04:12.493 [INFO] main.cpp:352 - ======== 总线统计 ========
2026-05-26 11:04:12.493 [INFO] main.cpp:353 -   总事务数:     260
2026-05-26 11:04:12.493 [INFO] main.cpp:354 -   总错误数:     240
2026-05-26 11:04:12.493 [INFO] main.cpp:355 -   发送字节数:   2048
2026-05-26 11:04:12.493 [INFO] main.cpp:356 -   接收字节数:   0
2026-05-26 11:04:12.493 [INFO] main.cpp:357 -   平均延迟:     0.00 ms
2026-05-26 11:04:12.493 [INFO] main.cpp:358 -   最大延迟:     0.00 ms
2026-05-26 11:04:12.493 [INFO] main.cpp:359 -   总线争用次数: 0
2026-05-26 11:04:12.493 [INFO] main.cpp:368 - ======== 轮询统计 ========
2026-05-26 11:04:12.494 [INFO] main.cpp:369 -   任务组数:     20
2026-05-26 11:04:12.494 [INFO] main.cpp:370 -   成功事务:     0
2026-05-26 11:04:12.494 [INFO] main.cpp:371 -   失败事务:     240
2026-05-26 11:04:12.494 [INFO] main.cpp:373 -   成功率:       0.0%
2026-05-26 11:04:12.494 [INFO] main.cpp:378 - ======== 命令队列统计 ========
2026-05-26 11:04:12.494 [INFO] main.cpp:379 -   已提交: 0  已执行: 0  成功: 0  失败: 0
2026-05-26 11:04:12.494 [INFO] main.cpp:384 -   队列大小: 0  平均耗时: 0.0ms
2026-05-26 11:04:13.495 [INFO] main.cpp:352 - ======== 总线统计 ========
2026-05-26 11:04:13.495 [INFO] main.cpp:353 -   总事务数:     260
2026-05-26 11:04:13.496 [INFO] main.cpp:354 -   总错误数:     258
2026-05-26 11:04:13.496 [INFO] main.cpp:355 -   发送字节数:   2080
2026-05-26 11:04:13.496 [INFO] main.cpp:356 -   接收字节数:   0
2026-05-26 11:04:13.496 [INFO] main.cpp:357 -   平均延迟:     0.00 ms
2026-05-26 11:04:13.496 [INFO] main.cpp:358 -   最大延迟:     0.00 ms
2026-05-26 11:04:13.496 [INFO] main.cpp:359 -   总线争用次数: 0
2026-05-26 11:04:13.497 [INFO] main.cpp:368 - ======== 轮询统计 ========
2026-05-26 11:04:13.497 [INFO] main.cpp:369 -   任务组数:     20
2026-05-26 11:04:13.497 [INFO] main.cpp:370 -   成功事务:     0
2026-05-26 11:04:13.497 [INFO] main.cpp:371 -   失败事务:     258
2026-05-26 11:04:13.497 [INFO] main.cpp:373 -   成功率:       0.0%
2026-05-26 11:04:13.497 [INFO] main.cpp:378 - ======== 命令队列统计 ========
2026-05-26 11:04:13.497 [INFO] main.cpp:379 -   已提交: 0  已执行: 0  成功: 0  失败: 0
2026-05-26 11:04:13.497 [INFO] main.cpp:384 -   队列大小: 0  平均耗时: 0.0ms
2026-05-26 11:04:14.497 [INFO] main.cpp:352 - ======== 总线统计 ========
2026-05-26 11:04:14.498 [INFO] main.cpp:353 -   总事务数:     260
2026-05-26 11:04:14.498 [INFO] main.cpp:354 -   总错误数:     260
2026-05-26 11:04:14.498 [INFO] main.cpp:355 -   发送字节数:   2080
2026-05-26 11:04:14.498 [INFO] main.cpp:356 -   接收字节数:   0
2026-05-26 11:04:14.498 [INFO] main.cpp:357 -   平均延迟:     0.00 ms
2026-05-26 11:04:14.498 [INFO] main.cpp:358 -   最大延迟:     0.00 ms
2026-05-26 11:04:14.498 [INFO] main.cpp:359 -   总线争用次数: 0
2026-05-26 11:04:14.498 [INFO] main.cpp:368 - ======== 轮询统计 ========
2026-05-26 11:04:14.498 [INFO] main.cpp:369 -   任务组数:     20
2026-05-26 11:04:14.498 [INFO] main.cpp:370 -   成功事务:     0
2026-05-26 11:04:14.498 [INFO] main.cpp:371 -   失败事务:     260
2026-05-26 11:04:14.498 [INFO] main.cpp:373 -   成功率:       0.0%
2026-05-26 11:04:14.498 [INFO] main.cpp:378 - ======== 命令队列统计 ========
2026-05-26 11:04:14.498 [INFO] main.cpp:379 -   已提交: 0  已执行: 0  成功: 0  失败: 0
2026-05-26 11:04:14.498 [INFO] main.cpp:384 -   队列大小: 0  平均耗时: 0.0ms
2026-05-26 11:04:15.499 [INFO] main.cpp:352 - ======== 总线统计 ========
2026-05-26 11:04:15.500 [INFO] main.cpp:353 -   总事务数:     260
2026-05-26 11:04:15.500 [INFO] main.cpp:354 -   总错误数:     260
2026-05-26 11:04:15.500 [INFO] main.cpp:355 -   发送字节数:   2080
2026-05-26 11:04:15.500 [INFO] main.cpp:356 -   接收字节数:   0
2026-05-26 11:04:15.500 [INFO] main.cpp:357 -   平均延迟:     0.00 ms
2026-05-26 11:04:15.500 [INFO] main.cpp:358 -   最大延迟:     0.00 ms
2026-05-26 11:04:15.500 [INFO] main.cpp:359 -   总线争用次数: 0
2026-05-26 11:04:15.500 [INFO] main.cpp:368 - ======== 轮询统计 ========
2026-05-26 11:04:15.500 [INFO] main.cpp:369 -   任务组数:     20
2026-05-26 11:04:15.500 [INFO] main.cpp:370 -   成功事务:     0
2026-05-26 11:04:15.500 [INFO] main.cpp:371 -   失败事务:     260
2026-05-26 11:04:15.500 [INFO] main.cpp:373 -   成功率:       0.0%
2026-05-26 11:04:15.500 [INFO] main.cpp:378 - ======== 命令队列统计 ========
2026-05-26 11:04:15.500 [INFO] main.cpp:379 -   已提交: 0  已执行: 0  成功: 0  失败: 0
2026-05-26 11:04:15.500 [INFO] main.cpp:384 -   队列大小: 0  平均耗时: 0.0ms
2026-05-26 11:04:16.501 [INFO] main.cpp:352 - ======== 总线统计 ========
2026-05-26 11:04:16.501 [INFO] main.cpp:353 -   总事务数:     260
2026-05-26 11:04:16.501 [INFO] main.cpp:354 -   总错误数:     260
2026-05-26 11:04:16.501 [INFO] main.cpp:355 -   发送字节数:   2080
2026-05-26 11:04:16.501 [INFO] main.cpp:356 -   接收字节数:   0
2026-05-26 11:04:16.501 [INFO] main.cpp:357 -   平均延迟:     0.00 ms
2026-05-26 11:04:16.501 [INFO] main.cpp:358 -   最大延迟:     0.00 ms
2026-05-26 11:04:16.501 [INFO] main.cpp:359 -   总线争用次数: 0
2026-05-26 11:04:16.501 [INFO] main.cpp:368 - ======== 轮询统计 ========
2026-05-26 11:04:16.501 [INFO] main.cpp:369 -   任务组数:     20
2026-05-26 11:04:16.501 [INFO] main.cpp:370 -   成功事务:     0
2026-05-26 11:04:16.501 [INFO] main.cpp:371 -   失败事务:     260
2026-05-26 11:04:16.501 [INFO] main.cpp:373 -   成功率:       0.0%
2026-05-26 11:04:16.502 [INFO] main.cpp:378 - ======== 命令队列统计 ========
2026-05-26 11:04:16.502 [INFO] main.cpp:379 -   已提交: 0  已执行: 0  成功: 0  失败: 0
2026-05-26 11:04:16.502 [INFO] main.cpp:384 -   队列大小: 0  平均耗时: 0.0ms
2026-05-26 11:04:17.503 [INFO] main.cpp:352 - ======== 总线统计 ========
2026-05-26 11:04:17.503 [INFO] main.cpp:353 -   总事务数:     280
2026-05-26 11:04:17.503 [INFO] main.cpp:354 -   总错误数:     260
2026-05-26 11:04:17.503 [INFO] main.cpp:355 -   发送字节数:   2240
2026-05-26 11:04:17.503 [INFO] main.cpp:356 -   接收字节数:   0
2026-05-26 11:04:17.503 [INFO] main.cpp:357 -   平均延迟:     0.00 ms
2026-05-26 11:04:17.503 [INFO] main.cpp:358 -   最大延迟:     0.00 ms
2026-05-26 11:04:17.503 [INFO] main.cpp:359 -   总线争用次数: 0
2026-05-26 11:04:17.503 [INFO] main.cpp:368 - ======== 轮询统计 ========
2026-05-26 11:04:17.503 [INFO] main.cpp:369 -   任务组数:     20
2026-05-26 11:04:17.503 [INFO] main.cpp:370 -   成功事务:     0
2026-05-26 11:04:17.503 [INFO] main.cpp:371 -   失败事务:     260
2026-05-26 11:04:17.503 [INFO] main.cpp:373 -   成功率:       0.0%
2026-05-26 11:04:17.503 [INFO] main.cpp:378 - ======== 命令队列统计 ========
2026-05-26 11:04:17.504 [INFO] main.cpp:379 -   已提交: 0  已执行: 0  成功: 0  失败: 0
2026-05-26 11:04:17.504 [INFO] main.cpp:384 -   队列大小: 0  平均耗时: 0.0ms
2026-05-26 11:04:18.504 [INFO] main.cpp:352 - ======== 总线统计 ========
2026-05-26 11:04:18.504 [INFO] main.cpp:353 -   总事务数:     280
2026-05-26 11:04:18.505 [INFO] main.cpp:354 -   总错误数:     280
2026-05-26 11:04:18.506 [INFO] main.cpp:355 -   发送字节数:   2240
2026-05-26 11:04:18.506 [INFO] main.cpp:356 -   接收字节数:   0
2026-05-26 11:04:18.506 [INFO] main.cpp:357 -   平均延迟:     0.00 ms
2026-05-26 11:04:18.506 [INFO] main.cpp:358 -   最大延迟:     0.00 ms
2026-05-26 11:04:18.506 [INFO] main.cpp:359 -   总线争用次数: 0
2026-05-26 11:04:18.506 [INFO] main.cpp:368 - ======== 轮询统计 ========
2026-05-26 11:04:18.506 [INFO] main.cpp:369 -   任务组数:     20
2026-05-26 11:04:18.506 [INFO] main.cpp:370 -   成功事务:     0
2026-05-26 11:04:18.506 [INFO] main.cpp:371 -   失败事务:     280
2026-05-26 11:04:18.506 [INFO] main.cpp:373 -   成功率:       0.0%
2026-05-26 11:04:18.506 [INFO] main.cpp:378 - ======== 命令队列统计 ========
2026-05-26 11:04:18.506 [INFO] main.cpp:379 -   已提交: 0  已执行: 0  成功: 0  失败: 0
2026-05-26 11:04:18.506 [INFO] main.cpp:384 -   队列大小: 0  平均耗时: 0.0ms
2026-05-26 11:04:19.507 [INFO] main.cpp:352 - ======== 总线统计 ========
2026-05-26 11:04:19.508 [INFO] main.cpp:353 -   总事务数:     280
2026-05-26 11:04:19.508 [INFO] main.cpp:354 -   总错误数:     280
2026-05-26 11:04:19.508 [INFO] main.cpp:355 -   发送字节数:   2240
2026-05-26 11:04:19.508 [INFO] main.cpp:356 -   接收字节数:   0
2026-05-26 11:04:19.508 [INFO] main.cpp:357 -   平均延迟:     0.00 ms
2026-05-26 11:04:19.508 [INFO] main.cpp:358 -   最大延迟:     0.00 ms
2026-05-26 11:04:19.508 [INFO] main.cpp:359 -   总线争用次数: 0
2026-05-26 11:04:19.508 [INFO] main.cpp:368 - ======== 轮询统计 ========
2026-05-26 11:04:19.508 [INFO] main.cpp:369 -   任务组数:     20
2026-05-26 11:04:19.508 [INFO] main.cpp:370 -   成功事务:     0
2026-05-26 11:04:19.508 [INFO] main.cpp:371 -   失败事务:     280
2026-05-26 11:04:19.508 [INFO] main.cpp:373 -   成功率:       0.0%
2026-05-26 11:04:19.508 [INFO] main.cpp:378 - ======== 命令队列统计 ========
2026-05-26 11:04:19.508 [INFO] main.cpp:379 -   已提交: 0  已执行: 0  成功: 0  失败: 0
2026-05-26 11:04:19.508 [INFO] main.cpp:384 -   队列大小: 0  平均耗时: 0.0ms
2026-05-26 11:04:20.509 [INFO] main.cpp:352 - ======== 总线统计 ========
2026-05-26 11:04:20.509 [INFO] main.cpp:353 -   总事务数:     280
2026-05-26 11:04:20.509 [INFO] main.cpp:354 -   总错误数:     280
2026-05-26 11:04:20.509 [INFO] main.cpp:355 -   发送字节数:   2240
2026-05-26 11:04:20.510 [INFO] main.cpp:356 -   接收字节数:   0
2026-05-26 11:04:20.510 [INFO] main.cpp:357 -   平均延迟:     0.00 ms
2026-05-26 11:04:20.510 [INFO] main.cpp:358 -   最大延迟:     0.00 ms
2026-05-26 11:04:20.510 [INFO] main.cpp:359 -   总线争用次数: 0
2026-05-26 11:04:20.510 [INFO] main.cpp:368 - ======== 轮询统计 ========
2026-05-26 11:04:20.510 [INFO] main.cpp:369 -   任务组数:     20
2026-05-26 11:04:20.510 [INFO] main.cpp:370 -   成功事务:     0
2026-05-26 11:04:20.510 [INFO] main.cpp:371 -   失败事务:     280
2026-05-26 11:04:20.510 [INFO] main.cpp:373 -   成功率:       0.0%
2026-05-26 11:04:20.510 [INFO] main.cpp:378 - ======== 命令队列统计 ========
2026-05-26 11:04:20.510 [INFO] main.cpp:379 -   已提交: 0  已执行: 0  成功: 0  失败: 0
2026-05-26 11:04:20.510 [INFO] main.cpp:384 -   队列大小: 0  平均耗时: 0.0ms
2026-05-26 11:04:21.511 [INFO] main.cpp:352 - ======== 总线统计 ========
2026-05-26 11:04:21.511 [INFO] main.cpp:353 -   总事务数:     280
2026-05-26 11:04:21.511 [INFO] main.cpp:354 -   总错误数:     280
2026-05-26 11:04:21.511 [INFO] main.cpp:355 -   发送字节数:   2240
2026-05-26 11:04:21.511 [INFO] main.cpp:356 -   接收字节数:   0
2026-05-26 11:04:21.511 [INFO] main.cpp:357 -   平均延迟:     0.00 ms
2026-05-26 11:04:21.511 [INFO] main.cpp:358 -   最大延迟:     0.00 ms
2026-05-26 11:04:21.511 [INFO] main.cpp:359 -   总线争用次数: 0
2026-05-26 11:04:21.511 [INFO] main.cpp:368 - ======== 轮询统计 ========
2026-05-26 11:04:21.511 [INFO] main.cpp:369 -   任务组数:     20
2026-05-26 11:04:21.511 [INFO] main.cpp:370 -   成功事务:     0
2026-05-26 11:04:21.511 [INFO] main.cpp:371 -   失败事务:     280
2026-05-26 11:04:21.511 [INFO] main.cpp:373 -   成功率:       0.0%
2026-05-26 11:04:21.511 [INFO] main.cpp:378 - ======== 命令队列统计 ========
2026-05-26 11:04:21.512 [INFO] main.cpp:379 -   已提交: 0  已执行: 0  成功: 0  失败: 0
2026-05-26 11:04:21.512 [INFO] main.cpp:384 -   队列大小: 0  平均耗时: 0.0ms
2026-05-26 11:04:22.513 [INFO] main.cpp:352 - ======== 总线统计 ========
2026-05-26 11:04:22.513 [INFO] main.cpp:353 -   总事务数:     300
2026-05-26 11:04:22.513 [INFO] main.cpp:354 -   总错误数:     280
2026-05-26 11:04:22.513 [INFO] main.cpp:355 -   发送字节数:   2400
2026-05-26 11:04:22.513 [INFO] main.cpp:356 -   接收字节数:   0
2026-05-26 11:04:22.513 [INFO] main.cpp:357 -   平均延迟:     0.00 ms
2026-05-26 11:04:22.513 [INFO] main.cpp:358 -   最大延迟:     0.00 ms
2026-05-26 11:04:22.513 [INFO] main.cpp:359 -   总线争用次数: 0
2026-05-26 11:04:22.513 [INFO] main.cpp:368 - ======== 轮询统计 ========
2026-05-26 11:04:22.513 [INFO] main.cpp:369 -   任务组数:     20
2026-05-26 11:04:22.513 [INFO] main.cpp:370 -   成功事务:     0
2026-05-26 11:04:22.513 [INFO] main.cpp:371 -   失败事务:     280
2026-05-26 11:04:22.513 [INFO] main.cpp:373 -   成功率:       0.0%
2026-05-26 11:04:22.513 [INFO] main.cpp:378 - ======== 命令队列统计 ========
2026-05-26 11:04:22.513 [INFO] main.cpp:379 -   已提交: 0  已执行: 0  成功: 0  失败: 0
2026-05-26 11:04:22.513 [INFO] main.cpp:384 -   队列大小: 0  平均耗时: 0.0ms
2026-05-26 11:04:23.515 [INFO] main.cpp:352 - ======== 总线统计 ========
2026-05-26 11:04:23.515 [INFO] main.cpp:353 -   总事务数:     300
2026-05-26 11:04:23.516 [INFO] main.cpp:354 -   总错误数:     300
2026-05-26 11:04:23.516 [INFO] main.cpp:355 -   发送字节数:   2400
2026-05-26 11:04:23.516 [INFO] main.cpp:356 -   接收字节数:   0
2026-05-26 11:04:23.516 [INFO] main.cpp:357 -   平均延迟:     0.00 ms
2026-05-26 11:04:23.516 [INFO] main.cpp:358 -   最大延迟:     0.00 ms
2026-05-26 11:04:23.516 [INFO] main.cpp:359 -   总线争用次数: 0
2026-05-26 11:04:23.516 [INFO] main.cpp:368 - ======== 轮询统计 ========
2026-05-26 11:04:23.516 [INFO] main.cpp:369 -   任务组数:     20
2026-05-26 11:04:23.516 [INFO] main.cpp:370 -   成功事务:     0
2026-05-26 11:04:23.516 [INFO] main.cpp:371 -   失败事务:     300
2026-05-26 11:04:23.516 [INFO] main.cpp:373 -   成功率:       0.0%
2026-05-26 11:04:23.516 [INFO] main.cpp:378 - ======== 命令队列统计 ========
2026-05-26 11:04:23.516 [INFO] main.cpp:379 -   已提交: 0  已执行: 0  成功: 0  失败: 0
2026-05-26 11:04:23.517 [INFO] main.cpp:384 -   队列大小: 0  平均耗时: 0.0ms
2026-05-26 11:04:24.518 [INFO] main.cpp:352 - ======== 总线统计 ========
2026-05-26 11:04:24.518 [INFO] main.cpp:353 -   总事务数:     300
2026-05-26 11:04:24.518 [INFO] main.cpp:354 -   总错误数:     300
2026-05-26 11:04:24.518 [INFO] main.cpp:355 -   发送字节数:   2400
2026-05-26 11:04:24.518 [INFO] main.cpp:356 -   接收字节数:   0
2026-05-26 11:04:24.518 [INFO] main.cpp:357 -   平均延迟:     0.00 ms
2026-05-26 11:04:24.518 [INFO] main.cpp:358 -   最大延迟:     0.00 ms
2026-05-26 11:04:24.518 [INFO] main.cpp:359 -   总线争用次数: 0
2026-05-26 11:04:24.518 [INFO] main.cpp:368 - ======== 轮询统计 ========
2026-05-26 11:04:24.518 [INFO] main.cpp:369 -   任务组数:     20
2026-05-26 11:04:24.518 [INFO] main.cpp:370 -   成功事务:     0
2026-05-26 11:04:24.518 [INFO] main.cpp:371 -   失败事务:     300
2026-05-26 11:04:24.518 [INFO] main.cpp:373 -   成功率:       0.0%
2026-05-26 11:04:24.518 [INFO] main.cpp:378 - ======== 命令队列统计 ========
2026-05-26 11:04:24.518 [INFO] main.cpp:379 -   已提交: 0  已执行: 0  成功: 0  失败: 0
2026-05-26 11:04:24.518 [INFO] main.cpp:384 -   队列大小: 0  平均耗时: 0.0ms
2026-05-26 11:04:25.519 [INFO] main.cpp:352 - ======== 总线统计 ========
2026-05-26 11:04:25.520 [INFO] main.cpp:353 -   总事务数:     300
2026-05-26 11:04:25.520 [INFO] main.cpp:354 -   总错误数:     300
2026-05-26 11:04:25.520 [INFO] main.cpp:355 -   发送字节数:   2400
2026-05-26 11:04:25.520 [INFO] main.cpp:356 -   接收字节数:   0
2026-05-26 11:04:25.520 [INFO] main.cpp:357 -   平均延迟:     0.00 ms
2026-05-26 11:04:25.520 [INFO] main.cpp:358 -   最大延迟:     0.00 ms
2026-05-26 11:04:25.520 [INFO] main.cpp:359 -   总线争用次数: 0
2026-05-26 11:04:25.520 [INFO] main.cpp:368 - ======== 轮询统计 ========
2026-05-26 11:04:25.520 [INFO] main.cpp:369 -   任务组数:     20
2026-05-26 11:04:25.520 [INFO] main.cpp:370 -   成功事务:     0
2026-05-26 11:04:25.520 [INFO] main.cpp:371 -   失败事务:     300
2026-05-26 11:04:25.520 [INFO] main.cpp:373 -   成功率:       0.0%
2026-05-26 11:04:25.520 [INFO] main.cpp:378 - ======== 命令队列统计 ========
2026-05-26 11:04:25.520 [INFO] main.cpp:379 -   已提交: 0  已执行: 0  成功: 0  失败: 0
2026-05-26 11:04:25.520 [INFO] main.cpp:384 -   队列大小: 0  平均耗时: 0.0ms
2026-05-26 11:04:26.521 [INFO] main.cpp:352 - ======== 总线统计 ========
2026-05-26 11:04:26.521 [INFO] main.cpp:353 -   总事务数:     300
2026-05-26 11:04:26.521 [INFO] main.cpp:354 -   总错误数:     300
2026-05-26 11:04:26.521 [INFO] main.cpp:355 -   发送字节数:   2400
2026-05-26 11:04:26.521 [INFO] main.cpp:356 -   接收字节数:   0
2026-05-26 11:04:26.521 [INFO] main.cpp:357 -   平均延迟:     0.00 ms
2026-05-26 11:04:26.521 [INFO] main.cpp:358 -   最大延迟:     0.00 ms
2026-05-26 11:04:26.521 [INFO] main.cpp:359 -   总线争用次数: 0
2026-05-26 11:04:26.522 [INFO] main.cpp:368 - ======== 轮询统计 ========
2026-05-26 11:04:26.522 [INFO] main.cpp:369 -   任务组数:     20
2026-05-26 11:04:26.522 [INFO] main.cpp:370 -   成功事务:     0
2026-05-26 11:04:26.522 [INFO] main.cpp:371 -   失败事务:     300
2026-05-26 11:04:26.522 [INFO] main.cpp:373 -   成功率:       0.0%
2026-05-26 11:04:26.522 [INFO] main.cpp:378 - ======== 命令队列统计 ========
2026-05-26 11:04:26.522 [INFO] main.cpp:379 -   已提交: 0  已执行: 0  成功: 0  失败: 0
2026-05-26 11:04:26.522 [INFO] main.cpp:384 -   队列大小: 0  平均耗时: 0.0ms
2026-05-26 11:04:27.523 [INFO] main.cpp:352 - ======== 总线统计 ========
2026-05-26 11:04:27.523 [INFO] main.cpp:353 -   总事务数:     320
2026-05-26 11:04:27.523 [INFO] main.cpp:354 -   总错误数:     300
2026-05-26 11:04:27.523 [INFO] main.cpp:355 -   发送字节数:   2560
2026-05-26 11:04:27.523 [INFO] main.cpp:356 -   接收字节数:   0
2026-05-26 11:04:27.523 [INFO] main.cpp:357 -   平均延迟:     0.00 ms
2026-05-26 11:04:27.523 [INFO] main.cpp:358 -   最大延迟:     0.00 ms
2026-05-26 11:04:27.523 [INFO] main.cpp:359 -   总线争用次数: 0
2026-05-26 11:04:27.524 [INFO] main.cpp:368 - ======== 轮询统计 ========
2026-05-26 11:04:27.524 [INFO] main.cpp:369 -   任务组数:     20
2026-05-26 11:04:27.524 [INFO] main.cpp:370 -   成功事务:     0
2026-05-26 11:04:27.524 [INFO] main.cpp:371 -   失败事务:     300
2026-05-26 11:04:27.524 [INFO] main.cpp:373 -   成功率:       0.0%
2026-05-26 11:04:27.524 [INFO] main.cpp:378 - ======== 命令队列统计 ========
2026-05-26 11:04:27.524 [INFO] main.cpp:379 -   已提交: 0  已执行: 0  成功: 0  失败: 0
2026-05-26 11:04:27.524 [INFO] main.cpp:384 -   队列大小: 0  平均耗时: 0.0ms
2026-05-26 11:04:28.524 [INFO] main.cpp:352 - ======== 总线统计 ========
2026-05-26 11:04:28.524 [INFO] main.cpp:353 -   总事务数:     320
2026-05-26 11:04:28.526 [INFO] main.cpp:354 -   总错误数:     320
2026-05-26 11:04:28.526 [INFO] main.cpp:355 -   发送字节数:   2560
2026-05-26 11:04:28.526 [INFO] main.cpp:356 -   接收字节数:   0
2026-05-26 11:04:28.526 [INFO] main.cpp:357 -   平均延迟:     0.00 ms
2026-05-26 11:04:28.526 [INFO] main.cpp:358 -   最大延迟:     0.00 ms
2026-05-26 11:04:28.526 [INFO] main.cpp:359 -   总线争用次数: 0
2026-05-26 11:04:28.526 [INFO] main.cpp:368 - ======== 轮询统计 ========
2026-05-26 11:04:28.526 [INFO] main.cpp:369 -   任务组数:     20
2026-05-26 11:04:28.526 [INFO] main.cpp:370 -   成功事务:     0
2026-05-26 11:04:28.526 [INFO] main.cpp:371 -   失败事务:     320
2026-05-26 11:04:28.526 [INFO] main.cpp:373 -   成功率:       0.0%
2026-05-26 11:04:28.526 [INFO] main.cpp:378 - ======== 命令队列统计 ========
2026-05-26 11:04:28.526 [INFO] main.cpp:379 -   已提交: 0  已执行: 0  成功: 0  失败: 0
2026-05-26 11:04:28.526 [INFO] main.cpp:384 -   队列大小: 0  平均耗时: 0.0ms
2026-05-26 11:04:29.527 [INFO] main.cpp:352 - ======== 总线统计 ========
2026-05-26 11:04:29.527 [INFO] main.cpp:353 -   总事务数:     320
2026-05-26 11:04:29.528 [INFO] main.cpp:354 -   总错误数:     320
2026-05-26 11:04:29.528 [INFO] main.cpp:355 -   发送字节数:   2560
2026-05-26 11:04:29.528 [INFO] main.cpp:356 -   接收字节数:   0
2026-05-26 11:04:29.528 [INFO] main.cpp:357 -   平均延迟:     0.00 ms
2026-05-26 11:04:29.528 [INFO] main.cpp:358 -   最大延迟:     0.00 ms
2026-05-26 11:04:29.528 [INFO] main.cpp:359 -   总线争用次数: 0
2026-05-26 11:04:29.528 [INFO] main.cpp:368 - ======== 轮询统计 ========
2026-05-26 11:04:29.528 [INFO] main.cpp:369 -   任务组数:     20
2026-05-26 11:04:29.528 [INFO] main.cpp:370 -   成功事务:     0
2026-05-26 11:04:29.528 [INFO] main.cpp:371 -   失败事务:     320
2026-05-26 11:04:29.528 [INFO] main.cpp:373 -   成功率:       0.0%
2026-05-26 11:04:29.528 [INFO] main.cpp:378 - ======== 命令队列统计 ========
2026-05-26 11:04:29.528 [INFO] main.cpp:379 -   已提交: 0  已执行: 0  成功: 0  失败: 0
2026-05-26 11:04:29.528 [INFO] main.cpp:384 -   队列大小: 0  平均耗时: 0.0ms
2026-05-26 11:04:30.529 [INFO] main.cpp:352 - ======== 总线统计 ========
2026-05-26 11:04:30.529 [INFO] main.cpp:353 -   总事务数:     320
2026-05-26 11:04:30.529 [INFO] main.cpp:354 -   总错误数:     320
2026-05-26 11:04:30.529 [INFO] main.cpp:355 -   发送字节数:   2560
2026-05-26 11:04:30.530 [INFO] main.cpp:356 -   接收字节数:   0
2026-05-26 11:04:30.530 [INFO] main.cpp:357 -   平均延迟:     0.00 ms
2026-05-26 11:04:30.530 [INFO] main.cpp:358 -   最大延迟:     0.00 ms
2026-05-26 11:04:30.530 [INFO] main.cpp:359 -   总线争用次数: 0
2026-05-26 11:04:30.530 [INFO] main.cpp:368 - ======== 轮询统计 ========
2026-05-26 11:04:30.530 [INFO] main.cpp:369 -   任务组数:     20
2026-05-26 11:04:30.530 [INFO] main.cpp:370 -   成功事务:     0
2026-05-26 11:04:30.530 [INFO] main.cpp:371 -   失败事务:     320
2026-05-26 11:04:30.530 [INFO] main.cpp:373 -   成功率:       0.0%
2026-05-26 11:04:30.530 [INFO] main.cpp:378 - ======== 命令队列统计 ========
2026-05-26 11:04:30.530 [INFO] main.cpp:379 -   已提交: 0  已执行: 0  成功: 0  失败: 0
2026-05-26 11:04:30.530 [INFO] main.cpp:384 -   队列大小: 0  平均耗时: 0.0ms
2026-05-26 11:04:31.531 [INFO] main.cpp:352 - ======== 总线统计 ========
2026-05-26 11:04:31.531 [INFO] main.cpp:353 -   总事务数:     320
2026-05-26 11:04:31.531 [INFO] main.cpp:354 -   总错误数:     320
2026-05-26 11:04:31.531 [INFO] main.cpp:355 -   发送字节数:   2560
2026-05-26 11:04:31.531 [INFO] main.cpp:356 -   接收字节数:   0
2026-05-26 11:04:31.532 [INFO] main.cpp:357 -   平均延迟:     0.00 ms
2026-05-26 11:04:31.532 [INFO] main.cpp:358 -   最大延迟:     0.00 ms
2026-05-26 11:04:31.532 [INFO] main.cpp:359 -   总线争用次数: 0
2026-05-26 11:04:31.532 [INFO] main.cpp:368 - ======== 轮询统计 ========
2026-05-26 11:04:31.532 [INFO] main.cpp:369 -   任务组数:     20
2026-05-26 11:04:31.532 [INFO] main.cpp:370 -   成功事务:     0
2026-05-26 11:04:31.532 [INFO] main.cpp:371 -   失败事务:     320
2026-05-26 11:04:31.532 [INFO] main.cpp:373 -   成功率:       0.0%
2026-05-26 11:04:31.532 [INFO] main.cpp:378 - ======== 命令队列统计 ========
2026-05-26 11:04:31.532 [INFO] main.cpp:379 -   已提交: 0  已执行: 0  成功: 0  失败: 0
2026-05-26 11:04:31.532 [INFO] main.cpp:384 -   队列大小: 0  平均耗时: 0.0ms
2026-05-26 11:04:32.533 [INFO] main.cpp:352 - ======== 总线统计 ========
2026-05-26 11:04:32.533 [INFO] main.cpp:353 -   总事务数:     340
2026-05-26 11:04:32.533 [INFO] main.cpp:354 -   总错误数:     320
2026-05-26 11:04:32.533 [INFO] main.cpp:355 -   发送字节数:   2720
2026-05-26 11:04:32.533 [INFO] main.cpp:356 -   接收字节数:   0
2026-05-26 11:04:32.533 [INFO] main.cpp:357 -   平均延迟:     0.00 ms
2026-05-26 11:04:32.534 [INFO] main.cpp:358 -   最大延迟:     0.00 ms
2026-05-26 11:04:32.534 [INFO] main.cpp:359 -   总线争用次数: 0
2026-05-26 11:04:32.534 [INFO] main.cpp:368 - ======== 轮询统计 ========
2026-05-26 11:04:32.534 [INFO] main.cpp:369 -   任务组数:     20
2026-05-26 11:04:32.534 [INFO] main.cpp:370 -   成功事务:     0
2026-05-26 11:04:32.534 [INFO] main.cpp:371 -   失败事务:     320
2026-05-26 11:04:32.534 [INFO] main.cpp:373 -   成功率:       0.0%
2026-05-26 11:04:32.534 [INFO] main.cpp:378 - ======== 命令队列统计 ========
2026-05-26 11:04:32.534 [INFO] main.cpp:379 -   已提交: 0  已执行: 0  成功: 0  失败: 0
2026-05-26 11:04:32.534 [INFO] main.cpp:384 -   队列大小: 0  平均耗时: 0.0ms
2026-05-26 11:04:33.535 [INFO] main.cpp:352 - ======== 总线统计 ========
2026-05-26 11:04:33.535 [INFO] main.cpp:353 -   总事务数:     340
2026-05-26 11:04:33.536 [INFO] main.cpp:354 -   总错误数:     340
2026-05-26 11:04:33.536 [INFO] main.cpp:355 -   发送字节数:   2720
2026-05-26 11:04:33.536 [INFO] main.cpp:356 -   接收字节数:   0
2026-05-26 11:04:33.536 [INFO] main.cpp:357 -   平均延迟:     0.00 ms
2026-05-26 11:04:33.537 [INFO] main.cpp:358 -   最大延迟:     0.00 ms
2026-05-26 11:04:33.537 [INFO] main.cpp:359 -   总线争用次数: 0
2026-05-26 11:04:33.537 [INFO] main.cpp:368 - ======== 轮询统计 ========
2026-05-26 11:04:33.537 [INFO] main.cpp:369 -   任务组数:     20
2026-05-26 11:04:33.537 [INFO] main.cpp:370 -   成功事务:     0
2026-05-26 11:04:33.537 [INFO] main.cpp:371 -   失败事务:     340
2026-05-26 11:04:33.537 [INFO] main.cpp:373 -   成功率:       0.0%
2026-05-26 11:04:33.537 [INFO] main.cpp:378 - ======== 命令队列统计 ========
2026-05-26 11:04:33.537 [INFO] main.cpp:379 -   已提交: 0  已执行: 0  成功: 0  失败: 0
2026-05-26 11:04:33.537 [INFO] main.cpp:384 -   队列大小: 0  平均耗时: 0.0ms
2026-05-26 11:04:34.537 [INFO] main.cpp:352 - ======== 总线统计 ========
2026-05-26 11:04:34.538 [INFO] main.cpp:353 -   总事务数:     340
2026-05-26 11:04:34.538 [INFO] main.cpp:354 -   总错误数:     340
2026-05-26 11:04:34.538 [INFO] main.cpp:355 -   发送字节数:   2720
2026-05-26 11:04:34.538 [INFO] main.cpp:356 -   接收字节数:   0
2026-05-26 11:04:34.538 [INFO] main.cpp:357 -   平均延迟:     0.00 ms
2026-05-26 11:04:34.538 [INFO] main.cpp:358 -   最大延迟:     0.00 ms
2026-05-26 11:04:34.538 [INFO] main.cpp:359 -   总线争用次数: 0
2026-05-26 11:04:34.538 [INFO] main.cpp:368 - ======== 轮询统计 ========
2026-05-26 11:04:34.538 [INFO] main.cpp:369 -   任务组数:     20
2026-05-26 11:04:34.538 [INFO] main.cpp:370 -   成功事务:     0
2026-05-26 11:04:34.538 [INFO] main.cpp:371 -   失败事务:     340
2026-05-26 11:04:34.538 [INFO] main.cpp:373 -   成功率:       0.0%
2026-05-26 11:04:34.538 [INFO] main.cpp:378 - ======== 命令队列统计 ========
2026-05-26 11:04:34.538 [INFO] main.cpp:379 -   已提交: 0  已执行: 0  成功: 0  失败: 0
2026-05-26 11:04:34.538 [INFO] main.cpp:384 -   队列大小: 0  平均耗时: 0.0ms
2026-05-26 11:04:35.539 [INFO] main.cpp:352 - ======== 总线统计 ========
2026-05-26 11:04:35.539 [INFO] main.cpp:353 -   总事务数:     340
2026-05-26 11:04:35.539 [INFO] main.cpp:354 -   总错误数:     340
2026-05-26 11:04:35.540 [INFO] main.cpp:355 -   发送字节数:   2720
2026-05-26 11:04:35.540 [INFO] main.cpp:356 -   接收字节数:   0
2026-05-26 11:04:35.540 [INFO] main.cpp:357 -   平均延迟:     0.00 ms
2026-05-26 11:04:35.540 [INFO] main.cpp:358 -   最大延迟:     0.00 ms
2026-05-26 11:04:35.540 [INFO] main.cpp:359 -   总线争用次数: 0
2026-05-26 11:04:35.540 [INFO] main.cpp:368 - ======== 轮询统计 ========
2026-05-26 11:04:35.540 [INFO] main.cpp:369 -   任务组数:     20
2026-05-26 11:04:35.540 [INFO] main.cpp:370 -   成功事务:     0
2026-05-26 11:04:35.540 [INFO] main.cpp:371 -   失败事务:     340
2026-05-26 11:04:35.540 [INFO] main.cpp:373 -   成功率:       0.0%
2026-05-26 11:04:35.540 [INFO] main.cpp:378 - ======== 命令队列统计 ========
2026-05-26 11:04:35.540 [INFO] main.cpp:379 -   已提交: 0  已执行: 0  成功: 0  失败: 0
2026-05-26 11:04:35.540 [INFO] main.cpp:384 -   队列大小: 0  平均耗时: 0.0ms
2026-05-26 11:04:36.541 [INFO] main.cpp:352 - ======== 总线统计 ========
2026-05-26 11:04:36.541 [INFO] main.cpp:353 -   总事务数:     340
2026-05-26 11:04:36.541 [INFO] main.cpp:354 -   总错误数:     340
2026-05-26 11:04:36.541 [INFO] main.cpp:355 -   发送字节数:   2720
2026-05-26 11:04:36.541 [INFO] main.cpp:356 -   接收字节数:   0
2026-05-26 11:04:36.541 [INFO] main.cpp:357 -   平均延迟:     0.00 ms
2026-05-26 11:04:36.541 [INFO] main.cpp:358 -   最大延迟:     0.00 ms
2026-05-26 11:04:36.541 [INFO] main.cpp:359 -   总线争用次数: 0
2026-05-26 11:04:36.541 [INFO] main.cpp:368 - ======== 轮询统计 ========
2026-05-26 11:04:36.541 [INFO] main.cpp:369 -   任务组数:     20
2026-05-26 11:04:36.541 [INFO] main.cpp:370 -   成功事务:     0
2026-05-26 11:04:36.542 [INFO] main.cpp:371 -   失败事务:     340
2026-05-26 11:04:36.542 [INFO] main.cpp:373 -   成功率:       0.0%
2026-05-26 11:04:36.542 [INFO] main.cpp:378 - ======== 命令队列统计 ========
2026-05-26 11:04:36.542 [INFO] main.cpp:379 -   已提交: 0  已执行: 0  成功: 0  失败: 0
2026-05-26 11:04:36.542 [INFO] main.cpp:384 -   队列大小: 0  平均耗时: 0.0ms
2026-05-26 11:04:37.543 [INFO] main.cpp:352 - ======== 总线统计 ========
2026-05-26 11:04:37.543 [INFO] main.cpp:353 -   总事务数:     360
2026-05-26 11:04:37.543 [INFO] main.cpp:354 -   总错误数:     340
2026-05-26 11:04:37.543 [INFO] main.cpp:355 -   发送字节数:   2880
2026-05-26 11:04:37.543 [INFO] main.cpp:356 -   接收字节数:   0
2026-05-26 11:04:37.543 [INFO] main.cpp:357 -   平均延迟:     0.00 ms
2026-05-26 11:04:37.543 [INFO] main.cpp:358 -   最大延迟:     0.00 ms
2026-05-26 11:04:37.543 [INFO] main.cpp:359 -   总线争用次数: 0
2026-05-26 11:04:37.543 [INFO] main.cpp:368 - ======== 轮询统计 ========
2026-05-26 11:04:37.543 [INFO] main.cpp:369 -   任务组数:     20
2026-05-26 11:04:37.543 [INFO] main.cpp:370 -   成功事务:     0
2026-05-26 11:04:37.543 [INFO] main.cpp:371 -   失败事务:     340
2026-05-26 11:04:37.544 [INFO] main.cpp:373 -   成功率:       0.0%
2026-05-26 11:04:37.544 [INFO] main.cpp:378 - ======== 命令队列统计 ========
2026-05-26 11:04:37.544 [INFO] main.cpp:379 -   已提交: 0  已执行: 0  成功: 0  失败: 0
2026-05-26 11:04:37.544 [INFO] main.cpp:384 -   队列大小: 0  平均耗时: 0.0ms
2026-05-26 11:04:38.544 [INFO] main.cpp:352 - ======== 总线统计 ========
2026-05-26 11:04:38.544 [INFO] main.cpp:353 -   总事务数:     360
2026-05-26 11:04:38.545 [INFO] main.cpp:354 -   总错误数:     360
2026-05-26 11:04:38.545 [INFO] main.cpp:355 -   发送字节数:   2880
2026-05-26 11:04:38.545 [INFO] main.cpp:356 -   接收字节数:   0
2026-05-26 11:04:38.545 [INFO] main.cpp:357 -   平均延迟:     0.00 ms
2026-05-26 11:04:38.546 [INFO] main.cpp:358 -   最大延迟:     0.00 ms
2026-05-26 11:04:38.546 [INFO] main.cpp:359 -   总线争用次数: 0
2026-05-26 11:04:38.546 [INFO] main.cpp:368 - ======== 轮询统计 ========
2026-05-26 11:04:38.546 [INFO] main.cpp:369 -   任务组数:     20
2026-05-26 11:04:38.546 [INFO] main.cpp:370 -   成功事务:     0
2026-05-26 11:04:38.546 [INFO] main.cpp:371 -   失败事务:     360
2026-05-26 11:04:38.546 [INFO] main.cpp:373 -   成功率:       0.0%
2026-05-26 11:04:38.546 [INFO] main.cpp:378 - ======== 命令队列统计 ========
2026-05-26 11:04:38.546 [INFO] main.cpp:379 -   已提交: 0  已执行: 0  成功: 0  失败: 0
2026-05-26 11:04:38.546 [INFO] main.cpp:384 -   队列大小: 0  平均耗时: 0.0ms
2026-05-26 11:04:39.547 [INFO] main.cpp:352 - ======== 总线统计 ========
2026-05-26 11:04:39.547 [INFO] main.cpp:353 -   总事务数:     360
2026-05-26 11:04:39.547 [INFO] main.cpp:354 -   总错误数:     360
2026-05-26 11:04:39.547 [INFO] main.cpp:355 -   发送字节数:   2880
2026-05-26 11:04:39.547 [INFO] main.cpp:356 -   接收字节数:   0
2026-05-26 11:04:39.547 [INFO] main.cpp:357 -   平均延迟:     0.00 ms
2026-05-26 11:04:39.547 [INFO] main.cpp:358 -   最大延迟:     0.00 ms
2026-05-26 11:04:39.547 [INFO] main.cpp:359 -   总线争用次数: 0
2026-05-26 11:04:39.547 [INFO] main.cpp:368 - ======== 轮询统计 ========
2026-05-26 11:04:39.547 [INFO] main.cpp:369 -   任务组数:     20
2026-05-26 11:04:39.548 [INFO] main.cpp:370 -   成功事务:     0
2026-05-26 11:04:39.548 [INFO] main.cpp:371 -   失败事务:     360
2026-05-26 11:04:39.548 [INFO] main.cpp:373 -   成功率:       0.0%
2026-05-26 11:04:39.548 [INFO] main.cpp:378 - ======== 命令队列统计 ========
2026-05-26 11:04:39.548 [INFO] main.cpp:379 -   已提交: 0  已执行: 0  成功: 0  失败: 0
2026-05-26 11:04:39.548 [INFO] main.cpp:384 -   队列大小: 0  平均耗时: 0.0ms
2026-05-26 11:04:40.549 [INFO] main.cpp:352 - ======== 总线统计 ========
2026-05-26 11:04:40.549 [INFO] main.cpp:353 -   总事务数:     360
2026-05-26 11:04:40.549 [INFO] main.cpp:354 -   总错误数:     360
2026-05-26 11:04:40.549 [INFO] main.cpp:355 -   发送字节数:   2880
2026-05-26 11:04:40.549 [INFO] main.cpp:356 -   接收字节数:   0
2026-05-26 11:04:40.549 [INFO] main.cpp:357 -   平均延迟:     0.00 ms
2026-05-26 11:04:40.549 [INFO] main.cpp:358 -   最大延迟:     0.00 ms
2026-05-26 11:04:40.549 [INFO] main.cpp:359 -   总线争用次数: 0
2026-05-26 11:04:40.549 [INFO] main.cpp:368 - ======== 轮询统计 ========
2026-05-26 11:04:40.549 [INFO] main.cpp:369 -   任务组数:     20
2026-05-26 11:04:40.549 [INFO] main.cpp:370 -   成功事务:     0
2026-05-26 11:04:40.550 [INFO] main.cpp:371 -   失败事务:     360
2026-05-26 11:04:40.550 [INFO] main.cpp:373 -   成功率:       0.0%
2026-05-26 11:04:40.550 [INFO] main.cpp:378 - ======== 命令队列统计 ========
2026-05-26 11:04:40.550 [INFO] main.cpp:379 -   已提交: 0  已执行: 0  成功: 0  失败: 0
2026-05-26 11:04:40.550 [INFO] main.cpp:384 -   队列大小: 0  平均耗时: 0.0ms
2026-05-26 11:04:41.551 [INFO] main.cpp:352 - ======== 总线统计 ========
2026-05-26 11:04:41.551 [INFO] main.cpp:353 -   总事务数:     360
2026-05-26 11:04:41.551 [INFO] main.cpp:354 -   总错误数:     360
2026-05-26 11:04:41.551 [INFO] main.cpp:355 -   发送字节数:   2880
2026-05-26 11:04:41.551 [INFO] main.cpp:356 -   接收字节数:   0
2026-05-26 11:04:41.551 [INFO] main.cpp:357 -   平均延迟:     0.00 ms
2026-05-26 11:04:41.551 [INFO] main.cpp:358 -   最大延迟:     0.00 ms
2026-05-26 11:04:41.551 [INFO] main.cpp:359 -   总线争用次数: 0
2026-05-26 11:04:41.551 [INFO] main.cpp:368 - ======== 轮询统计 ========
2026-05-26 11:04:41.551 [INFO] main.cpp:369 -   任务组数:     20
2026-05-26 11:04:41.551 [INFO] main.cpp:370 -   成功事务:     0
2026-05-26 11:04:41.551 [INFO] main.cpp:371 -   失败事务:     360
2026-05-26 11:04:41.551 [INFO] main.cpp:373 -   成功率:       0.0%
2026-05-26 11:04:41.551 [INFO] main.cpp:378 - ======== 命令队列统计 ========
2026-05-26 11:04:41.551 [INFO] main.cpp:379 -   已提交: 0  已执行: 0  成功: 0  失败: 0
2026-05-26 11:04:41.552 [INFO] main.cpp:384 -   队列大小: 0  平均耗时: 0.0ms
2026-05-26 11:04:42.553 [INFO] main.cpp:352 - ======== 总线统计 ========
2026-05-26 11:04:42.553 [INFO] main.cpp:353 -   总事务数:     380
2026-05-26 11:04:42.553 [INFO] main.cpp:354 -   总错误数:     360
2026-05-26 11:04:42.553 [INFO] main.cpp:355 -   发送字节数:   3040
2026-05-26 11:04:42.553 [INFO] main.cpp:356 -   接收字节数:   0
2026-05-26 11:04:42.553 [INFO] main.cpp:357 -   平均延迟:     0.00 ms
2026-05-26 11:04:42.553 [INFO] main.cpp:358 -   最大延迟:     0.00 ms
2026-05-26 11:04:42.553 [INFO] main.cpp:359 -   总线争用次数: 0
2026-05-26 11:04:42.553 [INFO] main.cpp:368 - ======== 轮询统计 ========
2026-05-26 11:04:42.553 [INFO] main.cpp:369 -   任务组数:     20
2026-05-26 11:04:42.553 [INFO] main.cpp:370 -   成功事务:     0
2026-05-26 11:04:42.553 [INFO] main.cpp:371 -   失败事务:     360
2026-05-26 11:04:42.553 [INFO] main.cpp:373 -   成功率:       0.0%
2026-05-26 11:04:42.553 [INFO] main.cpp:378 - ======== 命令队列统计 ========
2026-05-26 11:04:42.553 [INFO] main.cpp:379 -   已提交: 0  已执行: 0  成功: 0  失败: 0
2026-05-26 11:04:42.554 [INFO] main.cpp:384 -   队列大小: 0  平均耗时: 0.0ms
2026-05-26 11:04:43.554 [INFO] main.cpp:352 - ======== 总线统计 ========
2026-05-26 11:04:43.554 [INFO] main.cpp:353 -   总事务数:     380
2026-05-26 11:04:43.556 [INFO] main.cpp:354 -   总错误数:     380
2026-05-26 11:04:43.556 [INFO] main.cpp:355 -   发送字节数:   3040
2026-05-26 11:04:43.556 [INFO] main.cpp:356 -   接收字节数:   0
2026-05-26 11:04:43.556 [INFO] main.cpp:357 -   平均延迟:     0.00 ms
2026-05-26 11:04:43.556 [INFO] main.cpp:358 -   最大延迟:     0.00 ms
2026-05-26 11:04:43.556 [INFO] main.cpp:359 -   总线争用次数: 0
2026-05-26 11:04:43.556 [INFO] main.cpp:368 - ======== 轮询统计 ========
2026-05-26 11:04:43.556 [INFO] main.cpp:369 -   任务组数:     20
2026-05-26 11:04:43.556 [INFO] main.cpp:370 -   成功事务:     0
2026-05-26 11:04:43.556 [INFO] main.cpp:371 -   失败事务:     380
2026-05-26 11:04:43.556 [INFO] main.cpp:373 -   成功率:       0.0%
2026-05-26 11:04:43.556 [INFO] main.cpp:378 - ======== 命令队列统计 ========
2026-05-26 11:04:43.556 [INFO] main.cpp:379 -   已提交: 0  已执行: 0  成功: 0  失败: 0
2026-05-26 11:04:43.556 [INFO] main.cpp:384 -   队列大小: 0  平均耗时: 0.0ms
2026-05-26 11:04:44.557 [INFO] main.cpp:352 - ======== 总线统计 ========
2026-05-26 11:04:44.557 [INFO] main.cpp:353 -   总事务数:     380
2026-05-26 11:04:44.558 [INFO] main.cpp:354 -   总错误数:     380
2026-05-26 11:04:44.558 [INFO] main.cpp:355 -   发送字节数:   3040
2026-05-26 11:04:44.558 [INFO] main.cpp:356 -   接收字节数:   0
2026-05-26 11:04:44.558 [INFO] main.cpp:357 -   平均延迟:     0.00 ms
2026-05-26 11:04:44.558 [INFO] main.cpp:358 -   最大延迟:     0.00 ms
2026-05-26 11:04:44.558 [INFO] main.cpp:359 -   总线争用次数: 0
2026-05-26 11:04:44.558 [INFO] main.cpp:368 - ======== 轮询统计 ========
2026-05-26 11:04:44.558 [INFO] main.cpp:369 -   任务组数:     20
2026-05-26 11:04:44.558 [INFO] main.cpp:370 -   成功事务:     0
2026-05-26 11:04:44.558 [INFO] main.cpp:371 -   失败事务:     380
2026-05-26 11:04:44.558 [INFO] main.cpp:373 -   成功率:       0.0%
2026-05-26 11:04:44.558 [INFO] main.cpp:378 - ======== 命令队列统计 ========
2026-05-26 11:04:44.558 [INFO] main.cpp:379 -   已提交: 0  已执行: 0  成功: 0  失败: 0
2026-05-26 11:04:44.558 [INFO] main.cpp:384 -   队列大小: 0  平均耗时: 0.0ms
2026-05-26 11:04:45.559 [INFO] main.cpp:352 - ======== 总线统计 ========
2026-05-26 11:04:45.559 [INFO] main.cpp:353 -   总事务数:     380
2026-05-26 11:04:45.559 [INFO] main.cpp:354 -   总错误数:     380
2026-05-26 11:04:45.559 [INFO] main.cpp:355 -   发送字节数:   3040
2026-05-26 11:04:45.559 [INFO] main.cpp:356 -   接收字节数:   0
2026-05-26 11:04:45.559 [INFO] main.cpp:357 -   平均延迟:     0.00 ms
2026-05-26 11:04:45.559 [INFO] main.cpp:358 -   最大延迟:     0.00 ms
2026-05-26 11:04:45.560 [INFO] main.cpp:359 -   总线争用次数: 0
2026-05-26 11:04:45.560 [INFO] main.cpp:368 - ======== 轮询统计 ========
2026-05-26 11:04:45.560 [INFO] main.cpp:369 -   任务组数:     20
2026-05-26 11:04:45.560 [INFO] main.cpp:370 -   成功事务:     0
2026-05-26 11:04:45.560 [INFO] main.cpp:371 -   失败事务:     380
2026-05-26 11:04:45.560 [INFO] main.cpp:373 -   成功率:       0.0%
2026-05-26 11:04:45.560 [INFO] main.cpp:378 - ======== 命令队列统计 ========
2026-05-26 11:04:45.560 [INFO] main.cpp:379 -   已提交: 0  已执行: 0  成功: 0  失败: 0
2026-05-26 11:04:45.560 [INFO] main.cpp:384 -   队列大小: 0  平均耗时: 0.0ms
2026-05-26 11:04:46.561 [INFO] main.cpp:352 - ======== 总线统计 ========
2026-05-26 11:04:46.561 [INFO] main.cpp:353 -   总事务数:     380
2026-05-26 11:04:46.561 [INFO] main.cpp:354 -   总错误数:     380
2026-05-26 11:04:46.561 [INFO] main.cpp:355 -   发送字节数:   3040
2026-05-26 11:04:46.561 [INFO] main.cpp:356 -   接收字节数:   0
2026-05-26 11:04:46.561 [INFO] main.cpp:357 -   平均延迟:     0.00 ms
2026-05-26 11:04:46.561 [INFO] main.cpp:358 -   最大延迟:     0.00 ms
2026-05-26 11:04:46.561 [INFO] main.cpp:359 -   总线争用次数: 0
2026-05-26 11:04:46.561 [INFO] main.cpp:368 - ======== 轮询统计 ========
2026-05-26 11:04:46.561 [INFO] main.cpp:369 -   任务组数:     20
2026-05-26 11:04:46.561 [INFO] main.cpp:370 -   成功事务:     0
2026-05-26 11:04:46.561 [INFO] main.cpp:371 -   失败事务:     380
2026-05-26 11:04:46.561 [INFO] main.cpp:373 -   成功率:       0.0%
2026-05-26 11:04:46.561 [INFO] main.cpp:378 - ======== 命令队列统计 ========
2026-05-26 11:04:46.561 [INFO] main.cpp:379 -   已提交: 0  已执行: 0  成功: 0  失败: 0
2026-05-26 11:04:46.562 [INFO] main.cpp:384 -   队列大小: 0  平均耗时: 0.0ms
2026-05-26 11:04:47.563 [INFO] main.cpp:352 - ======== 总线统计 ========
2026-05-26 11:04:47.563 [INFO] main.cpp:353 -   总事务数:     400
2026-05-26 11:04:47.563 [INFO] main.cpp:354 -   总错误数:     380
2026-05-26 11:04:47.563 [INFO] main.cpp:355 -   发送字节数:   3200
2026-05-26 11:04:47.563 [INFO] main.cpp:356 -   接收字节数:   0
2026-05-26 11:04:47.563 [INFO] main.cpp:357 -   平均延迟:     0.00 ms
2026-05-26 11:04:47.563 [INFO] main.cpp:358 -   最大延迟:     0.00 ms
2026-05-26 11:04:47.563 [INFO] main.cpp:359 -   总线争用次数: 0
2026-05-26 11:04:47.563 [INFO] main.cpp:368 - ======== 轮询统计 ========
2026-05-26 11:04:47.563 [INFO] main.cpp:369 -   任务组数:     20
2026-05-26 11:04:47.563 [INFO] main.cpp:370 -   成功事务:     0
2026-05-26 11:04:47.563 [INFO] main.cpp:371 -   失败事务:     380
2026-05-26 11:04:47.563 [INFO] main.cpp:373 -   成功率:       0.0%
2026-05-26 11:04:47.563 [INFO] main.cpp:378 - ======== 命令队列统计 ========
2026-05-26 11:04:47.563 [INFO] main.cpp:379 -   已提交: 0  已执行: 0  成功: 0  失败: 0
2026-05-26 11:04:47.563 [INFO] main.cpp:384 -   队列大小: 0  平均耗时: 0.0ms
2026-05-26 11:04:48.564 [INFO] main.cpp:352 - ======== 总线统计 ========
2026-05-26 11:04:48.564 [INFO] main.cpp:353 -   总事务数:     400
2026-05-26 11:04:48.565 [INFO] main.cpp:354 -   总错误数:     400
2026-05-26 11:04:48.565 [INFO] main.cpp:355 -   发送字节数:   3200
2026-05-26 11:04:48.565 [INFO] main.cpp:356 -   接收字节数:   0
2026-05-26 11:04:48.566 [INFO] main.cpp:357 -   平均延迟:     0.00 ms
2026-05-26 11:04:48.566 [INFO] main.cpp:358 -   最大延迟:     0.00 ms
2026-05-26 11:04:48.566 [INFO] main.cpp:359 -   总线争用次数: 0
2026-05-26 11:04:48.566 [INFO] main.cpp:368 - ======== 轮询统计 ========
2026-05-26 11:04:48.566 [INFO] main.cpp:369 -   任务组数:     20
2026-05-26 11:04:48.566 [INFO] main.cpp:370 -   成功事务:     0
2026-05-26 11:04:48.566 [INFO] main.cpp:371 -   失败事务:     400
2026-05-26 11:04:48.566 [INFO] main.cpp:373 -   成功率:       0.0%
2026-05-26 11:04:48.566 [INFO] main.cpp:378 - ======== 命令队列统计 ========
2026-05-26 11:04:48.566 [INFO] main.cpp:379 -   已提交: 0  已执行: 0  成功: 0  失败: 0
2026-05-26 11:04:48.566 [INFO] main.cpp:384 -   队列大小: 0  平均耗时: 0.0ms
2026-05-26 11:04:49.567 [INFO] main.cpp:352 - ======== 总线统计 ========
2026-05-26 11:04:49.567 [INFO] main.cpp:353 -   总事务数:     400
2026-05-26 11:04:49.567 [INFO] main.cpp:354 -   总错误数:     400
2026-05-26 11:04:49.567 [INFO] main.cpp:355 -   发送字节数:   3200
2026-05-26 11:04:49.567 [INFO] main.cpp:356 -   接收字节数:   0
2026-05-26 11:04:49.567 [INFO] main.cpp:357 -   平均延迟:     0.00 ms
2026-05-26 11:04:49.567 [INFO] main.cpp:358 -   最大延迟:     0.00 ms
2026-05-26 11:04:49.568 [INFO] main.cpp:359 -   总线争用次数: 0
2026-05-26 11:04:49.568 [INFO] main.cpp:368 - ======== 轮询统计 ========
2026-05-26 11:04:49.568 [INFO] main.cpp:369 -   任务组数:     20
2026-05-26 11:04:49.568 [INFO] main.cpp:370 -   成功事务:     0
2026-05-26 11:04:49.568 [INFO] main.cpp:371 -   失败事务:     400
2026-05-26 11:04:49.568 [INFO] main.cpp:373 -   成功率:       0.0%
2026-05-26 11:04:49.568 [INFO] main.cpp:378 - ======== 命令队列统计 ========
2026-05-26 11:04:49.568 [INFO] main.cpp:379 -   已提交: 0  已执行: 0  成功: 0  失败: 0
2026-05-26 11:04:49.568 [INFO] main.cpp:384 -   队列大小: 0  平均耗时: 0.0ms
2026-05-26 11:04:50.568 [INFO] main.cpp:352 - ======== 总线统计 ========
2026-05-26 11:04:50.569 [INFO] main.cpp:353 -   总事务数:     400
2026-05-26 11:04:50.569 [INFO] main.cpp:354 -   总错误数:     400
2026-05-26 11:04:50.569 [INFO] main.cpp:355 -   发送字节数:   3200
2026-05-26 11:04:50.569 [INFO] main.cpp:356 -   接收字节数:   0
2026-05-26 11:04:50.569 [INFO] main.cpp:357 -   平均延迟:     0.00 ms
2026-05-26 11:04:50.569 [INFO] main.cpp:358 -   最大延迟:     0.00 ms
2026-05-26 11:04:50.569 [INFO] main.cpp:359 -   总线争用次数: 0
2026-05-26 11:04:50.569 [INFO] main.cpp:368 - ======== 轮询统计 ========
2026-05-26 11:04:50.569 [INFO] main.cpp:369 -   任务组数:     20
2026-05-26 11:04:50.569 [INFO] main.cpp:370 -   成功事务:     0
2026-05-26 11:04:50.569 [INFO] main.cpp:371 -   失败事务:     400
2026-05-26 11:04:50.569 [INFO] main.cpp:373 -   成功率:       0.0%
2026-05-26 11:04:50.569 [INFO] main.cpp:378 - ======== 命令队列统计 ========
2026-05-26 11:04:50.569 [INFO] main.cpp:379 -   已提交: 0  已执行: 0  成功: 0  失败: 0
2026-05-26 11:04:50.569 [INFO] main.cpp:384 -   队列大小: 0  平均耗时: 0.0ms
2026-05-26 11:04:51.570 [INFO] main.cpp:352 - ======== 总线统计 ========
2026-05-26 11:04:51.571 [INFO] main.cpp:353 -   总事务数:     400
2026-05-26 11:04:51.571 [INFO] main.cpp:354 -   总错误数:     400
2026-05-26 11:04:51.571 [INFO] main.cpp:355 -   发送字节数:   3200
2026-05-26 11:04:51.571 [INFO] main.cpp:356 -   接收字节数:   0
2026-05-26 11:04:51.571 [INFO] main.cpp:357 -   平均延迟:     0.00 ms
2026-05-26 11:04:51.571 [INFO] main.cpp:358 -   最大延迟:     0.00 ms
2026-05-26 11:04:51.571 [INFO] main.cpp:359 -   总线争用次数: 0
2026-05-26 11:04:51.571 [INFO] main.cpp:368 - ======== 轮询统计 ========
2026-05-26 11:04:51.571 [INFO] main.cpp:369 -   任务组数:     20
2026-05-26 11:04:51.571 [INFO] main.cpp:370 -   成功事务:     0
2026-05-26 11:04:51.571 [INFO] main.cpp:371 -   失败事务:     400
2026-05-26 11:04:51.571 [INFO] main.cpp:373 -   成功率:       0.0%
2026-05-26 11:04:51.571 [INFO] main.cpp:378 - ======== 命令队列统计 ========
2026-05-26 11:04:51.571 [INFO] main.cpp:379 -   已提交: 0  已执行: 0  成功: 0  失败: 0
2026-05-26 11:04:51.571 [INFO] main.cpp:384 -   队列大小: 0  平均耗时: 0.0ms
2026-05-26 11:04:52.572 [INFO] main.cpp:352 - ======== 总线统计 ========
2026-05-26 11:04:52.572 [INFO] main.cpp:353 -   总事务数:     420
2026-05-26 11:04:52.572 [INFO] main.cpp:354 -   总错误数:     400
2026-05-26 11:04:52.572 [INFO] main.cpp:355 -   发送字节数:   3360
2026-05-26 11:04:52.572 [INFO] main.cpp:356 -   接收字节数:   0
2026-05-26 11:04:52.572 [INFO] main.cpp:357 -   平均延迟:     0.00 ms
2026-05-26 11:04:52.572 [INFO] main.cpp:358 -   最大延迟:     0.00 ms
2026-05-26 11:04:52.572 [INFO] main.cpp:359 -   总线争用次数: 0
2026-05-26 11:04:52.572 [INFO] main.cpp:368 - ======== 轮询统计 ========
2026-05-26 11:04:52.573 [INFO] main.cpp:369 -   任务组数:     20
2026-05-26 11:04:52.573 [INFO] main.cpp:370 -   成功事务:     0
2026-05-26 11:04:52.573 [INFO] main.cpp:371 -   失败事务:     400
2026-05-26 11:04:52.573 [INFO] main.cpp:373 -   成功率:       0.0%
2026-05-26 11:04:52.573 [INFO] main.cpp:378 - ======== 命令队列统计 ========
2026-05-26 11:04:52.573 [INFO] main.cpp:379 -   已提交: 0  已执行: 0  成功: 0  失败: 0
2026-05-26 11:04:52.573 [INFO] main.cpp:384 -   队列大小: 0  平均耗时: 0.0ms
2026-05-26 11:04:53.574 [INFO] main.cpp:352 - ======== 总线统计 ========
2026-05-26 11:04:53.574 [INFO] main.cpp:353 -   总事务数:     420
2026-05-26 11:04:53.575 [INFO] main.cpp:354 -   总错误数:     420
2026-05-26 11:04:53.575 [INFO] main.cpp:355 -   发送字节数:   3360
2026-05-26 11:04:53.575 [INFO] main.cpp:356 -   接收字节数:   0
2026-05-26 11:04:53.575 [INFO] main.cpp:357 -   平均延迟:     0.00 ms
2026-05-26 11:04:53.575 [INFO] main.cpp:358 -   最大延迟:     0.00 ms
2026-05-26 11:04:53.575 [INFO] main.cpp:359 -   总线争用次数: 0
2026-05-26 11:04:53.576 [INFO] main.cpp:368 - ======== 轮询统计 ========
2026-05-26 11:04:53.576 [INFO] main.cpp:369 -   任务组数:     20
2026-05-26 11:04:53.576 [INFO] main.cpp:370 -   成功事务:     0
2026-05-26 11:04:53.576 [INFO] main.cpp:371 -   失败事务:     420
2026-05-26 11:04:53.576 [INFO] main.cpp:373 -   成功率:       0.0%
2026-05-26 11:04:53.576 [INFO] main.cpp:378 - ======== 命令队列统计 ========
2026-05-26 11:04:53.576 [INFO] main.cpp:379 -   已提交: 0  已执行: 0  成功: 0  失败: 0
2026-05-26 11:04:53.576 [INFO] main.cpp:384 -   队列大小: 0  平均耗时: 0.0ms
2026-05-26 11:04:54.577 [INFO] main.cpp:352 - ======== 总线统计 ========
2026-05-26 11:04:54.577 [INFO] main.cpp:353 -   总事务数:     420
2026-05-26 11:04:54.577 [INFO] main.cpp:354 -   总错误数:     420
2026-05-26 11:04:54.577 [INFO] main.cpp:355 -   发送字节数:   3360
2026-05-26 11:04:54.577 [INFO] main.cpp:356 -   接收字节数:   0
2026-05-26 11:04:54.577 [INFO] main.cpp:357 -   平均延迟:     0.00 ms
2026-05-26 11:04:54.577 [INFO] main.cpp:358 -   最大延迟:     0.00 ms
2026-05-26 11:04:54.577 [INFO] main.cpp:359 -   总线争用次数: 0
2026-05-26 11:04:54.577 [INFO] main.cpp:368 - ======== 轮询统计 ========
2026-05-26 11:04:54.577 [INFO] main.cpp:369 -   任务组数:     20
2026-05-26 11:04:54.577 [INFO] main.cpp:370 -   成功事务:     0
2026-05-26 11:04:54.577 [INFO] main.cpp:371 -   失败事务:     420
2026-05-26 11:04:54.578 [INFO] main.cpp:373 -   成功率:       0.0%
2026-05-26 11:04:54.578 [INFO] main.cpp:378 - ======== 命令队列统计 ========
2026-05-26 11:04:54.578 [INFO] main.cpp:379 -   已提交: 0  已执行: 0  成功: 0  失败: 0
2026-05-26 11:04:54.578 [INFO] main.cpp:384 -   队列大小: 0  平均耗时: 0.0ms
2026-05-26 11:04:55.579 [INFO] main.cpp:352 - ======== 总线统计 ========
2026-05-26 11:04:55.579 [INFO] main.cpp:353 -   总事务数:     420
2026-05-26 11:04:55.579 [INFO] main.cpp:354 -   总错误数:     420
2026-05-26 11:04:55.579 [INFO] main.cpp:355 -   发送字节数:   3360
2026-05-26 11:04:55.579 [INFO] main.cpp:356 -   接收字节数:   0
2026-05-26 11:04:55.579 [INFO] main.cpp:357 -   平均延迟:     0.00 ms
2026-05-26 11:04:55.579 [INFO] main.cpp:358 -   最大延迟:     0.00 ms
2026-05-26 11:04:55.579 [INFO] main.cpp:359 -   总线争用次数: 0
2026-05-26 11:04:55.579 [INFO] main.cpp:368 - ======== 轮询统计 ========
2026-05-26 11:04:55.579 [INFO] main.cpp:369 -   任务组数:     20
2026-05-26 11:04:55.579 [INFO] main.cpp:370 -   成功事务:     0
2026-05-26 11:04:55.579 [INFO] main.cpp:371 -   失败事务:     420
2026-05-26 11:04:55.579 [INFO] main.cpp:373 -   成功率:       0.0%
2026-05-26 11:04:55.579 [INFO] main.cpp:378 - ======== 命令队列统计 ========
2026-05-26 11:04:55.579 [INFO] main.cpp:379 -   已提交: 0  已执行: 0  成功: 0  失败: 0
2026-05-26 11:04:55.579 [INFO] main.cpp:384 -   队列大小: 0  平均耗时: 0.0ms
2026-05-26 11:04:56.581 [INFO] main.cpp:352 - ======== 总线统计 ========
2026-05-26 11:04:56.581 [INFO] main.cpp:353 -   总事务数:     420
2026-05-26 11:04:56.581 [INFO] main.cpp:354 -   总错误数:     420
2026-05-26 11:04:56.581 [INFO] main.cpp:355 -   发送字节数:   3360
2026-05-26 11:04:56.581 [INFO] main.cpp:356 -   接收字节数:   0
2026-05-26 11:04:56.581 [INFO] main.cpp:357 -   平均延迟:     0.00 ms
2026-05-26 11:04:56.581 [INFO] main.cpp:358 -   最大延迟:     0.00 ms
2026-05-26 11:04:56.581 [INFO] main.cpp:359 -   总线争用次数: 0
2026-05-26 11:04:56.581 [INFO] main.cpp:368 - ======== 轮询统计 ========
2026-05-26 11:04:56.581 [INFO] main.cpp:369 -   任务组数:     20
2026-05-26 11:04:56.581 [INFO] main.cpp:370 -   成功事务:     0
2026-05-26 11:04:56.581 [INFO] main.cpp:371 -   失败事务:     420
2026-05-26 11:04:56.581 [INFO] main.cpp:373 -   成功率:       0.0%
2026-05-26 11:04:56.581 [INFO] main.cpp:378 - ======== 命令队列统计 ========
2026-05-26 11:04:56.581 [INFO] main.cpp:379 -   已提交: 0  已执行: 0  成功: 0  失败: 0
2026-05-26 11:04:56.581 [INFO] main.cpp:384 -   队列大小: 0  平均耗时: 0.0ms
2026-05-26 11:04:57.582 [INFO] main.cpp:352 - ======== 总线统计 ========
2026-05-26 11:04:57.583 [INFO] main.cpp:353 -   总事务数:     440
2026-05-26 11:04:57.583 [INFO] main.cpp:354 -   总错误数:     420
2026-05-26 11:04:57.583 [INFO] main.cpp:355 -   发送字节数:   3520
2026-05-26 11:04:57.583 [INFO] main.cpp:356 -   接收字节数:   0
2026-05-26 11:04:57.583 [INFO] main.cpp:357 -   平均延迟:     0.00 ms
2026-05-26 11:04:57.583 [INFO] main.cpp:358 -   最大延迟:     0.00 ms
2026-05-26 11:04:57.583 [INFO] main.cpp:359 -   总线争用次数: 0
2026-05-26 11:04:57.583 [INFO] main.cpp:368 - ======== 轮询统计 ========
2026-05-26 11:04:57.583 [INFO] main.cpp:369 -   任务组数:     20
2026-05-26 11:04:57.583 [INFO] main.cpp:370 -   成功事务:     0
2026-05-26 11:04:57.583 [INFO] main.cpp:371 -   失败事务:     420
2026-05-26 11:04:57.583 [INFO] main.cpp:373 -   成功率:       0.0%
2026-05-26 11:04:57.583 [INFO] main.cpp:378 - ======== 命令队列统计 ========
2026-05-26 11:04:57.583 [INFO] main.cpp:379 -   已提交: 0  已执行: 0  成功: 0  失败: 0
2026-05-26 11:04:57.583 [INFO] main.cpp:384 -   队列大小: 0  平均耗时: 0.0ms
2026-05-26 11:04:58.584 [INFO] main.cpp:352 - ======== 总线统计 ========
2026-05-26 11:04:58.584 [INFO] main.cpp:353 -   总事务数:     440
2026-05-26 11:04:58.585 [INFO] main.cpp:354 -   总错误数:     440
2026-05-26 11:04:58.585 [INFO] main.cpp:355 -   发送字节数:   3520
2026-05-26 11:04:58.585 [INFO] main.cpp:356 -   接收字节数:   0
2026-05-26 11:04:58.586 [INFO] main.cpp:357 -   平均延迟:     0.00 ms
2026-05-26 11:04:58.586 [INFO] main.cpp:358 -   最大延迟:     0.00 ms
2026-05-26 11:04:58.586 [INFO] main.cpp:359 -   总线争用次数: 0
2026-05-26 11:04:58.586 [INFO] main.cpp:368 - ======== 轮询统计 ========
2026-05-26 11:04:58.586 [INFO] main.cpp:369 -   任务组数:     20
2026-05-26 11:04:58.586 [INFO] main.cpp:370 -   成功事务:     0
2026-05-26 11:04:58.586 [INFO] main.cpp:371 -   失败事务:     440
2026-05-26 11:04:58.586 [INFO] main.cpp:373 -   成功率:       0.0%
2026-05-26 11:04:58.586 [INFO] main.cpp:378 - ======== 命令队列统计 ========
2026-05-26 11:04:58.586 [INFO] main.cpp:379 -   已提交: 0  已执行: 0  成功: 0  失败: 0
2026-05-26 11:04:58.586 [INFO] main.cpp:384 -   队列大小: 0  平均耗时: 0.0ms
2026-05-26 11:04:59.587 [INFO] main.cpp:352 - ======== 总线统计 ========
2026-05-26 11:04:59.587 [INFO] main.cpp:353 -   总事务数:     440
2026-05-26 11:04:59.587 [INFO] main.cpp:354 -   总错误数:     440
2026-05-26 11:04:59.588 [INFO] main.cpp:355 -   发送字节数:   3520
2026-05-26 11:04:59.588 [INFO] main.cpp:356 -   接收字节数:   0
2026-05-26 11:04:59.588 [INFO] main.cpp:357 -   平均延迟:     0.00 ms
2026-05-26 11:04:59.588 [INFO] main.cpp:358 -   最大延迟:     0.00 ms
2026-05-26 11:04:59.588 [INFO] main.cpp:359 -   总线争用次数: 0
2026-05-26 11:04:59.588 [INFO] main.cpp:368 - ======== 轮询统计 ========
2026-05-26 11:04:59.588 [INFO] main.cpp:369 -   任务组数:     20
2026-05-26 11:04:59.588 [INFO] main.cpp:370 -   成功事务:     0
2026-05-26 11:04:59.588 [INFO] main.cpp:371 -   失败事务:     440
2026-05-26 11:04:59.588 [INFO] main.cpp:373 -   成功率:       0.0%
2026-05-26 11:04:59.588 [INFO] main.cpp:378 - ======== 命令队列统计 ========
2026-05-26 11:04:59.588 [INFO] main.cpp:379 -   已提交: 0  已执行: 0  成功: 0  失败: 0
2026-05-26 11:04:59.588 [INFO] main.cpp:384 -   队列大小: 0  平均耗时: 0.0ms
2026-05-26 11:05:00.589 [INFO] main.cpp:352 - ======== 总线统计 ========
2026-05-26 11:05:00.589 [INFO] main.cpp:353 -   总事务数:     440
2026-05-26 11:05:00.589 [INFO] main.cpp:354 -   总错误数:     440
2026-05-26 11:05:00.589 [INFO] main.cpp:355 -   发送字节数:   3520
2026-05-26 11:05:00.589 [INFO] main.cpp:356 -   接收字节数:   0
2026-05-26 11:05:00.589 [INFO] main.cpp:357 -   平均延迟:     0.00 ms
2026-05-26 11:05:00.589 [INFO] main.cpp:358 -   最大延迟:     0.00 ms
2026-05-26 11:05:00.589 [INFO] main.cpp:359 -   总线争用次数: 0
2026-05-26 11:05:00.589 [INFO] main.cpp:368 - ======== 轮询统计 ========
2026-05-26 11:05:00.589 [INFO] main.cpp:369 -   任务组数:     20
2026-05-26 11:05:00.590 [INFO] main.cpp:370 -   成功事务:     0
2026-05-26 11:05:00.590 [INFO] main.cpp:371 -   失败事务:     440
2026-05-26 11:05:00.590 [INFO] main.cpp:373 -   成功率:       0.0%
2026-05-26 11:05:00.590 [INFO] main.cpp:378 - ======== 命令队列统计 ========
2026-05-26 11:05:00.590 [INFO] main.cpp:379 -   已提交: 0  已执行: 0  成功: 0  失败: 0
2026-05-26 11:05:00.590 [INFO] main.cpp:384 -   队列大小: 0  平均耗时: 0.0ms
2026-05-26 11:05:01.591 [INFO] main.cpp:352 - ======== 总线统计 ========
2026-05-26 11:05:01.591 [INFO] main.cpp:353 -   总事务数:     440
2026-05-26 11:05:01.591 [INFO] main.cpp:354 -   总错误数:     440
2026-05-26 11:05:01.591 [INFO] main.cpp:355 -   发送字节数:   3520
2026-05-26 11:05:01.591 [INFO] main.cpp:356 -   接收字节数:   0
2026-05-26 11:05:01.591 [INFO] main.cpp:357 -   平均延迟:     0.00 ms
2026-05-26 11:05:01.591 [INFO] main.cpp:358 -   最大延迟:     0.00 ms
2026-05-26 11:05:01.591 [INFO] main.cpp:359 -   总线争用次数: 0
2026-05-26 11:05:01.591 [INFO] main.cpp:368 - ======== 轮询统计 ========
2026-05-26 11:05:01.591 [INFO] main.cpp:369 -   任务组数:     20
2026-05-26 11:05:01.591 [INFO] main.cpp:370 -   成功事务:     0
2026-05-26 11:05:01.591 [INFO] main.cpp:371 -   失败事务:     440
2026-05-26 11:05:01.591 [INFO] main.cpp:373 -   成功率:       0.0%
2026-05-26 11:05:01.591 [INFO] main.cpp:378 - ======== 命令队列统计 ========
2026-05-26 11:05:01.591 [INFO] main.cpp:379 -   已提交: 0  已执行: 0  成功: 0  失败: 0
2026-05-26 11:05:01.592 [INFO] main.cpp:384 -   队列大小: 0  平均耗时: 0.0ms
2026-05-26 11:05:02.596 [INFO] main.cpp:352 - ======== 总线统计 ========
2026-05-26 11:05:02.596 [INFO] main.cpp:353 -   总事务数:     460
2026-05-26 11:05:02.596 [INFO] main.cpp:354 -   总错误数:     440
2026-05-26 11:05:02.596 [INFO] main.cpp:355 -   发送字节数:   3680
2026-05-26 11:05:02.596 [INFO] main.cpp:356 -   接收字节数:   0
2026-05-26 11:05:02.596 [INFO] main.cpp:357 -   平均延迟:     0.00 ms
2026-05-26 11:05:02.596 [INFO] main.cpp:358 -   最大延迟:     0.00 ms
2026-05-26 11:05:02.596 [INFO] main.cpp:359 -   总线争用次数: 0
2026-05-26 11:05:02.596 [INFO] main.cpp:368 - ======== 轮询统计 ========
2026-05-26 11:05:02.596 [INFO] main.cpp:369 -   任务组数:     20
2026-05-26 11:05:02.596 [INFO] main.cpp:370 -   成功事务:     0
2026-05-26 11:05:02.596 [INFO] main.cpp:371 -   失败事务:     440
2026-05-26 11:05:02.597 [INFO] main.cpp:373 -   成功率:       0.0%
2026-05-26 11:05:02.597 [INFO] main.cpp:378 - ======== 命令队列统计 ========
2026-05-26 11:05:02.597 [INFO] main.cpp:379 -   已提交: 0  已执行: 0  成功: 0  失败: 0
2026-05-26 11:05:02.597 [INFO] main.cpp:384 -   队列大小: 0  平均耗时: 0.0ms
2026-05-26 11:05:03.598 [INFO] main.cpp:352 - ======== 总线统计 ========
2026-05-26 11:05:03.598 [INFO] main.cpp:353 -   总事务数:     460
2026-05-26 11:05:03.599 [INFO] main.cpp:354 -   总错误数:     460
2026-05-26 11:05:03.599 [INFO] main.cpp:355 -   发送字节数:   3680
2026-05-26 11:05:03.599 [INFO] main.cpp:356 -   接收字节数:   0
2026-05-26 11:05:03.599 [INFO] main.cpp:357 -   平均延迟:     0.00 ms
2026-05-26 11:05:03.599 [INFO] main.cpp:358 -   最大延迟:     0.00 ms
2026-05-26 11:05:03.599 [INFO] main.cpp:359 -   总线争用次数: 0
2026-05-26 11:05:03.599 [INFO] main.cpp:368 - ======== 轮询统计 ========
2026-05-26 11:05:03.599 [INFO] main.cpp:369 -   任务组数:     20
2026-05-26 11:05:03.599 [INFO] main.cpp:370 -   成功事务:     0
2026-05-26 11:05:03.599 [INFO] main.cpp:371 -   失败事务:     460
2026-05-26 11:05:03.599 [INFO] main.cpp:373 -   成功率:       0.0%
2026-05-26 11:05:03.599 [INFO] main.cpp:378 - ======== 命令队列统计 ========
2026-05-26 11:05:03.599 [INFO] main.cpp:379 -   已提交: 0  已执行: 0  成功: 0  失败: 0
2026-05-26 11:05:03.600 [INFO] main.cpp:384 -   队列大小: 0  平均耗时: 0.0ms
2026-05-26 11:05:04.600 [INFO] main.cpp:352 - ======== 总线统计 ========
2026-05-26 11:05:04.600 [INFO] main.cpp:353 -   总事务数:     460
2026-05-26 11:05:04.600 [INFO] main.cpp:354 -   总错误数:     460
2026-05-26 11:05:04.600 [INFO] main.cpp:355 -   发送字节数:   3680
2026-05-26 11:05:04.600 [INFO] main.cpp:356 -   接收字节数:   0
2026-05-26 11:05:04.600 [INFO] main.cpp:357 -   平均延迟:     0.00 ms
2026-05-26 11:05:04.601 [INFO] main.cpp:358 -   最大延迟:     0.00 ms
2026-05-26 11:05:04.601 [INFO] main.cpp:359 -   总线争用次数: 0
2026-05-26 11:05:04.601 [INFO] main.cpp:368 - ======== 轮询统计 ========
2026-05-26 11:05:04.601 [INFO] main.cpp:369 -   任务组数:     20
2026-05-26 11:05:04.601 [INFO] main.cpp:370 -   成功事务:     0
2026-05-26 11:05:04.601 [INFO] main.cpp:371 -   失败事务:     460
2026-05-26 11:05:04.601 [INFO] main.cpp:373 -   成功率:       0.0%
2026-05-26 11:05:04.601 [INFO] main.cpp:378 - ======== 命令队列统计 ========
2026-05-26 11:05:04.601 [INFO] main.cpp:379 -   已提交: 0  已执行: 0  成功: 0  失败: 0
2026-05-26 11:05:04.601 [INFO] main.cpp:384 -   队列大小: 0  平均耗时: 0.0ms
2026-05-26 11:05:05.602 [INFO] main.cpp:352 - ======== 总线统计 ========
2026-05-26 11:05:05.602 [INFO] main.cpp:353 -   总事务数:     460
2026-05-26 11:05:05.602 [INFO] main.cpp:354 -   总错误数:     460
2026-05-26 11:05:05.602 [INFO] main.cpp:355 -   发送字节数:   3680
2026-05-26 11:05:05.602 [INFO] main.cpp:356 -   接收字节数:   0
2026-05-26 11:05:05.603 [INFO] main.cpp:357 -   平均延迟:     0.00 ms
2026-05-26 11:05:05.603 [INFO] main.cpp:358 -   最大延迟:     0.00 ms
2026-05-26 11:05:05.603 [INFO] main.cpp:359 -   总线争用次数: 0
2026-05-26 11:05:05.603 [INFO] main.cpp:368 - ======== 轮询统计 ========
2026-05-26 11:05:05.603 [INFO] main.cpp:369 -   任务组数:     20
2026-05-26 11:05:05.603 [INFO] main.cpp:370 -   成功事务:     0
2026-05-26 11:05:05.603 [INFO] main.cpp:371 -   失败事务:     460
2026-05-26 11:05:05.603 [INFO] main.cpp:373 -   成功率:       0.0%
2026-05-26 11:05:05.603 [INFO] main.cpp:378 - ======== 命令队列统计 ========
2026-05-26 11:05:05.603 [INFO] main.cpp:379 -   已提交: 0  已执行: 0  成功: 0  失败: 0
2026-05-26 11:05:05.603 [INFO] main.cpp:384 -   队列大小: 0  平均耗时: 0.0ms
2026-05-26 11:05:06.604 [INFO] main.cpp:352 - ======== 总线统计 ========
2026-05-26 11:05:06.604 [INFO] main.cpp:353 -   总事务数:     460
2026-05-26 11:05:06.604 [INFO] main.cpp:354 -   总错误数:     460
2026-05-26 11:05:06.604 [INFO] main.cpp:355 -   发送字节数:   3680
2026-05-26 11:05:06.605 [INFO] main.cpp:356 -   接收字节数:   0
2026-05-26 11:05:06.605 [INFO] main.cpp:357 -   平均延迟:     0.00 ms
2026-05-26 11:05:06.605 [INFO] main.cpp:358 -   最大延迟:     0.00 ms
2026-05-26 11:05:06.605 [INFO] main.cpp:359 -   总线争用次数: 0
2026-05-26 11:05:06.605 [INFO] main.cpp:368 - ======== 轮询统计 ========
2026-05-26 11:05:06.605 [INFO] main.cpp:369 -   任务组数:     20
2026-05-26 11:05:06.605 [INFO] main.cpp:370 -   成功事务:     0
2026-05-26 11:05:06.605 [INFO] main.cpp:371 -   失败事务:     460
2026-05-26 11:05:06.605 [INFO] main.cpp:373 -   成功率:       0.0%
2026-05-26 11:05:06.605 [INFO] main.cpp:378 - ======== 命令队列统计 ========
2026-05-26 11:05:06.605 [INFO] main.cpp:379 -   已提交: 0  已执行: 0  成功: 0  失败: 0
2026-05-26 11:05:06.605 [INFO] main.cpp:384 -   队列大小: 0  平均耗时: 0.0ms
2026-05-26 11:05:07.606 [INFO] main.cpp:352 - ======== 总线统计 ========
2026-05-26 11:05:07.606 [INFO] main.cpp:353 -   总事务数:     480
2026-05-26 11:05:07.606 [INFO] main.cpp:354 -   总错误数:     460
2026-05-26 11:05:07.606 [INFO] main.cpp:355 -   发送字节数:   3840
2026-05-26 11:05:07.606 [INFO] main.cpp:356 -   接收字节数:   0
2026-05-26 11:05:07.606 [INFO] main.cpp:357 -   平均延迟:     0.00 ms
2026-05-26 11:05:07.606 [INFO] main.cpp:358 -   最大延迟:     0.00 ms
2026-05-26 11:05:07.606 [INFO] main.cpp:359 -   总线争用次数: 0
2026-05-26 11:05:07.606 [INFO] main.cpp:368 - ======== 轮询统计 ========
2026-05-26 11:05:07.606 [INFO] main.cpp:369 -   任务组数:     20
2026-05-26 11:05:07.606 [INFO] main.cpp:370 -   成功事务:     0
2026-05-26 11:05:07.606 [INFO] main.cpp:371 -   失败事务:     460
2026-05-26 11:05:07.606 [INFO] main.cpp:373 -   成功率:       0.0%
2026-05-26 11:05:07.606 [INFO] main.cpp:378 - ======== 命令队列统计 ========
2026-05-26 11:05:07.606 [INFO] main.cpp:379 -   已提交: 0  已执行: 0  成功: 0  失败: 0
2026-05-26 11:05:07.607 [INFO] main.cpp:384 -   队列大小: 0  平均耗时: 0.0ms
2026-05-26 11:05:08.607 [INFO] main.cpp:352 - ======== 总线统计 ========
2026-05-26 11:05:08.607 [INFO] main.cpp:353 -   总事务数:     480
2026-05-26 11:05:08.608 [INFO] main.cpp:354 -   总错误数:     480
2026-05-26 11:05:08.608 [INFO] main.cpp:355 -   发送字节数:   3840
2026-05-26 11:05:08.608 [INFO] main.cpp:356 -   接收字节数:   0
2026-05-26 11:05:08.609 [INFO] main.cpp:357 -   平均延迟:     0.00 ms
2026-05-26 11:05:08.609 [INFO] main.cpp:358 -   最大延迟:     0.00 ms
2026-05-26 11:05:08.609 [INFO] main.cpp:359 -   总线争用次数: 0
2026-05-26 11:05:08.609 [INFO] main.cpp:368 - ======== 轮询统计 ========
2026-05-26 11:05:08.609 [INFO] main.cpp:369 -   任务组数:     20
2026-05-26 11:05:08.609 [INFO] main.cpp:370 -   成功事务:     0
2026-05-26 11:05:08.609 [INFO] main.cpp:371 -   失败事务:     480
2026-05-26 11:05:08.609 [INFO] main.cpp:373 -   成功率:       0.0%
2026-05-26 11:05:08.609 [INFO] main.cpp:378 - ======== 命令队列统计 ========
2026-05-26 11:05:08.609 [INFO] main.cpp:379 -   已提交: 0  已执行: 0  成功: 0  失败: 0
2026-05-26 11:05:08.609 [INFO] main.cpp:384 -   队列大小: 0  平均耗时: 0.0ms
2026-05-26 11:05:09.610 [INFO] main.cpp:352 - ======== 总线统计 ========
2026-05-26 11:05:09.610 [INFO] main.cpp:353 -   总事务数:     480
2026-05-26 11:05:09.610 [INFO] main.cpp:354 -   总错误数:     480
2026-05-26 11:05:09.610 [INFO] main.cpp:355 -   发送字节数:   3840
2026-05-26 11:05:09.610 [INFO] main.cpp:356 -   接收字节数:   0
2026-05-26 11:05:09.610 [INFO] main.cpp:357 -   平均延迟:     0.00 ms
2026-05-26 11:05:09.610 [INFO] main.cpp:358 -   最大延迟:     0.00 ms
2026-05-26 11:05:09.610 [INFO] main.cpp:359 -   总线争用次数: 0
2026-05-26 11:05:09.610 [INFO] main.cpp:368 - ======== 轮询统计 ========
2026-05-26 11:05:09.610 [INFO] main.cpp:369 -   任务组数:     20
2026-05-26 11:05:09.610 [INFO] main.cpp:370 -   成功事务:     0
2026-05-26 11:05:09.610 [INFO] main.cpp:371 -   失败事务:     480
2026-05-26 11:05:09.610 [INFO] main.cpp:373 -   成功率:       0.0%
2026-05-26 11:05:09.610 [INFO] main.cpp:378 - ======== 命令队列统计 ========
2026-05-26 11:05:09.610 [INFO] main.cpp:379 -   已提交: 0  已执行: 0  成功: 0  失败: 0
2026-05-26 11:05:09.610 [INFO] main.cpp:384 -   队列大小: 0  平均耗时: 0.0ms
2026-05-26 11:05:10.611 [INFO] main.cpp:352 - ======== 总线统计 ========
2026-05-26 11:05:10.612 [INFO] main.cpp:353 -   总事务数:     480
2026-05-26 11:05:10.612 [INFO] main.cpp:354 -   总错误数:     480
2026-05-26 11:05:10.612 [INFO] main.cpp:355 -   发送字节数:   3840
2026-05-26 11:05:10.612 [INFO] main.cpp:356 -   接收字节数:   0
2026-05-26 11:05:10.612 [INFO] main.cpp:357 -   平均延迟:     0.00 ms
2026-05-26 11:05:10.612 [INFO] main.cpp:358 -   最大延迟:     0.00 ms
2026-05-26 11:05:10.612 [INFO] main.cpp:359 -   总线争用次数: 0
2026-05-26 11:05:10.612 [INFO] main.cpp:368 - ======== 轮询统计 ========
2026-05-26 11:05:10.612 [INFO] main.cpp:369 -   任务组数:     20
2026-05-26 11:05:10.612 [INFO] main.cpp:370 -   成功事务:     0
2026-05-26 11:05:10.612 [INFO] main.cpp:371 -   失败事务:     480
2026-05-26 11:05:10.612 [INFO] main.cpp:373 -   成功率:       0.0%
2026-05-26 11:05:10.612 [INFO] main.cpp:378 - ======== 命令队列统计 ========
2026-05-26 11:05:10.612 [INFO] main.cpp:379 -   已提交: 0  已执行: 0  成功: 0  失败: 0
2026-05-26 11:05:10.612 [INFO] main.cpp:384 -   队列大小: 0  平均耗时: 0.0ms
2026-05-26 11:05:11.613 [INFO] main.cpp:352 - ======== 总线统计 ========
2026-05-26 11:05:11.614 [INFO] main.cpp:353 -   总事务数:     480
2026-05-26 11:05:11.614 [INFO] main.cpp:354 -   总错误数:     480
2026-05-26 11:05:11.614 [INFO] main.cpp:355 -   发送字节数:   3840
2026-05-26 11:05:11.614 [INFO] main.cpp:356 -   接收字节数:   0
2026-05-26 11:05:11.614 [INFO] main.cpp:357 -   平均延迟:     0.00 ms
2026-05-26 11:05:11.614 [INFO] main.cpp:358 -   最大延迟:     0.00 ms
2026-05-26 11:05:11.614 [INFO] main.cpp:359 -   总线争用次数: 0
2026-05-26 11:05:11.614 [INFO] main.cpp:368 - ======== 轮询统计 ========
2026-05-26 11:05:11.614 [INFO] main.cpp:369 -   任务组数:     20
2026-05-26 11:05:11.614 [INFO] main.cpp:370 -   成功事务:     0
2026-05-26 11:05:11.614 [INFO] main.cpp:371 -   失败事务:     480
2026-05-26 11:05:11.614 [INFO] main.cpp:373 -   成功率:       0.0%
2026-05-26 11:05:11.614 [INFO] main.cpp:378 - ======== 命令队列统计 ========
2026-05-26 11:05:11.614 [INFO] main.cpp:379 -   已提交: 0  已执行: 0  成功: 0  失败: 0
2026-05-26 11:05:11.614 [INFO] main.cpp:384 -   队列大小: 0  平均耗时: 0.0ms
2026-05-26 11:05:12.615 [INFO] main.cpp:352 - ======== 总线统计 ========
2026-05-26 11:05:12.615 [INFO] main.cpp:353 -   总事务数:     500
2026-05-26 11:05:12.615 [INFO] main.cpp:354 -   总错误数:     480
2026-05-26 11:05:12.615 [INFO] main.cpp:355 -   发送字节数:   4000
2026-05-26 11:05:12.615 [INFO] main.cpp:356 -   接收字节数:   0
2026-05-26 11:05:12.615 [INFO] main.cpp:357 -   平均延迟:     0.00 ms
2026-05-26 11:05:12.615 [INFO] main.cpp:358 -   最大延迟:     0.00 ms
2026-05-26 11:05:12.615 [INFO] main.cpp:359 -   总线争用次数: 0
2026-05-26 11:05:12.615 [INFO] main.cpp:368 - ======== 轮询统计 ========
2026-05-26 11:05:12.615 [INFO] main.cpp:369 -   任务组数:     20
2026-05-26 11:05:12.615 [INFO] main.cpp:370 -   成功事务:     0
2026-05-26 11:05:12.615 [INFO] main.cpp:371 -   失败事务:     480
2026-05-26 11:05:12.615 [INFO] main.cpp:373 -   成功率:       0.0%
2026-05-26 11:05:12.615 [INFO] main.cpp:378 - ======== 命令队列统计 ========
2026-05-26 11:05:12.615 [INFO] main.cpp:379 -   已提交: 0  已执行: 0  成功: 0  失败: 0
2026-05-26 11:05:12.616 [INFO] main.cpp:384 -   队列大小: 0  平均耗时: 0.0ms
2026-05-26 11:05:13.617 [INFO] main.cpp:352 - ======== 总线统计 ========
2026-05-26 11:05:13.617 [INFO] main.cpp:353 -   总事务数:     500
2026-05-26 11:05:13.618 [INFO] main.cpp:354 -   总错误数:     500
2026-05-26 11:05:13.618 [INFO] main.cpp:355 -   发送字节数:   4000
2026-05-26 11:05:13.618 [INFO] main.cpp:356 -   接收字节数:   0
2026-05-26 11:05:13.618 [INFO] main.cpp:357 -   平均延迟:     0.00 ms
2026-05-26 11:05:13.618 [INFO] main.cpp:358 -   最大延迟:     0.00 ms
2026-05-26 11:05:13.618 [INFO] main.cpp:359 -   总线争用次数: 0
2026-05-26 11:05:13.618 [INFO] main.cpp:368 - ======== 轮询统计 ========
2026-05-26 11:05:13.618 [INFO] main.cpp:369 -   任务组数:     20
2026-05-26 11:05:13.618 [INFO] main.cpp:370 -   成功事务:     0
2026-05-26 11:05:13.618 [INFO] main.cpp:371 -   失败事务:     500
2026-05-26 11:05:13.618 [INFO] main.cpp:373 -   成功率:       0.0%
2026-05-26 11:05:13.619 [INFO] main.cpp:378 - ======== 命令队列统计 ========
2026-05-26 11:05:13.619 [INFO] main.cpp:379 -   已提交: 0  已执行: 0  成功: 0  失败: 0
2026-05-26 11:05:13.619 [INFO] main.cpp:384 -   队列大小: 0  平均耗时: 0.0ms
2026-05-26 11:05:14.620 [INFO] main.cpp:352 - ======== 总线统计 ========
2026-05-26 11:05:14.620 [INFO] main.cpp:353 -   总事务数:     500
2026-05-26 11:05:14.620 [INFO] main.cpp:354 -   总错误数:     500
2026-05-26 11:05:14.620 [INFO] main.cpp:355 -   发送字节数:   4000
2026-05-26 11:05:14.620 [INFO] main.cpp:356 -   接收字节数:   0
2026-05-26 11:05:14.620 [INFO] main.cpp:357 -   平均延迟:     0.00 ms
2026-05-26 11:05:14.620 [INFO] main.cpp:358 -   最大延迟:     0.00 ms
2026-05-26 11:05:14.620 [INFO] main.cpp:359 -   总线争用次数: 0
2026-05-26 11:05:14.620 [INFO] main.cpp:368 - ======== 轮询统计 ========
2026-05-26 11:05:14.620 [INFO] main.cpp:369 -   任务组数:     20
2026-05-26 11:05:14.620 [INFO] main.cpp:370 -   成功事务:     0
2026-05-26 11:05:14.620 [INFO] main.cpp:371 -   失败事务:     500
2026-05-26 11:05:14.620 [INFO] main.cpp:373 -   成功率:       0.0%
2026-05-26 11:05:14.620 [INFO] main.cpp:378 - ======== 命令队列统计 ========
2026-05-26 11:05:14.620 [INFO] main.cpp:379 -   已提交: 0  已执行: 0  成功: 0  失败: 0
2026-05-26 11:05:14.621 [INFO] main.cpp:384 -   队列大小: 0  平均耗时: 0.0ms
2026-05-26 11:05:15.622 [INFO] main.cpp:352 - ======== 总线统计 ========
2026-05-26 11:05:15.622 [INFO] main.cpp:353 -   总事务数:     500
2026-05-26 11:05:15.622 [INFO] main.cpp:354 -   总错误数:     500
2026-05-26 11:05:15.622 [INFO] main.cpp:355 -   发送字节数:   4000
2026-05-26 11:05:15.622 [INFO] main.cpp:356 -   接收字节数:   0
2026-05-26 11:05:15.622 [INFO] main.cpp:357 -   平均延迟:     0.00 ms
2026-05-26 11:05:15.622 [INFO] main.cpp:358 -   最大延迟:     0.00 ms
2026-05-26 11:05:15.622 [INFO] main.cpp:359 -   总线争用次数: 0
2026-05-26 11:05:15.622 [INFO] main.cpp:368 - ======== 轮询统计 ========
2026-05-26 11:05:15.622 [INFO] main.cpp:369 -   任务组数:     20
2026-05-26 11:05:15.622 [INFO] main.cpp:370 -   成功事务:     0
2026-05-26 11:05:15.622 [INFO] main.cpp:371 -   失败事务:     500
2026-05-26 11:05:15.622 [INFO] main.cpp:373 -   成功率:       0.0%
2026-05-26 11:05:15.622 [INFO] main.cpp:378 - ======== 命令队列统计 ========
2026-05-26 11:05:15.622 [INFO] main.cpp:379 -   已提交: 0  已执行: 0  成功: 0  失败: 0
2026-05-26 11:05:15.622 [INFO] main.cpp:384 -   队列大小: 0  平均耗时: 0.0ms
2026-05-26 11:05:16.624 [INFO] main.cpp:352 - ======== 总线统计 ========
2026-05-26 11:05:16.624 [INFO] main.cpp:353 -   总事务数:     500
2026-05-26 11:05:16.624 [INFO] main.cpp:354 -   总错误数:     500
2026-05-26 11:05:16.624 [INFO] main.cpp:355 -   发送字节数:   4000
2026-05-26 11:05:16.624 [INFO] main.cpp:356 -   接收字节数:   0
2026-05-26 11:05:16.624 [INFO] main.cpp:357 -   平均延迟:     0.00 ms
2026-05-26 11:05:16.624 [INFO] main.cpp:358 -   最大延迟:     0.00 ms
2026-05-26 11:05:16.624 [INFO] main.cpp:359 -   总线争用次数: 0
2026-05-26 11:05:16.624 [INFO] main.cpp:368 - ======== 轮询统计 ========
2026-05-26 11:05:16.624 [INFO] main.cpp:369 -   任务组数:     20
2026-05-26 11:05:16.624 [INFO] main.cpp:370 -   成功事务:     0
2026-05-26 11:05:16.624 [INFO] main.cpp:371 -   失败事务:     500
2026-05-26 11:05:16.624 [INFO] main.cpp:373 -   成功率:       0.0%
2026-05-26 11:05:16.624 [INFO] main.cpp:378 - ======== 命令队列统计 ========
2026-05-26 11:05:16.624 [INFO] main.cpp:379 -   已提交: 0  已执行: 0  成功: 0  失败: 0
2026-05-26 11:05:16.624 [INFO] main.cpp:384 -   队列大小: 0  平均耗时: 0.0ms
2026-05-26 11:05:17.626 [INFO] main.cpp:352 - ======== 总线统计 ========
2026-05-26 11:05:17.626 [INFO] main.cpp:353 -   总事务数:     520
2026-05-26 11:05:17.626 [INFO] main.cpp:354 -   总错误数:     500
2026-05-26 11:05:17.626 [INFO] main.cpp:355 -   发送字节数:   4160
2026-05-26 11:05:17.626 [INFO] main.cpp:356 -   接收字节数:   0
2026-05-26 11:05:17.626 [INFO] main.cpp:357 -   平均延迟:     0.00 ms
2026-05-26 11:05:17.626 [INFO] main.cpp:358 -   最大延迟:     0.00 ms
2026-05-26 11:05:17.626 [INFO] main.cpp:359 -   总线争用次数: 0
2026-05-26 11:05:17.626 [INFO] main.cpp:368 - ======== 轮询统计 ========
2026-05-26 11:05:17.626 [INFO] main.cpp:369 -   任务组数:     20
2026-05-26 11:05:17.626 [INFO] main.cpp:370 -   成功事务:     0
2026-05-26 11:05:17.626 [INFO] main.cpp:371 -   失败事务:     500
2026-05-26 11:05:17.626 [INFO] main.cpp:373 -   成功率:       0.0%
2026-05-26 11:05:17.626 [INFO] main.cpp:378 - ======== 命令队列统计 ========
2026-05-26 11:05:17.626 [INFO] main.cpp:379 -   已提交: 0  已执行: 0  成功: 0  失败: 0
2026-05-26 11:05:17.626 [INFO] main.cpp:384 -   队列大小: 0  平均耗时: 0.0ms
2026-05-26 11:05:18.628 [INFO] main.cpp:352 - ======== 总线统计 ========
2026-05-26 11:05:18.628 [INFO] main.cpp:353 -   总事务数:     520
2026-05-26 11:05:18.629 [INFO] main.cpp:354 -   总错误数:     520
2026-05-26 11:05:18.629 [INFO] main.cpp:355 -   发送字节数:   4160
2026-05-26 11:05:18.629 [INFO] main.cpp:356 -   接收字节数:   0
2026-05-26 11:05:18.629 [INFO] main.cpp:357 -   平均延迟:     0.00 ms
2026-05-26 11:05:18.629 [INFO] main.cpp:358 -   最大延迟:     0.00 ms
2026-05-26 11:05:18.629 [INFO] main.cpp:359 -   总线争用次数: 0
2026-05-26 11:05:18.629 [INFO] main.cpp:368 - ======== 轮询统计 ========
2026-05-26 11:05:18.629 [INFO] main.cpp:369 -   任务组数:     20
2026-05-26 11:05:18.629 [INFO] main.cpp:370 -   成功事务:     0
2026-05-26 11:05:18.629 [INFO] main.cpp:371 -   失败事务:     520
2026-05-26 11:05:18.629 [INFO] main.cpp:373 -   成功率:       0.0%
2026-05-26 11:05:18.629 [INFO] main.cpp:378 - ======== 命令队列统计 ========
2026-05-26 11:05:18.629 [INFO] main.cpp:379 -   已提交: 0  已执行: 0  成功: 0  失败: 0
2026-05-26 11:05:18.629 [INFO] main.cpp:384 -   队列大小: 0  平均耗时: 0.0ms
2026-05-26 11:05:19.631 [INFO] main.cpp:352 - ======== 总线统计 ========
2026-05-26 11:05:19.631 [INFO] main.cpp:353 -   总事务数:     520
2026-05-26 11:05:19.631 [INFO] main.cpp:354 -   总错误数:     520
2026-05-26 11:05:19.631 [INFO] main.cpp:355 -   发送字节数:   4160
2026-05-26 11:05:19.631 [INFO] main.cpp:356 -   接收字节数:   0
2026-05-26 11:05:19.631 [INFO] main.cpp:357 -   平均延迟:     0.00 ms
2026-05-26 11:05:19.631 [INFO] main.cpp:358 -   最大延迟:     0.00 ms
2026-05-26 11:05:19.631 [INFO] main.cpp:359 -   总线争用次数: 0
2026-05-26 11:05:19.631 [INFO] main.cpp:368 - ======== 轮询统计 ========
2026-05-26 11:05:19.631 [INFO] main.cpp:369 -   任务组数:     20
2026-05-26 11:05:19.631 [INFO] main.cpp:370 -   成功事务:     0
2026-05-26 11:05:19.631 [INFO] main.cpp:371 -   失败事务:     520
2026-05-26 11:05:19.631 [INFO] main.cpp:373 -   成功率:       0.0%
2026-05-26 11:05:19.631 [INFO] main.cpp:378 - ======== 命令队列统计 ========
2026-05-26 11:05:19.631 [INFO] main.cpp:379 -   已提交: 0  已执行: 0  成功: 0  失败: 0
2026-05-26 11:05:19.631 [INFO] main.cpp:384 -   队列大小: 0  平均耗时: 0.0ms
2026-05-26 11:05:20.633 [INFO] main.cpp:352 - ======== 总线统计 ========
2026-05-26 11:05:20.633 [INFO] main.cpp:353 -   总事务数:     520
2026-05-26 11:05:20.633 [INFO] main.cpp:354 -   总错误数:     520
2026-05-26 11:05:20.633 [INFO] main.cpp:355 -   发送字节数:   4160
2026-05-26 11:05:20.633 [INFO] main.cpp:356 -   接收字节数:   0
2026-05-26 11:05:20.633 [INFO] main.cpp:357 -   平均延迟:     0.00 ms
2026-05-26 11:05:20.633 [INFO] main.cpp:358 -   最大延迟:     0.00 ms
2026-05-26 11:05:20.633 [INFO] main.cpp:359 -   总线争用次数: 0
2026-05-26 11:05:20.633 [INFO] main.cpp:368 - ======== 轮询统计 ========
2026-05-26 11:05:20.633 [INFO] main.cpp:369 -   任务组数:     20
2026-05-26 11:05:20.633 [INFO] main.cpp:370 -   成功事务:     0
2026-05-26 11:05:20.633 [INFO] main.cpp:371 -   失败事务:     520
2026-05-26 11:05:20.633 [INFO] main.cpp:373 -   成功率:       0.0%
2026-05-26 11:05:20.633 [INFO] main.cpp:378 - ======== 命令队列统计 ========
2026-05-26 11:05:20.633 [INFO] main.cpp:379 -   已提交: 0  已执行: 0  成功: 0  失败: 0
2026-05-26 11:05:20.633 [INFO] main.cpp:384 -   队列大小: 0  平均耗时: 0.0ms
2026-05-26 11:05:21.634 [INFO] main.cpp:352 - ======== 总线统计 ========
2026-05-26 11:05:21.634 [INFO] main.cpp:353 -   总事务数:     520
2026-05-26 11:05:21.634 [INFO] main.cpp:354 -   总错误数:     520
2026-05-26 11:05:21.634 [INFO] main.cpp:355 -   发送字节数:   4160
2026-05-26 11:05:21.634 [INFO] main.cpp:356 -   接收字节数:   0
2026-05-26 11:05:21.634 [INFO] main.cpp:357 -   平均延迟:     0.00 ms
2026-05-26 11:05:21.635 [INFO] main.cpp:358 -   最大延迟:     0.00 ms
2026-05-26 11:05:21.635 [INFO] main.cpp:359 -   总线争用次数: 0
2026-05-26 11:05:21.635 [INFO] main.cpp:368 - ======== 轮询统计 ========
2026-05-26 11:05:21.635 [INFO] main.cpp:369 -   任务组数:     20
2026-05-26 11:05:21.635 [INFO] main.cpp:370 -   成功事务:     0
2026-05-26 11:05:21.635 [INFO] main.cpp:371 -   失败事务:     520
2026-05-26 11:05:21.635 [INFO] main.cpp:373 -   成功率:       0.0%
2026-05-26 11:05:21.635 [INFO] main.cpp:378 - ======== 命令队列统计 ========
2026-05-26 11:05:21.635 [INFO] main.cpp:379 -   已提交: 0  已执行: 0  成功: 0  失败: 0
2026-05-26 11:05:21.635 [INFO] main.cpp:384 -   队列大小: 0  平均耗时: 0.0ms
2026-05-26 11:05:22.636 [INFO] main.cpp:352 - ======== 总线统计 ========
2026-05-26 11:05:22.636 [INFO] main.cpp:353 -   总事务数:     540
2026-05-26 11:05:22.636 [INFO] main.cpp:354 -   总错误数:     520
2026-05-26 11:05:22.636 [INFO] main.cpp:355 -   发送字节数:   4320
2026-05-26 11:05:22.636 [INFO] main.cpp:356 -   接收字节数:   0
2026-05-26 11:05:22.636 [INFO] main.cpp:357 -   平均延迟:     0.00 ms
2026-05-26 11:05:22.636 [INFO] main.cpp:358 -   最大延迟:     0.00 ms
2026-05-26 11:05:22.636 [INFO] main.cpp:359 -   总线争用次数: 0
2026-05-26 11:05:22.637 [INFO] main.cpp:368 - ======== 轮询统计 ========
2026-05-26 11:05:22.637 [INFO] main.cpp:369 -   任务组数:     20
2026-05-26 11:05:22.637 [INFO] main.cpp:370 -   成功事务:     0
2026-05-26 11:05:22.637 [INFO] main.cpp:371 -   失败事务:     520
2026-05-26 11:05:22.637 [INFO] main.cpp:373 -   成功率:       0.0%
2026-05-26 11:05:22.637 [INFO] main.cpp:378 - ======== 命令队列统计 ========
2026-05-26 11:05:22.637 [INFO] main.cpp:379 -   已提交: 0  已执行: 0  成功: 0  失败: 0
2026-05-26 11:05:22.637 [INFO] main.cpp:384 -   队列大小: 0  平均耗时: 0.0ms
2026-05-26 11:05:23.637 [INFO] main.cpp:352 - ======== 总线统计 ========
2026-05-26 11:05:23.638 [INFO] main.cpp:353 -   总事务数:     540
2026-05-26 11:05:23.639 [INFO] main.cpp:354 -   总错误数:     540
2026-05-26 11:05:23.639 [INFO] main.cpp:355 -   发送字节数:   4320
2026-05-26 11:05:23.639 [INFO] main.cpp:356 -   接收字节数:   0
2026-05-26 11:05:23.639 [INFO] main.cpp:357 -   平均延迟:     0.00 ms
2026-05-26 11:05:23.639 [INFO] main.cpp:358 -   最大延迟:     0.00 ms
2026-05-26 11:05:23.639 [INFO] main.cpp:359 -   总线争用次数: 0
2026-05-26 11:05:23.639 [INFO] main.cpp:368 - ======== 轮询统计 ========
2026-05-26 11:05:23.639 [INFO] main.cpp:369 -   任务组数:     20
2026-05-26 11:05:23.639 [INFO] main.cpp:370 -   成功事务:     0
2026-05-26 11:05:23.640 [INFO] main.cpp:371 -   失败事务:     540
2026-05-26 11:05:23.640 [INFO] main.cpp:373 -   成功率:       0.0%
2026-05-26 11:05:23.640 [INFO] main.cpp:378 - ======== 命令队列统计 ========
2026-05-26 11:05:23.640 [INFO] main.cpp:379 -   已提交: 0  已执行: 0  成功: 0  失败: 0
2026-05-26 11:05:23.640 [INFO] main.cpp:384 -   队列大小: 0  平均耗时: 0.0ms
2026-05-26 11:05:24.641 [INFO] main.cpp:352 - ======== 总线统计 ========
2026-05-26 11:05:24.641 [INFO] main.cpp:353 -   总事务数:     540
2026-05-26 11:05:24.641 [INFO] main.cpp:354 -   总错误数:     540
2026-05-26 11:05:24.641 [INFO] main.cpp:355 -   发送字节数:   4320
2026-05-26 11:05:24.641 [INFO] main.cpp:356 -   接收字节数:   0
2026-05-26 11:05:24.641 [INFO] main.cpp:357 -   平均延迟:     0.00 ms
2026-05-26 11:05:24.641 [INFO] main.cpp:358 -   最大延迟:     0.00 ms
2026-05-26 11:05:24.641 [INFO] main.cpp:359 -   总线争用次数: 0
2026-05-26 11:05:24.641 [INFO] main.cpp:368 - ======== 轮询统计 ========
2026-05-26 11:05:24.641 [INFO] main.cpp:369 -   任务组数:     20
2026-05-26 11:05:24.641 [INFO] main.cpp:370 -   成功事务:     0
2026-05-26 11:05:24.641 [INFO] main.cpp:371 -   失败事务:     540
2026-05-26 11:05:24.642 [INFO] main.cpp:373 -   成功率:       0.0%
2026-05-26 11:05:24.642 [INFO] main.cpp:378 - ======== 命令队列统计 ========
2026-05-26 11:05:24.642 [INFO] main.cpp:379 -   已提交: 0  已执行: 0  成功: 0  失败: 0
2026-05-26 11:05:24.642 [INFO] main.cpp:384 -   队列大小: 0  平均耗时: 0.0ms
2026-05-26 11:05:25.643 [INFO] main.cpp:352 - ======== 总线统计 ========
2026-05-26 11:05:25.643 [INFO] main.cpp:353 -   总事务数:     540
2026-05-26 11:05:25.643 [INFO] main.cpp:354 -   总错误数:     540
2026-05-26 11:05:25.643 [INFO] main.cpp:355 -   发送字节数:   4320
2026-05-26 11:05:25.643 [INFO] main.cpp:356 -   接收字节数:   0
2026-05-26 11:05:25.643 [INFO] main.cpp:357 -   平均延迟:     0.00 ms
2026-05-26 11:05:25.643 [INFO] main.cpp:358 -   最大延迟:     0.00 ms
2026-05-26 11:05:25.643 [INFO] main.cpp:359 -   总线争用次数: 0
2026-05-26 11:05:25.643 [INFO] main.cpp:368 - ======== 轮询统计 ========
2026-05-26 11:05:25.643 [INFO] main.cpp:369 -   任务组数:     20
2026-05-26 11:05:25.643 [INFO] main.cpp:370 -   成功事务:     0
2026-05-26 11:05:25.643 [INFO] main.cpp:371 -   失败事务:     540
2026-05-26 11:05:25.643 [INFO] main.cpp:373 -   成功率:       0.0%
2026-05-26 11:05:25.643 [INFO] main.cpp:378 - ======== 命令队列统计 ========
2026-05-26 11:05:25.643 [INFO] main.cpp:379 -   已提交: 0  已执行: 0  成功: 0  失败: 0
2026-05-26 11:05:25.643 [INFO] main.cpp:384 -   队列大小: 0  平均耗时: 0.0ms
2026-05-26 11:05:26.645 [INFO] main.cpp:352 - ======== 总线统计 ========
2026-05-26 11:05:26.645 [INFO] main.cpp:353 -   总事务数:     540
2026-05-26 11:05:26.645 [INFO] main.cpp:354 -   总错误数:     540
2026-05-26 11:05:26.645 [INFO] main.cpp:355 -   发送字节数:   4320
2026-05-26 11:05:26.645 [INFO] main.cpp:356 -   接收字节数:   0
2026-05-26 11:05:26.645 [INFO] main.cpp:357 -   平均延迟:     0.00 ms
2026-05-26 11:05:26.645 [INFO] main.cpp:358 -   最大延迟:     0.00 ms
2026-05-26 11:05:26.645 [INFO] main.cpp:359 -   总线争用次数: 0
2026-05-26 11:05:26.645 [INFO] main.cpp:368 - ======== 轮询统计 ========
2026-05-26 11:05:26.645 [INFO] main.cpp:369 -   任务组数:     20
2026-05-26 11:05:26.645 [INFO] main.cpp:370 -   成功事务:     0
2026-05-26 11:05:26.645 [INFO] main.cpp:371 -   失败事务:     540
2026-05-26 11:05:26.645 [INFO] main.cpp:373 -   成功率:       0.0%
2026-05-26 11:05:26.645 [INFO] main.cpp:378 - ======== 命令队列统计 ========
2026-05-26 11:05:26.645 [INFO] main.cpp:379 -   已提交: 0  已执行: 0  成功: 0  失败: 0
2026-05-26 11:05:26.645 [INFO] main.cpp:384 -   队列大小: 0  平均耗时: 0.0ms
2026-05-26 11:05:27.646 [INFO] main.cpp:352 - ======== 总线统计 ========
2026-05-26 11:05:27.647 [INFO] main.cpp:353 -   总事务数:     560
2026-05-26 11:05:27.647 [INFO] main.cpp:354 -   总错误数:     540
2026-05-26 11:05:27.647 [INFO] main.cpp:355 -   发送字节数:   4480
2026-05-26 11:05:27.647 [INFO] main.cpp:356 -   接收字节数:   0
2026-05-26 11:05:27.647 [INFO] main.cpp:357 -   平均延迟:     0.00 ms
2026-05-26 11:05:27.647 [INFO] main.cpp:358 -   最大延迟:     0.00 ms
2026-05-26 11:05:27.647 [INFO] main.cpp:359 -   总线争用次数: 0
2026-05-26 11:05:27.647 [INFO] main.cpp:368 - ======== 轮询统计 ========
2026-05-26 11:05:27.647 [INFO] main.cpp:369 -   任务组数:     20
2026-05-26 11:05:27.647 [INFO] main.cpp:370 -   成功事务:     0
2026-05-26 11:05:27.647 [INFO] main.cpp:371 -   失败事务:     540
2026-05-26 11:05:27.647 [INFO] main.cpp:373 -   成功率:       0.0%
2026-05-26 11:05:27.647 [INFO] main.cpp:378 - ======== 命令队列统计 ========
2026-05-26 11:05:27.647 [INFO] main.cpp:379 -   已提交: 0  已执行: 0  成功: 0  失败: 0
2026-05-26 11:05:27.647 [INFO] main.cpp:384 -   队列大小: 0  平均耗时: 0.0ms
2026-05-26 11:05:28.647 [INFO] main.cpp:352 - ======== 总线统计 ========
2026-05-26 11:05:28.648 [INFO] main.cpp:353 -   总事务数:     560
2026-05-26 11:05:28.649 [INFO] main.cpp:354 -   总错误数:     560
2026-05-26 11:05:28.649 [INFO] main.cpp:355 -   发送字节数:   4480
2026-05-26 11:05:28.649 [INFO] main.cpp:356 -   接收字节数:   0
2026-05-26 11:05:28.649 [INFO] main.cpp:357 -   平均延迟:     0.00 ms
2026-05-26 11:05:28.649 [INFO] main.cpp:358 -   最大延迟:     0.00 ms
2026-05-26 11:05:28.649 [INFO] main.cpp:359 -   总线争用次数: 0
2026-05-26 11:05:28.649 [INFO] main.cpp:368 - ======== 轮询统计 ========
2026-05-26 11:05:28.649 [INFO] main.cpp:369 -   任务组数:     20
2026-05-26 11:05:28.649 [INFO] main.cpp:370 -   成功事务:     0
2026-05-26 11:05:28.649 [INFO] main.cpp:371 -   失败事务:     560
2026-05-26 11:05:28.649 [INFO] main.cpp:373 -   成功率:       0.0%
2026-05-26 11:05:28.649 [INFO] main.cpp:378 - ======== 命令队列统计 ========
2026-05-26 11:05:28.649 [INFO] main.cpp:379 -   已提交: 0  已执行: 0  成功: 0  失败: 0
2026-05-26 11:05:28.650 [INFO] main.cpp:384 -   队列大小: 0  平均耗时: 0.0ms
2026-05-26 11:05:29.650 [INFO] main.cpp:352 - ======== 总线统计 ========
2026-05-26 11:05:29.650 [INFO] main.cpp:353 -   总事务数:     560
2026-05-26 11:05:29.650 [INFO] main.cpp:354 -   总错误数:     560
2026-05-26 11:05:29.651 [INFO] main.cpp:355 -   发送字节数:   4480
2026-05-26 11:05:29.651 [INFO] main.cpp:356 -   接收字节数:   0
2026-05-26 11:05:29.651 [INFO] main.cpp:357 -   平均延迟:     0.00 ms
2026-05-26 11:05:29.651 [INFO] main.cpp:358 -   最大延迟:     0.00 ms
2026-05-26 11:05:29.651 [INFO] main.cpp:359 -   总线争用次数: 0
2026-05-26 11:05:29.651 [INFO] main.cpp:368 - ======== 轮询统计 ========
2026-05-26 11:05:29.651 [INFO] main.cpp:369 -   任务组数:     20
2026-05-26 11:05:29.651 [INFO] main.cpp:370 -   成功事务:     0
2026-05-26 11:05:29.651 [INFO] main.cpp:371 -   失败事务:     560
2026-05-26 11:05:29.651 [INFO] main.cpp:373 -   成功率:       0.0%
2026-05-26 11:05:29.651 [INFO] main.cpp:378 - ======== 命令队列统计 ========
2026-05-26 11:05:29.651 [INFO] main.cpp:379 -   已提交: 0  已执行: 0  成功: 0  失败: 0
2026-05-26 11:05:29.651 [INFO] main.cpp:384 -   队列大小: 0  平均耗时: 0.0ms
2026-05-26 11:05:30.652 [INFO] main.cpp:352 - ======== 总线统计 ========
2026-05-26 11:05:30.652 [INFO] main.cpp:353 -   总事务数:     560
2026-05-26 11:05:30.652 [INFO] main.cpp:354 -   总错误数:     560
2026-05-26 11:05:30.652 [INFO] main.cpp:355 -   发送字节数:   4480
2026-05-26 11:05:30.653 [INFO] main.cpp:356 -   接收字节数:   0
2026-05-26 11:05:30.653 [INFO] main.cpp:357 -   平均延迟:     0.00 ms
2026-05-26 11:05:30.653 [INFO] main.cpp:358 -   最大延迟:     0.00 ms
2026-05-26 11:05:30.653 [INFO] main.cpp:359 -   总线争用次数: 0
2026-05-26 11:05:30.653 [INFO] main.cpp:368 - ======== 轮询统计 ========
2026-05-26 11:05:30.653 [INFO] main.cpp:369 -   任务组数:     20
2026-05-26 11:05:30.653 [INFO] main.cpp:370 -   成功事务:     0
2026-05-26 11:05:30.653 [INFO] main.cpp:371 -   失败事务:     560
2026-05-26 11:05:30.653 [INFO] main.cpp:373 -   成功率:       0.0%
2026-05-26 11:05:30.653 [INFO] main.cpp:378 - ======== 命令队列统计 ========
2026-05-26 11:05:30.653 [INFO] main.cpp:379 -   已提交: 0  已执行: 0  成功: 0  失败: 0
2026-05-26 11:05:30.653 [INFO] main.cpp:384 -   队列大小: 0  平均耗时: 0.0ms
2026-05-26 11:05:31.654 [INFO] main.cpp:352 - ======== 总线统计 ========
2026-05-26 11:05:31.654 [INFO] main.cpp:353 -   总事务数:     560
2026-05-26 11:05:31.654 [INFO] main.cpp:354 -   总错误数:     560
2026-05-26 11:05:31.654 [INFO] main.cpp:355 -   发送字节数:   4480
2026-05-26 11:05:31.654 [INFO] main.cpp:356 -   接收字节数:   0
2026-05-26 11:05:31.655 [INFO] main.cpp:357 -   平均延迟:     0.00 ms
2026-05-26 11:05:31.655 [INFO] main.cpp:358 -   最大延迟:     0.00 ms
2026-05-26 11:05:31.655 [INFO] main.cpp:359 -   总线争用次数: 0
2026-05-26 11:05:31.655 [INFO] main.cpp:368 - ======== 轮询统计 ========
2026-05-26 11:05:31.655 [INFO] main.cpp:369 -   任务组数:     20
2026-05-26 11:05:31.655 [INFO] main.cpp:370 -   成功事务:     0
2026-05-26 11:05:31.655 [INFO] main.cpp:371 -   失败事务:     560
2026-05-26 11:05:31.655 [INFO] main.cpp:373 -   成功率:       0.0%
2026-05-26 11:05:31.655 [INFO] main.cpp:378 - ======== 命令队列统计 ========
2026-05-26 11:05:31.655 [INFO] main.cpp:379 -   已提交: 0  已执行: 0  成功: 0  失败: 0
2026-05-26 11:05:31.655 [INFO] main.cpp:384 -   队列大小: 0  平均耗时: 0.0ms
2026-05-26 11:05:32.656 [INFO] main.cpp:352 - ======== 总线统计 ========
2026-05-26 11:05:32.656 [INFO] main.cpp:353 -   总事务数:     580
2026-05-26 11:05:32.656 [INFO] main.cpp:354 -   总错误数:     560
2026-05-26 11:05:32.656 [INFO] main.cpp:355 -   发送字节数:   4640
2026-05-26 11:05:32.656 [INFO] main.cpp:356 -   接收字节数:   0
2026-05-26 11:05:32.656 [INFO] main.cpp:357 -   平均延迟:     0.00 ms
2026-05-26 11:05:32.656 [INFO] main.cpp:358 -   最大延迟:     0.00 ms
2026-05-26 11:05:32.656 [INFO] main.cpp:359 -   总线争用次数: 0
2026-05-26 11:05:32.656 [INFO] main.cpp:368 - ======== 轮询统计 ========
2026-05-26 11:05:32.656 [INFO] main.cpp:369 -   任务组数:     20
2026-05-26 11:05:32.656 [INFO] main.cpp:370 -   成功事务:     0
2026-05-26 11:05:32.656 [INFO] main.cpp:371 -   失败事务:     560
2026-05-26 11:05:32.656 [INFO] main.cpp:373 -   成功率:       0.0%
2026-05-26 11:05:32.656 [INFO] main.cpp:378 - ======== 命令队列统计 ========
2026-05-26 11:05:32.656 [INFO] main.cpp:379 -   已提交: 0  已执行: 0  成功: 0  失败: 0
2026-05-26 11:05:32.656 [INFO] main.cpp:384 -   队列大小: 0  平均耗时: 0.0ms
2026-05-26 11:05:33.657 [INFO] main.cpp:352 - ======== 总线统计 ========
2026-05-26 11:05:33.658 [INFO] main.cpp:353 -   总事务数:     580
2026-05-26 11:05:33.659 [INFO] main.cpp:354 -   总错误数:     580
2026-05-26 11:05:33.659 [INFO] main.cpp:355 -   发送字节数:   4640
2026-05-26 11:05:33.659 [INFO] main.cpp:356 -   接收字节数:   0
2026-05-26 11:05:33.659 [INFO] main.cpp:357 -   平均延迟:     0.00 ms
2026-05-26 11:05:33.659 [INFO] main.cpp:358 -   最大延迟:     0.00 ms
2026-05-26 11:05:33.659 [INFO] main.cpp:359 -   总线争用次数: 0
2026-05-26 11:05:33.659 [INFO] main.cpp:368 - ======== 轮询统计 ========
2026-05-26 11:05:33.659 [INFO] main.cpp:369 -   任务组数:     20
2026-05-26 11:05:33.659 [INFO] main.cpp:370 -   成功事务:     0
2026-05-26 11:05:33.659 [INFO] main.cpp:371 -   失败事务:     580
2026-05-26 11:05:33.659 [INFO] main.cpp:373 -   成功率:       0.0%
2026-05-26 11:05:33.659 [INFO] main.cpp:378 - ======== 命令队列统计 ========
2026-05-26 11:05:33.659 [INFO] main.cpp:379 -   已提交: 0  已执行: 0  成功: 0  失败: 0
2026-05-26 11:05:33.659 [INFO] main.cpp:384 -   队列大小: 0  平均耗时: 0.0ms
2026-05-26 11:05:34.661 [INFO] main.cpp:352 - ======== 总线统计 ========
2026-05-26 11:05:34.661 [INFO] main.cpp:353 -   总事务数:     580
2026-05-26 11:05:34.661 [INFO] main.cpp:354 -   总错误数:     580
2026-05-26 11:05:34.661 [INFO] main.cpp:355 -   发送字节数:   4640
2026-05-26 11:05:34.661 [INFO] main.cpp:356 -   接收字节数:   0
2026-05-26 11:05:34.661 [INFO] main.cpp:357 -   平均延迟:     0.00 ms
2026-05-26 11:05:34.661 [INFO] main.cpp:358 -   最大延迟:     0.00 ms
2026-05-26 11:05:34.661 [INFO] main.cpp:359 -   总线争用次数: 0
2026-05-26 11:05:34.661 [INFO] main.cpp:368 - ======== 轮询统计 ========
2026-05-26 11:05:34.661 [INFO] main.cpp:369 -   任务组数:     20
2026-05-26 11:05:34.661 [INFO] main.cpp:370 -   成功事务:     0
2026-05-26 11:05:34.661 [INFO] main.cpp:371 -   失败事务:     580
2026-05-26 11:05:34.661 [INFO] main.cpp:373 -   成功率:       0.0%
2026-05-26 11:05:34.661 [INFO] main.cpp:378 - ======== 命令队列统计 ========
2026-05-26 11:05:34.661 [INFO] main.cpp:379 -   已提交: 0  已执行: 0  成功: 0  失败: 0
2026-05-26 11:05:34.661 [INFO] main.cpp:384 -   队列大小: 0  平均耗时: 0.0ms
2026-05-26 11:05:35.663 [INFO] main.cpp:352 - ======== 总线统计 ========
2026-05-26 11:05:35.663 [INFO] main.cpp:353 -   总事务数:     580
2026-05-26 11:05:35.663 [INFO] main.cpp:354 -   总错误数:     580
2026-05-26 11:05:35.663 [INFO] main.cpp:355 -   发送字节数:   4640
2026-05-26 11:05:35.663 [INFO] main.cpp:356 -   接收字节数:   0
2026-05-26 11:05:35.663 [INFO] main.cpp:357 -   平均延迟:     0.00 ms
2026-05-26 11:05:35.663 [INFO] main.cpp:358 -   最大延迟:     0.00 ms
2026-05-26 11:05:35.663 [INFO] main.cpp:359 -   总线争用次数: 0
2026-05-26 11:05:35.663 [INFO] main.cpp:368 - ======== 轮询统计 ========
2026-05-26 11:05:35.663 [INFO] main.cpp:369 -   任务组数:     20
2026-05-26 11:05:35.663 [INFO] main.cpp:370 -   成功事务:     0
2026-05-26 11:05:35.663 [INFO] main.cpp:371 -   失败事务:     580
2026-05-26 11:05:35.663 [INFO] main.cpp:373 -   成功率:       0.0%
2026-05-26 11:05:35.663 [INFO] main.cpp:378 - ======== 命令队列统计 ========
2026-05-26 11:05:35.663 [INFO] main.cpp:379 -   已提交: 0  已执行: 0  成功: 0  失败: 0
2026-05-26 11:05:35.663 [INFO] main.cpp:384 -   队列大小: 0  平均耗时: 0.0ms
2026-05-26 11:05:36.664 [INFO] main.cpp:352 - ======== 总线统计 ========
2026-05-26 11:05:36.664 [INFO] main.cpp:353 -   总事务数:     580
2026-05-26 11:05:36.664 [INFO] main.cpp:354 -   总错误数:     580
2026-05-26 11:05:36.664 [INFO] main.cpp:355 -   发送字节数:   4640
2026-05-26 11:05:36.664 [INFO] main.cpp:356 -   接收字节数:   0
2026-05-26 11:05:36.664 [INFO] main.cpp:357 -   平均延迟:     0.00 ms
2026-05-26 11:05:36.665 [INFO] main.cpp:358 -   最大延迟:     0.00 ms
2026-05-26 11:05:36.665 [INFO] main.cpp:359 -   总线争用次数: 0
2026-05-26 11:05:36.665 [INFO] main.cpp:368 - ======== 轮询统计 ========
2026-05-26 11:05:36.665 [INFO] main.cpp:369 -   任务组数:     20
2026-05-26 11:05:36.665 [INFO] main.cpp:370 -   成功事务:     0
2026-05-26 11:05:36.665 [INFO] main.cpp:371 -   失败事务:     580
2026-05-26 11:05:36.665 [INFO] main.cpp:373 -   成功率:       0.0%
2026-05-26 11:05:36.665 [INFO] main.cpp:378 - ======== 命令队列统计 ========
2026-05-26 11:05:36.665 [INFO] main.cpp:379 -   已提交: 0  已执行: 0  成功: 0  失败: 0
2026-05-26 11:05:36.665 [INFO] main.cpp:384 -   队列大小: 0  平均耗时: 0.0ms
2026-05-26 11:05:37.666 [INFO] main.cpp:352 - ======== 总线统计 ========
2026-05-26 11:05:37.666 [INFO] main.cpp:353 -   总事务数:     600
2026-05-26 11:05:37.666 [INFO] main.cpp:354 -   总错误数:     580
2026-05-26 11:05:37.666 [INFO] main.cpp:355 -   发送字节数:   4800
2026-05-26 11:05:37.666 [INFO] main.cpp:356 -   接收字节数:   0
2026-05-26 11:05:37.666 [INFO] main.cpp:357 -   平均延迟:     0.00 ms
2026-05-26 11:05:37.666 [INFO] main.cpp:358 -   最大延迟:     0.00 ms
2026-05-26 11:05:37.666 [INFO] main.cpp:359 -   总线争用次数: 0
2026-05-26 11:05:37.667 [INFO] main.cpp:368 - ======== 轮询统计 ========
2026-05-26 11:05:37.667 [INFO] main.cpp:369 -   任务组数:     20
2026-05-26 11:05:37.667 [INFO] main.cpp:370 -   成功事务:     0
2026-05-26 11:05:37.667 [INFO] main.cpp:371 -   失败事务:     580
2026-05-26 11:05:37.667 [INFO] main.cpp:373 -   成功率:       0.0%
2026-05-26 11:05:37.667 [INFO] main.cpp:378 - ======== 命令队列统计 ========
2026-05-26 11:05:37.667 [INFO] main.cpp:379 -   已提交: 0  已执行: 0  成功: 0  失败: 0
2026-05-26 11:05:37.667 [INFO] main.cpp:384 -   队列大小: 0  平均耗时: 0.0ms
2026-05-26 11:05:38.668 [INFO] main.cpp:352 - ======== 总线统计 ========
2026-05-26 11:05:38.668 [INFO] main.cpp:353 -   总事务数:     600
2026-05-26 11:05:38.670 [INFO] main.cpp:354 -   总错误数:     600
2026-05-26 11:05:38.670 [INFO] main.cpp:355 -   发送字节数:   4800
2026-05-26 11:05:38.670 [INFO] main.cpp:356 -   接收字节数:   0
2026-05-26 11:05:38.670 [INFO] main.cpp:357 -   平均延迟:     0.00 ms
2026-05-26 11:05:38.670 [INFO] main.cpp:358 -   最大延迟:     0.00 ms
2026-05-26 11:05:38.670 [INFO] main.cpp:359 -   总线争用次数: 0
2026-05-26 11:05:38.670 [INFO] main.cpp:368 - ======== 轮询统计 ========
2026-05-26 11:05:38.670 [INFO] main.cpp:369 -   任务组数:     20
2026-05-26 11:05:38.670 [INFO] main.cpp:370 -   成功事务:     0
2026-05-26 11:05:38.670 [INFO] main.cpp:371 -   失败事务:     600
2026-05-26 11:05:38.670 [INFO] main.cpp:373 -   成功率:       0.0%
2026-05-26 11:05:38.670 [INFO] main.cpp:378 - ======== 命令队列统计 ========
2026-05-26 11:05:38.670 [INFO] main.cpp:379 -   已提交: 0  已执行: 0  成功: 0  失败: 0
2026-05-26 11:05:38.670 [INFO] main.cpp:384 -   队列大小: 0  平均耗时: 0.0ms
2026-05-26 11:05:39.671 [INFO] main.cpp:352 - ======== 总线统计 ========
2026-05-26 11:05:39.671 [INFO] main.cpp:353 -   总事务数:     600
2026-05-26 11:05:39.671 [INFO] main.cpp:354 -   总错误数:     600
2026-05-26 11:05:39.671 [INFO] main.cpp:355 -   发送字节数:   4800
2026-05-26 11:05:39.671 [INFO] main.cpp:356 -   接收字节数:   0
2026-05-26 11:05:39.671 [INFO] main.cpp:357 -   平均延迟:     0.00 ms
2026-05-26 11:05:39.671 [INFO] main.cpp:358 -   最大延迟:     0.00 ms
2026-05-26 11:05:39.671 [INFO] main.cpp:359 -   总线争用次数: 0
2026-05-26 11:05:39.671 [INFO] main.cpp:368 - ======== 轮询统计 ========
2026-05-26 11:05:39.671 [INFO] main.cpp:369 -   任务组数:     20
2026-05-26 11:05:39.671 [INFO] main.cpp:370 -   成功事务:     0
2026-05-26 11:05:39.671 [INFO] main.cpp:371 -   失败事务:     600
2026-05-26 11:05:39.672 [INFO] main.cpp:373 -   成功率:       0.0%
2026-05-26 11:05:39.672 [INFO] main.cpp:378 - ======== 命令队列统计 ========
2026-05-26 11:05:39.672 [INFO] main.cpp:379 -   已提交: 0  已执行: 0  成功: 0  失败: 0
2026-05-26 11:05:39.672 [INFO] main.cpp:384 -   队列大小: 0  平均耗时: 0.0ms
2026-05-26 11:05:40.673 [INFO] main.cpp:352 - ======== 总线统计 ========
2026-05-26 11:05:40.673 [INFO] main.cpp:353 -   总事务数:     600
2026-05-26 11:05:40.673 [INFO] main.cpp:354 -   总错误数:     600
2026-05-26 11:05:40.673 [INFO] main.cpp:355 -   发送字节数:   4800
2026-05-26 11:05:40.673 [INFO] main.cpp:356 -   接收字节数:   0
2026-05-26 11:05:40.673 [INFO] main.cpp:357 -   平均延迟:     0.00 ms
2026-05-26 11:05:40.673 [INFO] main.cpp:358 -   最大延迟:     0.00 ms
2026-05-26 11:05:40.673 [INFO] main.cpp:359 -   总线争用次数: 0
2026-05-26 11:05:40.673 [INFO] main.cpp:368 - ======== 轮询统计 ========
2026-05-26 11:05:40.673 [INFO] main.cpp:369 -   任务组数:     20
2026-05-26 11:05:40.673 [INFO] main.cpp:370 -   成功事务:     0
2026-05-26 11:05:40.673 [INFO] main.cpp:371 -   失败事务:     600
2026-05-26 11:05:40.673 [INFO] main.cpp:373 -   成功率:       0.0%
2026-05-26 11:05:40.673 [INFO] main.cpp:378 - ======== 命令队列统计 ========
2026-05-26 11:05:40.674 [INFO] main.cpp:379 -   已提交: 0  已执行: 0  成功: 0  失败: 0
2026-05-26 11:05:40.674 [INFO] main.cpp:384 -   队列大小: 0  平均耗时: 0.0ms
2026-05-26 11:05:41.675 [INFO] main.cpp:352 - ======== 总线统计 ========
2026-05-26 11:05:41.675 [INFO] main.cpp:353 -   总事务数:     600
2026-05-26 11:05:41.675 [INFO] main.cpp:354 -   总错误数:     600
2026-05-26 11:05:41.675 [INFO] main.cpp:355 -   发送字节数:   4800
2026-05-26 11:05:41.675 [INFO] main.cpp:356 -   接收字节数:   0
2026-05-26 11:05:41.675 [INFO] main.cpp:357 -   平均延迟:     0.00 ms
2026-05-26 11:05:41.675 [INFO] main.cpp:358 -   最大延迟:     0.00 ms
2026-05-26 11:05:41.675 [INFO] main.cpp:359 -   总线争用次数: 0
2026-05-26 11:05:41.675 [INFO] main.cpp:368 - ======== 轮询统计 ========
2026-05-26 11:05:41.675 [INFO] main.cpp:369 -   任务组数:     20
2026-05-26 11:05:41.675 [INFO] main.cpp:370 -   成功事务:     0
2026-05-26 11:05:41.675 [INFO] main.cpp:371 -   失败事务:     600
2026-05-26 11:05:41.675 [INFO] main.cpp:373 -   成功率:       0.0%
2026-05-26 11:05:41.675 [INFO] main.cpp:378 - ======== 命令队列统计 ========
2026-05-26 11:05:41.675 [INFO] main.cpp:379 -   已提交: 0  已执行: 0  成功: 0  失败: 0
2026-05-26 11:05:41.675 [INFO] main.cpp:384 -   队列大小: 0  平均耗时: 0.0ms
2026-05-26 11:05:42.677 [INFO] main.cpp:352 - ======== 总线统计 ========
2026-05-26 11:05:42.677 [INFO] main.cpp:353 -   总事务数:     620
2026-05-26 11:05:42.677 [INFO] main.cpp:354 -   总错误数:     600
2026-05-26 11:05:42.677 [INFO] main.cpp:355 -   发送字节数:   4960
2026-05-26 11:05:42.677 [INFO] main.cpp:356 -   接收字节数:   0
2026-05-26 11:05:42.677 [INFO] main.cpp:357 -   平均延迟:     0.00 ms
2026-05-26 11:05:42.677 [INFO] main.cpp:358 -   最大延迟:     0.00 ms
2026-05-26 11:05:42.677 [INFO] main.cpp:359 -   总线争用次数: 0
2026-05-26 11:05:42.677 [INFO] main.cpp:368 - ======== 轮询统计 ========
2026-05-26 11:05:42.677 [INFO] main.cpp:369 -   任务组数:     20
2026-05-26 11:05:42.677 [INFO] main.cpp:370 -   成功事务:     0
2026-05-26 11:05:42.677 [INFO] main.cpp:371 -   失败事务:     600
2026-05-26 11:05:42.677 [INFO] main.cpp:373 -   成功率:       0.0%
2026-05-26 11:05:42.677 [INFO] main.cpp:378 - ======== 命令队列统计 ========
2026-05-26 11:05:42.677 [INFO] main.cpp:379 -   已提交: 0  已执行: 0  成功: 0  失败: 0
2026-05-26 11:05:42.677 [INFO] main.cpp:384 -   队列大小: 0  平均耗时: 0.0ms
2026-05-26 11:05:43.678 [INFO] main.cpp:352 - ======== 总线统计 ========
2026-05-26 11:05:43.678 [INFO] main.cpp:353 -   总事务数:     620
2026-05-26 11:05:43.680 [INFO] main.cpp:354 -   总错误数:     620
2026-05-26 11:05:43.680 [INFO] main.cpp:355 -   发送字节数:   4960
2026-05-26 11:05:43.680 [INFO] main.cpp:356 -   接收字节数:   0
2026-05-26 11:05:43.680 [INFO] main.cpp:357 -   平均延迟:     0.00 ms
2026-05-26 11:05:43.680 [INFO] main.cpp:358 -   最大延迟:     0.00 ms
2026-05-26 11:05:43.680 [INFO] main.cpp:359 -   总线争用次数: 0
2026-05-26 11:05:43.680 [INFO] main.cpp:368 - ======== 轮询统计 ========
2026-05-26 11:05:43.680 [INFO] main.cpp:369 -   任务组数:     20
2026-05-26 11:05:43.680 [INFO] main.cpp:370 -   成功事务:     0
2026-05-26 11:05:43.680 [INFO] main.cpp:371 -   失败事务:     620
2026-05-26 11:05:43.680 [INFO] main.cpp:373 -   成功率:       0.0%
2026-05-26 11:05:43.680 [INFO] main.cpp:378 - ======== 命令队列统计 ========
2026-05-26 11:05:43.680 [INFO] main.cpp:379 -   已提交: 0  已执行: 0  成功: 0  失败: 0
2026-05-26 11:05:43.680 [INFO] main.cpp:384 -   队列大小: 0  平均耗时: 0.0ms
2026-05-26 11:05:44.681 [INFO] main.cpp:352 - ======== 总线统计 ========
2026-05-26 11:05:44.681 [INFO] main.cpp:353 -   总事务数:     620
2026-05-26 11:05:44.681 [INFO] main.cpp:354 -   总错误数:     620
2026-05-26 11:05:44.681 [INFO] main.cpp:355 -   发送字节数:   4960
2026-05-26 11:05:44.681 [INFO] main.cpp:356 -   接收字节数:   0
2026-05-26 11:05:44.681 [INFO] main.cpp:357 -   平均延迟:     0.00 ms
2026-05-26 11:05:44.681 [INFO] main.cpp:358 -   最大延迟:     0.00 ms
2026-05-26 11:05:44.681 [INFO] main.cpp:359 -   总线争用次数: 0
2026-05-26 11:05:44.681 [INFO] main.cpp:368 - ======== 轮询统计 ========
2026-05-26 11:05:44.681 [INFO] main.cpp:369 -   任务组数:     20
2026-05-26 11:05:44.681 [INFO] main.cpp:370 -   成功事务:     0
2026-05-26 11:05:44.681 [INFO] main.cpp:371 -   失败事务:     620
2026-05-26 11:05:44.682 [INFO] main.cpp:373 -   成功率:       0.0%
2026-05-26 11:05:44.682 [INFO] main.cpp:378 - ======== 命令队列统计 ========
2026-05-26 11:05:44.682 [INFO] main.cpp:379 -   已提交: 0  已执行: 0  成功: 0  失败: 0
2026-05-26 11:05:44.682 [INFO] main.cpp:384 -   队列大小: 0  平均耗时: 0.0ms
2026-05-26 11:05:45.683 [INFO] main.cpp:352 - ======== 总线统计 ========
2026-05-26 11:05:45.683 [INFO] main.cpp:353 -   总事务数:     620
2026-05-26 11:05:45.683 [INFO] main.cpp:354 -   总错误数:     620
2026-05-26 11:05:45.683 [INFO] main.cpp:355 -   发送字节数:   4960
2026-05-26 11:05:45.683 [INFO] main.cpp:356 -   接收字节数:   0
2026-05-26 11:05:45.683 [INFO] main.cpp:357 -   平均延迟:     0.00 ms
2026-05-26 11:05:45.683 [INFO] main.cpp:358 -   最大延迟:     0.00 ms
2026-05-26 11:05:45.683 [INFO] main.cpp:359 -   总线争用次数: 0
2026-05-26 11:05:45.683 [INFO] main.cpp:368 - ======== 轮询统计 ========
2026-05-26 11:05:45.683 [INFO] main.cpp:369 -   任务组数:     20
2026-05-26 11:05:45.683 [INFO] main.cpp:370 -   成功事务:     0
2026-05-26 11:05:45.683 [INFO] main.cpp:371 -   失败事务:     620
2026-05-26 11:05:45.683 [INFO] main.cpp:373 -   成功率:       0.0%
2026-05-26 11:05:45.683 [INFO] main.cpp:378 - ======== 命令队列统计 ========
2026-05-26 11:05:45.684 [INFO] main.cpp:379 -   已提交: 0  已执行: 0  成功: 0  失败: 0
2026-05-26 11:05:45.684 [INFO] main.cpp:384 -   队列大小: 0  平均耗时: 0.0ms
2026-05-26 11:05:46.685 [INFO] main.cpp:352 - ======== 总线统计 ========
2026-05-26 11:05:46.685 [INFO] main.cpp:353 -   总事务数:     620
2026-05-26 11:05:46.685 [INFO] main.cpp:354 -   总错误数:     620
2026-05-26 11:05:46.685 [INFO] main.cpp:355 -   发送字节数:   4960
2026-05-26 11:05:46.685 [INFO] main.cpp:356 -   接收字节数:   0
2026-05-26 11:05:46.685 [INFO] main.cpp:357 -   平均延迟:     0.00 ms
2026-05-26 11:05:46.685 [INFO] main.cpp:358 -   最大延迟:     0.00 ms
2026-05-26 11:05:46.685 [INFO] main.cpp:359 -   总线争用次数: 0
2026-05-26 11:05:46.685 [INFO] main.cpp:368 - ======== 轮询统计 ========
2026-05-26 11:05:46.685 [INFO] main.cpp:369 -   任务组数:     20
2026-05-26 11:05:46.685 [INFO] main.cpp:370 -   成功事务:     0
2026-05-26 11:05:46.685 [INFO] main.cpp:371 -   失败事务:     620
2026-05-26 11:05:46.685 [INFO] main.cpp:373 -   成功率:       0.0%
2026-05-26 11:05:46.685 [INFO] main.cpp:378 - ======== 命令队列统计 ========
2026-05-26 11:05:46.685 [INFO] main.cpp:379 -   已提交: 0  已执行: 0  成功: 0  失败: 0
2026-05-26 11:05:46.685 [INFO] main.cpp:384 -   队列大小: 0  平均耗时: 0.0ms
2026-05-26 11:05:47.687 [INFO] main.cpp:352 - ======== 总线统计 ========
2026-05-26 11:05:47.687 [INFO] main.cpp:353 -   总事务数:     640
2026-05-26 11:05:47.687 [INFO] main.cpp:354 -   总错误数:     620
2026-05-26 11:05:47.687 [INFO] main.cpp:355 -   发送字节数:   5120
2026-05-26 11:05:47.687 [INFO] main.cpp:356 -   接收字节数:   0
2026-05-26 11:05:47.687 [INFO] main.cpp:357 -   平均延迟:     0.00 ms
2026-05-26 11:05:47.687 [INFO] main.cpp:358 -   最大延迟:     0.00 ms
2026-05-26 11:05:47.687 [INFO] main.cpp:359 -   总线争用次数: 0
2026-05-26 11:05:47.687 [INFO] main.cpp:368 - ======== 轮询统计 ========
2026-05-26 11:05:47.687 [INFO] main.cpp:369 -   任务组数:     20
2026-05-26 11:05:47.687 [INFO] main.cpp:370 -   成功事务:     0
2026-05-26 11:05:47.687 [INFO] main.cpp:371 -   失败事务:     620
2026-05-26 11:05:47.687 [INFO] main.cpp:373 -   成功率:       0.0%
2026-05-26 11:05:47.687 [INFO] main.cpp:378 - ======== 命令队列统计 ========
2026-05-26 11:05:47.687 [INFO] main.cpp:379 -   已提交: 0  已执行: 0  成功: 0  失败: 0
2026-05-26 11:05:47.687 [INFO] main.cpp:384 -   队列大小: 0  平均耗时: 0.0ms
2026-05-26 11:05:48.688 [INFO] main.cpp:352 - ======== 总线统计 ========
2026-05-26 11:05:48.688 [INFO] main.cpp:353 -   总事务数:     640
2026-05-26 11:05:48.690 [INFO] main.cpp:354 -   总错误数:     640
2026-05-26 11:05:48.690 [INFO] main.cpp:355 -   发送字节数:   5120
2026-05-26 11:05:48.690 [INFO] main.cpp:356 -   接收字节数:   0
2026-05-26 11:05:48.690 [INFO] main.cpp:357 -   平均延迟:     0.00 ms
2026-05-26 11:05:48.690 [INFO] main.cpp:358 -   最大延迟:     0.00 ms
2026-05-26 11:05:48.690 [INFO] main.cpp:359 -   总线争用次数: 0
2026-05-26 11:05:48.690 [INFO] main.cpp:368 - ======== 轮询统计 ========
2026-05-26 11:05:48.690 [INFO] main.cpp:369 -   任务组数:     20
2026-05-26 11:05:48.690 [INFO] main.cpp:370 -   成功事务:     0
2026-05-26 11:05:48.690 [INFO] main.cpp:371 -   失败事务:     640
2026-05-26 11:05:48.690 [INFO] main.cpp:373 -   成功率:       0.0%
2026-05-26 11:05:48.690 [INFO] main.cpp:378 - ======== 命令队列统计 ========
2026-05-26 11:05:48.690 [INFO] main.cpp:379 -   已提交: 0  已执行: 0  成功: 0  失败: 0
2026-05-26 11:05:48.690 [INFO] main.cpp:384 -   队列大小: 0  平均耗时: 0.0ms
2026-05-26 11:05:49.691 [INFO] main.cpp:352 - ======== 总线统计 ========
2026-05-26 11:05:49.691 [INFO] main.cpp:353 -   总事务数:     640
2026-05-26 11:05:49.691 [INFO] main.cpp:354 -   总错误数:     640
2026-05-26 11:05:49.691 [INFO] main.cpp:355 -   发送字节数:   5120
2026-05-26 11:05:49.691 [INFO] main.cpp:356 -   接收字节数:   0
2026-05-26 11:05:49.691 [INFO] main.cpp:357 -   平均延迟:     0.00 ms
2026-05-26 11:05:49.691 [INFO] main.cpp:358 -   最大延迟:     0.00 ms
2026-05-26 11:05:49.691 [INFO] main.cpp:359 -   总线争用次数: 0
2026-05-26 11:05:49.691 [INFO] main.cpp:368 - ======== 轮询统计 ========
2026-05-26 11:05:49.691 [INFO] main.cpp:369 -   任务组数:     20
2026-05-26 11:05:49.691 [INFO] main.cpp:370 -   成功事务:     0
2026-05-26 11:05:49.691 [INFO] main.cpp:371 -   失败事务:     640
2026-05-26 11:05:49.691 [INFO] main.cpp:373 -   成功率:       0.0%
2026-05-26 11:05:49.692 [INFO] main.cpp:378 - ======== 命令队列统计 ========
2026-05-26 11:05:49.692 [INFO] main.cpp:379 -   已提交: 0  已执行: 0  成功: 0  失败: 0
2026-05-26 11:05:49.692 [INFO] main.cpp:384 -   队列大小: 0  平均耗时: 0.0ms
2026-05-26 11:05:50.693 [INFO] main.cpp:352 - ======== 总线统计 ========
2026-05-26 11:05:50.693 [INFO] main.cpp:353 -   总事务数:     640
2026-05-26 11:05:50.693 [INFO] main.cpp:354 -   总错误数:     640
2026-05-26 11:05:50.693 [INFO] main.cpp:355 -   发送字节数:   5120
2026-05-26 11:05:50.693 [INFO] main.cpp:356 -   接收字节数:   0
2026-05-26 11:05:50.693 [INFO] main.cpp:357 -   平均延迟:     0.00 ms
2026-05-26 11:05:50.693 [INFO] main.cpp:358 -   最大延迟:     0.00 ms
2026-05-26 11:05:50.693 [INFO] main.cpp:359 -   总线争用次数: 0
2026-05-26 11:05:50.693 [INFO] main.cpp:368 - ======== 轮询统计 ========
2026-05-26 11:05:50.693 [INFO] main.cpp:369 -   任务组数:     20
2026-05-26 11:05:50.693 [INFO] main.cpp:370 -   成功事务:     0
2026-05-26 11:05:50.693 [INFO] main.cpp:371 -   失败事务:     640
2026-05-26 11:05:50.693 [INFO] main.cpp:373 -   成功率:       0.0%
2026-05-26 11:05:50.693 [INFO] main.cpp:378 - ======== 命令队列统计 ========
2026-05-26 11:05:50.693 [INFO] main.cpp:379 -   已提交: 0  已执行: 0  成功: 0  失败: 0
2026-05-26 11:05:50.694 [INFO] main.cpp:384 -   队列大小: 0  平均耗时: 0.0ms
2026-05-26 11:05:51.695 [INFO] main.cpp:352 - ======== 总线统计 ========
2026-05-26 11:05:51.695 [INFO] main.cpp:353 -   总事务数:     640
2026-05-26 11:05:51.695 [INFO] main.cpp:354 -   总错误数:     640
2026-05-26 11:05:51.695 [INFO] main.cpp:355 -   发送字节数:   5120
2026-05-26 11:05:51.695 [INFO] main.cpp:356 -   接收字节数:   0
2026-05-26 11:05:51.695 [INFO] main.cpp:357 -   平均延迟:     0.00 ms
2026-05-26 11:05:51.695 [INFO] main.cpp:358 -   最大延迟:     0.00 ms
2026-05-26 11:05:51.695 [INFO] main.cpp:359 -   总线争用次数: 0
2026-05-26 11:05:51.695 [INFO] main.cpp:368 - ======== 轮询统计 ========
2026-05-26 11:05:51.695 [INFO] main.cpp:369 -   任务组数:     20
2026-05-26 11:05:51.695 [INFO] main.cpp:370 -   成功事务:     0
2026-05-26 11:05:51.695 [INFO] main.cpp:371 -   失败事务:     640
2026-05-26 11:05:51.695 [INFO] main.cpp:373 -   成功率:       0.0%
2026-05-26 11:05:51.695 [INFO] main.cpp:378 - ======== 命令队列统计 ========
2026-05-26 11:05:51.695 [INFO] main.cpp:379 -   已提交: 0  已执行: 0  成功: 0  失败: 0
2026-05-26 11:05:51.695 [INFO] main.cpp:384 -   队列大小: 0  平均耗时: 0.0ms
2026-05-26 11:05:52.697 [INFO] main.cpp:352 - ======== 总线统计 ========
2026-05-26 11:05:52.697 [INFO] main.cpp:353 -   总事务数:     660
2026-05-26 11:05:52.697 [INFO] main.cpp:354 -   总错误数:     640
2026-05-26 11:05:52.697 [INFO] main.cpp:355 -   发送字节数:   5280
2026-05-26 11:05:52.697 [INFO] main.cpp:356 -   接收字节数:   0
2026-05-26 11:05:52.697 [INFO] main.cpp:357 -   平均延迟:     0.00 ms
2026-05-26 11:05:52.697 [INFO] main.cpp:358 -   最大延迟:     0.00 ms
2026-05-26 11:05:52.697 [INFO] main.cpp:359 -   总线争用次数: 0
2026-05-26 11:05:52.697 [INFO] main.cpp:368 - ======== 轮询统计 ========
2026-05-26 11:05:52.697 [INFO] main.cpp:369 -   任务组数:     20
2026-05-26 11:05:52.697 [INFO] main.cpp:370 -   成功事务:     0
2026-05-26 11:05:52.697 [INFO] main.cpp:371 -   失败事务:     640
2026-05-26 11:05:52.697 [INFO] main.cpp:373 -   成功率:       0.0%
2026-05-26 11:05:52.697 [INFO] main.cpp:378 - ======== 命令队列统计 ========
2026-05-26 11:05:52.697 [INFO] main.cpp:379 -   已提交: 0  已执行: 0  成功: 0  失败: 0
2026-05-26 11:05:52.697 [INFO] main.cpp:384 -   队列大小: 0  平均耗时: 0.0ms
2026-05-26 11:05:53.698 [INFO] main.cpp:352 - ======== 总线统计 ========
2026-05-26 11:05:53.698 [INFO] main.cpp:353 -   总事务数:     660
2026-05-26 11:05:53.699 [INFO] main.cpp:354 -   总错误数:     660
2026-05-26 11:05:53.699 [INFO] main.cpp:355 -   发送字节数:   5280
2026-05-26 11:05:53.699 [INFO] main.cpp:356 -   接收字节数:   0
2026-05-26 11:05:53.699 [INFO] main.cpp:357 -   平均延迟:     0.00 ms
2026-05-26 11:05:53.699 [INFO] main.cpp:358 -   最大延迟:     0.00 ms
2026-05-26 11:05:53.699 [INFO] main.cpp:359 -   总线争用次数: 0
2026-05-26 11:05:53.699 [INFO] main.cpp:368 - ======== 轮询统计 ========
2026-05-26 11:05:53.699 [INFO] main.cpp:369 -   任务组数:     20
2026-05-26 11:05:53.699 [INFO] main.cpp:370 -   成功事务:     0
2026-05-26 11:05:53.699 [INFO] main.cpp:371 -   失败事务:     660
2026-05-26 11:05:53.699 [INFO] main.cpp:373 -   成功率:       0.0%
2026-05-26 11:05:53.699 [INFO] main.cpp:378 - ======== 命令队列统计 ========
2026-05-26 11:05:53.699 [INFO] main.cpp:379 -   已提交: 0  已执行: 0  成功: 0  失败: 0
2026-05-26 11:05:53.700 [INFO] main.cpp:384 -   队列大小: 0  平均耗时: 0.0ms
2026-05-26 11:05:54.700 [INFO] main.cpp:352 - ======== 总线统计 ========
2026-05-26 11:05:54.700 [INFO] main.cpp:353 -   总事务数:     660
2026-05-26 11:05:54.701 [INFO] main.cpp:354 -   总错误数:     660
2026-05-26 11:05:54.701 [INFO] main.cpp:355 -   发送字节数:   5280
2026-05-26 11:05:54.701 [INFO] main.cpp:356 -   接收字节数:   0
2026-05-26 11:05:54.701 [INFO] main.cpp:357 -   平均延迟:     0.00 ms
2026-05-26 11:05:54.701 [INFO] main.cpp:358 -   最大延迟:     0.00 ms
2026-05-26 11:05:54.701 [INFO] main.cpp:359 -   总线争用次数: 0
2026-05-26 11:05:54.701 [INFO] main.cpp:368 - ======== 轮询统计 ========
2026-05-26 11:05:54.701 [INFO] main.cpp:369 -   任务组数:     20
2026-05-26 11:05:54.701 [INFO] main.cpp:370 -   成功事务:     0
2026-05-26 11:05:54.701 [INFO] main.cpp:371 -   失败事务:     660
2026-05-26 11:05:54.701 [INFO] main.cpp:373 -   成功率:       0.0%
2026-05-26 11:05:54.701 [INFO] main.cpp:378 - ======== 命令队列统计 ========
2026-05-26 11:05:54.701 [INFO] main.cpp:379 -   已提交: 0  已执行: 0  成功: 0  失败: 0
2026-05-26 11:05:54.701 [INFO] main.cpp:384 -   队列大小: 0  平均耗时: 0.0ms
2026-05-26 11:05:55.702 [INFO] main.cpp:352 - ======== 总线统计 ========
2026-05-26 11:05:55.702 [INFO] main.cpp:353 -   总事务数:     660
2026-05-26 11:05:55.702 [INFO] main.cpp:354 -   总错误数:     660
2026-05-26 11:05:55.703 [INFO] main.cpp:355 -   发送字节数:   5280
2026-05-26 11:05:55.703 [INFO] main.cpp:356 -   接收字节数:   0
2026-05-26 11:05:55.703 [INFO] main.cpp:357 -   平均延迟:     0.00 ms
2026-05-26 11:05:55.703 [INFO] main.cpp:358 -   最大延迟:     0.00 ms
2026-05-26 11:05:55.703 [INFO] main.cpp:359 -   总线争用次数: 0
2026-05-26 11:05:55.703 [INFO] main.cpp:368 - ======== 轮询统计 ========
2026-05-26 11:05:55.703 [INFO] main.cpp:369 -   任务组数:     20
2026-05-26 11:05:55.703 [INFO] main.cpp:370 -   成功事务:     0
2026-05-26 11:05:55.703 [INFO] main.cpp:371 -   失败事务:     660
2026-05-26 11:05:55.703 [INFO] main.cpp:373 -   成功率:       0.0%
2026-05-26 11:05:55.703 [INFO] main.cpp:378 - ======== 命令队列统计 ========
2026-05-26 11:05:55.703 [INFO] main.cpp:379 -   已提交: 0  已执行: 0  成功: 0  失败: 0
2026-05-26 11:05:55.703 [INFO] main.cpp:384 -   队列大小: 0  平均耗时: 0.0ms
2026-05-26 11:05:56.703 [INFO] main.cpp:352 - ======== 总线统计 ========
2026-05-26 11:05:56.703 [INFO] main.cpp:353 -   总事务数:     660
2026-05-26 11:05:56.703 [INFO] main.cpp:354 -   总错误数:     660
2026-05-26 11:05:56.704 [INFO] main.cpp:355 -   发送字节数:   5280
2026-05-26 11:05:56.704 [INFO] main.cpp:356 -   接收字节数:   0
2026-05-26 11:05:56.704 [INFO] main.cpp:357 -   平均延迟:     0.00 ms
2026-05-26 11:05:56.704 [INFO] main.cpp:358 -   最大延迟:     0.00 ms
2026-05-26 11:05:56.704 [INFO] main.cpp:359 -   总线争用次数: 0
2026-05-26 11:05:56.704 [INFO] main.cpp:368 - ======== 轮询统计 ========
2026-05-26 11:05:56.704 [INFO] main.cpp:369 -   任务组数:     20
2026-05-26 11:05:56.704 [INFO] main.cpp:370 -   成功事务:     0
2026-05-26 11:05:56.704 [INFO] main.cpp:371 -   失败事务:     660
2026-05-26 11:05:56.704 [INFO] main.cpp:373 -   成功率:       0.0%
2026-05-26 11:05:56.704 [INFO] main.cpp:378 - ======== 命令队列统计 ========
2026-05-26 11:05:56.704 [INFO] main.cpp:379 -   已提交: 0  已执行: 0  成功: 0  失败: 0
2026-05-26 11:05:56.704 [INFO] main.cpp:384 -   队列大小: 0  平均耗时: 0.0ms
2026-05-26 11:05:57.704 [INFO] main.cpp:352 - ======== 总线统计 ========
2026-05-26 11:05:57.704 [INFO] main.cpp:353 -   总事务数:     680
2026-05-26 11:05:57.704 [INFO] main.cpp:354 -   总错误数:     660
2026-05-26 11:05:57.704 [INFO] main.cpp:355 -   发送字节数:   5440
2026-05-26 11:05:57.704 [INFO] main.cpp:356 -   接收字节数:   0
2026-05-26 11:05:57.705 [INFO] main.cpp:357 -   平均延迟:     0.00 ms
2026-05-26 11:05:57.705 [INFO] main.cpp:358 -   最大延迟:     0.00 ms
2026-05-26 11:05:57.705 [INFO] main.cpp:359 -   总线争用次数: 0
2026-05-26 11:05:57.705 [INFO] main.cpp:368 - ======== 轮询统计 ========
2026-05-26 11:05:57.705 [INFO] main.cpp:369 -   任务组数:     20
2026-05-26 11:05:57.705 [INFO] main.cpp:370 -   成功事务:     0
2026-05-26 11:05:57.705 [INFO] main.cpp:371 -   失败事务:     660
2026-05-26 11:05:57.705 [INFO] main.cpp:373 -   成功率:       0.0%
2026-05-26 11:05:57.705 [INFO] main.cpp:378 - ======== 命令队列统计 ========
2026-05-26 11:05:57.705 [INFO] main.cpp:379 -   已提交: 0  已执行: 0  成功: 0  失败: 0
2026-05-26 11:05:57.705 [INFO] main.cpp:384 -   队列大小: 0  平均耗时: 0.0ms
2026-05-26 11:05:58.705 [INFO] main.cpp:352 - ======== 总线统计 ========
2026-05-26 11:05:58.705 [INFO] main.cpp:353 -   总事务数:     680
2026-05-26 11:05:58.706 [INFO] main.cpp:354 -   总错误数:     680
2026-05-26 11:05:58.706 [INFO] main.cpp:355 -   发送字节数:   5440
2026-05-26 11:05:58.706 [INFO] main.cpp:356 -   接收字节数:   0
2026-05-26 11:05:58.706 [INFO] main.cpp:357 -   平均延迟:     0.00 ms
2026-05-26 11:05:58.706 [INFO] main.cpp:358 -   最大延迟:     0.00 ms
2026-05-26 11:05:58.706 [INFO] main.cpp:359 -   总线争用次数: 0
2026-05-26 11:05:58.707 [INFO] main.cpp:368 - ======== 轮询统计 ========
2026-05-26 11:05:58.707 [INFO] main.cpp:369 -   任务组数:     20
2026-05-26 11:05:58.707 [INFO] main.cpp:370 -   成功事务:     0
2026-05-26 11:05:58.707 [INFO] main.cpp:371 -   失败事务:     680
2026-05-26 11:05:58.707 [INFO] main.cpp:373 -   成功率:       0.0%
2026-05-26 11:05:58.707 [INFO] main.cpp:378 - ======== 命令队列统计 ========
2026-05-26 11:05:58.707 [INFO] main.cpp:379 -   已提交: 0  已执行: 0  成功: 0  失败: 0
2026-05-26 11:05:58.707 [INFO] main.cpp:384 -   队列大小: 0  平均耗时: 0.0ms
2026-05-26 11:05:59.708 [INFO] main.cpp:352 - ======== 总线统计 ========
2026-05-26 11:05:59.708 [INFO] main.cpp:353 -   总事务数:     680
2026-05-26 11:05:59.708 [INFO] main.cpp:354 -   总错误数:     680
2026-05-26 11:05:59.708 [INFO] main.cpp:355 -   发送字节数:   5440
2026-05-26 11:05:59.708 [INFO] main.cpp:356 -   接收字节数:   0
2026-05-26 11:05:59.708 [INFO] main.cpp:357 -   平均延迟:     0.00 ms
2026-05-26 11:05:59.708 [INFO] main.cpp:358 -   最大延迟:     0.00 ms
2026-05-26 11:05:59.708 [INFO] main.cpp:359 -   总线争用次数: 0
2026-05-26 11:05:59.708 [INFO] main.cpp:368 - ======== 轮询统计 ========
2026-05-26 11:05:59.708 [INFO] main.cpp:369 -   任务组数:     20
2026-05-26 11:05:59.708 [INFO] main.cpp:370 -   成功事务:     0
2026-05-26 11:05:59.708 [INFO] main.cpp:371 -   失败事务:     680
2026-05-26 11:05:59.708 [INFO] main.cpp:373 -   成功率:       0.0%
2026-05-26 11:05:59.708 [INFO] main.cpp:378 - ======== 命令队列统计 ========
2026-05-26 11:05:59.708 [INFO] main.cpp:379 -   已提交: 0  已执行: 0  成功: 0  失败: 0
2026-05-26 11:05:59.708 [INFO] main.cpp:384 -   队列大小: 0  平均耗时: 0.0ms
2026-05-26 11:06:00.709 [INFO] main.cpp:352 - ======== 总线统计 ========
2026-05-26 11:06:00.710 [INFO] main.cpp:353 -   总事务数:     680
2026-05-26 11:06:00.710 [INFO] main.cpp:354 -   总错误数:     680
2026-05-26 11:06:00.710 [INFO] main.cpp:355 -   发送字节数:   5440
2026-05-26 11:06:00.710 [INFO] main.cpp:356 -   接收字节数:   0
2026-05-26 11:06:00.710 [INFO] main.cpp:357 -   平均延迟:     0.00 ms
2026-05-26 11:06:00.710 [INFO] main.cpp:358 -   最大延迟:     0.00 ms
2026-05-26 11:06:00.710 [INFO] main.cpp:359 -   总线争用次数: 0
2026-05-26 11:06:00.710 [INFO] main.cpp:368 - ======== 轮询统计 ========
2026-05-26 11:06:00.710 [INFO] main.cpp:369 -   任务组数:     20
2026-05-26 11:06:00.710 [INFO] main.cpp:370 -   成功事务:     0
2026-05-26 11:06:00.710 [INFO] main.cpp:371 -   失败事务:     680
2026-05-26 11:06:00.710 [INFO] main.cpp:373 -   成功率:       0.0%
2026-05-26 11:06:00.710 [INFO] main.cpp:378 - ======== 命令队列统计 ========
2026-05-26 11:06:00.710 [INFO] main.cpp:379 -   已提交: 0  已执行: 0  成功: 0  失败: 0
2026-05-26 11:06:00.710 [INFO] main.cpp:384 -   队列大小: 0  平均耗时: 0.0ms
2026-05-26 11:06:01.711 [INFO] main.cpp:352 - ======== 总线统计 ========
2026-05-26 11:06:01.711 [INFO] main.cpp:353 -   总事务数:     680
2026-05-26 11:06:01.711 [INFO] main.cpp:354 -   总错误数:     680
2026-05-26 11:06:01.712 [INFO] main.cpp:355 -   发送字节数:   5440
2026-05-26 11:06:01.712 [INFO] main.cpp:356 -   接收字节数:   0
2026-05-26 11:06:01.712 [INFO] main.cpp:357 -   平均延迟:     0.00 ms
2026-05-26 11:06:01.712 [INFO] main.cpp:358 -   最大延迟:     0.00 ms
2026-05-26 11:06:01.712 [INFO] main.cpp:359 -   总线争用次数: 0
2026-05-26 11:06:01.712 [INFO] main.cpp:368 - ======== 轮询统计 ========
2026-05-26 11:06:01.712 [INFO] main.cpp:369 -   任务组数:     20
2026-05-26 11:06:01.712 [INFO] main.cpp:370 -   成功事务:     0
2026-05-26 11:06:01.712 [INFO] main.cpp:371 -   失败事务:     680
2026-05-26 11:06:01.712 [INFO] main.cpp:373 -   成功率:       0.0%
2026-05-26 11:06:01.712 [INFO] main.cpp:378 - ======== 命令队列统计 ========
2026-05-26 11:06:01.712 [INFO] main.cpp:379 -   已提交: 0  已执行: 0  成功: 0  失败: 0
2026-05-26 11:06:01.712 [INFO] main.cpp:384 -   队列大小: 0  平均耗时: 0.0ms
2026-05-26 11:06:02.712 [INFO] main.cpp:352 - ======== 总线统计 ========
2026-05-26 11:06:02.713 [INFO] main.cpp:353 -   总事务数:     700
2026-05-26 11:06:02.713 [INFO] main.cpp:354 -   总错误数:     680
2026-05-26 11:06:02.713 [INFO] main.cpp:355 -   发送字节数:   5600
2026-05-26 11:06:02.713 [INFO] main.cpp:356 -   接收字节数:   0
2026-05-26 11:06:02.713 [INFO] main.cpp:357 -   平均延迟:     0.00 ms
2026-05-26 11:06:02.713 [INFO] main.cpp:358 -   最大延迟:     0.00 ms
2026-05-26 11:06:02.713 [INFO] main.cpp:359 -   总线争用次数: 0
2026-05-26 11:06:02.713 [INFO] main.cpp:368 - ======== 轮询统计 ========
2026-05-26 11:06:02.713 [INFO] main.cpp:369 -   任务组数:     20
2026-05-26 11:06:02.713 [INFO] main.cpp:370 -   成功事务:     0
2026-05-26 11:06:02.713 [INFO] main.cpp:371 -   失败事务:     680
2026-05-26 11:06:02.713 [INFO] main.cpp:373 -   成功率:       0.0%
2026-05-26 11:06:02.713 [INFO] main.cpp:378 - ======== 命令队列统计 ========
2026-05-26 11:06:02.713 [INFO] main.cpp:379 -   已提交: 0  已执行: 0  成功: 0  失败: 0
2026-05-26 11:06:02.713 [INFO] main.cpp:384 -   队列大小: 0  平均耗时: 0.0ms
2026-05-26 11:06:03.714 [INFO] main.cpp:352 - ======== 总线统计 ========
2026-05-26 11:06:03.714 [INFO] main.cpp:353 -   总事务数:     700
2026-05-26 11:06:03.715 [INFO] main.cpp:354 -   总错误数:     700
2026-05-26 11:06:03.715 [INFO] main.cpp:355 -   发送字节数:   5600
2026-05-26 11:06:03.716 [INFO] main.cpp:356 -   接收字节数:   0
2026-05-26 11:06:03.716 [INFO] main.cpp:357 -   平均延迟:     0.00 ms
2026-05-26 11:06:03.716 [INFO] main.cpp:358 -   最大延迟:     0.00 ms
2026-05-26 11:06:03.716 [INFO] main.cpp:359 -   总线争用次数: 0
2026-05-26 11:06:03.716 [INFO] main.cpp:368 - ======== 轮询统计 ========
2026-05-26 11:06:03.716 [INFO] main.cpp:369 -   任务组数:     20
2026-05-26 11:06:03.716 [INFO] main.cpp:370 -   成功事务:     0
2026-05-26 11:06:03.716 [INFO] main.cpp:371 -   失败事务:     700
2026-05-26 11:06:03.716 [INFO] main.cpp:373 -   成功率:       0.0%
2026-05-26 11:06:03.716 [INFO] main.cpp:378 - ======== 命令队列统计 ========
2026-05-26 11:06:03.716 [INFO] main.cpp:379 -   已提交: 0  已执行: 0  成功: 0  失败: 0
2026-05-26 11:06:03.716 [INFO] main.cpp:384 -   队列大小: 0  平均耗时: 0.0ms
2026-05-26 11:06:04.717 [INFO] main.cpp:352 - ======== 总线统计 ========
2026-05-26 11:06:04.717 [INFO] main.cpp:353 -   总事务数:     700
2026-05-26 11:06:04.718 [INFO] main.cpp:354 -   总错误数:     700
2026-05-26 11:06:04.718 [INFO] main.cpp:355 -   发送字节数:   5600
2026-05-26 11:06:04.718 [INFO] main.cpp:356 -   接收字节数:   0
2026-05-26 11:06:04.718 [INFO] main.cpp:357 -   平均延迟:     0.00 ms
2026-05-26 11:06:04.718 [INFO] main.cpp:358 -   最大延迟:     0.00 ms
2026-05-26 11:06:04.718 [INFO] main.cpp:359 -   总线争用次数: 0
2026-05-26 11:06:04.718 [INFO] main.cpp:368 - ======== 轮询统计 ========
2026-05-26 11:06:04.718 [INFO] main.cpp:369 -   任务组数:     20
2026-05-26 11:06:04.718 [INFO] main.cpp:370 -   成功事务:     0
2026-05-26 11:06:04.718 [INFO] main.cpp:371 -   失败事务:     700
2026-05-26 11:06:04.718 [INFO] main.cpp:373 -   成功率:       0.0%
2026-05-26 11:06:04.718 [INFO] main.cpp:378 - ======== 命令队列统计 ========
2026-05-26 11:06:04.718 [INFO] main.cpp:379 -   已提交: 0  已执行: 0  成功: 0  失败: 0
2026-05-26 11:06:04.718 [INFO] main.cpp:384 -   队列大小: 0  平均耗时: 0.0ms
2026-05-26 11:06:05.718 [INFO] main.cpp:352 - ======== 总线统计 ========
2026-05-26 11:06:05.719 [INFO] main.cpp:353 -   总事务数:     700
2026-05-26 11:06:05.719 [INFO] main.cpp:354 -   总错误数:     700
2026-05-26 11:06:05.719 [INFO] main.cpp:355 -   发送字节数:   5600
2026-05-26 11:06:05.719 [INFO] main.cpp:356 -   接收字节数:   0
2026-05-26 11:06:05.719 [INFO] main.cpp:357 -   平均延迟:     0.00 ms
2026-05-26 11:06:05.719 [INFO] main.cpp:358 -   最大延迟:     0.00 ms
2026-05-26 11:06:05.719 [INFO] main.cpp:359 -   总线争用次数: 0
2026-05-26 11:06:05.719 [INFO] main.cpp:368 - ======== 轮询统计 ========
2026-05-26 11:06:05.719 [INFO] main.cpp:369 -   任务组数:     20
2026-05-26 11:06:05.719 [INFO] main.cpp:370 -   成功事务:     0
2026-05-26 11:06:05.719 [INFO] main.cpp:371 -   失败事务:     700
2026-05-26 11:06:05.719 [INFO] main.cpp:373 -   成功率:       0.0%
2026-05-26 11:06:05.719 [INFO] main.cpp:378 - ======== 命令队列统计 ========
2026-05-26 11:06:05.719 [INFO] main.cpp:379 -   已提交: 0  已执行: 0  成功: 0  失败: 0
2026-05-26 11:06:05.719 [INFO] main.cpp:384 -   队列大小: 0  平均耗时: 0.0ms
2026-05-26 11:06:06.720 [INFO] main.cpp:352 - ======== 总线统计 ========
2026-05-26 11:06:06.720 [INFO] main.cpp:353 -   总事务数:     700
2026-05-26 11:06:06.721 [INFO] main.cpp:354 -   总错误数:     700
2026-05-26 11:06:06.721 [INFO] main.cpp:355 -   发送字节数:   5600
2026-05-26 11:06:06.721 [INFO] main.cpp:356 -   接收字节数:   0
2026-05-26 11:06:06.721 [INFO] main.cpp:357 -   平均延迟:     0.00 ms
2026-05-26 11:06:06.721 [INFO] main.cpp:358 -   最大延迟:     0.00 ms
2026-05-26 11:06:06.721 [INFO] main.cpp:359 -   总线争用次数: 0
2026-05-26 11:06:06.721 [INFO] main.cpp:368 - ======== 轮询统计 ========
2026-05-26 11:06:06.721 [INFO] main.cpp:369 -   任务组数:     20
2026-05-26 11:06:06.721 [INFO] main.cpp:370 -   成功事务:     0
2026-05-26 11:06:06.721 [INFO] main.cpp:371 -   失败事务:     700
2026-05-26 11:06:06.721 [INFO] main.cpp:373 -   成功率:       0.0%
2026-05-26 11:06:06.721 [INFO] main.cpp:378 - ======== 命令队列统计 ========
2026-05-26 11:06:06.721 [INFO] main.cpp:379 -   已提交: 0  已执行: 0  成功: 0  失败: 0
2026-05-26 11:06:06.721 [INFO] main.cpp:384 -   队列大小: 0  平均耗时: 0.0ms
2026-05-26 11:06:07.722 [INFO] main.cpp:352 - ======== 总线统计 ========
2026-05-26 11:06:07.722 [INFO] main.cpp:353 -   总事务数:     720
2026-05-26 11:06:07.722 [INFO] main.cpp:354 -   总错误数:     700
2026-05-26 11:06:07.722 [INFO] main.cpp:355 -   发送字节数:   5760
2026-05-26 11:06:07.723 [INFO] main.cpp:356 -   接收字节数:   0
2026-05-26 11:06:07.723 [INFO] main.cpp:357 -   平均延迟:     0.00 ms
2026-05-26 11:06:07.723 [INFO] main.cpp:358 -   最大延迟:     0.00 ms
2026-05-26 11:06:07.723 [INFO] main.cpp:359 -   总线争用次数: 0
2026-05-26 11:06:07.723 [INFO] main.cpp:368 - ======== 轮询统计 ========
2026-05-26 11:06:07.723 [INFO] main.cpp:369 -   任务组数:     20
2026-05-26 11:06:07.723 [INFO] main.cpp:370 -   成功事务:     0
2026-05-26 11:06:07.723 [INFO] main.cpp:371 -   失败事务:     700
2026-05-26 11:06:07.723 [INFO] main.cpp:373 -   成功率:       0.0%
2026-05-26 11:06:07.723 [INFO] main.cpp:378 - ======== 命令队列统计 ========
2026-05-26 11:06:07.723 [INFO] main.cpp:379 -   已提交: 0  已执行: 0  成功: 0  失败: 0
2026-05-26 11:06:07.723 [INFO] main.cpp:384 -   队列大小: 0  平均耗时: 0.0ms
2026-05-26 11:06:08.724 [INFO] main.cpp:352 - ======== 总线统计 ========
2026-05-26 11:06:08.724 [INFO] main.cpp:353 -   总事务数:     720
2026-05-26 11:06:08.725 [INFO] main.cpp:354 -   总错误数:     720
2026-05-26 11:06:08.725 [INFO] main.cpp:355 -   发送字节数:   5760
2026-05-26 11:06:08.725 [INFO] main.cpp:356 -   接收字节数:   0
2026-05-26 11:06:08.725 [INFO] main.cpp:357 -   平均延迟:     0.00 ms
2026-05-26 11:06:08.725 [INFO] main.cpp:358 -   最大延迟:     0.00 ms
2026-05-26 11:06:08.725 [INFO] main.cpp:359 -   总线争用次数: 0
2026-05-26 11:06:08.726 [INFO] main.cpp:368 - ======== 轮询统计 ========
2026-05-26 11:06:08.726 [INFO] main.cpp:369 -   任务组数:     20
2026-05-26 11:06:08.726 [INFO] main.cpp:370 -   成功事务:     0
2026-05-26 11:06:08.726 [INFO] main.cpp:371 -   失败事务:     720
2026-05-26 11:06:08.726 [INFO] main.cpp:373 -   成功率:       0.0%
2026-05-26 11:06:08.726 [INFO] main.cpp:378 - ======== 命令队列统计 ========
2026-05-26 11:06:08.726 [INFO] main.cpp:379 -   已提交: 0  已执行: 0  成功: 0  失败: 0
2026-05-26 11:06:08.726 [INFO] main.cpp:384 -   队列大小: 0  平均耗时: 0.0ms
2026-05-26 11:06:09.727 [INFO] main.cpp:352 - ======== 总线统计 ========
2026-05-26 11:06:09.727 [INFO] main.cpp:353 -   总事务数:     720
2026-05-26 11:06:09.727 [INFO] main.cpp:354 -   总错误数:     720
2026-05-26 11:06:09.727 [INFO] main.cpp:355 -   发送字节数:   5760
2026-05-26 11:06:09.727 [INFO] main.cpp:356 -   接收字节数:   0
2026-05-26 11:06:09.727 [INFO] main.cpp:357 -   平均延迟:     0.00 ms
2026-05-26 11:06:09.727 [INFO] main.cpp:358 -   最大延迟:     0.00 ms
2026-05-26 11:06:09.727 [INFO] main.cpp:359 -   总线争用次数: 0
2026-05-26 11:06:09.728 [INFO] main.cpp:368 - ======== 轮询统计 ========
2026-05-26 11:06:09.728 [INFO] main.cpp:369 -   任务组数:     20
2026-05-26 11:06:09.728 [INFO] main.cpp:370 -   成功事务:     0
2026-05-26 11:06:09.728 [INFO] main.cpp:371 -   失败事务:     720
2026-05-26 11:06:09.728 [INFO] main.cpp:373 -   成功率:       0.0%
2026-05-26 11:06:09.728 [INFO] main.cpp:378 - ======== 命令队列统计 ========
2026-05-26 11:06:09.728 [INFO] main.cpp:379 -   已提交: 0  已执行: 0  成功: 0  失败: 0
2026-05-26 11:06:09.728 [INFO] main.cpp:384 -   队列大小: 0  平均耗时: 0.0ms
2026-05-26 11:06:10.728 [INFO] main.cpp:352 - ======== 总线统计 ========
2026-05-26 11:06:10.728 [INFO] main.cpp:353 -   总事务数:     720
2026-05-26 11:06:10.728 [INFO] main.cpp:354 -   总错误数:     720
2026-05-26 11:06:10.728 [INFO] main.cpp:355 -   发送字节数:   5760
2026-05-26 11:06:10.728 [INFO] main.cpp:356 -   接收字节数:   0
2026-05-26 11:06:10.728 [INFO] main.cpp:357 -   平均延迟:     0.00 ms
2026-05-26 11:06:10.728 [INFO] main.cpp:358 -   最大延迟:     0.00 ms
2026-05-26 11:06:10.728 [INFO] main.cpp:359 -   总线争用次数: 0
2026-05-26 11:06:10.728 [INFO] main.cpp:368 - ======== 轮询统计 ========
2026-05-26 11:06:10.728 [INFO] main.cpp:369 -   任务组数:     20
2026-05-26 11:06:10.729 [INFO] main.cpp:370 -   成功事务:     0
2026-05-26 11:06:10.729 [INFO] main.cpp:371 -   失败事务:     720
2026-05-26 11:06:10.729 [INFO] main.cpp:373 -   成功率:       0.0%
2026-05-26 11:06:10.729 [INFO] main.cpp:378 - ======== 命令队列统计 ========
2026-05-26 11:06:10.729 [INFO] main.cpp:379 -   已提交: 0  已执行: 0  成功: 0  失败: 0
2026-05-26 11:06:10.729 [INFO] main.cpp:384 -   队列大小: 0  平均耗时: 0.0ms
2026-05-26 11:06:11.730 [INFO] main.cpp:352 - ======== 总线统计 ========
2026-05-26 11:06:11.730 [INFO] main.cpp:353 -   总事务数:     720
2026-05-26 11:06:11.730 [INFO] main.cpp:354 -   总错误数:     720
2026-05-26 11:06:11.730 [INFO] main.cpp:355 -   发送字节数:   5760
2026-05-26 11:06:11.730 [INFO] main.cpp:356 -   接收字节数:   0
2026-05-26 11:06:11.730 [INFO] main.cpp:357 -   平均延迟:     0.00 ms
2026-05-26 11:06:11.730 [INFO] main.cpp:358 -   最大延迟:     0.00 ms
2026-05-26 11:06:11.730 [INFO] main.cpp:359 -   总线争用次数: 0
2026-05-26 11:06:11.730 [INFO] main.cpp:368 - ======== 轮询统计 ========
2026-05-26 11:06:11.730 [INFO] main.cpp:369 -   任务组数:     20
2026-05-26 11:06:11.730 [INFO] main.cpp:370 -   成功事务:     0
2026-05-26 11:06:11.730 [INFO] main.cpp:371 -   失败事务:     720
2026-05-26 11:06:11.730 [INFO] main.cpp:373 -   成功率:       0.0%
2026-05-26 11:06:11.731 [INFO] main.cpp:378 - ======== 命令队列统计 ========
2026-05-26 11:06:11.731 [INFO] main.cpp:379 -   已提交: 0  已执行: 0  成功: 0  失败: 0
2026-05-26 11:06:11.731 [INFO] main.cpp:384 -   队列大小: 0  平均耗时: 0.0ms
2026-05-26 11:06:12.731 [INFO] main.cpp:352 - ======== 总线统计 ========
2026-05-26 11:06:12.731 [INFO] main.cpp:353 -   总事务数:     740
2026-05-26 11:06:12.731 [INFO] main.cpp:354 -   总错误数:     720
2026-05-26 11:06:12.731 [INFO] main.cpp:355 -   发送字节数:   5920
2026-05-26 11:06:12.731 [INFO] main.cpp:356 -   接收字节数:   0
2026-05-26 11:06:12.731 [INFO] main.cpp:357 -   平均延迟:     0.00 ms
2026-05-26 11:06:12.731 [INFO] main.cpp:358 -   最大延迟:     0.00 ms
2026-05-26 11:06:12.731 [INFO] main.cpp:359 -   总线争用次数: 0
2026-05-26 11:06:12.731 [INFO] main.cpp:368 - ======== 轮询统计 ========
2026-05-26 11:06:12.731 [INFO] main.cpp:369 -   任务组数:     20
2026-05-26 11:06:12.731 [INFO] main.cpp:370 -   成功事务:     0
2026-05-26 11:06:12.731 [INFO] main.cpp:371 -   失败事务:     720
2026-05-26 11:06:12.732 [INFO] main.cpp:373 -   成功率:       0.0%
2026-05-26 11:06:12.732 [INFO] main.cpp:378 - ======== 命令队列统计 ========
2026-05-26 11:06:12.732 [INFO] main.cpp:379 -   已提交: 0  已执行: 0  成功: 0  失败: 0
2026-05-26 11:06:12.732 [INFO] main.cpp:384 -   队列大小: 0  平均耗时: 0.0ms
2026-05-26 11:06:13.733 [INFO] main.cpp:352 - ======== 总线统计 ========
2026-05-26 11:06:13.733 [INFO] main.cpp:353 -   总事务数:     740
2026-05-26 11:06:13.734 [INFO] main.cpp:354 -   总错误数:     740
2026-05-26 11:06:13.734 [INFO] main.cpp:355 -   发送字节数:   5920
2026-05-26 11:06:13.734 [INFO] main.cpp:356 -   接收字节数:   0
2026-05-26 11:06:13.734 [INFO] main.cpp:357 -   平均延迟:     0.00 ms
2026-05-26 11:06:13.734 [INFO] main.cpp:358 -   最大延迟:     0.00 ms
2026-05-26 11:06:13.734 [INFO] main.cpp:359 -   总线争用次数: 0
2026-05-26 11:06:13.734 [INFO] main.cpp:368 - ======== 轮询统计 ========
2026-05-26 11:06:13.734 [INFO] main.cpp:369 -   任务组数:     20
2026-05-26 11:06:13.735 [INFO] main.cpp:370 -   成功事务:     0
2026-05-26 11:06:13.735 [INFO] main.cpp:371 -   失败事务:     740
2026-05-26 11:06:13.735 [INFO] main.cpp:373 -   成功率:       0.0%
2026-05-26 11:06:13.735 [INFO] main.cpp:378 - ======== 命令队列统计 ========
2026-05-26 11:06:13.735 [INFO] main.cpp:379 -   已提交: 0  已执行: 0  成功: 0  失败: 0
2026-05-26 11:06:13.735 [INFO] main.cpp:384 -   队列大小: 0  平均耗时: 0.0ms
2026-05-26 11:06:14.735 [INFO] main.cpp:352 - ======== 总线统计 ========
2026-05-26 11:06:14.736 [INFO] main.cpp:353 -   总事务数:     740
2026-05-26 11:06:14.736 [INFO] main.cpp:354 -   总错误数:     740
2026-05-26 11:06:14.736 [INFO] main.cpp:355 -   发送字节数:   5920
2026-05-26 11:06:14.736 [INFO] main.cpp:356 -   接收字节数:   0
2026-05-26 11:06:14.736 [INFO] main.cpp:357 -   平均延迟:     0.00 ms
2026-05-26 11:06:14.736 [INFO] main.cpp:358 -   最大延迟:     0.00 ms
2026-05-26 11:06:14.736 [INFO] main.cpp:359 -   总线争用次数: 0
2026-05-26 11:06:14.736 [INFO] main.cpp:368 - ======== 轮询统计 ========
2026-05-26 11:06:14.736 [INFO] main.cpp:369 -   任务组数:     20
2026-05-26 11:06:14.736 [INFO] main.cpp:370 -   成功事务:     0
2026-05-26 11:06:14.736 [INFO] main.cpp:371 -   失败事务:     740
2026-05-26 11:06:14.736 [INFO] main.cpp:373 -   成功率:       0.0%
2026-05-26 11:06:14.736 [INFO] main.cpp:378 - ======== 命令队列统计 ========
2026-05-26 11:06:14.736 [INFO] main.cpp:379 -   已提交: 0  已执行: 0  成功: 0  失败: 0
2026-05-26 11:06:14.736 [INFO] main.cpp:384 -   队列大小: 0  平均耗时: 0.0ms
2026-05-26 11:06:15.737 [INFO] main.cpp:352 - ======== 总线统计 ========
2026-05-26 11:06:15.738 [INFO] main.cpp:353 -   总事务数:     740
2026-05-26 11:06:15.738 [INFO] main.cpp:354 -   总错误数:     740
2026-05-26 11:06:15.738 [INFO] main.cpp:355 -   发送字节数:   5920
2026-05-26 11:06:15.738 [INFO] main.cpp:356 -   接收字节数:   0
2026-05-26 11:06:15.738 [INFO] main.cpp:357 -   平均延迟:     0.00 ms
2026-05-26 11:06:15.738 [INFO] main.cpp:358 -   最大延迟:     0.00 ms
2026-05-26 11:06:15.738 [INFO] main.cpp:359 -   总线争用次数: 0
2026-05-26 11:06:15.738 [INFO] main.cpp:368 - ======== 轮询统计 ========
2026-05-26 11:06:15.738 [INFO] main.cpp:369 -   任务组数:     20
2026-05-26 11:06:15.738 [INFO] main.cpp:370 -   成功事务:     0
2026-05-26 11:06:15.738 [INFO] main.cpp:371 -   失败事务:     740
2026-05-26 11:06:15.738 [INFO] main.cpp:373 -   成功率:       0.0%
2026-05-26 11:06:15.738 [INFO] main.cpp:378 - ======== 命令队列统计 ========
2026-05-26 11:06:15.738 [INFO] main.cpp:379 -   已提交: 0  已执行: 0  成功: 0  失败: 0
2026-05-26 11:06:15.738 [INFO] main.cpp:384 -   队列大小: 0  平均耗时: 0.0ms
2026-05-26 11:06:16.739 [INFO] main.cpp:352 - ======== 总线统计 ========
2026-05-26 11:06:16.739 [INFO] main.cpp:353 -   总事务数:     740
2026-05-26 11:06:16.739 [INFO] main.cpp:354 -   总错误数:     740
2026-05-26 11:06:16.739 [INFO] main.cpp:355 -   发送字节数:   5920
2026-05-26 11:06:16.739 [INFO] main.cpp:356 -   接收字节数:   0
2026-05-26 11:06:16.739 [INFO] main.cpp:357 -   平均延迟:     0.00 ms
2026-05-26 11:06:16.739 [INFO] main.cpp:358 -   最大延迟:     0.00 ms
2026-05-26 11:06:16.739 [INFO] main.cpp:359 -   总线争用次数: 0
2026-05-26 11:06:16.739 [INFO] main.cpp:368 - ======== 轮询统计 ========
2026-05-26 11:06:16.739 [INFO] main.cpp:369 -   任务组数:     20
2026-05-26 11:06:16.739 [INFO] main.cpp:370 -   成功事务:     0
2026-05-26 11:06:16.739 [INFO] main.cpp:371 -   失败事务:     740
2026-05-26 11:06:16.739 [INFO] main.cpp:373 -   成功率:       0.0%
2026-05-26 11:06:16.739 [INFO] main.cpp:378 - ======== 命令队列统计 ========
2026-05-26 11:06:16.739 [INFO] main.cpp:379 -   已提交: 0  已执行: 0  成功: 0  失败: 0
2026-05-26 11:06:16.739 [INFO] main.cpp:384 -   队列大小: 0  平均耗时: 0.0ms
2026-05-26 11:06:17.740 [INFO] main.cpp:352 - ======== 总线统计 ========
2026-05-26 11:06:17.740 [INFO] main.cpp:353 -   总事务数:     760
2026-05-26 11:06:17.740 [INFO] main.cpp:354 -   总错误数:     740
2026-05-26 11:06:17.740 [INFO] main.cpp:355 -   发送字节数:   6080
2026-05-26 11:06:17.740 [INFO] main.cpp:356 -   接收字节数:   0
2026-05-26 11:06:17.741 [INFO] main.cpp:357 -   平均延迟:     0.00 ms
2026-05-26 11:06:17.741 [INFO] main.cpp:358 -   最大延迟:     0.00 ms
2026-05-26 11:06:17.741 [INFO] main.cpp:359 -   总线争用次数: 0
2026-05-26 11:06:17.741 [INFO] main.cpp:368 - ======== 轮询统计 ========
2026-05-26 11:06:17.741 [INFO] main.cpp:369 -   任务组数:     20
2026-05-26 11:06:17.741 [INFO] main.cpp:370 -   成功事务:     0
2026-05-26 11:06:17.741 [INFO] main.cpp:371 -   失败事务:     740
2026-05-26 11:06:17.741 [INFO] main.cpp:373 -   成功率:       0.0%
2026-05-26 11:06:17.741 [INFO] main.cpp:378 - ======== 命令队列统计 ========
2026-05-26 11:06:17.741 [INFO] main.cpp:379 -   已提交: 0  已执行: 0  成功: 0  失败: 0
2026-05-26 11:06:17.741 [INFO] main.cpp:384 -   队列大小: 0  平均耗时: 0.0ms
2026-05-26 11:06:18.742 [INFO] main.cpp:352 - ======== 总线统计 ========
2026-05-26 11:06:18.742 [INFO] main.cpp:353 -   总事务数:     760
2026-05-26 11:06:18.742 [INFO] main.cpp:354 -   总错误数:     760
2026-05-26 11:06:18.742 [INFO] main.cpp:355 -   发送字节数:   6080
2026-05-26 11:06:18.742 [INFO] main.cpp:356 -   接收字节数:   0
2026-05-26 11:06:18.742 [INFO] main.cpp:357 -   平均延迟:     0.00 ms
2026-05-26 11:06:18.742 [INFO] main.cpp:358 -   最大延迟:     0.00 ms
2026-05-26 11:06:18.742 [INFO] main.cpp:359 -   总线争用次数: 0
2026-05-26 11:06:18.743 [INFO] main.cpp:368 - ======== 轮询统计 ========
2026-05-26 11:06:18.743 [INFO] main.cpp:369 -   任务组数:     20
2026-05-26 11:06:18.743 [INFO] main.cpp:370 -   成功事务:     0
2026-05-26 11:06:18.743 [INFO] main.cpp:371 -   失败事务:     760
2026-05-26 11:06:18.743 [INFO] main.cpp:373 -   成功率:       0.0%
2026-05-26 11:06:18.743 [INFO] main.cpp:378 - ======== 命令队列统计 ========
2026-05-26 11:06:18.743 [INFO] main.cpp:379 -   已提交: 0  已执行: 0  成功: 0  失败: 0
2026-05-26 11:06:18.743 [INFO] main.cpp:384 -   队列大小: 0  平均耗时: 0.0ms
2026-05-26 11:06:19.744 [INFO] main.cpp:352 - ======== 总线统计 ========
2026-05-26 11:06:19.744 [INFO] main.cpp:353 -   总事务数:     760
2026-05-26 11:06:19.744 [INFO] main.cpp:354 -   总错误数:     760
2026-05-26 11:06:19.744 [INFO] main.cpp:355 -   发送字节数:   6080
2026-05-26 11:06:19.744 [INFO] main.cpp:356 -   接收字节数:   0
2026-05-26 11:06:19.744 [INFO] main.cpp:357 -   平均延迟:     0.00 ms
2026-05-26 11:06:19.744 [INFO] main.cpp:358 -   最大延迟:     0.00 ms
2026-05-26 11:06:19.744 [INFO] main.cpp:359 -   总线争用次数: 0
2026-05-26 11:06:19.744 [INFO] main.cpp:368 - ======== 轮询统计 ========
2026-05-26 11:06:19.744 [INFO] main.cpp:369 -   任务组数:     20
2026-05-26 11:06:19.744 [INFO] main.cpp:370 -   成功事务:     0
2026-05-26 11:06:19.744 [INFO] main.cpp:371 -   失败事务:     760
2026-05-26 11:06:19.744 [INFO] main.cpp:373 -   成功率:       0.0%
2026-05-26 11:06:19.745 [INFO] main.cpp:378 - ======== 命令队列统计 ========
2026-05-26 11:06:19.745 [INFO] main.cpp:379 -   已提交: 0  已执行: 0  成功: 0  失败: 0
2026-05-26 11:06:19.745 [INFO] main.cpp:384 -   队列大小: 0  平均耗时: 0.0ms
2026-05-26 11:06:20.746 [INFO] main.cpp:352 - ======== 总线统计 ========
2026-05-26 11:06:20.746 [INFO] main.cpp:353 -   总事务数:     760
2026-05-26 11:06:20.746 [INFO] main.cpp:354 -   总错误数:     760
2026-05-26 11:06:20.746 [INFO] main.cpp:355 -   发送字节数:   6080
2026-05-26 11:06:20.746 [INFO] main.cpp:356 -   接收字节数:   0
2026-05-26 11:06:20.746 [INFO] main.cpp:357 -   平均延迟:     0.00 ms
2026-05-26 11:06:20.746 [INFO] main.cpp:358 -   最大延迟:     0.00 ms
2026-05-26 11:06:20.746 [INFO] main.cpp:359 -   总线争用次数: 0
2026-05-26 11:06:20.746 [INFO] main.cpp:368 - ======== 轮询统计 ========
2026-05-26 11:06:20.746 [INFO] main.cpp:369 -   任务组数:     20
2026-05-26 11:06:20.746 [INFO] main.cpp:370 -   成功事务:     0
2026-05-26 11:06:20.747 [INFO] main.cpp:371 -   失败事务:     760
2026-05-26 11:06:20.747 [INFO] main.cpp:373 -   成功率:       0.0%
2026-05-26 11:06:20.747 [INFO] main.cpp:378 - ======== 命令队列统计 ========
2026-05-26 11:06:20.747 [INFO] main.cpp:379 -   已提交: 0  已执行: 0  成功: 0  失败: 0
2026-05-26 11:06:20.747 [INFO] main.cpp:384 -   队列大小: 0  平均耗时: 0.0ms
2026-05-26 11:06:21.748 [INFO] main.cpp:352 - ======== 总线统计 ========
2026-05-26 11:06:21.748 [INFO] main.cpp:353 -   总事务数:     760
2026-05-26 11:06:21.748 [INFO] main.cpp:354 -   总错误数:     760
2026-05-26 11:06:21.748 [INFO] main.cpp:355 -   发送字节数:   6080
2026-05-26 11:06:21.748 [INFO] main.cpp:356 -   接收字节数:   0
2026-05-26 11:06:21.748 [INFO] main.cpp:357 -   平均延迟:     0.00 ms
2026-05-26 11:06:21.748 [INFO] main.cpp:358 -   最大延迟:     0.00 ms
2026-05-26 11:06:21.748 [INFO] main.cpp:359 -   总线争用次数: 0
2026-05-26 11:06:21.748 [INFO] main.cpp:368 - ======== 轮询统计 ========
2026-05-26 11:06:21.748 [INFO] main.cpp:369 -   任务组数:     20
2026-05-26 11:06:21.748 [INFO] main.cpp:370 -   成功事务:     0
2026-05-26 11:06:21.748 [INFO] main.cpp:371 -   失败事务:     760
2026-05-26 11:06:21.748 [INFO] main.cpp:373 -   成功率:       0.0%
2026-05-26 11:06:21.748 [INFO] main.cpp:378 - ======== 命令队列统计 ========
2026-05-26 11:06:21.748 [INFO] main.cpp:379 -   已提交: 0  已执行: 0  成功: 0  失败: 0
2026-05-26 11:06:21.748 [INFO] main.cpp:384 -   队列大小: 0  平均耗时: 0.0ms
2026-05-26 11:06:22.749 [INFO] main.cpp:352 - ======== 总线统计 ========
2026-05-26 11:06:22.750 [INFO] main.cpp:353 -   总事务数:     780
2026-05-26 11:06:22.750 [INFO] main.cpp:354 -   总错误数:     760
2026-05-26 11:06:22.750 [INFO] main.cpp:355 -   发送字节数:   6240
2026-05-26 11:06:22.750 [INFO] main.cpp:356 -   接收字节数:   0
2026-05-26 11:06:22.750 [INFO] main.cpp:357 -   平均延迟:     0.00 ms
2026-05-26 11:06:22.750 [INFO] main.cpp:358 -   最大延迟:     0.00 ms
2026-05-26 11:06:22.750 [INFO] main.cpp:359 -   总线争用次数: 0
2026-05-26 11:06:22.750 [INFO] main.cpp:368 - ======== 轮询统计 ========
2026-05-26 11:06:22.750 [INFO] main.cpp:369 -   任务组数:     20
2026-05-26 11:06:22.750 [INFO] main.cpp:370 -   成功事务:     0
2026-05-26 11:06:22.750 [INFO] main.cpp:371 -   失败事务:     760
2026-05-26 11:06:22.750 [INFO] main.cpp:373 -   成功率:       0.0%
2026-05-26 11:06:22.750 [INFO] main.cpp:378 - ======== 命令队列统计 ========
2026-05-26 11:06:22.750 [INFO] main.cpp:379 -   已提交: 0  已执行: 0  成功: 0  失败: 0
2026-05-26 11:06:22.750 [INFO] main.cpp:384 -   队列大小: 0  平均耗时: 0.0ms
2026-05-26 11:06:23.751 [INFO] main.cpp:352 - ======== 总线统计 ========
2026-05-26 11:06:23.751 [INFO] main.cpp:353 -   总事务数:     780
2026-05-26 11:06:23.751 [INFO] main.cpp:354 -   总错误数:     780
2026-05-26 11:06:23.751 [INFO] main.cpp:355 -   发送字节数:   6240
2026-05-26 11:06:23.751 [INFO] main.cpp:356 -   接收字节数:   0
2026-05-26 11:06:23.751 [INFO] main.cpp:357 -   平均延迟:     0.00 ms
2026-05-26 11:06:23.751 [INFO] main.cpp:358 -   最大延迟:     0.00 ms
2026-05-26 11:06:23.751 [INFO] main.cpp:359 -   总线争用次数: 0
2026-05-26 11:06:23.751 [INFO] main.cpp:368 - ======== 轮询统计 ========
2026-05-26 11:06:23.751 [INFO] main.cpp:369 -   任务组数:     20
2026-05-26 11:06:23.751 [INFO] main.cpp:370 -   成功事务:     0
2026-05-26 11:06:23.751 [INFO] main.cpp:371 -   失败事务:     780
2026-05-26 11:06:23.751 [INFO] main.cpp:373 -   成功率:       0.0%
2026-05-26 11:06:23.751 [INFO] main.cpp:378 - ======== 命令队列统计 ========
2026-05-26 11:06:23.751 [INFO] main.cpp:379 -   已提交: 0  已执行: 0  成功: 0  失败: 0
2026-05-26 11:06:23.752 [INFO] main.cpp:384 -   队列大小: 0  平均耗时: 0.0ms
2026-05-26 11:06:24.753 [INFO] main.cpp:352 - ======== 总线统计 ========
2026-05-26 11:06:24.753 [INFO] main.cpp:353 -   总事务数:     780
2026-05-26 11:06:24.753 [INFO] main.cpp:354 -   总错误数:     780
2026-05-26 11:06:24.753 [INFO] main.cpp:355 -   发送字节数:   6240
2026-05-26 11:06:24.753 [INFO] main.cpp:356 -   接收字节数:   0
2026-05-26 11:06:24.753 [INFO] main.cpp:357 -   平均延迟:     0.00 ms
2026-05-26 11:06:24.753 [INFO] main.cpp:358 -   最大延迟:     0.00 ms
2026-05-26 11:06:24.753 [INFO] main.cpp:359 -   总线争用次数: 0
2026-05-26 11:06:24.753 [INFO] main.cpp:368 - ======== 轮询统计 ========
2026-05-26 11:06:24.753 [INFO] main.cpp:369 -   任务组数:     20
2026-05-26 11:06:24.753 [INFO] main.cpp:370 -   成功事务:     0
2026-05-26 11:06:24.753 [INFO] main.cpp:371 -   失败事务:     780
2026-05-26 11:06:24.753 [INFO] main.cpp:373 -   成功率:       0.0%
2026-05-26 11:06:24.753 [INFO] main.cpp:378 - ======== 命令队列统计 ========
2026-05-26 11:06:24.753 [INFO] main.cpp:379 -   已提交: 0  已执行: 0  成功: 0  失败: 0
2026-05-26 11:06:24.753 [INFO] main.cpp:384 -   队列大小: 0  平均耗时: 0.0ms
2026-05-26 11:06:25.754 [INFO] main.cpp:352 - ======== 总线统计 ========
2026-05-26 11:06:25.754 [INFO] main.cpp:353 -   总事务数:     780
2026-05-26 11:06:25.754 [INFO] main.cpp:354 -   总错误数:     780
2026-05-26 11:06:25.754 [INFO] main.cpp:355 -   发送字节数:   6240
2026-05-26 11:06:25.754 [INFO] main.cpp:356 -   接收字节数:   0
2026-05-26 11:06:25.755 [INFO] main.cpp:357 -   平均延迟:     0.00 ms
2026-05-26 11:06:25.755 [INFO] main.cpp:358 -   最大延迟:     0.00 ms
2026-05-26 11:06:25.755 [INFO] main.cpp:359 -   总线争用次数: 0
2026-05-26 11:06:25.755 [INFO] main.cpp:368 - ======== 轮询统计 ========
2026-05-26 11:06:25.755 [INFO] main.cpp:369 -   任务组数:     20
2026-05-26 11:06:25.755 [INFO] main.cpp:370 -   成功事务:     0
2026-05-26 11:06:25.755 [INFO] main.cpp:371 -   失败事务:     780
2026-05-26 11:06:25.755 [INFO] main.cpp:373 -   成功率:       0.0%
2026-05-26 11:06:25.755 [INFO] main.cpp:378 - ======== 命令队列统计 ========
2026-05-26 11:06:25.755 [INFO] main.cpp:379 -   已提交: 0  已执行: 0  成功: 0  失败: 0
2026-05-26 11:06:25.755 [INFO] main.cpp:384 -   队列大小: 0  平均耗时: 0.0ms
2026-05-26 11:06:26.756 [INFO] main.cpp:352 - ======== 总线统计 ========
2026-05-26 11:06:26.756 [INFO] main.cpp:353 -   总事务数:     780
2026-05-26 11:06:26.756 [INFO] main.cpp:354 -   总错误数:     780
2026-05-26 11:06:26.756 [INFO] main.cpp:355 -   发送字节数:   6240
2026-05-26 11:06:26.756 [INFO] main.cpp:356 -   接收字节数:   0
2026-05-26 11:06:26.756 [INFO] main.cpp:357 -   平均延迟:     0.00 ms
2026-05-26 11:06:26.756 [INFO] main.cpp:358 -   最大延迟:     0.00 ms
2026-05-26 11:06:26.757 [INFO] main.cpp:359 -   总线争用次数: 0
2026-05-26 11:06:26.757 [INFO] main.cpp:368 - ======== 轮询统计 ========
2026-05-26 11:06:26.757 [INFO] main.cpp:369 -   任务组数:     20
2026-05-26 11:06:26.757 [INFO] main.cpp:370 -   成功事务:     0
2026-05-26 11:06:26.757 [INFO] main.cpp:371 -   失败事务:     780
2026-05-26 11:06:26.757 [INFO] main.cpp:373 -   成功率:       0.0%
2026-05-26 11:06:26.757 [INFO] main.cpp:378 - ======== 命令队列统计 ========
2026-05-26 11:06:26.757 [INFO] main.cpp:379 -   已提交: 0  已执行: 0  成功: 0  失败: 0
2026-05-26 11:06:26.757 [INFO] main.cpp:384 -   队列大小: 0  平均耗时: 0.0ms
2026-05-26 11:06:27.757 [INFO] main.cpp:352 - ======== 总线统计 ========
2026-05-26 11:06:27.758 [INFO] main.cpp:353 -   总事务数:     800
2026-05-26 11:06:27.758 [INFO] main.cpp:354 -   总错误数:     780
2026-05-26 11:06:27.758 [INFO] main.cpp:355 -   发送字节数:   6400
2026-05-26 11:06:27.758 [INFO] main.cpp:356 -   接收字节数:   0
2026-05-26 11:06:27.758 [INFO] main.cpp:357 -   平均延迟:     0.00 ms
2026-05-26 11:06:27.758 [INFO] main.cpp:358 -   最大延迟:     0.00 ms
2026-05-26 11:06:27.758 [INFO] main.cpp:359 -   总线争用次数: 0
2026-05-26 11:06:27.758 [INFO] main.cpp:368 - ======== 轮询统计 ========
2026-05-26 11:06:27.758 [INFO] main.cpp:369 -   任务组数:     20
2026-05-26 11:06:27.758 [INFO] main.cpp:370 -   成功事务:     0
2026-05-26 11:06:27.758 [INFO] main.cpp:371 -   失败事务:     780
2026-05-26 11:06:27.758 [INFO] main.cpp:373 -   成功率:       0.0%
2026-05-26 11:06:27.758 [INFO] main.cpp:378 - ======== 命令队列统计 ========
2026-05-26 11:06:27.758 [INFO] main.cpp:379 -   已提交: 0  已执行: 0  成功: 0  失败: 0
2026-05-26 11:06:27.758 [INFO] main.cpp:384 -   队列大小: 0  平均耗时: 0.0ms
2026-05-26 11:06:28.759 [INFO] main.cpp:352 - ======== 总线统计 ========
2026-05-26 11:06:28.759 [INFO] main.cpp:353 -   总事务数:     800
2026-05-26 11:06:28.760 [INFO] main.cpp:354 -   总错误数:     800
2026-05-26 11:06:28.760 [INFO] main.cpp:355 -   发送字节数:   6400
2026-05-26 11:06:28.760 [INFO] main.cpp:356 -   接收字节数:   0
2026-05-26 11:06:28.760 [INFO] main.cpp:357 -   平均延迟:     0.00 ms
2026-05-26 11:06:28.760 [INFO] main.cpp:358 -   最大延迟:     0.00 ms
2026-05-26 11:06:28.760 [INFO] main.cpp:359 -   总线争用次数: 0
2026-05-26 11:06:28.760 [INFO] main.cpp:368 - ======== 轮询统计 ========
2026-05-26 11:06:28.760 [INFO] main.cpp:369 -   任务组数:     20
2026-05-26 11:06:28.760 [INFO] main.cpp:370 -   成功事务:     0
2026-05-26 11:06:28.760 [INFO] main.cpp:371 -   失败事务:     800
2026-05-26 11:06:28.760 [INFO] main.cpp:373 -   成功率:       0.0%
2026-05-26 11:06:28.760 [INFO] main.cpp:378 - ======== 命令队列统计 ========
2026-05-26 11:06:28.760 [INFO] main.cpp:379 -   已提交: 0  已执行: 0  成功: 0  失败: 0
2026-05-26 11:06:28.760 [INFO] main.cpp:384 -   队列大小: 0  平均耗时: 0.0ms
2026-05-26 11:06:29.761 [INFO] main.cpp:352 - ======== 总线统计 ========
2026-05-26 11:06:29.761 [INFO] main.cpp:353 -   总事务数:     800
2026-05-26 11:06:29.761 [INFO] main.cpp:354 -   总错误数:     800
2026-05-26 11:06:29.761 [INFO] main.cpp:355 -   发送字节数:   6400
2026-05-26 11:06:29.761 [INFO] main.cpp:356 -   接收字节数:   0
2026-05-26 11:06:29.761 [INFO] main.cpp:357 -   平均延迟:     0.00 ms
2026-05-26 11:06:29.761 [INFO] main.cpp:358 -   最大延迟:     0.00 ms
2026-05-26 11:06:29.761 [INFO] main.cpp:359 -   总线争用次数: 0
2026-05-26 11:06:29.761 [INFO] main.cpp:368 - ======== 轮询统计 ========
2026-05-26 11:06:29.761 [INFO] main.cpp:369 -   任务组数:     20
2026-05-26 11:06:29.761 [INFO] main.cpp:370 -   成功事务:     0
2026-05-26 11:06:29.762 [INFO] main.cpp:371 -   失败事务:     800
2026-05-26 11:06:29.762 [INFO] main.cpp:373 -   成功率:       0.0%
2026-05-26 11:06:29.762 [INFO] main.cpp:378 - ======== 命令队列统计 ========
2026-05-26 11:06:29.762 [INFO] main.cpp:379 -   已提交: 0  已执行: 0  成功: 0  失败: 0
2026-05-26 11:06:29.762 [INFO] main.cpp:384 -   队列大小: 0  平均耗时: 0.0ms
2026-05-26 11:06:30.763 [INFO] main.cpp:352 - ======== 总线统计 ========
2026-05-26 11:06:30.763 [INFO] main.cpp:353 -   总事务数:     800
2026-05-26 11:06:30.763 [INFO] main.cpp:354 -   总错误数:     800
2026-05-26 11:06:30.763 [INFO] main.cpp:355 -   发送字节数:   6400
2026-05-26 11:06:30.763 [INFO] main.cpp:356 -   接收字节数:   0
2026-05-26 11:06:30.763 [INFO] main.cpp:357 -   平均延迟:     0.00 ms
2026-05-26 11:06:30.763 [INFO] main.cpp:358 -   最大延迟:     0.00 ms
2026-05-26 11:06:30.763 [INFO] main.cpp:359 -   总线争用次数: 0
2026-05-26 11:06:30.763 [INFO] main.cpp:368 - ======== 轮询统计 ========
2026-05-26 11:06:30.763 [INFO] main.cpp:369 -   任务组数:     20
2026-05-26 11:06:30.763 [INFO] main.cpp:370 -   成功事务:     0
2026-05-26 11:06:30.763 [INFO] main.cpp:371 -   失败事务:     800
2026-05-26 11:06:30.763 [INFO] main.cpp:373 -   成功率:       0.0%
2026-05-26 11:06:30.764 [INFO] main.cpp:378 - ======== 命令队列统计 ========
2026-05-26 11:06:30.764 [INFO] main.cpp:379 -   已提交: 0  已执行: 0  成功: 0  失败: 0
2026-05-26 11:06:30.764 [INFO] main.cpp:384 -   队列大小: 0  平均耗时: 0.0ms
2026-05-26 11:06:31.764 [INFO] main.cpp:352 - ======== 总线统计 ========
2026-05-26 11:06:31.764 [INFO] main.cpp:353 -   总事务数:     800
2026-05-26 11:06:31.764 [INFO] main.cpp:354 -   总错误数:     800
2026-05-26 11:06:31.764 [INFO] main.cpp:355 -   发送字节数:   6400
2026-05-26 11:06:31.764 [INFO] main.cpp:356 -   接收字节数:   0
2026-05-26 11:06:31.764 [INFO] main.cpp:357 -   平均延迟:     0.00 ms
2026-05-26 11:06:31.765 [INFO] main.cpp:358 -   最大延迟:     0.00 ms
2026-05-26 11:06:31.765 [INFO] main.cpp:359 -   总线争用次数: 0
2026-05-26 11:06:31.765 [INFO] main.cpp:368 - ======== 轮询统计 ========
2026-05-26 11:06:31.765 [INFO] main.cpp:369 -   任务组数:     20
2026-05-26 11:06:31.765 [INFO] main.cpp:370 -   成功事务:     0
2026-05-26 11:06:31.765 [INFO] main.cpp:371 -   失败事务:     800
2026-05-26 11:06:31.765 [INFO] main.cpp:373 -   成功率:       0.0%
2026-05-26 11:06:31.765 [INFO] main.cpp:378 - ======== 命令队列统计 ========
2026-05-26 11:06:31.765 [INFO] main.cpp:379 -   已提交: 0  已执行: 0  成功: 0  失败: 0
2026-05-26 11:06:31.765 [INFO] main.cpp:384 -   队列大小: 0  平均耗时: 0.0ms
2026-05-26 11:06:32.766 [INFO] main.cpp:352 - ======== 总线统计 ========
2026-05-26 11:06:32.766 [INFO] main.cpp:353 -   总事务数:     820
2026-05-26 11:06:32.766 [INFO] main.cpp:354 -   总错误数:     800
2026-05-26 11:06:32.766 [INFO] main.cpp:355 -   发送字节数:   6560
2026-05-26 11:06:32.766 [INFO] main.cpp:356 -   接收字节数:   0
2026-05-26 11:06:32.766 [INFO] main.cpp:357 -   平均延迟:     0.00 ms
2026-05-26 11:06:32.766 [INFO] main.cpp:358 -   最大延迟:     0.00 ms
2026-05-26 11:06:32.766 [INFO] main.cpp:359 -   总线争用次数: 0
2026-05-26 11:06:32.767 [INFO] main.cpp:368 - ======== 轮询统计 ========
2026-05-26 11:06:32.767 [INFO] main.cpp:369 -   任务组数:     20
2026-05-26 11:06:32.767 [INFO] main.cpp:370 -   成功事务:     0
2026-05-26 11:06:32.767 [INFO] main.cpp:371 -   失败事务:     800
2026-05-26 11:06:32.767 [INFO] main.cpp:373 -   成功率:       0.0%
2026-05-26 11:06:32.767 [INFO] main.cpp:378 - ======== 命令队列统计 ========
2026-05-26 11:06:32.767 [INFO] main.cpp:379 -   已提交: 0  已执行: 0  成功: 0  失败: 0
2026-05-26 11:06:32.767 [INFO] main.cpp:384 -   队列大小: 0  平均耗时: 0.0ms
2026-05-26 11:06:33.768 [INFO] main.cpp:352 - ======== 总线统计 ========
2026-05-26 11:06:33.768 [INFO] main.cpp:353 -   总事务数:     820
2026-05-26 11:06:33.768 [INFO] main.cpp:354 -   总错误数:     820
2026-05-26 11:06:33.768 [INFO] main.cpp:355 -   发送字节数:   6560
2026-05-26 11:06:33.768 [INFO] main.cpp:356 -   接收字节数:   0
2026-05-26 11:06:33.768 [INFO] main.cpp:357 -   平均延迟:     0.00 ms
2026-05-26 11:06:33.768 [INFO] main.cpp:358 -   最大延迟:     0.00 ms
2026-05-26 11:06:33.768 [INFO] main.cpp:359 -   总线争用次数: 0
2026-05-26 11:06:33.768 [INFO] main.cpp:368 - ======== 轮询统计 ========
2026-05-26 11:06:33.768 [INFO] main.cpp:369 -   任务组数:     20
2026-05-26 11:06:33.768 [INFO] main.cpp:370 -   成功事务:     0
2026-05-26 11:06:33.768 [INFO] main.cpp:371 -   失败事务:     820
2026-05-26 11:06:33.768 [INFO] main.cpp:373 -   成功率:       0.0%
2026-05-26 11:06:33.768 [INFO] main.cpp:378 - ======== 命令队列统计 ========
2026-05-26 11:06:33.768 [INFO] main.cpp:379 -   已提交: 0  已执行: 0  成功: 0  失败: 0
2026-05-26 11:06:33.768 [INFO] main.cpp:384 -   队列大小: 0  平均耗时: 0.0ms
2026-05-26 11:06:34.769 [INFO] main.cpp:352 - ======== 总线统计 ========
2026-05-26 11:06:34.770 [INFO] main.cpp:353 -   总事务数:     820
2026-05-26 11:06:34.770 [INFO] main.cpp:354 -   总错误数:     820
2026-05-26 11:06:34.770 [INFO] main.cpp:355 -   发送字节数:   6560
2026-05-26 11:06:34.770 [INFO] main.cpp:356 -   接收字节数:   0
2026-05-26 11:06:34.770 [INFO] main.cpp:357 -   平均延迟:     0.00 ms
2026-05-26 11:06:34.770 [INFO] main.cpp:358 -   最大延迟:     0.00 ms
2026-05-26 11:06:34.770 [INFO] main.cpp:359 -   总线争用次数: 0
2026-05-26 11:06:34.770 [INFO] main.cpp:368 - ======== 轮询统计 ========
2026-05-26 11:06:34.770 [INFO] main.cpp:369 -   任务组数:     20
2026-05-26 11:06:34.770 [INFO] main.cpp:370 -   成功事务:     0
2026-05-26 11:06:34.770 [INFO] main.cpp:371 -   失败事务:     820
2026-05-26 11:06:34.770 [INFO] main.cpp:373 -   成功率:       0.0%
2026-05-26 11:06:34.770 [INFO] main.cpp:378 - ======== 命令队列统计 ========
2026-05-26 11:06:34.770 [INFO] main.cpp:379 -   已提交: 0  已执行: 0  成功: 0  失败: 0
2026-05-26 11:06:34.770 [INFO] main.cpp:384 -   队列大小: 0  平均耗时: 0.0ms
2026-05-26 11:06:35.771 [INFO] main.cpp:352 - ======== 总线统计 ========
2026-05-26 11:06:35.771 [INFO] main.cpp:353 -   总事务数:     820
2026-05-26 11:06:35.771 [INFO] main.cpp:354 -   总错误数:     820
2026-05-26 11:06:35.771 [INFO] main.cpp:355 -   发送字节数:   6560
2026-05-26 11:06:35.771 [INFO] main.cpp:356 -   接收字节数:   0
2026-05-26 11:06:35.771 [INFO] main.cpp:357 -   平均延迟:     0.00 ms
2026-05-26 11:06:35.771 [INFO] main.cpp:358 -   最大延迟:     0.00 ms
2026-05-26 11:06:35.771 [INFO] main.cpp:359 -   总线争用次数: 0
2026-05-26 11:06:35.771 [INFO] main.cpp:368 - ======== 轮询统计 ========
2026-05-26 11:06:35.771 [INFO] main.cpp:369 -   任务组数:     20
2026-05-26 11:06:35.771 [INFO] main.cpp:370 -   成功事务:     0
2026-05-26 11:06:35.771 [INFO] main.cpp:371 -   失败事务:     820
2026-05-26 11:06:35.771 [INFO] main.cpp:373 -   成功率:       0.0%
2026-05-26 11:06:35.771 [INFO] main.cpp:378 - ======== 命令队列统计 ========
2026-05-26 11:06:35.772 [INFO] main.cpp:379 -   已提交: 0  已执行: 0  成功: 0  失败: 0
2026-05-26 11:06:35.772 [INFO] main.cpp:384 -   队列大小: 0  平均耗时: 0.0ms
2026-05-26 11:06:36.773 [INFO] main.cpp:352 - ======== 总线统计 ========
2026-05-26 11:06:36.773 [INFO] main.cpp:353 -   总事务数:     820
2026-05-26 11:06:36.773 [INFO] main.cpp:354 -   总错误数:     820
2026-05-26 11:06:36.773 [INFO] main.cpp:355 -   发送字节数:   6560
2026-05-26 11:06:36.773 [INFO] main.cpp:356 -   接收字节数:   0
2026-05-26 11:06:36.773 [INFO] main.cpp:357 -   平均延迟:     0.00 ms
2026-05-26 11:06:36.773 [INFO] main.cpp:358 -   最大延迟:     0.00 ms
2026-05-26 11:06:36.773 [INFO] main.cpp:359 -   总线争用次数: 0
2026-05-26 11:06:36.773 [INFO] main.cpp:368 - ======== 轮询统计 ========
2026-05-26 11:06:36.773 [INFO] main.cpp:369 -   任务组数:     20
2026-05-26 11:06:36.773 [INFO] main.cpp:370 -   成功事务:     0
2026-05-26 11:06:36.773 [INFO] main.cpp:371 -   失败事务:     820
2026-05-26 11:06:36.773 [INFO] main.cpp:373 -   成功率:       0.0%
2026-05-26 11:06:36.774 [INFO] main.cpp:378 - ======== 命令队列统计 ========
2026-05-26 11:06:36.774 [INFO] main.cpp:379 -   已提交: 0  已执行: 0  成功: 0  失败: 0
2026-05-26 11:06:36.774 [INFO] main.cpp:384 -   队列大小: 0  平均耗时: 0.0ms
2026-05-26 11:06:37.774 [INFO] main.cpp:352 - ======== 总线统计 ========
2026-05-26 11:06:37.774 [INFO] main.cpp:353 -   总事务数:     840
2026-05-26 11:06:37.774 [INFO] main.cpp:354 -   总错误数:     820
2026-05-26 11:06:37.774 [INFO] main.cpp:355 -   发送字节数:   6720
2026-05-26 11:06:37.774 [INFO] main.cpp:356 -   接收字节数:   0
2026-05-26 11:06:37.775 [INFO] main.cpp:357 -   平均延迟:     0.00 ms
2026-05-26 11:06:37.775 [INFO] main.cpp:358 -   最大延迟:     0.00 ms
2026-05-26 11:06:37.775 [INFO] main.cpp:359 -   总线争用次数: 0
2026-05-26 11:06:37.775 [INFO] main.cpp:368 - ======== 轮询统计 ========
2026-05-26 11:06:37.775 [INFO] main.cpp:369 -   任务组数:     20
2026-05-26 11:06:37.775 [INFO] main.cpp:370 -   成功事务:     0
2026-05-26 11:06:37.775 [INFO] main.cpp:371 -   失败事务:     820
2026-05-26 11:06:37.775 [INFO] main.cpp:373 -   成功率:       0.0%
2026-05-26 11:06:37.775 [INFO] main.cpp:378 - ======== 命令队列统计 ========
2026-05-26 11:06:37.775 [INFO] main.cpp:379 -   已提交: 0  已执行: 0  成功: 0  失败: 0
2026-05-26 11:06:37.775 [INFO] main.cpp:384 -   队列大小: 0  平均耗时: 0.0ms
2026-05-26 11:06:38.776 [INFO] main.cpp:352 - ======== 总线统计 ========
2026-05-26 11:06:38.776 [INFO] main.cpp:353 -   总事务数:     840
2026-05-26 11:06:38.776 [INFO] main.cpp:354 -   总错误数:     840
2026-05-26 11:06:38.776 [INFO] main.cpp:355 -   发送字节数:   6720
2026-05-26 11:06:38.776 [INFO] main.cpp:356 -   接收字节数:   0
2026-05-26 11:06:38.776 [INFO] main.cpp:357 -   平均延迟:     0.00 ms
2026-05-26 11:06:38.777 [INFO] main.cpp:358 -   最大延迟:     0.00 ms
2026-05-26 11:06:38.777 [INFO] main.cpp:359 -   总线争用次数: 0
2026-05-26 11:06:38.777 [INFO] main.cpp:368 - ======== 轮询统计 ========
2026-05-26 11:06:38.777 [INFO] main.cpp:369 -   任务组数:     20
2026-05-26 11:06:38.777 [INFO] main.cpp:370 -   成功事务:     0
2026-05-26 11:06:38.777 [INFO] main.cpp:371 -   失败事务:     840
2026-05-26 11:06:38.777 [INFO] main.cpp:373 -   成功率:       0.0%
2026-05-26 11:06:38.777 [INFO] main.cpp:378 - ======== 命令队列统计 ========
2026-05-26 11:06:38.777 [INFO] main.cpp:379 -   已提交: 0  已执行: 0  成功: 0  失败: 0
2026-05-26 11:06:38.777 [INFO] main.cpp:384 -   队列大小: 0  平均耗时: 0.0ms
2026-05-26 11:06:39.778 [INFO] main.cpp:352 - ======== 总线统计 ========
2026-05-26 11:06:39.778 [INFO] main.cpp:353 -   总事务数:     840
2026-05-26 11:06:39.778 [INFO] main.cpp:354 -   总错误数:     840
2026-05-26 11:06:39.778 [INFO] main.cpp:355 -   发送字节数:   6720
2026-05-26 11:06:39.778 [INFO] main.cpp:356 -   接收字节数:   0
2026-05-26 11:06:39.778 [INFO] main.cpp:357 -   平均延迟:     0.00 ms
2026-05-26 11:06:39.778 [INFO] main.cpp:358 -   最大延迟:     0.00 ms
2026-05-26 11:06:39.778 [INFO] main.cpp:359 -   总线争用次数: 0
2026-05-26 11:06:39.778 [INFO] main.cpp:368 - ======== 轮询统计 ========
2026-05-26 11:06:39.778 [INFO] main.cpp:369 -   任务组数:     20
2026-05-26 11:06:39.778 [INFO] main.cpp:370 -   成功事务:     0
2026-05-26 11:06:39.778 [INFO] main.cpp:371 -   失败事务:     840
2026-05-26 11:06:39.779 [INFO] main.cpp:373 -   成功率:       0.0%
2026-05-26 11:06:39.779 [INFO] main.cpp:378 - ======== 命令队列统计 ========
2026-05-26 11:06:39.779 [INFO] main.cpp:379 -   已提交: 0  已执行: 0  成功: 0  失败: 0
2026-05-26 11:06:39.779 [INFO] main.cpp:384 -   队列大小: 0  平均耗时: 0.0ms
2026-05-26 11:06:40.780 [INFO] main.cpp:352 - ======== 总线统计 ========
2026-05-26 11:06:40.780 [INFO] main.cpp:353 -   总事务数:     840
2026-05-26 11:06:40.780 [INFO] main.cpp:354 -   总错误数:     840
2026-05-26 11:06:40.780 [INFO] main.cpp:355 -   发送字节数:   6720
2026-05-26 11:06:40.780 [INFO] main.cpp:356 -   接收字节数:   0
2026-05-26 11:06:40.780 [INFO] main.cpp:357 -   平均延迟:     0.00 ms
2026-05-26 11:06:40.780 [INFO] main.cpp:358 -   最大延迟:     0.00 ms
2026-05-26 11:06:40.780 [INFO] main.cpp:359 -   总线争用次数: 0
2026-05-26 11:06:40.780 [INFO] main.cpp:368 - ======== 轮询统计 ========
2026-05-26 11:06:40.780 [INFO] main.cpp:369 -   任务组数:     20
2026-05-26 11:06:40.780 [INFO] main.cpp:370 -   成功事务:     0
2026-05-26 11:06:40.780 [INFO] main.cpp:371 -   失败事务:     840
2026-05-26 11:06:40.780 [INFO] main.cpp:373 -   成功率:       0.0%
2026-05-26 11:06:40.780 [INFO] main.cpp:378 - ======== 命令队列统计 ========
2026-05-26 11:06:40.781 [INFO] main.cpp:379 -   已提交: 0  已执行: 0  成功: 0  失败: 0
2026-05-26 11:06:40.781 [INFO] main.cpp:384 -   队列大小: 0  平均耗时: 0.0ms
2026-05-26 11:06:41.781 [INFO] main.cpp:352 - ======== 总线统计 ========
2026-05-26 11:06:41.781 [INFO] main.cpp:353 -   总事务数:     840
2026-05-26 11:06:41.781 [INFO] main.cpp:354 -   总错误数:     840
2026-05-26 11:06:41.781 [INFO] main.cpp:355 -   发送字节数:   6720
2026-05-26 11:06:41.781 [INFO] main.cpp:356 -   接收字节数:   0
2026-05-26 11:06:41.781 [INFO] main.cpp:357 -   平均延迟:     0.00 ms
2026-05-26 11:06:41.781 [INFO] main.cpp:358 -   最大延迟:     0.00 ms
2026-05-26 11:06:41.781 [INFO] main.cpp:359 -   总线争用次数: 0
2026-05-26 11:06:41.781 [INFO] main.cpp:368 - ======== 轮询统计 ========
2026-05-26 11:06:41.781 [INFO] main.cpp:369 -   任务组数:     20
2026-05-26 11:06:41.781 [INFO] main.cpp:370 -   成功事务:     0
2026-05-26 11:06:41.782 [INFO] main.cpp:371 -   失败事务:     840
2026-05-26 11:06:41.782 [INFO] main.cpp:373 -   成功率:       0.0%
2026-05-26 11:06:41.782 [INFO] main.cpp:378 - ======== 命令队列统计 ========
2026-05-26 11:06:41.782 [INFO] main.cpp:379 -   已提交: 0  已执行: 0  成功: 0  失败: 0
2026-05-26 11:06:41.782 [INFO] main.cpp:384 -   队列大小: 0  平均耗时: 0.0ms
2026-05-26 11:06:42.783 [INFO] main.cpp:352 - ======== 总线统计 ========
2026-05-26 11:06:42.783 [INFO] main.cpp:353 -   总事务数:     860
2026-05-26 11:06:42.783 [INFO] main.cpp:354 -   总错误数:     840
2026-05-26 11:06:42.783 [INFO] main.cpp:355 -   发送字节数:   6880
2026-05-26 11:06:42.783 [INFO] main.cpp:356 -   接收字节数:   0
2026-05-26 11:06:42.783 [INFO] main.cpp:357 -   平均延迟:     0.00 ms
2026-05-26 11:06:42.783 [INFO] main.cpp:358 -   最大延迟:     0.00 ms
2026-05-26 11:06:42.783 [INFO] main.cpp:359 -   总线争用次数: 0
2026-05-26 11:06:42.783 [INFO] main.cpp:368 - ======== 轮询统计 ========
2026-05-26 11:06:42.783 [INFO] main.cpp:369 -   任务组数:     20
2026-05-26 11:06:42.783 [INFO] main.cpp:370 -   成功事务:     0
2026-05-26 11:06:42.783 [INFO] main.cpp:371 -   失败事务:     840
2026-05-26 11:06:42.783 [INFO] main.cpp:373 -   成功率:       0.0%
2026-05-26 11:06:42.783 [INFO] main.cpp:378 - ======== 命令队列统计 ========
2026-05-26 11:06:42.783 [INFO] main.cpp:379 -   已提交: 0  已执行: 0  成功: 0  失败: 0
2026-05-26 11:06:42.783 [INFO] main.cpp:384 -   队列大小: 0  平均耗时: 0.0ms
2026-05-26 11:06:43.784 [INFO] main.cpp:352 - ======== 总线统计 ========
2026-05-26 11:06:43.784 [INFO] main.cpp:353 -   总事务数:     860
2026-05-26 11:06:43.786 [INFO] main.cpp:354 -   总错误数:     860
2026-05-26 11:06:43.786 [INFO] main.cpp:355 -   发送字节数:   6880
2026-05-26 11:06:43.786 [INFO] main.cpp:356 -   接收字节数:   0
2026-05-26 11:06:43.786 [INFO] main.cpp:357 -   平均延迟:     0.00 ms
2026-05-26 11:06:43.786 [INFO] main.cpp:358 -   最大延迟:     0.00 ms
2026-05-26 11:06:43.786 [INFO] main.cpp:359 -   总线争用次数: 0
2026-05-26 11:06:43.786 [INFO] main.cpp:368 - ======== 轮询统计 ========
2026-05-26 11:06:43.786 [INFO] main.cpp:369 -   任务组数:     20
2026-05-26 11:06:43.786 [INFO] main.cpp:370 -   成功事务:     0
2026-05-26 11:06:43.786 [INFO] main.cpp:371 -   失败事务:     860
2026-05-26 11:06:43.786 [INFO] main.cpp:373 -   成功率:       0.0%
2026-05-26 11:06:43.786 [INFO] main.cpp:378 - ======== 命令队列统计 ========
2026-05-26 11:06:43.786 [INFO] main.cpp:379 -   已提交: 0  已执行: 0  成功: 0  失败: 0
2026-05-26 11:06:43.786 [INFO] main.cpp:384 -   队列大小: 0  平均耗时: 0.0ms
2026-05-26 11:06:44.787 [INFO] main.cpp:352 - ======== 总线统计 ========
2026-05-26 11:06:44.787 [INFO] main.cpp:353 -   总事务数:     860
2026-05-26 11:06:44.787 [INFO] main.cpp:354 -   总错误数:     860
2026-05-26 11:06:44.788 [INFO] main.cpp:355 -   发送字节数:   6880
2026-05-26 11:06:44.788 [INFO] main.cpp:356 -   接收字节数:   0
2026-05-26 11:06:44.788 [INFO] main.cpp:357 -   平均延迟:     0.00 ms
2026-05-26 11:06:44.788 [INFO] main.cpp:358 -   最大延迟:     0.00 ms
2026-05-26 11:06:44.788 [INFO] main.cpp:359 -   总线争用次数: 0
2026-05-26 11:06:44.788 [INFO] main.cpp:368 - ======== 轮询统计 ========
2026-05-26 11:06:44.788 [INFO] main.cpp:369 -   任务组数:     20
2026-05-26 11:06:44.788 [INFO] main.cpp:370 -   成功事务:     0
2026-05-26 11:06:44.788 [INFO] main.cpp:371 -   失败事务:     860
2026-05-26 11:06:44.788 [INFO] main.cpp:373 -   成功率:       0.0%
2026-05-26 11:06:44.788 [INFO] main.cpp:378 - ======== 命令队列统计 ========
2026-05-26 11:06:44.788 [INFO] main.cpp:379 -   已提交: 0  已执行: 0  成功: 0  失败: 0
2026-05-26 11:06:44.788 [INFO] main.cpp:384 -   队列大小: 0  平均耗时: 0.0ms
2026-05-26 11:06:45.789 [INFO] main.cpp:352 - ======== 总线统计 ========
2026-05-26 11:06:45.789 [INFO] main.cpp:353 -   总事务数:     860
2026-05-26 11:06:45.789 [INFO] main.cpp:354 -   总错误数:     860
2026-05-26 11:06:45.789 [INFO] main.cpp:355 -   发送字节数:   6880
2026-05-26 11:06:45.789 [INFO] main.cpp:356 -   接收字节数:   0
2026-05-26 11:06:45.789 [INFO] main.cpp:357 -   平均延迟:     0.00 ms
2026-05-26 11:06:45.790 [INFO] main.cpp:358 -   最大延迟:     0.00 ms
2026-05-26 11:06:45.790 [INFO] main.cpp:359 -   总线争用次数: 0
2026-05-26 11:06:45.790 [INFO] main.cpp:368 - ======== 轮询统计 ========
2026-05-26 11:06:45.790 [INFO] main.cpp:369 -   任务组数:     20
2026-05-26 11:06:45.790 [INFO] main.cpp:370 -   成功事务:     0
2026-05-26 11:06:45.790 [INFO] main.cpp:371 -   失败事务:     860
2026-05-26 11:06:45.790 [INFO] main.cpp:373 -   成功率:       0.0%
2026-05-26 11:06:45.790 [INFO] main.cpp:378 - ======== 命令队列统计 ========
2026-05-26 11:06:45.790 [INFO] main.cpp:379 -   已提交: 0  已执行: 0  成功: 0  失败: 0
2026-05-26 11:06:45.790 [INFO] main.cpp:384 -   队列大小: 0  平均耗时: 0.0ms
2026-05-26 11:06:46.791 [INFO] main.cpp:352 - ======== 总线统计 ========
2026-05-26 11:06:46.791 [INFO] main.cpp:353 -   总事务数:     860
2026-05-26 11:06:46.791 [INFO] main.cpp:354 -   总错误数:     860
2026-05-26 11:06:46.791 [INFO] main.cpp:355 -   发送字节数:   6880
2026-05-26 11:06:46.791 [INFO] main.cpp:356 -   接收字节数:   0
2026-05-26 11:06:46.791 [INFO] main.cpp:357 -   平均延迟:     0.00 ms
2026-05-26 11:06:46.791 [INFO] main.cpp:358 -   最大延迟:     0.00 ms
2026-05-26 11:06:46.791 [INFO] main.cpp:359 -   总线争用次数: 0
2026-05-26 11:06:46.791 [INFO] main.cpp:368 - ======== 轮询统计 ========
2026-05-26 11:06:46.791 [INFO] main.cpp:369 -   任务组数:     20
2026-05-26 11:06:46.791 [INFO] main.cpp:370 -   成功事务:     0
2026-05-26 11:06:46.792 [INFO] main.cpp:371 -   失败事务:     860
2026-05-26 11:06:46.792 [INFO] main.cpp:373 -   成功率:       0.0%
2026-05-26 11:06:46.792 [INFO] main.cpp:378 - ======== 命令队列统计 ========
2026-05-26 11:06:46.792 [INFO] main.cpp:379 -   已提交: 0  已执行: 0  成功: 0  失败: 0
2026-05-26 11:06:46.792 [INFO] main.cpp:384 -   队列大小: 0  平均耗时: 0.0ms
2026-05-26 11:06:47.793 [INFO] main.cpp:352 - ======== 总线统计 ========
2026-05-26 11:06:47.793 [INFO] main.cpp:353 -   总事务数:     880
2026-05-26 11:06:47.793 [INFO] main.cpp:354 -   总错误数:     860
2026-05-26 11:06:47.793 [INFO] main.cpp:355 -   发送字节数:   7040
2026-05-26 11:06:47.793 [INFO] main.cpp:356 -   接收字节数:   0
2026-05-26 11:06:47.793 [INFO] main.cpp:357 -   平均延迟:     0.00 ms
2026-05-26 11:06:47.793 [INFO] main.cpp:358 -   最大延迟:     0.00 ms
2026-05-26 11:06:47.793 [INFO] main.cpp:359 -   总线争用次数: 0
2026-05-26 11:06:47.793 [INFO] main.cpp:368 - ======== 轮询统计 ========
2026-05-26 11:06:47.793 [INFO] main.cpp:369 -   任务组数:     20
2026-05-26 11:06:47.794 [INFO] main.cpp:370 -   成功事务:     0
2026-05-26 11:06:47.794 [INFO] main.cpp:371 -   失败事务:     860
2026-05-26 11:06:47.794 [INFO] main.cpp:373 -   成功率:       0.0%
2026-05-26 11:06:47.794 [INFO] main.cpp:378 - ======== 命令队列统计 ========
2026-05-26 11:06:47.794 [INFO] main.cpp:379 -   已提交: 0  已执行: 0  成功: 0  失败: 0
2026-05-26 11:06:47.794 [INFO] main.cpp:384 -   队列大小: 0  平均耗时: 0.0ms
2026-05-26 11:06:48.794 [INFO] main.cpp:352 - ======== 总线统计 ========
2026-05-26 11:06:48.794 [INFO] main.cpp:353 -   总事务数:     880
2026-05-26 11:06:48.794 [INFO] main.cpp:354 -   总错误数:     880
2026-05-26 11:06:48.794 [INFO] main.cpp:355 -   发送字节数:   7040
2026-05-26 11:06:48.794 [INFO] main.cpp:356 -   接收字节数:   0
2026-05-26 11:06:48.794 [INFO] main.cpp:357 -   平均延迟:     0.00 ms
2026-05-26 11:06:48.794 [INFO] main.cpp:358 -   最大延迟:     0.00 ms
2026-05-26 11:06:48.794 [INFO] main.cpp:359 -   总线争用次数: 0
2026-05-26 11:06:48.795 [INFO] main.cpp:368 - ======== 轮询统计 ========
2026-05-26 11:06:48.795 [INFO] main.cpp:369 -   任务组数:     20
2026-05-26 11:06:48.795 [INFO] main.cpp:370 -   成功事务:     0
2026-05-26 11:06:48.795 [INFO] main.cpp:371 -   失败事务:     880
2026-05-26 11:06:48.795 [INFO] main.cpp:373 -   成功率:       0.0%
2026-05-26 11:06:48.795 [INFO] main.cpp:378 - ======== 命令队列统计 ========
2026-05-26 11:06:48.795 [INFO] main.cpp:379 -   已提交: 0  已执行: 0  成功: 0  失败: 0
2026-05-26 11:06:48.795 [INFO] main.cpp:384 -   队列大小: 0  平均耗时: 0.0ms
2026-05-26 11:06:49.796 [INFO] main.cpp:352 - ======== 总线统计 ========
2026-05-26 11:06:49.796 [INFO] main.cpp:353 -   总事务数:     880
2026-05-26 11:06:49.796 [INFO] main.cpp:354 -   总错误数:     880
2026-05-26 11:06:49.796 [INFO] main.cpp:355 -   发送字节数:   7040
2026-05-26 11:06:49.796 [INFO] main.cpp:356 -   接收字节数:   0
2026-05-26 11:06:49.796 [INFO] main.cpp:357 -   平均延迟:     0.00 ms
2026-05-26 11:06:49.796 [INFO] main.cpp:358 -   最大延迟:     0.00 ms
2026-05-26 11:06:49.796 [INFO] main.cpp:359 -   总线争用次数: 0
2026-05-26 11:06:49.796 [INFO] main.cpp:368 - ======== 轮询统计 ========
2026-05-26 11:06:49.796 [INFO] main.cpp:369 -   任务组数:     20
2026-05-26 11:06:49.796 [INFO] main.cpp:370 -   成功事务:     0
2026-05-26 11:06:49.796 [INFO] main.cpp:371 -   失败事务:     880
2026-05-26 11:06:49.797 [INFO] main.cpp:373 -   成功率:       0.0%
2026-05-26 11:06:49.797 [INFO] main.cpp:378 - ======== 命令队列统计 ========
2026-05-26 11:06:49.797 [INFO] main.cpp:379 -   已提交: 0  已执行: 0  成功: 0  失败: 0
2026-05-26 11:06:49.797 [INFO] main.cpp:384 -   队列大小: 0  平均耗时: 0.0ms
2026-05-26 11:06:50.797 [INFO] main.cpp:352 - ======== 总线统计 ========
2026-05-26 11:06:50.798 [INFO] main.cpp:353 -   总事务数:     880
2026-05-26 11:06:50.798 [INFO] main.cpp:354 -   总错误数:     880
2026-05-26 11:06:50.798 [INFO] main.cpp:355 -   发送字节数:   7040
2026-05-26 11:06:50.798 [INFO] main.cpp:356 -   接收字节数:   0
2026-05-26 11:06:50.798 [INFO] main.cpp:357 -   平均延迟:     0.00 ms
2026-05-26 11:06:50.798 [INFO] main.cpp:358 -   最大延迟:     0.00 ms
2026-05-26 11:06:50.798 [INFO] main.cpp:359 -   总线争用次数: 0
2026-05-26 11:06:50.798 [INFO] main.cpp:368 - ======== 轮询统计 ========
2026-05-26 11:06:50.798 [INFO] main.cpp:369 -   任务组数:     20
2026-05-26 11:06:50.798 [INFO] main.cpp:370 -   成功事务:     0
2026-05-26 11:06:50.798 [INFO] main.cpp:371 -   失败事务:     880
2026-05-26 11:06:50.798 [INFO] main.cpp:373 -   成功率:       0.0%
2026-05-26 11:06:50.798 [INFO] main.cpp:378 - ======== 命令队列统计 ========
2026-05-26 11:06:50.798 [INFO] main.cpp:379 -   已提交: 0  已执行: 0  成功: 0  失败: 0
2026-05-26 11:06:50.798 [INFO] main.cpp:384 -   队列大小: 0  平均耗时: 0.0ms
2026-05-26 11:06:51.799 [INFO] main.cpp:352 - ======== 总线统计 ========
2026-05-26 11:06:51.799 [INFO] main.cpp:353 -   总事务数:     880
2026-05-26 11:06:51.800 [INFO] main.cpp:354 -   总错误数:     880
2026-05-26 11:06:51.800 [INFO] main.cpp:355 -   发送字节数:   7040
2026-05-26 11:06:51.800 [INFO] main.cpp:356 -   接收字节数:   0
2026-05-26 11:06:51.800 [INFO] main.cpp:357 -   平均延迟:     0.00 ms
2026-05-26 11:06:51.800 [INFO] main.cpp:358 -   最大延迟:     0.00 ms
2026-05-26 11:06:51.800 [INFO] main.cpp:359 -   总线争用次数: 0
2026-05-26 11:06:51.800 [INFO] main.cpp:368 - ======== 轮询统计 ========
2026-05-26 11:06:51.800 [INFO] main.cpp:369 -   任务组数:     20
2026-05-26 11:06:51.800 [INFO] main.cpp:370 -   成功事务:     0
2026-05-26 11:06:51.800 [INFO] main.cpp:371 -   失败事务:     880
2026-05-26 11:06:51.800 [INFO] main.cpp:373 -   成功率:       0.0%
2026-05-26 11:06:51.800 [INFO] main.cpp:378 - ======== 命令队列统计 ========
2026-05-26 11:06:51.800 [INFO] main.cpp:379 -   已提交: 0  已执行: 0  成功: 0  失败: 0
2026-05-26 11:06:51.800 [INFO] main.cpp:384 -   队列大小: 0  平均耗时: 0.0ms
2026-05-26 11:06:52.801 [INFO] main.cpp:352 - ======== 总线统计 ========
2026-05-26 11:06:52.801 [INFO] main.cpp:353 -   总事务数:     900
2026-05-26 11:06:52.801 [INFO] main.cpp:354 -   总错误数:     880
2026-05-26 11:06:52.801 [INFO] main.cpp:355 -   发送字节数:   7200
2026-05-26 11:06:52.801 [INFO] main.cpp:356 -   接收字节数:   0
2026-05-26 11:06:52.801 [INFO] main.cpp:357 -   平均延迟:     0.00 ms
2026-05-26 11:06:52.801 [INFO] main.cpp:358 -   最大延迟:     0.00 ms
2026-05-26 11:06:52.801 [INFO] main.cpp:359 -   总线争用次数: 0
2026-05-26 11:06:52.801 [INFO] main.cpp:368 - ======== 轮询统计 ========
2026-05-26 11:06:52.801 [INFO] main.cpp:369 -   任务组数:     20
2026-05-26 11:06:52.802 [INFO] main.cpp:370 -   成功事务:     0
2026-05-26 11:06:52.802 [INFO] main.cpp:371 -   失败事务:     880
2026-05-26 11:06:52.802 [INFO] main.cpp:373 -   成功率:       0.0%
2026-05-26 11:06:52.802 [INFO] main.cpp:378 - ======== 命令队列统计 ========
2026-05-26 11:06:52.802 [INFO] main.cpp:379 -   已提交: 0  已执行: 0  成功: 0  失败: 0
2026-05-26 11:06:52.802 [INFO] main.cpp:384 -   队列大小: 0  平均耗时: 0.0ms
2026-05-26 11:06:53.803 [INFO] main.cpp:352 - ======== 总线统计 ========
2026-05-26 11:06:53.803 [INFO] main.cpp:353 -   总事务数:     900
2026-05-26 11:06:53.803 [INFO] main.cpp:354 -   总错误数:     900
2026-05-26 11:06:53.803 [INFO] main.cpp:355 -   发送字节数:   7200
2026-05-26 11:06:53.803 [INFO] main.cpp:356 -   接收字节数:   0
2026-05-26 11:06:53.803 [INFO] main.cpp:357 -   平均延迟:     0.00 ms
2026-05-26 11:06:53.803 [INFO] main.cpp:358 -   最大延迟:     0.00 ms
2026-05-26 11:06:53.803 [INFO] main.cpp:359 -   总线争用次数: 0
2026-05-26 11:06:53.803 [INFO] main.cpp:368 - ======== 轮询统计 ========
2026-05-26 11:06:53.804 [INFO] main.cpp:369 -   任务组数:     20
2026-05-26 11:06:53.804 [INFO] main.cpp:370 -   成功事务:     0
2026-05-26 11:06:53.804 [INFO] main.cpp:371 -   失败事务:     900
2026-05-26 11:06:53.804 [INFO] main.cpp:373 -   成功率:       0.0%
2026-05-26 11:06:53.804 [INFO] main.cpp:378 - ======== 命令队列统计 ========
2026-05-26 11:06:53.804 [INFO] main.cpp:379 -   已提交: 0  已执行: 0  成功: 0  失败: 0
2026-05-26 11:06:53.804 [INFO] main.cpp:384 -   队列大小: 0  平均耗时: 0.0ms
2026-05-26 11:06:54.804 [INFO] main.cpp:352 - ======== 总线统计 ========
2026-05-26 11:06:54.804 [INFO] main.cpp:353 -   总事务数:     900
2026-05-26 11:06:54.804 [INFO] main.cpp:354 -   总错误数:     900
2026-05-26 11:06:54.804 [INFO] main.cpp:355 -   发送字节数:   7200
2026-05-26 11:06:54.804 [INFO] main.cpp:356 -   接收字节数:   0
2026-05-26 11:06:54.804 [INFO] main.cpp:357 -   平均延迟:     0.00 ms
2026-05-26 11:06:54.804 [INFO] main.cpp:358 -   最大延迟:     0.00 ms
2026-05-26 11:06:54.805 [INFO] main.cpp:359 -   总线争用次数: 0
2026-05-26 11:06:54.805 [INFO] main.cpp:368 - ======== 轮询统计 ========
2026-05-26 11:06:54.805 [INFO] main.cpp:369 -   任务组数:     20
2026-05-26 11:06:54.805 [INFO] main.cpp:370 -   成功事务:     0
2026-05-26 11:06:54.805 [INFO] main.cpp:371 -   失败事务:     900
2026-05-26 11:06:54.805 [INFO] main.cpp:373 -   成功率:       0.0%
2026-05-26 11:06:54.805 [INFO] main.cpp:378 - ======== 命令队列统计 ========
2026-05-26 11:06:54.805 [INFO] main.cpp:379 -   已提交: 0  已执行: 0  成功: 0  失败: 0
2026-05-26 11:06:54.805 [INFO] main.cpp:384 -   队列大小: 0  平均耗时: 0.0ms
2026-05-26 11:06:55.806 [INFO] main.cpp:352 - ======== 总线统计 ========
2026-05-26 11:06:55.806 [INFO] main.cpp:353 -   总事务数:     900
2026-05-26 11:06:55.806 [INFO] main.cpp:354 -   总错误数:     900
2026-05-26 11:06:55.806 [INFO] main.cpp:355 -   发送字节数:   7200
2026-05-26 11:06:55.806 [INFO] main.cpp:356 -   接收字节数:   0
2026-05-26 11:06:55.806 [INFO] main.cpp:357 -   平均延迟:     0.00 ms
2026-05-26 11:06:55.806 [INFO] main.cpp:358 -   最大延迟:     0.00 ms
2026-05-26 11:06:55.806 [INFO] main.cpp:359 -   总线争用次数: 0
2026-05-26 11:06:55.807 [INFO] main.cpp:368 - ======== 轮询统计 ========
2026-05-26 11:06:55.807 [INFO] main.cpp:369 -   任务组数:     20
2026-05-26 11:06:55.807 [INFO] main.cpp:370 -   成功事务:     0
2026-05-26 11:06:55.807 [INFO] main.cpp:371 -   失败事务:     900
2026-05-26 11:06:55.807 [INFO] main.cpp:373 -   成功率:       0.0%
2026-05-26 11:06:55.807 [INFO] main.cpp:378 - ======== 命令队列统计 ========
2026-05-26 11:06:55.807 [INFO] main.cpp:379 -   已提交: 0  已执行: 0  成功: 0  失败: 0
2026-05-26 11:06:55.807 [INFO] main.cpp:384 -   队列大小: 0  平均耗时: 0.0ms
2026-05-26 11:06:56.807 [INFO] main.cpp:352 - ======== 总线统计 ========
2026-05-26 11:06:56.808 [INFO] main.cpp:353 -   总事务数:     900
2026-05-26 11:06:56.808 [INFO] main.cpp:354 -   总错误数:     900
2026-05-26 11:06:56.808 [INFO] main.cpp:355 -   发送字节数:   7200
2026-05-26 11:06:56.808 [INFO] main.cpp:356 -   接收字节数:   0
2026-05-26 11:06:56.808 [INFO] main.cpp:357 -   平均延迟:     0.00 ms
2026-05-26 11:06:56.808 [INFO] main.cpp:358 -   最大延迟:     0.00 ms
2026-05-26 11:06:56.808 [INFO] main.cpp:359 -   总线争用次数: 0
2026-05-26 11:06:56.808 [INFO] main.cpp:368 - ======== 轮询统计 ========
2026-05-26 11:06:56.808 [INFO] main.cpp:369 -   任务组数:     20
2026-05-26 11:06:56.808 [INFO] main.cpp:370 -   成功事务:     0
2026-05-26 11:06:56.808 [INFO] main.cpp:371 -   失败事务:     900
2026-05-26 11:06:56.808 [INFO] main.cpp:373 -   成功率:       0.0%
2026-05-26 11:06:56.808 [INFO] main.cpp:378 - ======== 命令队列统计 ========
2026-05-26 11:06:56.808 [INFO] main.cpp:379 -   已提交: 0  已执行: 0  成功: 0  失败: 0
2026-05-26 11:06:56.808 [INFO] main.cpp:384 -   队列大小: 0  平均耗时: 0.0ms
2026-05-26 11:06:57.809 [INFO] main.cpp:352 - ======== 总线统计 ========
2026-05-26 11:06:57.810 [INFO] main.cpp:353 -   总事务数:     920
2026-05-26 11:06:57.810 [INFO] main.cpp:354 -   总错误数:     900
2026-05-26 11:06:57.810 [INFO] main.cpp:355 -   发送字节数:   7360
2026-05-26 11:06:57.810 [INFO] main.cpp:356 -   接收字节数:   0
2026-05-26 11:06:57.810 [INFO] main.cpp:357 -   平均延迟:     0.00 ms
2026-05-26 11:06:57.810 [INFO] main.cpp:358 -   最大延迟:     0.00 ms
2026-05-26 11:06:57.810 [INFO] main.cpp:359 -   总线争用次数: 0
2026-05-26 11:06:57.810 [INFO] main.cpp:368 - ======== 轮询统计 ========
2026-05-26 11:06:57.810 [INFO] main.cpp:369 -   任务组数:     20
2026-05-26 11:06:57.810 [INFO] main.cpp:370 -   成功事务:     0
2026-05-26 11:06:57.810 [INFO] main.cpp:371 -   失败事务:     900
2026-05-26 11:06:57.810 [INFO] main.cpp:373 -   成功率:       0.0%
2026-05-26 11:06:57.810 [INFO] main.cpp:378 - ======== 命令队列统计 ========
2026-05-26 11:06:57.810 [INFO] main.cpp:379 -   已提交: 0  已执行: 0  成功: 0  失败: 0
2026-05-26 11:06:57.810 [INFO] main.cpp:384 -   队列大小: 0  平均耗时: 0.0ms
2026-05-26 11:06:58.811 [INFO] main.cpp:352 - ======== 总线统计 ========
2026-05-26 11:06:58.811 [INFO] main.cpp:353 -   总事务数:     920
2026-05-26 11:06:58.811 [INFO] main.cpp:354 -   总错误数:     920
2026-05-26 11:06:58.811 [INFO] main.cpp:355 -   发送字节数:   7360
2026-05-26 11:06:58.811 [INFO] main.cpp:356 -   接收字节数:   0
2026-05-26 11:06:58.811 [INFO] main.cpp:357 -   平均延迟:     0.00 ms
2026-05-26 11:06:58.811 [INFO] main.cpp:358 -   最大延迟:     0.00 ms
2026-05-26 11:06:58.811 [INFO] main.cpp:359 -   总线争用次数: 0
2026-05-26 11:06:58.811 [INFO] main.cpp:368 - ======== 轮询统计 ========
2026-05-26 11:06:58.811 [INFO] main.cpp:369 -   任务组数:     20
2026-05-26 11:06:58.811 [INFO] main.cpp:370 -   成功事务:     0
2026-05-26 11:06:58.811 [INFO] main.cpp:371 -   失败事务:     920
2026-05-26 11:06:58.811 [INFO] main.cpp:373 -   成功率:       0.0%
2026-05-26 11:06:58.811 [INFO] main.cpp:378 - ======== 命令队列统计 ========
2026-05-26 11:06:58.812 [INFO] main.cpp:379 -   已提交: 0  已执行: 0  成功: 0  失败: 0
2026-05-26 11:06:58.812 [INFO] main.cpp:384 -   队列大小: 0  平均耗时: 0.0ms
2026-05-26 11:06:59.813 [INFO] main.cpp:352 - ======== 总线统计 ========
2026-05-26 11:06:59.813 [INFO] main.cpp:353 -   总事务数:     920
2026-05-26 11:06:59.813 [INFO] main.cpp:354 -   总错误数:     920
2026-05-26 11:06:59.813 [INFO] main.cpp:355 -   发送字节数:   7360
2026-05-26 11:06:59.813 [INFO] main.cpp:356 -   接收字节数:   0
2026-05-26 11:06:59.813 [INFO] main.cpp:357 -   平均延迟:     0.00 ms
2026-05-26 11:06:59.813 [INFO] main.cpp:358 -   最大延迟:     0.00 ms
2026-05-26 11:06:59.813 [INFO] main.cpp:359 -   总线争用次数: 0
2026-05-26 11:06:59.813 [INFO] main.cpp:368 - ======== 轮询统计 ========
2026-05-26 11:06:59.813 [INFO] main.cpp:369 -   任务组数:     20
2026-05-26 11:06:59.813 [INFO] main.cpp:370 -   成功事务:     0
2026-05-26 11:06:59.813 [INFO] main.cpp:371 -   失败事务:     920
2026-05-26 11:06:59.813 [INFO] main.cpp:373 -   成功率:       0.0%
2026-05-26 11:06:59.813 [INFO] main.cpp:378 - ======== 命令队列统计 ========
2026-05-26 11:06:59.813 [INFO] main.cpp:379 -   已提交: 0  已执行: 0  成功: 0  失败: 0
2026-05-26 11:06:59.813 [INFO] main.cpp:384 -   队列大小: 0  平均耗时: 0.0ms
2026-05-26 11:07:00.814 [INFO] main.cpp:352 - ======== 总线统计 ========
2026-05-26 11:07:00.814 [INFO] main.cpp:353 -   总事务数:     920
2026-05-26 11:07:00.814 [INFO] main.cpp:354 -   总错误数:     920
2026-05-26 11:07:00.814 [INFO] main.cpp:355 -   发送字节数:   7360
2026-05-26 11:07:00.814 [INFO] main.cpp:356 -   接收字节数:   0
2026-05-26 11:07:00.814 [INFO] main.cpp:357 -   平均延迟:     0.00 ms
2026-05-26 11:07:00.814 [INFO] main.cpp:358 -   最大延迟:     0.00 ms
2026-05-26 11:07:00.815 [INFO] main.cpp:359 -   总线争用次数: 0
2026-05-26 11:07:00.815 [INFO] main.cpp:368 - ======== 轮询统计 ========
2026-05-26 11:07:00.815 [INFO] main.cpp:369 -   任务组数:     20
2026-05-26 11:07:00.815 [INFO] main.cpp:370 -   成功事务:     0
2026-05-26 11:07:00.815 [INFO] main.cpp:371 -   失败事务:     920
2026-05-26 11:07:00.815 [INFO] main.cpp:373 -   成功率:       0.0%
2026-05-26 11:07:00.815 [INFO] main.cpp:378 - ======== 命令队列统计 ========
2026-05-26 11:07:00.815 [INFO] main.cpp:379 -   已提交: 0  已执行: 0  成功: 0  失败: 0
2026-05-26 11:07:00.815 [INFO] main.cpp:384 -   队列大小: 0  平均耗时: 0.0ms
2026-05-26 11:07:01.816 [INFO] main.cpp:352 - ======== 总线统计 ========
2026-05-26 11:07:01.816 [INFO] main.cpp:353 -   总事务数:     920
2026-05-26 11:07:01.816 [INFO] main.cpp:354 -   总错误数:     920
2026-05-26 11:07:01.816 [INFO] main.cpp:355 -   发送字节数:   7360
2026-05-26 11:07:01.816 [INFO] main.cpp:356 -   接收字节数:   0
2026-05-26 11:07:01.816 [INFO] main.cpp:357 -   平均延迟:     0.00 ms
2026-05-26 11:07:01.816 [INFO] main.cpp:358 -   最大延迟:     0.00 ms
2026-05-26 11:07:01.816 [INFO] main.cpp:359 -   总线争用次数: 0
2026-05-26 11:07:01.816 [INFO] main.cpp:368 - ======== 轮询统计 ========
2026-05-26 11:07:01.817 [INFO] main.cpp:369 -   任务组数:     20
2026-05-26 11:07:01.817 [INFO] main.cpp:370 -   成功事务:     0
2026-05-26 11:07:01.817 [INFO] main.cpp:371 -   失败事务:     920
2026-05-26 11:07:01.817 [INFO] main.cpp:373 -   成功率:       0.0%
2026-05-26 11:07:01.817 [INFO] main.cpp:378 - ======== 命令队列统计 ========
2026-05-26 11:07:01.817 [INFO] main.cpp:379 -   已提交: 0  已执行: 0  成功: 0  失败: 0
2026-05-26 11:07:01.817 [INFO] main.cpp:384 -   队列大小: 0  平均耗时: 0.0ms
2026-05-26 11:07:02.818 [INFO] main.cpp:352 - ======== 总线统计 ========
2026-05-26 11:07:02.818 [INFO] main.cpp:353 -   总事务数:     940
2026-05-26 11:07:02.818 [INFO] main.cpp:354 -   总错误数:     920
2026-05-26 11:07:02.818 [INFO] main.cpp:355 -   发送字节数:   7520
2026-05-26 11:07:02.818 [INFO] main.cpp:356 -   接收字节数:   0
2026-05-26 11:07:02.818 [INFO] main.cpp:357 -   平均延迟:     0.00 ms
2026-05-26 11:07:02.818 [INFO] main.cpp:358 -   最大延迟:     0.00 ms
2026-05-26 11:07:02.818 [INFO] main.cpp:359 -   总线争用次数: 0
2026-05-26 11:07:02.818 [INFO] main.cpp:368 - ======== 轮询统计 ========
2026-05-26 11:07:02.818 [INFO] main.cpp:369 -   任务组数:     20
2026-05-26 11:07:02.818 [INFO] main.cpp:370 -   成功事务:     0
2026-05-26 11:07:02.818 [INFO] main.cpp:371 -   失败事务:     920
2026-05-26 11:07:02.818 [INFO] main.cpp:373 -   成功率:       0.0%
2026-05-26 11:07:02.818 [INFO] main.cpp:378 - ======== 命令队列统计 ========
2026-05-26 11:07:02.818 [INFO] main.cpp:379 -   已提交: 0  已执行: 0  成功: 0  失败: 0
2026-05-26 11:07:02.818 [INFO] main.cpp:384 -   队列大小: 0  平均耗时: 0.0ms
2026-05-26 11:07:03.819 [INFO] main.cpp:352 - ======== 总线统计 ========
2026-05-26 11:07:03.820 [INFO] main.cpp:353 -   总事务数:     940
2026-05-26 11:07:03.820 [INFO] main.cpp:354 -   总错误数:     940
2026-05-26 11:07:03.820 [INFO] main.cpp:355 -   发送字节数:   7520
2026-05-26 11:07:03.820 [INFO] main.cpp:356 -   接收字节数:   0
2026-05-26 11:07:03.820 [INFO] main.cpp:357 -   平均延迟:     0.00 ms
2026-05-26 11:07:03.820 [INFO] main.cpp:358 -   最大延迟:     0.00 ms
2026-05-26 11:07:03.820 [INFO] main.cpp:359 -   总线争用次数: 0
2026-05-26 11:07:03.820 [INFO] main.cpp:368 - ======== 轮询统计 ========
2026-05-26 11:07:03.820 [INFO] main.cpp:369 -   任务组数:     20
2026-05-26 11:07:03.820 [INFO] main.cpp:370 -   成功事务:     0
2026-05-26 11:07:03.820 [INFO] main.cpp:371 -   失败事务:     940
2026-05-26 11:07:03.820 [INFO] main.cpp:373 -   成功率:       0.0%
2026-05-26 11:07:03.820 [INFO] main.cpp:378 - ======== 命令队列统计 ========
2026-05-26 11:07:03.820 [INFO] main.cpp:379 -   已提交: 0  已执行: 0  成功: 0  失败: 0
2026-05-26 11:07:03.820 [INFO] main.cpp:384 -   队列大小: 0  平均耗时: 0.0ms
2026-05-26 11:07:04.821 [INFO] main.cpp:352 - ======== 总线统计 ========
2026-05-26 11:07:04.821 [INFO] main.cpp:353 -   总事务数:     940
2026-05-26 11:07:04.821 [INFO] main.cpp:354 -   总错误数:     940
2026-05-26 11:07:04.821 [INFO] main.cpp:355 -   发送字节数:   7520
2026-05-26 11:07:04.821 [INFO] main.cpp:356 -   接收字节数:   0
2026-05-26 11:07:04.821 [INFO] main.cpp:357 -   平均延迟:     0.00 ms
2026-05-26 11:07:04.821 [INFO] main.cpp:358 -   最大延迟:     0.00 ms
2026-05-26 11:07:04.821 [INFO] main.cpp:359 -   总线争用次数: 0
2026-05-26 11:07:04.821 [INFO] main.cpp:368 - ======== 轮询统计 ========
2026-05-26 11:07:04.821 [INFO] main.cpp:369 -   任务组数:     20
2026-05-26 11:07:04.821 [INFO] main.cpp:370 -   成功事务:     0
2026-05-26 11:07:04.821 [INFO] main.cpp:371 -   失败事务:     940
2026-05-26 11:07:04.821 [INFO] main.cpp:373 -   成功率:       0.0%
2026-05-26 11:07:04.822 [INFO] main.cpp:378 - ======== 命令队列统计 ========
2026-05-26 11:07:04.822 [INFO] main.cpp:379 -   已提交: 0  已执行: 0  成功: 0  失败: 0
2026-05-26 11:07:04.822 [INFO] main.cpp:384 -   队列大小: 0  平均耗时: 0.0ms
2026-05-26 11:07:05.823 [INFO] main.cpp:352 - ======== 总线统计 ========
2026-05-26 11:07:05.823 [INFO] main.cpp:353 -   总事务数:     940
2026-05-26 11:07:05.823 [INFO] main.cpp:354 -   总错误数:     940
2026-05-26 11:07:05.823 [INFO] main.cpp:355 -   发送字节数:   7520
2026-05-26 11:07:05.823 [INFO] main.cpp:356 -   接收字节数:   0
2026-05-26 11:07:05.823 [INFO] main.cpp:357 -   平均延迟:     0.00 ms
2026-05-26 11:07:05.823 [INFO] main.cpp:358 -   最大延迟:     0.00 ms
2026-05-26 11:07:05.823 [INFO] main.cpp:359 -   总线争用次数: 0
2026-05-26 11:07:05.823 [INFO] main.cpp:368 - ======== 轮询统计 ========
2026-05-26 11:07:05.823 [INFO] main.cpp:369 -   任务组数:     20
2026-05-26 11:07:05.823 [INFO] main.cpp:370 -   成功事务:     0
2026-05-26 11:07:05.823 [INFO] main.cpp:371 -   失败事务:     940
2026-05-26 11:07:05.823 [INFO] main.cpp:373 -   成功率:       0.0%
2026-05-26 11:07:05.823 [INFO] main.cpp:378 - ======== 命令队列统计 ========
2026-05-26 11:07:05.823 [INFO] main.cpp:379 -   已提交: 0  已执行: 0  成功: 0  失败: 0
2026-05-26 11:07:05.823 [INFO] main.cpp:384 -   队列大小: 0  平均耗时: 0.0ms
2026-05-26 11:07:06.824 [INFO] main.cpp:352 - ======== 总线统计 ========
2026-05-26 11:07:06.824 [INFO] main.cpp:353 -   总事务数:     940
2026-05-26 11:07:06.824 [INFO] main.cpp:354 -   总错误数:     940
2026-05-26 11:07:06.824 [INFO] main.cpp:355 -   发送字节数:   7520
2026-05-26 11:07:06.824 [INFO] main.cpp:356 -   接收字节数:   0
2026-05-26 11:07:06.824 [INFO] main.cpp:357 -   平均延迟:     0.00 ms
2026-05-26 11:07:06.824 [INFO] main.cpp:358 -   最大延迟:     0.00 ms
2026-05-26 11:07:06.825 [INFO] main.cpp:359 -   总线争用次数: 0
2026-05-26 11:07:06.825 [INFO] main.cpp:368 - ======== 轮询统计 ========
2026-05-26 11:07:06.825 [INFO] main.cpp:369 -   任务组数:     20
2026-05-26 11:07:06.825 [INFO] main.cpp:370 -   成功事务:     0
2026-05-26 11:07:06.825 [INFO] main.cpp:371 -   失败事务:     940
2026-05-26 11:07:06.825 [INFO] main.cpp:373 -   成功率:       0.0%
2026-05-26 11:07:06.825 [INFO] main.cpp:378 - ======== 命令队列统计 ========
2026-05-26 11:07:06.825 [INFO] main.cpp:379 -   已提交: 0  已执行: 0  成功: 0  失败: 0
2026-05-26 11:07:06.825 [INFO] main.cpp:384 -   队列大小: 0  平均耗时: 0.0ms
2026-05-26 11:07:07.826 [INFO] main.cpp:352 - ======== 总线统计 ========
2026-05-26 11:07:07.826 [INFO] main.cpp:353 -   总事务数:     960
2026-05-26 11:07:07.826 [INFO] main.cpp:354 -   总错误数:     940
2026-05-26 11:07:07.826 [INFO] main.cpp:355 -   发送字节数:   7680
2026-05-26 11:07:07.826 [INFO] main.cpp:356 -   接收字节数:   0
2026-05-26 11:07:07.826 [INFO] main.cpp:357 -   平均延迟:     0.00 ms
2026-05-26 11:07:07.826 [INFO] main.cpp:358 -   最大延迟:     0.00 ms
2026-05-26 11:07:07.826 [INFO] main.cpp:359 -   总线争用次数: 0
2026-05-26 11:07:07.826 [INFO] main.cpp:368 - ======== 轮询统计 ========
2026-05-26 11:07:07.827 [INFO] main.cpp:369 -   任务组数:     20
2026-05-26 11:07:07.827 [INFO] main.cpp:370 -   成功事务:     0
2026-05-26 11:07:07.827 [INFO] main.cpp:371 -   失败事务:     940
2026-05-26 11:07:07.827 [INFO] main.cpp:373 -   成功率:       0.0%
2026-05-26 11:07:07.827 [INFO] main.cpp:378 - ======== 命令队列统计 ========
2026-05-26 11:07:07.827 [INFO] main.cpp:379 -   已提交: 0  已执行: 0  成功: 0  失败: 0
2026-05-26 11:07:07.827 [INFO] main.cpp:384 -   队列大小: 0  平均耗时: 0.0ms
2026-05-26 11:07:08.828 [INFO] main.cpp:352 - ======== 总线统计 ========
2026-05-26 11:07:08.828 [INFO] main.cpp:353 -   总事务数:     960
2026-05-26 11:07:08.828 [INFO] main.cpp:354 -   总错误数:     960
2026-05-26 11:07:08.828 [INFO] main.cpp:355 -   发送字节数:   7680
2026-05-26 11:07:08.828 [INFO] main.cpp:356 -   接收字节数:   0
2026-05-26 11:07:08.828 [INFO] main.cpp:357 -   平均延迟:     0.00 ms
2026-05-26 11:07:08.828 [INFO] main.cpp:358 -   最大延迟:     0.00 ms
2026-05-26 11:07:08.828 [INFO] main.cpp:359 -   总线争用次数: 0
2026-05-26 11:07:08.828 [INFO] main.cpp:368 - ======== 轮询统计 ========
2026-05-26 11:07:08.828 [INFO] main.cpp:369 -   任务组数:     20
2026-05-26 11:07:08.828 [INFO] main.cpp:370 -   成功事务:     0
2026-05-26 11:07:08.828 [INFO] main.cpp:371 -   失败事务:     960
2026-05-26 11:07:08.828 [INFO] main.cpp:373 -   成功率:       0.0%
2026-05-26 11:07:08.829 [INFO] main.cpp:378 - ======== 命令队列统计 ========
2026-05-26 11:07:08.829 [INFO] main.cpp:379 -   已提交: 0  已执行: 0  成功: 0  失败: 0
2026-05-26 11:07:08.829 [INFO] main.cpp:384 -   队列大小: 0  平均耗时: 0.0ms
2026-05-26 11:07:09.830 [INFO] main.cpp:352 - ======== 总线统计 ========
2026-05-26 11:07:09.830 [INFO] main.cpp:353 -   总事务数:     960
2026-05-26 11:07:09.830 [INFO] main.cpp:354 -   总错误数:     960
2026-05-26 11:07:09.830 [INFO] main.cpp:355 -   发送字节数:   7680
2026-05-26 11:07:09.830 [INFO] main.cpp:356 -   接收字节数:   0
2026-05-26 11:07:09.830 [INFO] main.cpp:357 -   平均延迟:     0.00 ms
2026-05-26 11:07:09.830 [INFO] main.cpp:358 -   最大延迟:     0.00 ms
2026-05-26 11:07:09.830 [INFO] main.cpp:359 -   总线争用次数: 0
2026-05-26 11:07:09.830 [INFO] main.cpp:368 - ======== 轮询统计 ========
2026-05-26 11:07:09.830 [INFO] main.cpp:369 -   任务组数:     20
2026-05-26 11:07:09.830 [INFO] main.cpp:370 -   成功事务:     0
2026-05-26 11:07:09.830 [INFO] main.cpp:371 -   失败事务:     960
2026-05-26 11:07:09.830 [INFO] main.cpp:373 -   成功率:       0.0%
2026-05-26 11:07:09.830 [INFO] main.cpp:378 - ======== 命令队列统计 ========
2026-05-26 11:07:09.830 [INFO] main.cpp:379 -   已提交: 0  已执行: 0  成功: 0  失败: 0
2026-05-26 11:07:09.830 [INFO] main.cpp:384 -   队列大小: 0  平均耗时: 0.0ms
2026-05-26 11:07:10.831 [INFO] main.cpp:352 - ======== 总线统计 ========
2026-05-26 11:07:10.831 [INFO] main.cpp:353 -   总事务数:     960
2026-05-26 11:07:10.831 [INFO] main.cpp:354 -   总错误数:     960
2026-05-26 11:07:10.831 [INFO] main.cpp:355 -   发送字节数:   7680
2026-05-26 11:07:10.831 [INFO] main.cpp:356 -   接收字节数:   0
2026-05-26 11:07:10.831 [INFO] main.cpp:357 -   平均延迟:     0.00 ms
2026-05-26 11:07:10.831 [INFO] main.cpp:358 -   最大延迟:     0.00 ms
2026-05-26 11:07:10.831 [INFO] main.cpp:359 -   总线争用次数: 0
2026-05-26 11:07:10.831 [INFO] main.cpp:368 - ======== 轮询统计 ========
2026-05-26 11:07:10.831 [INFO] main.cpp:369 -   任务组数:     20
2026-05-26 11:07:10.831 [INFO] main.cpp:370 -   成功事务:     0
2026-05-26 11:07:10.831 [INFO] main.cpp:371 -   失败事务:     960
2026-05-26 11:07:10.832 [INFO] main.cpp:373 -   成功率:       0.0%
2026-05-26 11:07:10.832 [INFO] main.cpp:378 - ======== 命令队列统计 ========
2026-05-26 11:07:10.832 [INFO] main.cpp:379 -   已提交: 0  已执行: 0  成功: 0  失败: 0
2026-05-26 11:07:10.832 [INFO] main.cpp:384 -   队列大小: 0  平均耗时: 0.0ms
2026-05-26 11:07:11.833 [INFO] main.cpp:352 - ======== 总线统计 ========
2026-05-26 11:07:11.833 [INFO] main.cpp:353 -   总事务数:     960
2026-05-26 11:07:11.833 [INFO] main.cpp:354 -   总错误数:     960
2026-05-26 11:07:11.833 [INFO] main.cpp:355 -   发送字节数:   7680
2026-05-26 11:07:11.833 [INFO] main.cpp:356 -   接收字节数:   0
2026-05-26 11:07:11.833 [INFO] main.cpp:357 -   平均延迟:     0.00 ms
2026-05-26 11:07:11.833 [INFO] main.cpp:358 -   最大延迟:     0.00 ms
2026-05-26 11:07:11.833 [INFO] main.cpp:359 -   总线争用次数: 0
2026-05-26 11:07:11.833 [INFO] main.cpp:368 - ======== 轮询统计 ========
2026-05-26 11:07:11.833 [INFO] main.cpp:369 -   任务组数:     20
2026-05-26 11:07:11.833 [INFO] main.cpp:370 -   成功事务:     0
2026-05-26 11:07:11.833 [INFO] main.cpp:371 -   失败事务:     960
2026-05-26 11:07:11.833 [INFO] main.cpp:373 -   成功率:       0.0%
2026-05-26 11:07:11.833 [INFO] main.cpp:378 - ======== 命令队列统计 ========
2026-05-26 11:07:11.833 [INFO] main.cpp:379 -   已提交: 0  已执行: 0  成功: 0  失败: 0
2026-05-26 11:07:11.833 [INFO] main.cpp:384 -   队列大小: 0  平均耗时: 0.0ms
2026-05-26 11:07:12.834 [INFO] main.cpp:352 - ======== 总线统计 ========
2026-05-26 11:07:12.834 [INFO] main.cpp:353 -   总事务数:     980
2026-05-26 11:07:12.834 [INFO] main.cpp:354 -   总错误数:     960
2026-05-26 11:07:12.834 [INFO] main.cpp:355 -   发送字节数:   7840
2026-05-26 11:07:12.834 [INFO] main.cpp:356 -   接收字节数:   0
2026-05-26 11:07:12.834 [INFO] main.cpp:357 -   平均延迟:     0.00 ms
2026-05-26 11:07:12.834 [INFO] main.cpp:358 -   最大延迟:     0.00 ms
2026-05-26 11:07:12.834 [INFO] main.cpp:359 -   总线争用次数: 0
2026-05-26 11:07:12.835 [INFO] main.cpp:368 - ======== 轮询统计 ========
2026-05-26 11:07:12.835 [INFO] main.cpp:369 -   任务组数:     20
2026-05-26 11:07:12.835 [INFO] main.cpp:370 -   成功事务:     0
2026-05-26 11:07:12.835 [INFO] main.cpp:371 -   失败事务:     960
2026-05-26 11:07:12.835 [INFO] main.cpp:373 -   成功率:       0.0%
2026-05-26 11:07:12.835 [INFO] main.cpp:378 - ======== 命令队列统计 ========
2026-05-26 11:07:12.835 [INFO] main.cpp:379 -   已提交: 0  已执行: 0  成功: 0  失败: 0
2026-05-26 11:07:12.835 [INFO] main.cpp:384 -   队列大小: 0  平均耗时: 0.0ms
2026-05-26 11:07:13.836 [INFO] main.cpp:352 - ======== 总线统计 ========
2026-05-26 11:07:13.836 [INFO] main.cpp:353 -   总事务数:     980
2026-05-26 11:07:13.836 [INFO] main.cpp:354 -   总错误数:     980
2026-05-26 11:07:13.836 [INFO] main.cpp:355 -   发送字节数:   7840
2026-05-26 11:07:13.836 [INFO] main.cpp:356 -   接收字节数:   0
2026-05-26 11:07:13.836 [INFO] main.cpp:357 -   平均延迟:     0.00 ms
2026-05-26 11:07:13.836 [INFO] main.cpp:358 -   最大延迟:     0.00 ms
2026-05-26 11:07:13.836 [INFO] main.cpp:359 -   总线争用次数: 0
2026-05-26 11:07:13.836 [INFO] main.cpp:368 - ======== 轮询统计 ========
2026-05-26 11:07:13.836 [INFO] main.cpp:369 -   任务组数:     20
2026-05-26 11:07:13.836 [INFO] main.cpp:370 -   成功事务:     0
2026-05-26 11:07:13.837 [INFO] main.cpp:371 -   失败事务:     980
2026-05-26 11:07:13.837 [INFO] main.cpp:373 -   成功率:       0.0%
2026-05-26 11:07:13.837 [INFO] main.cpp:378 - ======== 命令队列统计 ========
2026-05-26 11:07:13.837 [INFO] main.cpp:379 -   已提交: 0  已执行: 0  成功: 0  失败: 0
2026-05-26 11:07:13.837 [INFO] main.cpp:384 -   队列大小: 0  平均耗时: 0.0ms
2026-05-26 11:07:14.837 [INFO] main.cpp:352 - ======== 总线统计 ========
2026-05-26 11:07:14.838 [INFO] main.cpp:353 -   总事务数:     980
2026-05-26 11:07:14.838 [INFO] main.cpp:354 -   总错误数:     980
2026-05-26 11:07:14.838 [INFO] main.cpp:355 -   发送字节数:   7840
2026-05-26 11:07:14.838 [INFO] main.cpp:356 -   接收字节数:   0
2026-05-26 11:07:14.838 [INFO] main.cpp:357 -   平均延迟:     0.00 ms
2026-05-26 11:07:14.838 [INFO] main.cpp:358 -   最大延迟:     0.00 ms
2026-05-26 11:07:14.838 [INFO] main.cpp:359 -   总线争用次数: 0
2026-05-26 11:07:14.838 [INFO] main.cpp:368 - ======== 轮询统计 ========
2026-05-26 11:07:14.838 [INFO] main.cpp:369 -   任务组数:     20
2026-05-26 11:07:14.838 [INFO] main.cpp:370 -   成功事务:     0
2026-05-26 11:07:14.838 [INFO] main.cpp:371 -   失败事务:     980
2026-05-26 11:07:14.838 [INFO] main.cpp:373 -   成功率:       0.0%
2026-05-26 11:07:14.838 [INFO] main.cpp:378 - ======== 命令队列统计 ========
2026-05-26 11:07:14.838 [INFO] main.cpp:379 -   已提交: 0  已执行: 0  成功: 0  失败: 0
2026-05-26 11:07:14.838 [INFO] main.cpp:384 -   队列大小: 0  平均耗时: 0.0ms
2026-05-26 11:07:15.838 [INFO] main.cpp:352 - ======== 总线统计 ========
2026-05-26 11:07:15.839 [INFO] main.cpp:353 -   总事务数:     980
2026-05-26 11:07:15.839 [INFO] main.cpp:354 -   总错误数:     980
2026-05-26 11:07:15.839 [INFO] main.cpp:355 -   发送字节数:   7840
2026-05-26 11:07:15.839 [INFO] main.cpp:356 -   接收字节数:   0
2026-05-26 11:07:15.839 [INFO] main.cpp:357 -   平均延迟:     0.00 ms
2026-05-26 11:07:15.839 [INFO] main.cpp:358 -   最大延迟:     0.00 ms
2026-05-26 11:07:15.839 [INFO] main.cpp:359 -   总线争用次数: 0
2026-05-26 11:07:15.839 [INFO] main.cpp:368 - ======== 轮询统计 ========
2026-05-26 11:07:15.839 [INFO] main.cpp:369 -   任务组数:     20
2026-05-26 11:07:15.839 [INFO] main.cpp:370 -   成功事务:     0
2026-05-26 11:07:15.839 [INFO] main.cpp:371 -   失败事务:     980
2026-05-26 11:07:15.839 [INFO] main.cpp:373 -   成功率:       0.0%
2026-05-26 11:07:15.839 [INFO] main.cpp:378 - ======== 命令队列统计 ========
2026-05-26 11:07:15.839 [INFO] main.cpp:379 -   已提交: 0  已执行: 0  成功: 0  失败: 0
2026-05-26 11:07:15.839 [INFO] main.cpp:384 -   队列大小: 0  平均耗时: 0.0ms
2026-05-26 11:07:16.840 [INFO] main.cpp:352 - ======== 总线统计 ========
2026-05-26 11:07:16.840 [INFO] main.cpp:353 -   总事务数:     980
2026-05-26 11:07:16.840 [INFO] main.cpp:354 -   总错误数:     980
2026-05-26 11:07:16.840 [INFO] main.cpp:355 -   发送字节数:   7840
2026-05-26 11:07:16.841 [INFO] main.cpp:356 -   接收字节数:   0
2026-05-26 11:07:16.841 [INFO] main.cpp:357 -   平均延迟:     0.00 ms
2026-05-26 11:07:16.841 [INFO] main.cpp:358 -   最大延迟:     0.00 ms
2026-05-26 11:07:16.841 [INFO] main.cpp:359 -   总线争用次数: 0
2026-05-26 11:07:16.841 [INFO] main.cpp:368 - ======== 轮询统计 ========
2026-05-26 11:07:16.841 [INFO] main.cpp:369 -   任务组数:     20
2026-05-26 11:07:16.841 [INFO] main.cpp:370 -   成功事务:     0
2026-05-26 11:07:16.841 [INFO] main.cpp:371 -   失败事务:     980
2026-05-26 11:07:16.841 [INFO] main.cpp:373 -   成功率:       0.0%
2026-05-26 11:07:16.841 [INFO] main.cpp:378 - ======== 命令队列统计 ========
2026-05-26 11:07:16.841 [INFO] main.cpp:379 -   已提交: 0  已执行: 0  成功: 0  失败: 0
2026-05-26 11:07:16.841 [INFO] main.cpp:384 -   队列大小: 0  平均耗时: 0.0ms
2026-05-26 11:07:17.842 [INFO] main.cpp:352 - ======== 总线统计 ========
2026-05-26 11:07:17.842 [INFO] main.cpp:353 -   总事务数:     1000
2026-05-26 11:07:17.842 [INFO] main.cpp:354 -   总错误数:     980
2026-05-26 11:07:17.842 [INFO] main.cpp:355 -   发送字节数:   8000
2026-05-26 11:07:17.843 [INFO] main.cpp:356 -   接收字节数:   0
2026-05-26 11:07:17.843 [INFO] main.cpp:357 -   平均延迟:     0.00 ms
2026-05-26 11:07:17.843 [INFO] main.cpp:358 -   最大延迟:     0.00 ms
2026-05-26 11:07:17.843 [INFO] main.cpp:359 -   总线争用次数: 0
2026-05-26 11:07:17.843 [INFO] main.cpp:368 - ======== 轮询统计 ========
2026-05-26 11:07:17.843 [INFO] main.cpp:369 -   任务组数:     20
2026-05-26 11:07:17.843 [INFO] main.cpp:370 -   成功事务:     0
2026-05-26 11:07:17.843 [INFO] main.cpp:371 -   失败事务:     980
2026-05-26 11:07:17.843 [INFO] main.cpp:373 -   成功率:       0.0%
2026-05-26 11:07:17.843 [INFO] main.cpp:378 - ======== 命令队列统计 ========
2026-05-26 11:07:17.843 [INFO] main.cpp:379 -   已提交: 0  已执行: 0  成功: 0  失败: 0
2026-05-26 11:07:17.843 [INFO] main.cpp:384 -   队列大小: 0  平均耗时: 0.0ms
2026-05-26 11:07:18.844 [INFO] main.cpp:352 - ======== 总线统计 ========
2026-05-26 11:07:18.844 [INFO] main.cpp:353 -   总事务数:     1000
2026-05-26 11:07:18.844 [INFO] main.cpp:354 -   总错误数:     1000
2026-05-26 11:07:18.844 [INFO] main.cpp:355 -   发送字节数:   8000
2026-05-26 11:07:18.844 [INFO] main.cpp:356 -   接收字节数:   0
2026-05-26 11:07:18.844 [INFO] main.cpp:357 -   平均延迟:     0.00 ms
2026-05-26 11:07:18.844 [INFO] main.cpp:358 -   最大延迟:     0.00 ms
2026-05-26 11:07:18.845 [INFO] main.cpp:359 -   总线争用次数: 0
2026-05-26 11:07:18.845 [INFO] main.cpp:368 - ======== 轮询统计 ========
2026-05-26 11:07:18.845 [INFO] main.cpp:369 -   任务组数:     20
2026-05-26 11:07:18.845 [INFO] main.cpp:370 -   成功事务:     0
2026-05-26 11:07:18.845 [INFO] main.cpp:371 -   失败事务:     1000
2026-05-26 11:07:18.845 [INFO] main.cpp:373 -   成功率:       0.0%
2026-05-26 11:07:18.845 [INFO] main.cpp:378 - ======== 命令队列统计 ========
2026-05-26 11:07:18.845 [INFO] main.cpp:379 -   已提交: 0  已执行: 0  成功: 0  失败: 0
2026-05-26 11:07:18.845 [INFO] main.cpp:384 -   队列大小: 0  平均耗时: 0.0ms
2026-05-26 11:07:19.845 [INFO] main.cpp:352 - ======== 总线统计 ========
2026-05-26 11:07:19.845 [INFO] main.cpp:353 -   总事务数:     1000
2026-05-26 11:07:19.846 [INFO] main.cpp:354 -   总错误数:     1000
2026-05-26 11:07:19.846 [INFO] main.cpp:355 -   发送字节数:   8000
2026-05-26 11:07:19.846 [INFO] main.cpp:356 -   接收字节数:   0
2026-05-26 11:07:19.846 [INFO] main.cpp:357 -   平均延迟:     0.00 ms
2026-05-26 11:07:19.846 [INFO] main.cpp:358 -   最大延迟:     0.00 ms
2026-05-26 11:07:19.846 [INFO] main.cpp:359 -   总线争用次数: 0
2026-05-26 11:07:19.846 [INFO] main.cpp:368 - ======== 轮询统计 ========
2026-05-26 11:07:19.846 [INFO] main.cpp:369 -   任务组数:     20
2026-05-26 11:07:19.846 [INFO] main.cpp:370 -   成功事务:     0
2026-05-26 11:07:19.846 [INFO] main.cpp:371 -   失败事务:     1000
2026-05-26 11:07:19.846 [INFO] main.cpp:373 -   成功率:       0.0%
2026-05-26 11:07:19.846 [INFO] main.cpp:378 - ======== 命令队列统计 ========
2026-05-26 11:07:19.846 [INFO] main.cpp:379 -   已提交: 0  已执行: 0  成功: 0  失败: 0
2026-05-26 11:07:19.846 [INFO] main.cpp:384 -   队列大小: 0  平均耗时: 0.0ms
2026-05-26 11:07:20.847 [INFO] main.cpp:352 - ======== 总线统计 ========
2026-05-26 11:07:20.847 [INFO] main.cpp:353 -   总事务数:     1000
2026-05-26 11:07:20.847 [INFO] main.cpp:354 -   总错误数:     1000
2026-05-26 11:07:20.847 [INFO] main.cpp:355 -   发送字节数:   8000
2026-05-26 11:07:20.847 [INFO] main.cpp:356 -   接收字节数:   0
2026-05-26 11:07:20.848 [INFO] main.cpp:357 -   平均延迟:     0.00 ms
2026-05-26 11:07:20.848 [INFO] main.cpp:358 -   最大延迟:     0.00 ms
2026-05-26 11:07:20.848 [INFO] main.cpp:359 -   总线争用次数: 0
2026-05-26 11:07:20.848 [INFO] main.cpp:368 - ======== 轮询统计 ========
2026-05-26 11:07:20.848 [INFO] main.cpp:369 -   任务组数:     20
2026-05-26 11:07:20.848 [INFO] main.cpp:370 -   成功事务:     0
2026-05-26 11:07:20.848 [INFO] main.cpp:371 -   失败事务:     1000
2026-05-26 11:07:20.848 [INFO] main.cpp:373 -   成功率:       0.0%
2026-05-26 11:07:20.848 [INFO] main.cpp:378 - ======== 命令队列统计 ========
2026-05-26 11:07:20.848 [INFO] main.cpp:379 -   已提交: 0  已执行: 0  成功: 0  失败: 0
2026-05-26 11:07:20.848 [INFO] main.cpp:384 -   队列大小: 0  平均耗时: 0.0ms
2026-05-26 11:07:21.849 [INFO] main.cpp:352 - ======== 总线统计 ========
2026-05-26 11:07:21.849 [INFO] main.cpp:353 -   总事务数:     1000
2026-05-26 11:07:21.849 [INFO] main.cpp:354 -   总错误数:     1000
2026-05-26 11:07:21.849 [INFO] main.cpp:355 -   发送字节数:   8000
2026-05-26 11:07:21.849 [INFO] main.cpp:356 -   接收字节数:   0
2026-05-26 11:07:21.849 [INFO] main.cpp:357 -   平均延迟:     0.00 ms
2026-05-26 11:07:21.849 [INFO] main.cpp:358 -   最大延迟:     0.00 ms
2026-05-26 11:07:21.850 [INFO] main.cpp:359 -   总线争用次数: 0
2026-05-26 11:07:21.850 [INFO] main.cpp:368 - ======== 轮询统计 ========
2026-05-26 11:07:21.850 [INFO] main.cpp:369 -   任务组数:     20
2026-05-26 11:07:21.850 [INFO] main.cpp:370 -   成功事务:     0
2026-05-26 11:07:21.850 [INFO] main.cpp:371 -   失败事务:     1000
2026-05-26 11:07:21.850 [INFO] main.cpp:373 -   成功率:       0.0%
2026-05-26 11:07:21.850 [INFO] main.cpp:378 - ======== 命令队列统计 ========
2026-05-26 11:07:21.850 [INFO] main.cpp:379 -   已提交: 0  已执行: 0  成功: 0  失败: 0
2026-05-26 11:07:21.850 [INFO] main.cpp:384 -   队列大小: 0  平均耗时: 0.0ms
2026-05-26 11:07:22.851 [INFO] main.cpp:352 - ======== 总线统计 ========
2026-05-26 11:07:22.851 [INFO] main.cpp:353 -   总事务数:     1020
2026-05-26 11:07:22.851 [INFO] main.cpp:354 -   总错误数:     1000
2026-05-26 11:07:22.851 [INFO] main.cpp:355 -   发送字节数:   8160
2026-05-26 11:07:22.851 [INFO] main.cpp:356 -   接收字节数:   0
2026-05-26 11:07:22.851 [INFO] main.cpp:357 -   平均延迟:     0.00 ms
2026-05-26 11:07:22.851 [INFO] main.cpp:358 -   最大延迟:     0.00 ms
2026-05-26 11:07:22.851 [INFO] main.cpp:359 -   总线争用次数: 0
2026-05-26 11:07:22.851 [INFO] main.cpp:368 - ======== 轮询统计 ========
2026-05-26 11:07:22.851 [INFO] main.cpp:369 -   任务组数:     20
2026-05-26 11:07:22.851 [INFO] main.cpp:370 -   成功事务:     0
2026-05-26 11:07:22.851 [INFO] main.cpp:371 -   失败事务:     1000
2026-05-26 11:07:22.852 [INFO] main.cpp:373 -   成功率:       0.0%
2026-05-26 11:07:22.852 [INFO] main.cpp:378 - ======== 命令队列统计 ========
2026-05-26 11:07:22.852 [INFO] main.cpp:379 -   已提交: 0  已执行: 0  成功: 0  失败: 0
2026-05-26 11:07:22.852 [INFO] main.cpp:384 -   队列大小: 0  平均耗时: 0.0ms
2026-05-26 11:07:23.853 [INFO] main.cpp:352 - ======== 总线统计 ========
2026-05-26 11:07:23.853 [INFO] main.cpp:353 -   总事务数:     1020
2026-05-26 11:07:23.853 [INFO] main.cpp:354 -   总错误数:     1020
2026-05-26 11:07:23.853 [INFO] main.cpp:355 -   发送字节数:   8160
2026-05-26 11:07:23.853 [INFO] main.cpp:356 -   接收字节数:   0
2026-05-26 11:07:23.853 [INFO] main.cpp:357 -   平均延迟:     0.00 ms
2026-05-26 11:07:23.853 [INFO] main.cpp:358 -   最大延迟:     0.00 ms
2026-05-26 11:07:23.853 [INFO] main.cpp:359 -   总线争用次数: 0
2026-05-26 11:07:23.853 [INFO] main.cpp:368 - ======== 轮询统计 ========
2026-05-26 11:07:23.853 [INFO] main.cpp:369 -   任务组数:     20
2026-05-26 11:07:23.853 [INFO] main.cpp:370 -   成功事务:     0
2026-05-26 11:07:23.853 [INFO] main.cpp:371 -   失败事务:     1020
2026-05-26 11:07:23.853 [INFO] main.cpp:373 -   成功率:       0.0%
2026-05-26 11:07:23.853 [INFO] main.cpp:378 - ======== 命令队列统计 ========
2026-05-26 11:07:23.854 [INFO] main.cpp:379 -   已提交: 0  已执行: 0  成功: 0  失败: 0
2026-05-26 11:07:23.854 [INFO] main.cpp:384 -   队列大小: 0  平均耗时: 0.0ms
2026-05-26 11:07:24.855 [INFO] main.cpp:352 - ======== 总线统计 ========
2026-05-26 11:07:24.855 [INFO] main.cpp:353 -   总事务数:     1020
2026-05-26 11:07:24.855 [INFO] main.cpp:354 -   总错误数:     1020
2026-05-26 11:07:24.855 [INFO] main.cpp:355 -   发送字节数:   8160
2026-05-26 11:07:24.855 [INFO] main.cpp:356 -   接收字节数:   0
2026-05-26 11:07:24.855 [INFO] main.cpp:357 -   平均延迟:     0.00 ms
2026-05-26 11:07:24.855 [INFO] main.cpp:358 -   最大延迟:     0.00 ms
2026-05-26 11:07:24.855 [INFO] main.cpp:359 -   总线争用次数: 0
2026-05-26 11:07:24.855 [INFO] main.cpp:368 - ======== 轮询统计 ========
2026-05-26 11:07:24.855 [INFO] main.cpp:369 -   任务组数:     20
2026-05-26 11:07:24.855 [INFO] main.cpp:370 -   成功事务:     0
2026-05-26 11:07:24.855 [INFO] main.cpp:371 -   失败事务:     1020
2026-05-26 11:07:24.855 [INFO] main.cpp:373 -   成功率:       0.0%
2026-05-26 11:07:24.855 [INFO] main.cpp:378 - ======== 命令队列统计 ========
2026-05-26 11:07:24.855 [INFO] main.cpp:379 -   已提交: 0  已执行: 0  成功: 0  失败: 0
2026-05-26 11:07:24.855 [INFO] main.cpp:384 -   队列大小: 0  平均耗时: 0.0ms
2026-05-26 11:07:25.857 [INFO] main.cpp:352 - ======== 总线统计 ========
2026-05-26 11:07:25.857 [INFO] main.cpp:353 -   总事务数:     1020
2026-05-26 11:07:25.857 [INFO] main.cpp:354 -   总错误数:     1020
2026-05-26 11:07:25.857 [INFO] main.cpp:355 -   发送字节数:   8160
2026-05-26 11:07:25.857 [INFO] main.cpp:356 -   接收字节数:   0
2026-05-26 11:07:25.857 [INFO] main.cpp:357 -   平均延迟:     0.00 ms
2026-05-26 11:07:25.857 [INFO] main.cpp:358 -   最大延迟:     0.00 ms
2026-05-26 11:07:25.857 [INFO] main.cpp:359 -   总线争用次数: 0
2026-05-26 11:07:25.857 [INFO] main.cpp:368 - ======== 轮询统计 ========
2026-05-26 11:07:25.857 [INFO] main.cpp:369 -   任务组数:     20
2026-05-26 11:07:25.857 [INFO] main.cpp:370 -   成功事务:     0
2026-05-26 11:07:25.857 [INFO] main.cpp:371 -   失败事务:     1020
2026-05-26 11:07:25.857 [INFO] main.cpp:373 -   成功率:       0.0%
2026-05-26 11:07:25.857 [INFO] main.cpp:378 - ======== 命令队列统计 ========
2026-05-26 11:07:25.857 [INFO] main.cpp:379 -   已提交: 0  已执行: 0  成功: 0  失败: 0
2026-05-26 11:07:25.858 [INFO] main.cpp:384 -   队列大小: 0  平均耗时: 0.0ms
2026-05-26 11:07:26.859 [INFO] main.cpp:352 - ======== 总线统计 ========
2026-05-26 11:07:26.859 [INFO] main.cpp:353 -   总事务数:     1020
2026-05-26 11:07:26.859 [INFO] main.cpp:354 -   总错误数:     1020
2026-05-26 11:07:26.859 [INFO] main.cpp:355 -   发送字节数:   8160
2026-05-26 11:07:26.859 [INFO] main.cpp:356 -   接收字节数:   0
2026-05-26 11:07:26.859 [INFO] main.cpp:357 -   平均延迟:     0.00 ms
2026-05-26 11:07:26.859 [INFO] main.cpp:358 -   最大延迟:     0.00 ms
2026-05-26 11:07:26.859 [INFO] main.cpp:359 -   总线争用次数: 0
2026-05-26 11:07:26.859 [INFO] main.cpp:368 - ======== 轮询统计 ========
2026-05-26 11:07:26.859 [INFO] main.cpp:369 -   任务组数:     20
2026-05-26 11:07:26.859 [INFO] main.cpp:370 -   成功事务:     0
2026-05-26 11:07:26.859 [INFO] main.cpp:371 -   失败事务:     1020
2026-05-26 11:07:26.859 [INFO] main.cpp:373 -   成功率:       0.0%
2026-05-26 11:07:26.859 [INFO] main.cpp:378 - ======== 命令队列统计 ========
2026-05-26 11:07:26.859 [INFO] main.cpp:379 -   已提交: 0  已执行: 0  成功: 0  失败: 0
2026-05-26 11:07:26.859 [INFO] main.cpp:384 -   队列大小: 0  平均耗时: 0.0ms
2026-05-26 11:07:27.861 [INFO] main.cpp:352 - ======== 总线统计 ========
2026-05-26 11:07:27.861 [INFO] main.cpp:353 -   总事务数:     1040
2026-05-26 11:07:27.861 [INFO] main.cpp:354 -   总错误数:     1020
2026-05-26 11:07:27.861 [INFO] main.cpp:355 -   发送字节数:   8320
2026-05-26 11:07:27.861 [INFO] main.cpp:356 -   接收字节数:   0
2026-05-26 11:07:27.861 [INFO] main.cpp:357 -   平均延迟:     0.00 ms
2026-05-26 11:07:27.861 [INFO] main.cpp:358 -   最大延迟:     0.00 ms
2026-05-26 11:07:27.861 [INFO] main.cpp:359 -   总线争用次数: 0
2026-05-26 11:07:27.861 [INFO] main.cpp:368 - ======== 轮询统计 ========
2026-05-26 11:07:27.861 [INFO] main.cpp:369 -   任务组数:     20
2026-05-26 11:07:27.861 [INFO] main.cpp:370 -   成功事务:     0
2026-05-26 11:07:27.861 [INFO] main.cpp:371 -   失败事务:     1020
2026-05-26 11:07:27.861 [INFO] main.cpp:373 -   成功率:       0.0%
2026-05-26 11:07:27.861 [INFO] main.cpp:378 - ======== 命令队列统计 ========
2026-05-26 11:07:27.861 [INFO] main.cpp:379 -   已提交: 0  已执行: 0  成功: 0  失败: 0
2026-05-26 11:07:27.861 [INFO] main.cpp:384 -   队列大小: 0  平均耗时: 0.0ms
2026-05-26 11:07:28.863 [INFO] main.cpp:352 - ======== 总线统计 ========
2026-05-26 11:07:28.863 [INFO] main.cpp:353 -   总事务数:     1040
2026-05-26 11:07:28.863 [INFO] main.cpp:354 -   总错误数:     1040
2026-05-26 11:07:28.863 [INFO] main.cpp:355 -   发送字节数:   8320
2026-05-26 11:07:28.863 [INFO] main.cpp:356 -   接收字节数:   0
2026-05-26 11:07:28.863 [INFO] main.cpp:357 -   平均延迟:     0.00 ms
2026-05-26 11:07:28.863 [INFO] main.cpp:358 -   最大延迟:     0.00 ms
2026-05-26 11:07:28.863 [INFO] main.cpp:359 -   总线争用次数: 0
2026-05-26 11:07:28.863 [INFO] main.cpp:368 - ======== 轮询统计 ========
2026-05-26 11:07:28.863 [INFO] main.cpp:369 -   任务组数:     20
2026-05-26 11:07:28.863 [INFO] main.cpp:370 -   成功事务:     0
2026-05-26 11:07:28.863 [INFO] main.cpp:371 -   失败事务:     1040
2026-05-26 11:07:28.863 [INFO] main.cpp:373 -   成功率:       0.0%
2026-05-26 11:07:28.863 [INFO] main.cpp:378 - ======== 命令队列统计 ========
2026-05-26 11:07:28.863 [INFO] main.cpp:379 -   已提交: 0  已执行: 0  成功: 0  失败: 0
2026-05-26 11:07:28.863 [INFO] main.cpp:384 -   队列大小: 0  平均耗时: 0.0ms
2026-05-26 11:07:29.865 [INFO] main.cpp:352 - ======== 总线统计 ========
2026-05-26 11:07:29.865 [INFO] main.cpp:353 -   总事务数:     1040
2026-05-26 11:07:29.865 [INFO] main.cpp:354 -   总错误数:     1040
2026-05-26 11:07:29.865 [INFO] main.cpp:355 -   发送字节数:   8320
2026-05-26 11:07:29.865 [INFO] main.cpp:356 -   接收字节数:   0
2026-05-26 11:07:29.865 [INFO] main.cpp:357 -   平均延迟:     0.00 ms
2026-05-26 11:07:29.865 [INFO] main.cpp:358 -   最大延迟:     0.00 ms
2026-05-26 11:07:29.865 [INFO] main.cpp:359 -   总线争用次数: 0
2026-05-26 11:07:29.865 [INFO] main.cpp:368 - ======== 轮询统计 ========
2026-05-26 11:07:29.865 [INFO] main.cpp:369 -   任务组数:     20
2026-05-26 11:07:29.865 [INFO] main.cpp:370 -   成功事务:     0
2026-05-26 11:07:29.865 [INFO] main.cpp:371 -   失败事务:     1040
2026-05-26 11:07:29.865 [INFO] main.cpp:373 -   成功率:       0.0%
2026-05-26 11:07:29.865 [INFO] main.cpp:378 - ======== 命令队列统计 ========
2026-05-26 11:07:29.865 [INFO] main.cpp:379 -   已提交: 0  已执行: 0  成功: 0  失败: 0
2026-05-26 11:07:29.865 [INFO] main.cpp:384 -   队列大小: 0  平均耗时: 0.0ms
2026-05-26 11:07:30.866 [INFO] main.cpp:352 - ======== 总线统计 ========
2026-05-26 11:07:30.867 [INFO] main.cpp:353 -   总事务数:     1040
2026-05-26 11:07:30.867 [INFO] main.cpp:354 -   总错误数:     1040
2026-05-26 11:07:30.867 [INFO] main.cpp:355 -   发送字节数:   8320
2026-05-26 11:07:30.867 [INFO] main.cpp:356 -   接收字节数:   0
2026-05-26 11:07:30.867 [INFO] main.cpp:357 -   平均延迟:     0.00 ms
2026-05-26 11:07:30.867 [INFO] main.cpp:358 -   最大延迟:     0.00 ms
2026-05-26 11:07:30.867 [INFO] main.cpp:359 -   总线争用次数: 0
2026-05-26 11:07:30.867 [INFO] main.cpp:368 - ======== 轮询统计 ========
2026-05-26 11:07:30.867 [INFO] main.cpp:369 -   任务组数:     20
2026-05-26 11:07:30.867 [INFO] main.cpp:370 -   成功事务:     0
2026-05-26 11:07:30.867 [INFO] main.cpp:371 -   失败事务:     1040
2026-05-26 11:07:30.867 [INFO] main.cpp:373 -   成功率:       0.0%
2026-05-26 11:07:30.867 [INFO] main.cpp:378 - ======== 命令队列统计 ========
2026-05-26 11:07:30.867 [INFO] main.cpp:379 -   已提交: 0  已执行: 0  成功: 0  失败: 0
2026-05-26 11:07:30.867 [INFO] main.cpp:384 -   队列大小: 0  平均耗时: 0.0ms
2026-05-26 11:07:31.868 [INFO] main.cpp:352 - ======== 总线统计 ========
2026-05-26 11:07:31.869 [INFO] main.cpp:353 -   总事务数:     1040
2026-05-26 11:07:31.869 [INFO] main.cpp:354 -   总错误数:     1040
2026-05-26 11:07:31.869 [INFO] main.cpp:355 -   发送字节数:   8320
2026-05-26 11:07:31.869 [INFO] main.cpp:356 -   接收字节数:   0
2026-05-26 11:07:31.869 [INFO] main.cpp:357 -   平均延迟:     0.00 ms
2026-05-26 11:07:31.869 [INFO] main.cpp:358 -   最大延迟:     0.00 ms
2026-05-26 11:07:31.869 [INFO] main.cpp:359 -   总线争用次数: 0
2026-05-26 11:07:31.869 [INFO] main.cpp:368 - ======== 轮询统计 ========
2026-05-26 11:07:31.869 [INFO] main.cpp:369 -   任务组数:     20
2026-05-26 11:07:31.869 [INFO] main.cpp:370 -   成功事务:     0
2026-05-26 11:07:31.869 [INFO] main.cpp:371 -   失败事务:     1040
2026-05-26 11:07:31.869 [INFO] main.cpp:373 -   成功率:       0.0%
2026-05-26 11:07:31.869 [INFO] main.cpp:378 - ======== 命令队列统计 ========
2026-05-26 11:07:31.869 [INFO] main.cpp:379 -   已提交: 0  已执行: 0  成功: 0  失败: 0
2026-05-26 11:07:31.869 [INFO] main.cpp:384 -   队列大小: 0  平均耗时: 0.0ms
2026-05-26 11:07:32.870 [INFO] main.cpp:352 - ======== 总线统计 ========
2026-05-26 11:07:32.870 [INFO] main.cpp:353 -   总事务数:     1060
2026-05-26 11:07:32.870 [INFO] main.cpp:354 -   总错误数:     1040
2026-05-26 11:07:32.870 [INFO] main.cpp:355 -   发送字节数:   8480
2026-05-26 11:07:32.870 [INFO] main.cpp:356 -   接收字节数:   0
2026-05-26 11:07:32.871 [INFO] main.cpp:357 -   平均延迟:     0.00 ms
2026-05-26 11:07:32.871 [INFO] main.cpp:358 -   最大延迟:     0.00 ms
2026-05-26 11:07:32.871 [INFO] main.cpp:359 -   总线争用次数: 0
2026-05-26 11:07:32.871 [INFO] main.cpp:368 - ======== 轮询统计 ========
2026-05-26 11:07:32.871 [INFO] main.cpp:369 -   任务组数:     20
2026-05-26 11:07:32.871 [INFO] main.cpp:370 -   成功事务:     0
2026-05-26 11:07:32.871 [INFO] main.cpp:371 -   失败事务:     1040
2026-05-26 11:07:32.871 [INFO] main.cpp:373 -   成功率:       0.0%
2026-05-26 11:07:32.871 [INFO] main.cpp:378 - ======== 命令队列统计 ========
2026-05-26 11:07:32.871 [INFO] main.cpp:379 -   已提交: 0  已执行: 0  成功: 0  失败: 0
2026-05-26 11:07:32.871 [INFO] main.cpp:384 -   队列大小: 0  平均耗时: 0.0ms
2026-05-26 11:07:33.872 [INFO] main.cpp:352 - ======== 总线统计 ========
2026-05-26 11:07:33.872 [INFO] main.cpp:353 -   总事务数:     1060
2026-05-26 11:07:33.872 [INFO] main.cpp:354 -   总错误数:     1060
2026-05-26 11:07:33.872 [INFO] main.cpp:355 -   发送字节数:   8480
2026-05-26 11:07:33.872 [INFO] main.cpp:356 -   接收字节数:   0
2026-05-26 11:07:33.872 [INFO] main.cpp:357 -   平均延迟:     0.00 ms
2026-05-26 11:07:33.872 [INFO] main.cpp:358 -   最大延迟:     0.00 ms
2026-05-26 11:07:33.873 [INFO] main.cpp:359 -   总线争用次数: 0
2026-05-26 11:07:33.873 [INFO] main.cpp:368 - ======== 轮询统计 ========
2026-05-26 11:07:33.873 [INFO] main.cpp:369 -   任务组数:     20
2026-05-26 11:07:33.873 [INFO] main.cpp:370 -   成功事务:     0
2026-05-26 11:07:33.873 [INFO] main.cpp:371 -   失败事务:     1060
2026-05-26 11:07:33.873 [INFO] main.cpp:373 -   成功率:       0.0%
2026-05-26 11:07:33.873 [INFO] main.cpp:378 - ======== 命令队列统计 ========
2026-05-26 11:07:33.873 [INFO] main.cpp:379 -   已提交: 0  已执行: 0  成功: 0  失败: 0
2026-05-26 11:07:33.873 [INFO] main.cpp:384 -   队列大小: 0  平均耗时: 0.0ms
2026-05-26 11:07:34.874 [INFO] main.cpp:352 - ======== 总线统计 ========
2026-05-26 11:07:34.874 [INFO] main.cpp:353 -   总事务数:     1060
2026-05-26 11:07:34.874 [INFO] main.cpp:354 -   总错误数:     1060
2026-05-26 11:07:34.874 [INFO] main.cpp:355 -   发送字节数:   8480
2026-05-26 11:07:34.874 [INFO] main.cpp:356 -   接收字节数:   0
2026-05-26 11:07:34.874 [INFO] main.cpp:357 -   平均延迟:     0.00 ms
2026-05-26 11:07:34.874 [INFO] main.cpp:358 -   最大延迟:     0.00 ms
2026-05-26 11:07:34.875 [INFO] main.cpp:359 -   总线争用次数: 0
2026-05-26 11:07:34.875 [INFO] main.cpp:368 - ======== 轮询统计 ========
2026-05-26 11:07:34.875 [INFO] main.cpp:369 -   任务组数:     20
2026-05-26 11:07:34.875 [INFO] main.cpp:370 -   成功事务:     0
2026-05-26 11:07:34.875 [INFO] main.cpp:371 -   失败事务:     1060
2026-05-26 11:07:34.875 [INFO] main.cpp:373 -   成功率:       0.0%
2026-05-26 11:07:34.875 [INFO] main.cpp:378 - ======== 命令队列统计 ========
2026-05-26 11:07:34.875 [INFO] main.cpp:379 -   已提交: 0  已执行: 0  成功: 0  失败: 0
2026-05-26 11:07:34.875 [INFO] main.cpp:384 -   队列大小: 0  平均耗时: 0.0ms
2026-05-26 11:07:35.876 [INFO] main.cpp:352 - ======== 总线统计 ========
2026-05-26 11:07:35.876 [INFO] main.cpp:353 -   总事务数:     1060
2026-05-26 11:07:35.876 [INFO] main.cpp:354 -   总错误数:     1060
2026-05-26 11:07:35.876 [INFO] main.cpp:355 -   发送字节数:   8480
2026-05-26 11:07:35.876 [INFO] main.cpp:356 -   接收字节数:   0
2026-05-26 11:07:35.876 [INFO] main.cpp:357 -   平均延迟:     0.00 ms
2026-05-26 11:07:35.876 [INFO] main.cpp:358 -   最大延迟:     0.00 ms
2026-05-26 11:07:35.876 [INFO] main.cpp:359 -   总线争用次数: 0
2026-05-26 11:07:35.876 [INFO] main.cpp:368 - ======== 轮询统计 ========
2026-05-26 11:07:35.877 [INFO] main.cpp:369 -   任务组数:     20
2026-05-26 11:07:35.877 [INFO] main.cpp:370 -   成功事务:     0
2026-05-26 11:07:35.877 [INFO] main.cpp:371 -   失败事务:     1060
2026-05-26 11:07:35.877 [INFO] main.cpp:373 -   成功率:       0.0%
2026-05-26 11:07:35.877 [INFO] main.cpp:378 - ======== 命令队列统计 ========
2026-05-26 11:07:35.877 [INFO] main.cpp:379 -   已提交: 0  已执行: 0  成功: 0  失败: 0
2026-05-26 11:07:35.877 [INFO] main.cpp:384 -   队列大小: 0  平均耗时: 0.0ms
2026-05-26 11:07:36.877 [INFO] main.cpp:352 - ======== 总线统计 ========
2026-05-26 11:07:36.878 [INFO] main.cpp:353 -   总事务数:     1060
2026-05-26 11:07:36.878 [INFO] main.cpp:354 -   总错误数:     1060
2026-05-26 11:07:36.878 [INFO] main.cpp:355 -   发送字节数:   8480
2026-05-26 11:07:36.878 [INFO] main.cpp:356 -   接收字节数:   0
2026-05-26 11:07:36.878 [INFO] main.cpp:357 -   平均延迟:     0.00 ms
2026-05-26 11:07:36.878 [INFO] main.cpp:358 -   最大延迟:     0.00 ms
2026-05-26 11:07:36.878 [INFO] main.cpp:359 -   总线争用次数: 0
2026-05-26 11:07:36.878 [INFO] main.cpp:368 - ======== 轮询统计 ========
2026-05-26 11:07:36.878 [INFO] main.cpp:369 -   任务组数:     20
2026-05-26 11:07:36.878 [INFO] main.cpp:370 -   成功事务:     0
2026-05-26 11:07:36.878 [INFO] main.cpp:371 -   失败事务:     1060
2026-05-26 11:07:36.878 [INFO] main.cpp:373 -   成功率:       0.0%
2026-05-26 11:07:36.878 [INFO] main.cpp:378 - ======== 命令队列统计 ========
2026-05-26 11:07:36.878 [INFO] main.cpp:379 -   已提交: 0  已执行: 0  成功: 0  失败: 0
2026-05-26 11:07:36.878 [INFO] main.cpp:384 -   队列大小: 0  平均耗时: 0.0ms
2026-05-26 11:07:37.879 [INFO] main.cpp:352 - ======== 总线统计 ========
2026-05-26 11:07:37.879 [INFO] main.cpp:353 -   总事务数:     1080
2026-05-26 11:07:37.880 [INFO] main.cpp:354 -   总错误数:     1060
2026-05-26 11:07:37.880 [INFO] main.cpp:355 -   发送字节数:   8640
2026-05-26 11:07:37.880 [INFO] main.cpp:356 -   接收字节数:   0
2026-05-26 11:07:37.880 [INFO] main.cpp:357 -   平均延迟:     0.00 ms
2026-05-26 11:07:37.880 [INFO] main.cpp:358 -   最大延迟:     0.00 ms
2026-05-26 11:07:37.880 [INFO] main.cpp:359 -   总线争用次数: 0
2026-05-26 11:07:37.880 [INFO] main.cpp:368 - ======== 轮询统计 ========
2026-05-26 11:07:37.880 [INFO] main.cpp:369 -   任务组数:     20
2026-05-26 11:07:37.880 [INFO] main.cpp:370 -   成功事务:     0
2026-05-26 11:07:37.880 [INFO] main.cpp:371 -   失败事务:     1060
2026-05-26 11:07:37.880 [INFO] main.cpp:373 -   成功率:       0.0%
2026-05-26 11:07:37.880 [INFO] main.cpp:378 - ======== 命令队列统计 ========
2026-05-26 11:07:37.880 [INFO] main.cpp:379 -   已提交: 0  已执行: 0  成功: 0  失败: 0
2026-05-26 11:07:37.880 [INFO] main.cpp:384 -   队列大小: 0  平均耗时: 0.0ms
2026-05-26 11:07:38.881 [INFO] main.cpp:352 - ======== 总线统计 ========
2026-05-26 11:07:38.881 [INFO] main.cpp:353 -   总事务数:     1080
2026-05-26 11:07:38.881 [INFO] main.cpp:354 -   总错误数:     1080
2026-05-26 11:07:38.881 [INFO] main.cpp:355 -   发送字节数:   8640
2026-05-26 11:07:38.881 [INFO] main.cpp:356 -   接收字节数:   0
2026-05-26 11:07:38.881 [INFO] main.cpp:357 -   平均延迟:     0.00 ms
2026-05-26 11:07:38.881 [INFO] main.cpp:358 -   最大延迟:     0.00 ms
2026-05-26 11:07:38.881 [INFO] main.cpp:359 -   总线争用次数: 0
2026-05-26 11:07:38.881 [INFO] main.cpp:368 - ======== 轮询统计 ========
2026-05-26 11:07:38.881 [INFO] main.cpp:369 -   任务组数:     20
2026-05-26 11:07:38.881 [INFO] main.cpp:370 -   成功事务:     0
2026-05-26 11:07:38.881 [INFO] main.cpp:371 -   失败事务:     1080
2026-05-26 11:07:38.881 [INFO] main.cpp:373 -   成功率:       0.0%
2026-05-26 11:07:38.881 [INFO] main.cpp:378 - ======== 命令队列统计 ========
2026-05-26 11:07:38.881 [INFO] main.cpp:379 -   已提交: 0  已执行: 0  成功: 0  失败: 0
2026-05-26 11:07:38.882 [INFO] main.cpp:384 -   队列大小: 0  平均耗时: 0.0ms
2026-05-26 11:07:39.883 [INFO] main.cpp:352 - ======== 总线统计 ========
2026-05-26 11:07:39.883 [INFO] main.cpp:353 -   总事务数:     1080
2026-05-26 11:07:39.883 [INFO] main.cpp:354 -   总错误数:     1080
2026-05-26 11:07:39.883 [INFO] main.cpp:355 -   发送字节数:   8640
2026-05-26 11:07:39.883 [INFO] main.cpp:356 -   接收字节数:   0
2026-05-26 11:07:39.883 [INFO] main.cpp:357 -   平均延迟:     0.00 ms
2026-05-26 11:07:39.883 [INFO] main.cpp:358 -   最大延迟:     0.00 ms
2026-05-26 11:07:39.883 [INFO] main.cpp:359 -   总线争用次数: 0
2026-05-26 11:07:39.883 [INFO] main.cpp:368 - ======== 轮询统计 ========
2026-05-26 11:07:39.883 [INFO] main.cpp:369 -   任务组数:     20
2026-05-26 11:07:39.883 [INFO] main.cpp:370 -   成功事务:     0
2026-05-26 11:07:39.883 [INFO] main.cpp:371 -   失败事务:     1080
2026-05-26 11:07:39.883 [INFO] main.cpp:373 -   成功率:       0.0%
2026-05-26 11:07:39.883 [INFO] main.cpp:378 - ======== 命令队列统计 ========
2026-05-26 11:07:39.884 [INFO] main.cpp:379 -   已提交: 0  已执行: 0  成功: 0  失败: 0
2026-05-26 11:07:39.884 [INFO] main.cpp:384 -   队列大小: 0  平均耗时: 0.0ms
2026-05-26 11:07:40.884 [INFO] main.cpp:352 - ======== 总线统计 ========
2026-05-26 11:07:40.884 [INFO] main.cpp:353 -   总事务数:     1080
2026-05-26 11:07:40.884 [INFO] main.cpp:354 -   总错误数:     1080
2026-05-26 11:07:40.884 [INFO] main.cpp:355 -   发送字节数:   8640
2026-05-26 11:07:40.884 [INFO] main.cpp:356 -   接收字节数:   0
2026-05-26 11:07:40.884 [INFO] main.cpp:357 -   平均延迟:     0.00 ms
2026-05-26 11:07:40.884 [INFO] main.cpp:358 -   最大延迟:     0.00 ms
2026-05-26 11:07:40.885 [INFO] main.cpp:359 -   总线争用次数: 0
2026-05-26 11:07:40.885 [INFO] main.cpp:368 - ======== 轮询统计 ========
2026-05-26 11:07:40.885 [INFO] main.cpp:369 -   任务组数:     20
2026-05-26 11:07:40.885 [INFO] main.cpp:370 -   成功事务:     0
2026-05-26 11:07:40.885 [INFO] main.cpp:371 -   失败事务:     1080
2026-05-26 11:07:40.885 [INFO] main.cpp:373 -   成功率:       0.0%
2026-05-26 11:07:40.885 [INFO] main.cpp:378 - ======== 命令队列统计 ========
2026-05-26 11:07:40.885 [INFO] main.cpp:379 -   已提交: 0  已执行: 0  成功: 0  失败: 0
2026-05-26 11:07:40.885 [INFO] main.cpp:384 -   队列大小: 0  平均耗时: 0.0ms
2026-05-26 11:07:41.885 [INFO] main.cpp:352 - ======== 总线统计 ========
2026-05-26 11:07:41.885 [INFO] main.cpp:353 -   总事务数:     1080
2026-05-26 11:07:41.885 [INFO] main.cpp:354 -   总错误数:     1080
2026-05-26 11:07:41.886 [INFO] main.cpp:355 -   发送字节数:   8640
2026-05-26 11:07:41.886 [INFO] main.cpp:356 -   接收字节数:   0
2026-05-26 11:07:41.886 [INFO] main.cpp:357 -   平均延迟:     0.00 ms
2026-05-26 11:07:41.886 [INFO] main.cpp:358 -   最大延迟:     0.00 ms
2026-05-26 11:07:41.886 [INFO] main.cpp:359 -   总线争用次数: 0
2026-05-26 11:07:41.886 [INFO] main.cpp:368 - ======== 轮询统计 ========
2026-05-26 11:07:41.886 [INFO] main.cpp:369 -   任务组数:     20
2026-05-26 11:07:41.886 [INFO] main.cpp:370 -   成功事务:     0
2026-05-26 11:07:41.886 [INFO] main.cpp:371 -   失败事务:     1080
2026-05-26 11:07:41.886 [INFO] main.cpp:373 -   成功率:       0.0%
2026-05-26 11:07:41.886 [INFO] main.cpp:378 - ======== 命令队列统计 ========
2026-05-26 11:07:41.886 [INFO] main.cpp:379 -   已提交: 0  已执行: 0  成功: 0  失败: 0
2026-05-26 11:07:41.886 [INFO] main.cpp:384 -   队列大小: 0  平均耗时: 0.0ms
2026-05-26 11:07:42.887 [INFO] main.cpp:352 - ======== 总线统计 ========
2026-05-26 11:07:42.887 [INFO] main.cpp:353 -   总事务数:     1100
2026-05-26 11:07:42.887 [INFO] main.cpp:354 -   总错误数:     1080
2026-05-26 11:07:42.888 [INFO] main.cpp:355 -   发送字节数:   8800
2026-05-26 11:07:42.888 [INFO] main.cpp:356 -   接收字节数:   0
2026-05-26 11:07:42.888 [INFO] main.cpp:357 -   平均延迟:     0.00 ms
2026-05-26 11:07:42.888 [INFO] main.cpp:358 -   最大延迟:     0.00 ms
2026-05-26 11:07:42.888 [INFO] main.cpp:359 -   总线争用次数: 0
2026-05-26 11:07:42.888 [INFO] main.cpp:368 - ======== 轮询统计 ========
2026-05-26 11:07:42.888 [INFO] main.cpp:369 -   任务组数:     20
2026-05-26 11:07:42.888 [INFO] main.cpp:370 -   成功事务:     0
2026-05-26 11:07:42.888 [INFO] main.cpp:371 -   失败事务:     1080
2026-05-26 11:07:42.888 [INFO] main.cpp:373 -   成功率:       0.0%
2026-05-26 11:07:42.888 [INFO] main.cpp:378 - ======== 命令队列统计 ========
2026-05-26 11:07:42.888 [INFO] main.cpp:379 -   已提交: 0  已执行: 0  成功: 0  失败: 0
2026-05-26 11:07:42.888 [INFO] main.cpp:384 -   队列大小: 0  平均耗时: 0.0ms
2026-05-26 11:07:43.889 [INFO] main.cpp:352 - ======== 总线统计 ========
2026-05-26 11:07:43.889 [INFO] main.cpp:353 -   总事务数:     1100
2026-05-26 11:07:43.889 [INFO] main.cpp:354 -   总错误数:     1100
2026-05-26 11:07:43.889 [INFO] main.cpp:355 -   发送字节数:   8800
2026-05-26 11:07:43.889 [INFO] main.cpp:356 -   接收字节数:   0
2026-05-26 11:07:43.889 [INFO] main.cpp:357 -   平均延迟:     0.00 ms
2026-05-26 11:07:43.889 [INFO] main.cpp:358 -   最大延迟:     0.00 ms
2026-05-26 11:07:43.889 [INFO] main.cpp:359 -   总线争用次数: 0
2026-05-26 11:07:43.889 [INFO] main.cpp:368 - ======== 轮询统计 ========
2026-05-26 11:07:43.889 [INFO] main.cpp:369 -   任务组数:     20
2026-05-26 11:07:43.889 [INFO] main.cpp:370 -   成功事务:     0
2026-05-26 11:07:43.889 [INFO] main.cpp:371 -   失败事务:     1100
2026-05-26 11:07:43.889 [INFO] main.cpp:373 -   成功率:       0.0%
2026-05-26 11:07:43.889 [INFO] main.cpp:378 - ======== 命令队列统计 ========
2026-05-26 11:07:43.889 [INFO] main.cpp:379 -   已提交: 0  已执行: 0  成功: 0  失败: 0
2026-05-26 11:07:43.889 [INFO] main.cpp:384 -   队列大小: 0  平均耗时: 0.0ms
2026-05-26 11:07:44.890 [INFO] main.cpp:352 - ======== 总线统计 ========
2026-05-26 11:07:44.890 [INFO] main.cpp:353 -   总事务数:     1100
2026-05-26 11:07:44.890 [INFO] main.cpp:354 -   总错误数:     1100
2026-05-26 11:07:44.890 [INFO] main.cpp:355 -   发送字节数:   8800
2026-05-26 11:07:44.891 [INFO] main.cpp:356 -   接收字节数:   0
2026-05-26 11:07:44.891 [INFO] main.cpp:357 -   平均延迟:     0.00 ms
2026-05-26 11:07:44.891 [INFO] main.cpp:358 -   最大延迟:     0.00 ms
2026-05-26 11:07:44.891 [INFO] main.cpp:359 -   总线争用次数: 0
2026-05-26 11:07:44.891 [INFO] main.cpp:368 - ======== 轮询统计 ========
2026-05-26 11:07:44.891 [INFO] main.cpp:369 -   任务组数:     20
2026-05-26 11:07:44.891 [INFO] main.cpp:370 -   成功事务:     0
2026-05-26 11:07:44.891 [INFO] main.cpp:371 -   失败事务:     1100
2026-05-26 11:07:44.891 [INFO] main.cpp:373 -   成功率:       0.0%
2026-05-26 11:07:44.891 [INFO] main.cpp:378 - ======== 命令队列统计 ========
2026-05-26 11:07:44.891 [INFO] main.cpp:379 -   已提交: 0  已执行: 0  成功: 0  失败: 0
2026-05-26 11:07:44.891 [INFO] main.cpp:384 -   队列大小: 0  平均耗时: 0.0ms
2026-05-26 11:07:45.892 [INFO] main.cpp:352 - ======== 总线统计 ========
2026-05-26 11:07:45.892 [INFO] main.cpp:353 -   总事务数:     1100
2026-05-26 11:07:45.892 [INFO] main.cpp:354 -   总错误数:     1100
2026-05-26 11:07:45.892 [INFO] main.cpp:355 -   发送字节数:   8800
2026-05-26 11:07:45.893 [INFO] main.cpp:356 -   接收字节数:   0
2026-05-26 11:07:45.893 [INFO] main.cpp:357 -   平均延迟:     0.00 ms
2026-05-26 11:07:45.893 [INFO] main.cpp:358 -   最大延迟:     0.00 ms
2026-05-26 11:07:45.893 [INFO] main.cpp:359 -   总线争用次数: 0
2026-05-26 11:07:45.893 [INFO] main.cpp:368 - ======== 轮询统计 ========
2026-05-26 11:07:45.893 [INFO] main.cpp:369 -   任务组数:     20
2026-05-26 11:07:45.893 [INFO] main.cpp:370 -   成功事务:     0
2026-05-26 11:07:45.893 [INFO] main.cpp:371 -   失败事务:     1100
2026-05-26 11:07:45.893 [INFO] main.cpp:373 -   成功率:       0.0%
2026-05-26 11:07:45.893 [INFO] main.cpp:378 - ======== 命令队列统计 ========
2026-05-26 11:07:45.893 [INFO] main.cpp:379 -   已提交: 0  已执行: 0  成功: 0  失败: 0
2026-05-26 11:07:45.893 [INFO] main.cpp:384 -   队列大小: 0  平均耗时: 0.0ms
2026-05-26 11:07:46.894 [INFO] main.cpp:352 - ======== 总线统计 ========
2026-05-26 11:07:46.894 [INFO] main.cpp:353 -   总事务数:     1100
2026-05-26 11:07:46.894 [INFO] main.cpp:354 -   总错误数:     1100
2026-05-26 11:07:46.894 [INFO] main.cpp:355 -   发送字节数:   8800
2026-05-26 11:07:46.894 [INFO] main.cpp:356 -   接收字节数:   0
2026-05-26 11:07:46.894 [INFO] main.cpp:357 -   平均延迟:     0.00 ms
2026-05-26 11:07:46.895 [INFO] main.cpp:358 -   最大延迟:     0.00 ms
2026-05-26 11:07:46.895 [INFO] main.cpp:359 -   总线争用次数: 0
2026-05-26 11:07:46.895 [INFO] main.cpp:368 - ======== 轮询统计 ========
2026-05-26 11:07:46.895 [INFO] main.cpp:369 -   任务组数:     20
2026-05-26 11:07:46.895 [INFO] main.cpp:370 -   成功事务:     0
2026-05-26 11:07:46.895 [INFO] main.cpp:371 -   失败事务:     1100
2026-05-26 11:07:46.895 [INFO] main.cpp:373 -   成功率:       0.0%
2026-05-26 11:07:46.895 [INFO] main.cpp:378 - ======== 命令队列统计 ========
2026-05-26 11:07:46.895 [INFO] main.cpp:379 -   已提交: 0  已执行: 0  成功: 0  失败: 0
2026-05-26 11:07:46.895 [INFO] main.cpp:384 -   队列大小: 0  平均耗时: 0.0ms
2026-05-26 11:07:47.896 [INFO] main.cpp:352 - ======== 总线统计 ========
2026-05-26 11:07:47.896 [INFO] main.cpp:353 -   总事务数:     1120
2026-05-26 11:07:47.896 [INFO] main.cpp:354 -   总错误数:     1100
2026-05-26 11:07:47.896 [INFO] main.cpp:355 -   发送字节数:   8960
2026-05-26 11:07:47.896 [INFO] main.cpp:356 -   接收字节数:   0
2026-05-26 11:07:47.896 [INFO] main.cpp:357 -   平均延迟:     0.00 ms
2026-05-26 11:07:47.896 [INFO] main.cpp:358 -   最大延迟:     0.00 ms
2026-05-26 11:07:47.897 [INFO] main.cpp:359 -   总线争用次数: 0
2026-05-26 11:07:47.897 [INFO] main.cpp:368 - ======== 轮询统计 ========
2026-05-26 11:07:47.897 [INFO] main.cpp:369 -   任务组数:     20
2026-05-26 11:07:47.897 [INFO] main.cpp:370 -   成功事务:     0
2026-05-26 11:07:47.897 [INFO] main.cpp:371 -   失败事务:     1100
2026-05-26 11:07:47.897 [INFO] main.cpp:373 -   成功率:       0.0%
2026-05-26 11:07:47.897 [INFO] main.cpp:378 - ======== 命令队列统计 ========
2026-05-26 11:07:47.897 [INFO] main.cpp:379 -   已提交: 0  已执行: 0  成功: 0  失败: 0
2026-05-26 11:07:47.897 [INFO] main.cpp:384 -   队列大小: 0  平均耗时: 0.0ms
2026-05-26 11:07:48.897 [INFO] main.cpp:352 - ======== 总线统计 ========
2026-05-26 11:07:48.898 [INFO] main.cpp:353 -   总事务数:     1120
2026-05-26 11:07:48.898 [INFO] main.cpp:354 -   总错误数:     1120
2026-05-26 11:07:48.898 [INFO] main.cpp:355 -   发送字节数:   8960
2026-05-26 11:07:48.898 [INFO] main.cpp:356 -   接收字节数:   0
2026-05-26 11:07:48.898 [INFO] main.cpp:357 -   平均延迟:     0.00 ms
2026-05-26 11:07:48.898 [INFO] main.cpp:358 -   最大延迟:     0.00 ms
2026-05-26 11:07:48.898 [INFO] main.cpp:359 -   总线争用次数: 0
2026-05-26 11:07:48.898 [INFO] main.cpp:368 - ======== 轮询统计 ========
2026-05-26 11:07:48.898 [INFO] main.cpp:369 -   任务组数:     20
2026-05-26 11:07:48.898 [INFO] main.cpp:370 -   成功事务:     0
2026-05-26 11:07:48.898 [INFO] main.cpp:371 -   失败事务:     1120
2026-05-26 11:07:48.898 [INFO] main.cpp:373 -   成功率:       0.0%
2026-05-26 11:07:48.898 [INFO] main.cpp:378 - ======== 命令队列统计 ========
2026-05-26 11:07:48.898 [INFO] main.cpp:379 -   已提交: 0  已执行: 0  成功: 0  失败: 0
2026-05-26 11:07:48.898 [INFO] main.cpp:384 -   队列大小: 0  平均耗时: 0.0ms
2026-05-26 11:07:49.899 [INFO] main.cpp:352 - ======== 总线统计 ========
2026-05-26 11:07:49.899 [INFO] main.cpp:353 -   总事务数:     1120
2026-05-26 11:07:49.899 [INFO] main.cpp:354 -   总错误数:     1120
2026-05-26 11:07:49.899 [INFO] main.cpp:355 -   发送字节数:   8960
2026-05-26 11:07:49.899 [INFO] main.cpp:356 -   接收字节数:   0
2026-05-26 11:07:49.899 [INFO] main.cpp:357 -   平均延迟:     0.00 ms
2026-05-26 11:07:49.899 [INFO] main.cpp:358 -   最大延迟:     0.00 ms
2026-05-26 11:07:49.899 [INFO] main.cpp:359 -   总线争用次数: 0
2026-05-26 11:07:49.899 [INFO] main.cpp:368 - ======== 轮询统计 ========
2026-05-26 11:07:49.899 [INFO] main.cpp:369 -   任务组数:     20
2026-05-26 11:07:49.899 [INFO] main.cpp:370 -   成功事务:     0
2026-05-26 11:07:49.899 [INFO] main.cpp:371 -   失败事务:     1120
2026-05-26 11:07:49.899 [INFO] main.cpp:373 -   成功率:       0.0%
2026-05-26 11:07:49.899 [INFO] main.cpp:378 - ======== 命令队列统计 ========
2026-05-26 11:07:49.899 [INFO] main.cpp:379 -   已提交: 0  已执行: 0  成功: 0  失败: 0
2026-05-26 11:07:49.899 [INFO] main.cpp:384 -   队列大小: 0  平均耗时: 0.0ms
2026-05-26 11:07:50.901 [INFO] main.cpp:352 - ======== 总线统计 ========
2026-05-26 11:07:50.901 [INFO] main.cpp:353 -   总事务数:     1120
2026-05-26 11:07:50.901 [INFO] main.cpp:354 -   总错误数:     1120
2026-05-26 11:07:50.901 [INFO] main.cpp:355 -   发送字节数:   8960
2026-05-26 11:07:50.901 [INFO] main.cpp:356 -   接收字节数:   0
2026-05-26 11:07:50.901 [INFO] main.cpp:357 -   平均延迟:     0.00 ms
2026-05-26 11:07:50.901 [INFO] main.cpp:358 -   最大延迟:     0.00 ms
2026-05-26 11:07:50.901 [INFO] main.cpp:359 -   总线争用次数: 0
2026-05-26 11:07:50.901 [INFO] main.cpp:368 - ======== 轮询统计 ========
2026-05-26 11:07:50.901 [INFO] main.cpp:369 -   任务组数:     20
2026-05-26 11:07:50.901 [INFO] main.cpp:370 -   成功事务:     0
2026-05-26 11:07:50.901 [INFO] main.cpp:371 -   失败事务:     1120
2026-05-26 11:07:50.901 [INFO] main.cpp:373 -   成功率:       0.0%
2026-05-26 11:07:50.901 [INFO] main.cpp:378 - ======== 命令队列统计 ========
2026-05-26 11:07:50.901 [INFO] main.cpp:379 -   已提交: 0  已执行: 0  成功: 0  失败: 0
2026-05-26 11:07:50.901 [INFO] main.cpp:384 -   队列大小: 0  平均耗时: 0.0ms
2026-05-26 11:07:51.902 [INFO] main.cpp:352 - ======== 总线统计 ========
2026-05-26 11:07:51.903 [INFO] main.cpp:353 -   总事务数:     1120
2026-05-26 11:07:51.903 [INFO] main.cpp:354 -   总错误数:     1120
2026-05-26 11:07:51.903 [INFO] main.cpp:355 -   发送字节数:   8960
2026-05-26 11:07:51.903 [INFO] main.cpp:356 -   接收字节数:   0
2026-05-26 11:07:51.903 [INFO] main.cpp:357 -   平均延迟:     0.00 ms
2026-05-26 11:07:51.903 [INFO] main.cpp:358 -   最大延迟:     0.00 ms
2026-05-26 11:07:51.903 [INFO] main.cpp:359 -   总线争用次数: 0
2026-05-26 11:07:51.903 [INFO] main.cpp:368 - ======== 轮询统计 ========
2026-05-26 11:07:51.903 [INFO] main.cpp:369 -   任务组数:     20
2026-05-26 11:07:51.903 [INFO] main.cpp:370 -   成功事务:     0
2026-05-26 11:07:51.903 [INFO] main.cpp:371 -   失败事务:     1120
2026-05-26 11:07:51.903 [INFO] main.cpp:373 -   成功率:       0.0%
2026-05-26 11:07:51.903 [INFO] main.cpp:378 - ======== 命令队列统计 ========
2026-05-26 11:07:51.903 [INFO] main.cpp:379 -   已提交: 0  已执行: 0  成功: 0  失败: 0
2026-05-26 11:07:51.903 [INFO] main.cpp:384 -   队列大小: 0  平均耗时: 0.0ms
2026-05-26 11:07:52.904 [INFO] main.cpp:352 - ======== 总线统计 ========
2026-05-26 11:07:52.904 [INFO] main.cpp:353 -   总事务数:     1140
2026-05-26 11:07:52.904 [INFO] main.cpp:354 -   总错误数:     1120
2026-05-26 11:07:52.904 [INFO] main.cpp:355 -   发送字节数:   9120
2026-05-26 11:07:52.904 [INFO] main.cpp:356 -   接收字节数:   0
2026-05-26 11:07:52.904 [INFO] main.cpp:357 -   平均延迟:     0.00 ms
2026-05-26 11:07:52.904 [INFO] main.cpp:358 -   最大延迟:     0.00 ms
2026-05-26 11:07:52.904 [INFO] main.cpp:359 -   总线争用次数: 0
2026-05-26 11:07:52.904 [INFO] main.cpp:368 - ======== 轮询统计 ========
2026-05-26 11:07:52.904 [INFO] main.cpp:369 -   任务组数:     20
2026-05-26 11:07:52.904 [INFO] main.cpp:370 -   成功事务:     0
2026-05-26 11:07:52.904 [INFO] main.cpp:371 -   失败事务:     1120
2026-05-26 11:07:52.904 [INFO] main.cpp:373 -   成功率:       0.0%
2026-05-26 11:07:52.904 [INFO] main.cpp:378 - ======== 命令队列统计 ========
2026-05-26 11:07:52.904 [INFO] main.cpp:379 -   已提交: 0  已执行: 0  成功: 0  失败: 0
2026-05-26 11:07:52.904 [INFO] main.cpp:384 -   队列大小: 0  平均耗时: 0.0ms
2026-05-26 11:07:53.905 [INFO] main.cpp:352 - ======== 总线统计 ========
2026-05-26 11:07:53.906 [INFO] main.cpp:353 -   总事务数:     1140
2026-05-26 11:07:53.906 [INFO] main.cpp:354 -   总错误数:     1140
2026-05-26 11:07:53.906 [INFO] main.cpp:355 -   发送字节数:   9120
2026-05-26 11:07:53.906 [INFO] main.cpp:356 -   接收字节数:   0
2026-05-26 11:07:53.906 [INFO] main.cpp:357 -   平均延迟:     0.00 ms
2026-05-26 11:07:53.906 [INFO] main.cpp:358 -   最大延迟:     0.00 ms
2026-05-26 11:07:53.906 [INFO] main.cpp:359 -   总线争用次数: 0
2026-05-26 11:07:53.906 [INFO] main.cpp:368 - ======== 轮询统计 ========
2026-05-26 11:07:53.906 [INFO] main.cpp:369 -   任务组数:     20
2026-05-26 11:07:53.906 [INFO] main.cpp:370 -   成功事务:     0
2026-05-26 11:07:53.906 [INFO] main.cpp:371 -   失败事务:     1140
2026-05-26 11:07:53.906 [INFO] main.cpp:373 -   成功率:       0.0%
2026-05-26 11:07:53.906 [INFO] main.cpp:378 - ======== 命令队列统计 ========
2026-05-26 11:07:53.906 [INFO] main.cpp:379 -   已提交: 0  已执行: 0  成功: 0  失败: 0
2026-05-26 11:07:53.906 [INFO] main.cpp:384 -   队列大小: 0  平均耗时: 0.0ms
2026-05-26 11:07:54.907 [INFO] main.cpp:352 - ======== 总线统计 ========
2026-05-26 11:07:54.908 [INFO] main.cpp:353 -   总事务数:     1140
2026-05-26 11:07:54.908 [INFO] main.cpp:354 -   总错误数:     1140
2026-05-26 11:07:54.908 [INFO] main.cpp:355 -   发送字节数:   9120
2026-05-26 11:07:54.908 [INFO] main.cpp:356 -   接收字节数:   0
2026-05-26 11:07:54.908 [INFO] main.cpp:357 -   平均延迟:     0.00 ms
2026-05-26 11:07:54.908 [INFO] main.cpp:358 -   最大延迟:     0.00 ms
2026-05-26 11:07:54.908 [INFO] main.cpp:359 -   总线争用次数: 0
2026-05-26 11:07:54.908 [INFO] main.cpp:368 - ======== 轮询统计 ========
2026-05-26 11:07:54.908 [INFO] main.cpp:369 -   任务组数:     20
2026-05-26 11:07:54.908 [INFO] main.cpp:370 -   成功事务:     0
2026-05-26 11:07:54.908 [INFO] main.cpp:371 -   失败事务:     1140
2026-05-26 11:07:54.908 [INFO] main.cpp:373 -   成功率:       0.0%
2026-05-26 11:07:54.908 [INFO] main.cpp:378 - ======== 命令队列统计 ========
2026-05-26 11:07:54.908 [INFO] main.cpp:379 -   已提交: 0  已执行: 0  成功: 0  失败: 0
2026-05-26 11:07:54.908 [INFO] main.cpp:384 -   队列大小: 0  平均耗时: 0.0ms
2026-05-26 11:07:55.909 [INFO] main.cpp:352 - ======== 总线统计 ========
2026-05-26 11:07:55.909 [INFO] main.cpp:353 -   总事务数:     1140
2026-05-26 11:07:55.909 [INFO] main.cpp:354 -   总错误数:     1140
2026-05-26 11:07:55.909 [INFO] main.cpp:355 -   发送字节数:   9120
2026-05-26 11:07:55.909 [INFO] main.cpp:356 -   接收字节数:   0
2026-05-26 11:07:55.909 [INFO] main.cpp:357 -   平均延迟:     0.00 ms
2026-05-26 11:07:55.909 [INFO] main.cpp:358 -   最大延迟:     0.00 ms
2026-05-26 11:07:55.909 [INFO] main.cpp:359 -   总线争用次数: 0
2026-05-26 11:07:55.909 [INFO] main.cpp:368 - ======== 轮询统计 ========
2026-05-26 11:07:55.909 [INFO] main.cpp:369 -   任务组数:     20
2026-05-26 11:07:55.909 [INFO] main.cpp:370 -   成功事务:     0
2026-05-26 11:07:55.909 [INFO] main.cpp:371 -   失败事务:     1140
2026-05-26 11:07:55.909 [INFO] main.cpp:373 -   成功率:       0.0%
2026-05-26 11:07:55.909 [INFO] main.cpp:378 - ======== 命令队列统计 ========
2026-05-26 11:07:55.910 [INFO] main.cpp:379 -   已提交: 0  已执行: 0  成功: 0  失败: 0
2026-05-26 11:07:55.910 [INFO] main.cpp:384 -   队列大小: 0  平均耗时: 0.0ms
2026-05-26 11:07:56.910 [INFO] main.cpp:352 - ======== 总线统计 ========
2026-05-26 11:07:56.910 [INFO] main.cpp:353 -   总事务数:     1140
2026-05-26 11:07:56.910 [INFO] main.cpp:354 -   总错误数:     1140
2026-05-26 11:07:56.910 [INFO] main.cpp:355 -   发送字节数:   9120
2026-05-26 11:07:56.910 [INFO] main.cpp:356 -   接收字节数:   0
2026-05-26 11:07:56.910 [INFO] main.cpp:357 -   平均延迟:     0.00 ms
2026-05-26 11:07:56.910 [INFO] main.cpp:358 -   最大延迟:     0.00 ms
2026-05-26 11:07:56.911 [INFO] main.cpp:359 -   总线争用次数: 0
2026-05-26 11:07:56.911 [INFO] main.cpp:368 - ======== 轮询统计 ========
2026-05-26 11:07:56.911 [INFO] main.cpp:369 -   任务组数:     20
2026-05-26 11:07:56.911 [INFO] main.cpp:370 -   成功事务:     0
2026-05-26 11:07:56.911 [INFO] main.cpp:371 -   失败事务:     1140
2026-05-26 11:07:56.911 [INFO] main.cpp:373 -   成功率:       0.0%
2026-05-26 11:07:56.911 [INFO] main.cpp:378 - ======== 命令队列统计 ========
2026-05-26 11:07:56.911 [INFO] main.cpp:379 -   已提交: 0  已执行: 0  成功: 0  失败: 0
2026-05-26 11:07:56.911 [INFO] main.cpp:384 -   队列大小: 0  平均耗时: 0.0ms
2026-05-26 11:07:57.912 [INFO] main.cpp:352 - ======== 总线统计 ========
2026-05-26 11:07:57.912 [INFO] main.cpp:353 -   总事务数:     1160
2026-05-26 11:07:57.912 [INFO] main.cpp:354 -   总错误数:     1140
2026-05-26 11:07:57.912 [INFO] main.cpp:355 -   发送字节数:   9280
2026-05-26 11:07:57.912 [INFO] main.cpp:356 -   接收字节数:   0
2026-05-26 11:07:57.912 [INFO] main.cpp:357 -   平均延迟:     0.00 ms
2026-05-26 11:07:57.913 [INFO] main.cpp:358 -   最大延迟:     0.00 ms
2026-05-26 11:07:57.913 [INFO] main.cpp:359 -   总线争用次数: 0
2026-05-26 11:07:57.913 [INFO] main.cpp:368 - ======== 轮询统计 ========
2026-05-26 11:07:57.913 [INFO] main.cpp:369 -   任务组数:     20
2026-05-26 11:07:57.913 [INFO] main.cpp:370 -   成功事务:     0
2026-05-26 11:07:57.913 [INFO] main.cpp:371 -   失败事务:     1140
2026-05-26 11:07:57.913 [INFO] main.cpp:373 -   成功率:       0.0%
2026-05-26 11:07:57.913 [INFO] main.cpp:378 - ======== 命令队列统计 ========
2026-05-26 11:07:57.913 [INFO] main.cpp:379 -   已提交: 0  已执行: 0  成功: 0  失败: 0
2026-05-26 11:07:57.913 [INFO] main.cpp:384 -   队列大小: 0  平均耗时: 0.0ms
2026-05-26 11:07:58.914 [INFO] main.cpp:352 - ======== 总线统计 ========
2026-05-26 11:07:58.914 [INFO] main.cpp:353 -   总事务数:     1160
2026-05-26 11:07:58.914 [INFO] main.cpp:354 -   总错误数:     1160
2026-05-26 11:07:58.914 [INFO] main.cpp:355 -   发送字节数:   9280
2026-05-26 11:07:58.914 [INFO] main.cpp:356 -   接收字节数:   0
2026-05-26 11:07:58.914 [INFO] main.cpp:357 -   平均延迟:     0.00 ms
2026-05-26 11:07:58.914 [INFO] main.cpp:358 -   最大延迟:     0.00 ms
2026-05-26 11:07:58.914 [INFO] main.cpp:359 -   总线争用次数: 0
2026-05-26 11:07:58.914 [INFO] main.cpp:368 - ======== 轮询统计 ========
2026-05-26 11:07:58.915 [INFO] main.cpp:369 -   任务组数:     20
2026-05-26 11:07:58.915 [INFO] main.cpp:370 -   成功事务:     0
2026-05-26 11:07:58.915 [INFO] main.cpp:371 -   失败事务:     1160
2026-05-26 11:07:58.915 [INFO] main.cpp:373 -   成功率:       0.0%
2026-05-26 11:07:58.915 [INFO] main.cpp:378 - ======== 命令队列统计 ========
2026-05-26 11:07:58.915 [INFO] main.cpp:379 -   已提交: 0  已执行: 0  成功: 0  失败: 0
2026-05-26 11:07:58.915 [INFO] main.cpp:384 -   队列大小: 0  平均耗时: 0.0ms
2026-05-26 11:07:59.916 [INFO] main.cpp:352 - ======== 总线统计 ========
2026-05-26 11:07:59.916 [INFO] main.cpp:353 -   总事务数:     1160
2026-05-26 11:07:59.916 [INFO] main.cpp:354 -   总错误数:     1160
2026-05-26 11:07:59.916 [INFO] main.cpp:355 -   发送字节数:   9280
2026-05-26 11:07:59.916 [INFO] main.cpp:356 -   接收字节数:   0
2026-05-26 11:07:59.916 [INFO] main.cpp:357 -   平均延迟:     0.00 ms
2026-05-26 11:07:59.916 [INFO] main.cpp:358 -   最大延迟:     0.00 ms
2026-05-26 11:07:59.916 [INFO] main.cpp:359 -   总线争用次数: 0
2026-05-26 11:07:59.916 [INFO] main.cpp:368 - ======== 轮询统计 ========
2026-05-26 11:07:59.916 [INFO] main.cpp:369 -   任务组数:     20
2026-05-26 11:07:59.916 [INFO] main.cpp:370 -   成功事务:     0
2026-05-26 11:07:59.916 [INFO] main.cpp:371 -   失败事务:     1160
2026-05-26 11:07:59.916 [INFO] main.cpp:373 -   成功率:       0.0%
2026-05-26 11:07:59.917 [INFO] main.cpp:378 - ======== 命令队列统计 ========
2026-05-26 11:07:59.917 [INFO] main.cpp:379 -   已提交: 0  已执行: 0  成功: 0  失败: 0
2026-05-26 11:07:59.917 [INFO] main.cpp:384 -   队列大小: 0  平均耗时: 0.0ms
2026-05-26 11:08:00.918 [INFO] main.cpp:352 - ======== 总线统计 ========
2026-05-26 11:08:00.918 [INFO] main.cpp:353 -   总事务数:     1160
2026-05-26 11:08:00.918 [INFO] main.cpp:354 -   总错误数:     1160
2026-05-26 11:08:00.918 [INFO] main.cpp:355 -   发送字节数:   9280
2026-05-26 11:08:00.918 [INFO] main.cpp:356 -   接收字节数:   0
2026-05-26 11:08:00.918 [INFO] main.cpp:357 -   平均延迟:     0.00 ms
2026-05-26 11:08:00.918 [INFO] main.cpp:358 -   最大延迟:     0.00 ms
2026-05-26 11:08:00.918 [INFO] main.cpp:359 -   总线争用次数: 0
2026-05-26 11:08:00.918 [INFO] main.cpp:368 - ======== 轮询统计 ========
2026-05-26 11:08:00.918 [INFO] main.cpp:369 -   任务组数:     20
2026-05-26 11:08:00.918 [INFO] main.cpp:370 -   成功事务:     0
2026-05-26 11:08:00.918 [INFO] main.cpp:371 -   失败事务:     1160
2026-05-26 11:08:00.918 [INFO] main.cpp:373 -   成功率:       0.0%
2026-05-26 11:08:00.918 [INFO] main.cpp:378 - ======== 命令队列统计 ========
2026-05-26 11:08:00.918 [INFO] main.cpp:379 -   已提交: 0  已执行: 0  成功: 0  失败: 0
2026-05-26 11:08:00.918 [INFO] main.cpp:384 -   队列大小: 0  平均耗时: 0.0ms
2026-05-26 11:08:01.918 [INFO] main.cpp:352 - ======== 总线统计 ========
2026-05-26 11:08:01.919 [INFO] main.cpp:353 -   总事务数:     1160
2026-05-26 11:08:01.919 [INFO] main.cpp:354 -   总错误数:     1160
2026-05-26 11:08:01.919 [INFO] main.cpp:355 -   发送字节数:   9280
2026-05-26 11:08:01.919 [INFO] main.cpp:356 -   接收字节数:   0
2026-05-26 11:08:01.919 [INFO] main.cpp:357 -   平均延迟:     0.00 ms
2026-05-26 11:08:01.919 [INFO] main.cpp:358 -   最大延迟:     0.00 ms
2026-05-26 11:08:01.919 [INFO] main.cpp:359 -   总线争用次数: 0
2026-05-26 11:08:01.919 [INFO] main.cpp:368 - ======== 轮询统计 ========
2026-05-26 11:08:01.919 [INFO] main.cpp:369 -   任务组数:     20
2026-05-26 11:08:01.919 [INFO] main.cpp:370 -   成功事务:     0
2026-05-26 11:08:01.919 [INFO] main.cpp:371 -   失败事务:     1160
2026-05-26 11:08:01.919 [INFO] main.cpp:373 -   成功率:       0.0%
2026-05-26 11:08:01.919 [INFO] main.cpp:378 - ======== 命令队列统计 ========
2026-05-26 11:08:01.919 [INFO] main.cpp:379 -   已提交: 0  已执行: 0  成功: 0  失败: 0
2026-05-26 11:08:01.919 [INFO] main.cpp:384 -   队列大小: 0  平均耗时: 0.0ms
2026-05-26 11:08:02.920 [INFO] main.cpp:352 - ======== 总线统计 ========
2026-05-26 11:08:02.920 [INFO] main.cpp:353 -   总事务数:     1180
2026-05-26 11:08:02.920 [INFO] main.cpp:354 -   总错误数:     1160
2026-05-26 11:08:02.920 [INFO] main.cpp:355 -   发送字节数:   9440
2026-05-26 11:08:02.920 [INFO] main.cpp:356 -   接收字节数:   0
2026-05-26 11:08:02.921 [INFO] main.cpp:357 -   平均延迟:     0.00 ms
2026-05-26 11:08:02.921 [INFO] main.cpp:358 -   最大延迟:     0.00 ms
2026-05-26 11:08:02.921 [INFO] main.cpp:359 -   总线争用次数: 0
2026-05-26 11:08:02.921 [INFO] main.cpp:368 - ======== 轮询统计 ========
2026-05-26 11:08:02.921 [INFO] main.cpp:369 -   任务组数:     20
2026-05-26 11:08:02.921 [INFO] main.cpp:370 -   成功事务:     0
2026-05-26 11:08:02.921 [INFO] main.cpp:371 -   失败事务:     1160
2026-05-26 11:08:02.921 [INFO] main.cpp:373 -   成功率:       0.0%
2026-05-26 11:08:02.921 [INFO] main.cpp:378 - ======== 命令队列统计 ========
2026-05-26 11:08:02.921 [INFO] main.cpp:379 -   已提交: 0  已执行: 0  成功: 0  失败: 0
2026-05-26 11:08:02.921 [INFO] main.cpp:384 -   队列大小: 0  平均耗时: 0.0ms
2026-05-26 11:08:03.922 [INFO] main.cpp:352 - ======== 总线统计 ========
2026-05-26 11:08:03.922 [INFO] main.cpp:353 -   总事务数:     1180
2026-05-26 11:08:03.922 [INFO] main.cpp:354 -   总错误数:     1180
2026-05-26 11:08:03.922 [INFO] main.cpp:355 -   发送字节数:   9440
2026-05-26 11:08:03.922 [INFO] main.cpp:356 -   接收字节数:   0
2026-05-26 11:08:03.922 [INFO] main.cpp:357 -   平均延迟:     0.00 ms
2026-05-26 11:08:03.922 [INFO] main.cpp:358 -   最大延迟:     0.00 ms
2026-05-26 11:08:03.922 [INFO] main.cpp:359 -   总线争用次数: 0
2026-05-26 11:08:03.922 [INFO] main.cpp:368 - ======== 轮询统计 ========
2026-05-26 11:08:03.923 [INFO] main.cpp:369 -   任务组数:     20
2026-05-26 11:08:03.923 [INFO] main.cpp:370 -   成功事务:     0
2026-05-26 11:08:03.923 [INFO] main.cpp:371 -   失败事务:     1180
2026-05-26 11:08:03.923 [INFO] main.cpp:373 -   成功率:       0.0%
2026-05-26 11:08:03.923 [INFO] main.cpp:378 - ======== 命令队列统计 ========
2026-05-26 11:08:03.923 [INFO] main.cpp:379 -   已提交: 0  已执行: 0  成功: 0  失败: 0
2026-05-26 11:08:03.923 [INFO] main.cpp:384 -   队列大小: 0  平均耗时: 0.0ms
2026-05-26 11:08:04.924 [INFO] main.cpp:352 - ======== 总线统计 ========
2026-05-26 11:08:04.924 [INFO] main.cpp:353 -   总事务数:     1180
2026-05-26 11:08:04.924 [INFO] main.cpp:354 -   总错误数:     1180
2026-05-26 11:08:04.924 [INFO] main.cpp:355 -   发送字节数:   9440
2026-05-26 11:08:04.924 [INFO] main.cpp:356 -   接收字节数:   0
2026-05-26 11:08:04.924 [INFO] main.cpp:357 -   平均延迟:     0.00 ms
2026-05-26 11:08:04.924 [INFO] main.cpp:358 -   最大延迟:     0.00 ms
2026-05-26 11:08:04.924 [INFO] main.cpp:359 -   总线争用次数: 0
2026-05-26 11:08:04.924 [INFO] main.cpp:368 - ======== 轮询统计 ========
2026-05-26 11:08:04.924 [INFO] main.cpp:369 -   任务组数:     20
2026-05-26 11:08:04.924 [INFO] main.cpp:370 -   成功事务:     0
2026-05-26 11:08:04.925 [INFO] main.cpp:371 -   失败事务:     1180
2026-05-26 11:08:04.925 [INFO] main.cpp:373 -   成功率:       0.0%
2026-05-26 11:08:04.925 [INFO] main.cpp:378 - ======== 命令队列统计 ========
2026-05-26 11:08:04.925 [INFO] main.cpp:379 -   已提交: 0  已执行: 0  成功: 0  失败: 0
2026-05-26 11:08:04.925 [INFO] main.cpp:384 -   队列大小: 0  平均耗时: 0.0ms
2026-05-26 11:08:05.925 [INFO] main.cpp:352 - ======== 总线统计 ========
2026-05-26 11:08:05.926 [INFO] main.cpp:353 -   总事务数:     1180
2026-05-26 11:08:05.926 [INFO] main.cpp:354 -   总错误数:     1180
2026-05-26 11:08:05.926 [INFO] main.cpp:355 -   发送字节数:   9440
2026-05-26 11:08:05.926 [INFO] main.cpp:356 -   接收字节数:   0
2026-05-26 11:08:05.926 [INFO] main.cpp:357 -   平均延迟:     0.00 ms
2026-05-26 11:08:05.926 [INFO] main.cpp:358 -   最大延迟:     0.00 ms
2026-05-26 11:08:05.926 [INFO] main.cpp:359 -   总线争用次数: 0
2026-05-26 11:08:05.926 [INFO] main.cpp:368 - ======== 轮询统计 ========
2026-05-26 11:08:05.926 [INFO] main.cpp:369 -   任务组数:     20
2026-05-26 11:08:05.926 [INFO] main.cpp:370 -   成功事务:     0
2026-05-26 11:08:05.926 [INFO] main.cpp:371 -   失败事务:     1180
2026-05-26 11:08:05.926 [INFO] main.cpp:373 -   成功率:       0.0%
2026-05-26 11:08:05.926 [INFO] main.cpp:378 - ======== 命令队列统计 ========
2026-05-26 11:08:05.926 [INFO] main.cpp:379 -   已提交: 0  已执行: 0  成功: 0  失败: 0
2026-05-26 11:08:05.926 [INFO] main.cpp:384 -   队列大小: 0  平均耗时: 0.0ms
2026-05-26 11:08:06.927 [INFO] main.cpp:352 - ======== 总线统计 ========
2026-05-26 11:08:06.927 [INFO] main.cpp:353 -   总事务数:     1180
2026-05-26 11:08:06.927 [INFO] main.cpp:354 -   总错误数:     1180
2026-05-26 11:08:06.927 [INFO] main.cpp:355 -   发送字节数:   9440
2026-05-26 11:08:06.927 [INFO] main.cpp:356 -   接收字节数:   0
2026-05-26 11:08:06.927 [INFO] main.cpp:357 -   平均延迟:     0.00 ms
2026-05-26 11:08:06.927 [INFO] main.cpp:358 -   最大延迟:     0.00 ms
2026-05-26 11:08:06.927 [INFO] main.cpp:359 -   总线争用次数: 0
2026-05-26 11:08:06.927 [INFO] main.cpp:368 - ======== 轮询统计 ========
2026-05-26 11:08:06.927 [INFO] main.cpp:369 -   任务组数:     20
2026-05-26 11:08:06.927 [INFO] main.cpp:370 -   成功事务:     0
2026-05-26 11:08:06.927 [INFO] main.cpp:371 -   失败事务:     1180
2026-05-26 11:08:06.927 [INFO] main.cpp:373 -   成功率:       0.0%
2026-05-26 11:08:06.927 [INFO] main.cpp:378 - ======== 命令队列统计 ========
2026-05-26 11:08:06.927 [INFO] main.cpp:379 -   已提交: 0  已执行: 0  成功: 0  失败: 0
2026-05-26 11:08:06.927 [INFO] main.cpp:384 -   队列大小: 0  平均耗时: 0.0ms
2026-05-26 11:08:07.928 [INFO] main.cpp:352 - ======== 总线统计 ========
2026-05-26 11:08:07.929 [INFO] main.cpp:353 -   总事务数:     1200
2026-05-26 11:08:07.929 [INFO] main.cpp:354 -   总错误数:     1180
2026-05-26 11:08:07.929 [INFO] main.cpp:355 -   发送字节数:   9600
2026-05-26 11:08:07.929 [INFO] main.cpp:356 -   接收字节数:   0
2026-05-26 11:08:07.929 [INFO] main.cpp:357 -   平均延迟:     0.00 ms
2026-05-26 11:08:07.929 [INFO] main.cpp:358 -   最大延迟:     0.00 ms
2026-05-26 11:08:07.929 [INFO] main.cpp:359 -   总线争用次数: 0
2026-05-26 11:08:07.929 [INFO] main.cpp:368 - ======== 轮询统计 ========
2026-05-26 11:08:07.929 [INFO] main.cpp:369 -   任务组数:     20
2026-05-26 11:08:07.929 [INFO] main.cpp:370 -   成功事务:     0
2026-05-26 11:08:07.929 [INFO] main.cpp:371 -   失败事务:     1180
2026-05-26 11:08:07.929 [INFO] main.cpp:373 -   成功率:       0.0%
2026-05-26 11:08:07.929 [INFO] main.cpp:378 - ======== 命令队列统计 ========
2026-05-26 11:08:07.929 [INFO] main.cpp:379 -   已提交: 0  已执行: 0  成功: 0  失败: 0
2026-05-26 11:08:07.929 [INFO] main.cpp:384 -   队列大小: 0  平均耗时: 0.0ms
2026-05-26 11:08:08.930 [INFO] main.cpp:352 - ======== 总线统计 ========
2026-05-26 11:08:08.930 [INFO] main.cpp:353 -   总事务数:     1200
2026-05-26 11:08:08.930 [INFO] main.cpp:354 -   总错误数:     1200
2026-05-26 11:08:08.930 [INFO] main.cpp:355 -   发送字节数:   9600
2026-05-26 11:08:08.931 [INFO] main.cpp:356 -   接收字节数:   0
2026-05-26 11:08:08.931 [INFO] main.cpp:357 -   平均延迟:     0.00 ms
2026-05-26 11:08:08.931 [INFO] main.cpp:358 -   最大延迟:     0.00 ms
2026-05-26 11:08:08.931 [INFO] main.cpp:359 -   总线争用次数: 0
2026-05-26 11:08:08.931 [INFO] main.cpp:368 - ======== 轮询统计 ========
2026-05-26 11:08:08.931 [INFO] main.cpp:369 -   任务组数:     20
2026-05-26 11:08:08.931 [INFO] main.cpp:370 -   成功事务:     0
2026-05-26 11:08:08.931 [INFO] main.cpp:371 -   失败事务:     1200
2026-05-26 11:08:08.931 [INFO] main.cpp:373 -   成功率:       0.0%
2026-05-26 11:08:08.931 [INFO] main.cpp:378 - ======== 命令队列统计 ========
2026-05-26 11:08:08.931 [INFO] main.cpp:379 -   已提交: 0  已执行: 0  成功: 0  失败: 0
2026-05-26 11:08:08.931 [INFO] main.cpp:384 -   队列大小: 0  平均耗时: 0.0ms
2026-05-26 11:08:09.932 [INFO] main.cpp:352 - ======== 总线统计 ========
2026-05-26 11:08:09.932 [INFO] main.cpp:353 -   总事务数:     1200
2026-05-26 11:08:09.932 [INFO] main.cpp:354 -   总错误数:     1200
2026-05-26 11:08:09.932 [INFO] main.cpp:355 -   发送字节数:   9600
2026-05-26 11:08:09.932 [INFO] main.cpp:356 -   接收字节数:   0
2026-05-26 11:08:09.933 [INFO] main.cpp:357 -   平均延迟:     0.00 ms
2026-05-26 11:08:09.933 [INFO] main.cpp:358 -   最大延迟:     0.00 ms
2026-05-26 11:08:09.933 [INFO] main.cpp:359 -   总线争用次数: 0
2026-05-26 11:08:09.933 [INFO] main.cpp:368 - ======== 轮询统计 ========
2026-05-26 11:08:09.933 [INFO] main.cpp:369 -   任务组数:     20
2026-05-26 11:08:09.933 [INFO] main.cpp:370 -   成功事务:     0
2026-05-26 11:08:09.933 [INFO] main.cpp:371 -   失败事务:     1200
2026-05-26 11:08:09.933 [INFO] main.cpp:373 -   成功率:       0.0%
2026-05-26 11:08:09.933 [INFO] main.cpp:378 - ======== 命令队列统计 ========
2026-05-26 11:08:09.933 [INFO] main.cpp:379 -   已提交: 0  已执行: 0  成功: 0  失败: 0
2026-05-26 11:08:09.933 [INFO] main.cpp:384 -   队列大小: 0  平均耗时: 0.0ms
2026-05-26 11:08:10.934 [INFO] main.cpp:352 - ======== 总线统计 ========
2026-05-26 11:08:10.934 [INFO] main.cpp:353 -   总事务数:     1200
2026-05-26 11:08:10.934 [INFO] main.cpp:354 -   总错误数:     1200
2026-05-26 11:08:10.934 [INFO] main.cpp:355 -   发送字节数:   9600
2026-05-26 11:08:10.934 [INFO] main.cpp:356 -   接收字节数:   0
2026-05-26 11:08:10.934 [INFO] main.cpp:357 -   平均延迟:     0.00 ms
2026-05-26 11:08:10.934 [INFO] main.cpp:358 -   最大延迟:     0.00 ms
2026-05-26 11:08:10.934 [INFO] main.cpp:359 -   总线争用次数: 0
2026-05-26 11:08:10.935 [INFO] main.cpp:368 - ======== 轮询统计 ========
2026-05-26 11:08:10.935 [INFO] main.cpp:369 -   任务组数:     20
2026-05-26 11:08:10.935 [INFO] main.cpp:370 -   成功事务:     0
2026-05-26 11:08:10.935 [INFO] main.cpp:371 -   失败事务:     1200
2026-05-26 11:08:10.935 [INFO] main.cpp:373 -   成功率:       0.0%
2026-05-26 11:08:10.935 [INFO] main.cpp:378 - ======== 命令队列统计 ========
2026-05-26 11:08:10.935 [INFO] main.cpp:379 -   已提交: 0  已执行: 0  成功: 0  失败: 0
2026-05-26 11:08:10.935 [INFO] main.cpp:384 -   队列大小: 0  平均耗时: 0.0ms
2026-05-26 11:08:11.936 [INFO] main.cpp:352 - ======== 总线统计 ========
2026-05-26 11:08:11.936 [INFO] main.cpp:353 -   总事务数:     1200
2026-05-26 11:08:11.936 [INFO] main.cpp:354 -   总错误数:     1200
2026-05-26 11:08:11.936 [INFO] main.cpp:355 -   发送字节数:   9600
2026-05-26 11:08:11.936 [INFO] main.cpp:356 -   接收字节数:   0
2026-05-26 11:08:11.936 [INFO] main.cpp:357 -   平均延迟:     0.00 ms
2026-05-26 11:08:11.936 [INFO] main.cpp:358 -   最大延迟:     0.00 ms
2026-05-26 11:08:11.936 [INFO] main.cpp:359 -   总线争用次数: 0
2026-05-26 11:08:11.936 [INFO] main.cpp:368 - ======== 轮询统计 ========
2026-05-26 11:08:11.936 [INFO] main.cpp:369 -   任务组数:     20
2026-05-26 11:08:11.936 [INFO] main.cpp:370 -   成功事务:     0
2026-05-26 11:08:11.936 [INFO] main.cpp:371 -   失败事务:     1200
2026-05-26 11:08:11.936 [INFO] main.cpp:373 -   成功率:       0.0%
2026-05-26 11:08:11.936 [INFO] main.cpp:378 - ======== 命令队列统计 ========
2026-05-26 11:08:11.936 [INFO] main.cpp:379 -   已提交: 0  已执行: 0  成功: 0  失败: 0
2026-05-26 11:08:11.936 [INFO] main.cpp:384 -   队列大小: 0  平均耗时: 0.0ms
2026-05-26 11:08:12.938 [INFO] main.cpp:352 - ======== 总线统计 ========
2026-05-26 11:08:12.938 [INFO] main.cpp:353 -   总事务数:     1220
2026-05-26 11:08:12.938 [INFO] main.cpp:354 -   总错误数:     1200
2026-05-26 11:08:12.938 [INFO] main.cpp:355 -   发送字节数:   9760
2026-05-26 11:08:12.938 [INFO] main.cpp:356 -   接收字节数:   0
2026-05-26 11:08:12.938 [INFO] main.cpp:357 -   平均延迟:     0.00 ms
2026-05-26 11:08:12.938 [INFO] main.cpp:358 -   最大延迟:     0.00 ms
2026-05-26 11:08:12.938 [INFO] main.cpp:359 -   总线争用次数: 0
2026-05-26 11:08:12.938 [INFO] main.cpp:368 - ======== 轮询统计 ========
2026-05-26 11:08:12.938 [INFO] main.cpp:369 -   任务组数:     20
2026-05-26 11:08:12.938 [INFO] main.cpp:370 -   成功事务:     0
2026-05-26 11:08:12.938 [INFO] main.cpp:371 -   失败事务:     1200
2026-05-26 11:08:12.938 [INFO] main.cpp:373 -   成功率:       0.0%
2026-05-26 11:08:12.938 [INFO] main.cpp:378 - ======== 命令队列统计 ========
2026-05-26 11:08:12.938 [INFO] main.cpp:379 -   已提交: 0  已执行: 0  成功: 0  失败: 0
2026-05-26 11:08:12.938 [INFO] main.cpp:384 -   队列大小: 0  平均耗时: 0.0ms
2026-05-26 11:08:13.939 [INFO] main.cpp:352 - ======== 总线统计 ========
2026-05-26 11:08:13.940 [INFO] main.cpp:353 -   总事务数:     1220
2026-05-26 11:08:13.940 [INFO] main.cpp:354 -   总错误数:     1220
2026-05-26 11:08:13.940 [INFO] main.cpp:355 -   发送字节数:   9760
2026-05-26 11:08:13.940 [INFO] main.cpp:356 -   接收字节数:   0
2026-05-26 11:08:13.940 [INFO] main.cpp:357 -   平均延迟:     0.00 ms
2026-05-26 11:08:13.940 [INFO] main.cpp:358 -   最大延迟:     0.00 ms
2026-05-26 11:08:13.940 [INFO] main.cpp:359 -   总线争用次数: 0
2026-05-26 11:08:13.940 [INFO] main.cpp:368 - ======== 轮询统计 ========
2026-05-26 11:08:13.940 [INFO] main.cpp:369 -   任务组数:     20
2026-05-26 11:08:13.940 [INFO] main.cpp:370 -   成功事务:     0
2026-05-26 11:08:13.940 [INFO] main.cpp:371 -   失败事务:     1220
2026-05-26 11:08:13.940 [INFO] main.cpp:373 -   成功率:       0.0%
2026-05-26 11:08:13.940 [INFO] main.cpp:378 - ======== 命令队列统计 ========
2026-05-26 11:08:13.940 [INFO] main.cpp:379 -   已提交: 0  已执行: 0  成功: 0  失败: 0
2026-05-26 11:08:13.940 [INFO] main.cpp:384 -   队列大小: 0  平均耗时: 0.0ms
2026-05-26 11:08:14.941 [INFO] main.cpp:352 - ======== 总线统计 ========
2026-05-26 11:08:14.941 [INFO] main.cpp:353 -   总事务数:     1220
2026-05-26 11:08:14.941 [INFO] main.cpp:354 -   总错误数:     1220
2026-05-26 11:08:14.941 [INFO] main.cpp:355 -   发送字节数:   9760
2026-05-26 11:08:14.941 [INFO] main.cpp:356 -   接收字节数:   0
2026-05-26 11:08:14.941 [INFO] main.cpp:357 -   平均延迟:     0.00 ms
2026-05-26 11:08:14.941 [INFO] main.cpp:358 -   最大延迟:     0.00 ms
2026-05-26 11:08:14.941 [INFO] main.cpp:359 -   总线争用次数: 0
2026-05-26 11:08:14.941 [INFO] main.cpp:368 - ======== 轮询统计 ========
2026-05-26 11:08:14.941 [INFO] main.cpp:369 -   任务组数:     20
2026-05-26 11:08:14.941 [INFO] main.cpp:370 -   成功事务:     0
2026-05-26 11:08:14.941 [INFO] main.cpp:371 -   失败事务:     1220
2026-05-26 11:08:14.941 [INFO] main.cpp:373 -   成功率:       0.0%
2026-05-26 11:08:14.941 [INFO] main.cpp:378 - ======== 命令队列统计 ========
2026-05-26 11:08:14.941 [INFO] main.cpp:379 -   已提交: 0  已执行: 0  成功: 0  失败: 0
2026-05-26 11:08:14.942 [INFO] main.cpp:384 -   队列大小: 0  平均耗时: 0.0ms
2026-05-26 11:08:15.943 [INFO] main.cpp:352 - ======== 总线统计 ========
2026-05-26 11:08:15.943 [INFO] main.cpp:353 -   总事务数:     1220
2026-05-26 11:08:15.943 [INFO] main.cpp:354 -   总错误数:     1220
2026-05-26 11:08:15.943 [INFO] main.cpp:355 -   发送字节数:   9760
2026-05-26 11:08:15.943 [INFO] main.cpp:356 -   接收字节数:   0
2026-05-26 11:08:15.943 [INFO] main.cpp:357 -   平均延迟:     0.00 ms
2026-05-26 11:08:15.943 [INFO] main.cpp:358 -   最大延迟:     0.00 ms
2026-05-26 11:08:15.943 [INFO] main.cpp:359 -   总线争用次数: 0
2026-05-26 11:08:15.943 [INFO] main.cpp:368 - ======== 轮询统计 ========
2026-05-26 11:08:15.943 [INFO] main.cpp:369 -   任务组数:     20
2026-05-26 11:08:15.943 [INFO] main.cpp:370 -   成功事务:     0
2026-05-26 11:08:15.943 [INFO] main.cpp:371 -   失败事务:     1220
2026-05-26 11:08:15.943 [INFO] main.cpp:373 -   成功率:       0.0%
2026-05-26 11:08:15.943 [INFO] main.cpp:378 - ======== 命令队列统计 ========
2026-05-26 11:08:15.943 [INFO] main.cpp:379 -   已提交: 0  已执行: 0  成功: 0  失败: 0
2026-05-26 11:08:15.943 [INFO] main.cpp:384 -   队列大小: 0  平均耗时: 0.0ms
2026-05-26 11:08:16.944 [INFO] main.cpp:352 - ======== 总线统计 ========
2026-05-26 11:08:16.944 [INFO] main.cpp:353 -   总事务数:     1220
2026-05-26 11:08:16.944 [INFO] main.cpp:354 -   总错误数:     1220
2026-05-26 11:08:16.944 [INFO] main.cpp:355 -   发送字节数:   9760
2026-05-26 11:08:16.944 [INFO] main.cpp:356 -   接收字节数:   0
2026-05-26 11:08:16.944 [INFO] main.cpp:357 -   平均延迟:     0.00 ms
2026-05-26 11:08:16.944 [INFO] main.cpp:358 -   最大延迟:     0.00 ms
2026-05-26 11:08:16.944 [INFO] main.cpp:359 -   总线争用次数: 0
2026-05-26 11:08:16.944 [INFO] main.cpp:368 - ======== 轮询统计 ========
2026-05-26 11:08:16.944 [INFO] main.cpp:369 -   任务组数:     20
2026-05-26 11:08:16.944 [INFO] main.cpp:370 -   成功事务:     0
2026-05-26 11:08:16.944 [INFO] main.cpp:371 -   失败事务:     1220
2026-05-26 11:08:16.944 [INFO] main.cpp:373 -   成功率:       0.0%
2026-05-26 11:08:16.945 [INFO] main.cpp:378 - ======== 命令队列统计 ========
2026-05-26 11:08:16.945 [INFO] main.cpp:379 -   已提交: 0  已执行: 0  成功: 0  失败: 0
2026-05-26 11:08:16.945 [INFO] main.cpp:384 -   队列大小: 0  平均耗时: 0.0ms
2026-05-26 11:08:17.946 [INFO] main.cpp:352 - ======== 总线统计 ========
2026-05-26 11:08:17.946 [INFO] main.cpp:353 -   总事务数:     1240
2026-05-26 11:08:17.946 [INFO] main.cpp:354 -   总错误数:     1220
2026-05-26 11:08:17.946 [INFO] main.cpp:355 -   发送字节数:   9920
2026-05-26 11:08:17.946 [INFO] main.cpp:356 -   接收字节数:   0
2026-05-26 11:08:17.946 [INFO] main.cpp:357 -   平均延迟:     0.00 ms
2026-05-26 11:08:17.946 [INFO] main.cpp:358 -   最大延迟:     0.00 ms
2026-05-26 11:08:17.946 [INFO] main.cpp:359 -   总线争用次数: 0
2026-05-26 11:08:17.946 [INFO] main.cpp:368 - ======== 轮询统计 ========
2026-05-26 11:08:17.946 [INFO] main.cpp:369 -   任务组数:     20
2026-05-26 11:08:17.946 [INFO] main.cpp:370 -   成功事务:     0
2026-05-26 11:08:17.946 [INFO] main.cpp:371 -   失败事务:     1220
2026-05-26 11:08:17.946 [INFO] main.cpp:373 -   成功率:       0.0%
2026-05-26 11:08:17.946 [INFO] main.cpp:378 - ======== 命令队列统计 ========
2026-05-26 11:08:17.946 [INFO] main.cpp:379 -   已提交: 0  已执行: 0  成功: 0  失败: 0
2026-05-26 11:08:17.946 [INFO] main.cpp:384 -   队列大小: 0  平均耗时: 0.0ms
2026-05-26 11:08:18.947 [INFO] main.cpp:352 - ======== 总线统计 ========
2026-05-26 11:08:18.948 [INFO] main.cpp:353 -   总事务数:     1240
2026-05-26 11:08:18.948 [INFO] main.cpp:354 -   总错误数:     1240
2026-05-26 11:08:18.948 [INFO] main.cpp:355 -   发送字节数:   9920
2026-05-26 11:08:18.948 [INFO] main.cpp:356 -   接收字节数:   0
2026-05-26 11:08:18.948 [INFO] main.cpp:357 -   平均延迟:     0.00 ms
2026-05-26 11:08:18.948 [INFO] main.cpp:358 -   最大延迟:     0.00 ms
2026-05-26 11:08:18.948 [INFO] main.cpp:359 -   总线争用次数: 0
2026-05-26 11:08:18.948 [INFO] main.cpp:368 - ======== 轮询统计 ========
2026-05-26 11:08:18.948 [INFO] main.cpp:369 -   任务组数:     20
2026-05-26 11:08:18.948 [INFO] main.cpp:370 -   成功事务:     0
2026-05-26 11:08:18.948 [INFO] main.cpp:371 -   失败事务:     1240
2026-05-26 11:08:18.948 [INFO] main.cpp:373 -   成功率:       0.0%
2026-05-26 11:08:18.948 [INFO] main.cpp:378 - ======== 命令队列统计 ========
2026-05-26 11:08:18.948 [INFO] main.cpp:379 -   已提交: 0  已执行: 0  成功: 0  失败: 0
2026-05-26 11:08:18.948 [INFO] main.cpp:384 -   队列大小: 0  平均耗时: 0.0ms
2026-05-26 11:08:19.949 [INFO] main.cpp:352 - ======== 总线统计 ========
2026-05-26 11:08:19.949 [INFO] main.cpp:353 -   总事务数:     1240
2026-05-26 11:08:19.949 [INFO] main.cpp:354 -   总错误数:     1240
2026-05-26 11:08:19.949 [INFO] main.cpp:355 -   发送字节数:   9920
2026-05-26 11:08:19.949 [INFO] main.cpp:356 -   接收字节数:   0
2026-05-26 11:08:19.949 [INFO] main.cpp:357 -   平均延迟:     0.00 ms
2026-05-26 11:08:19.950 [INFO] main.cpp:358 -   最大延迟:     0.00 ms
2026-05-26 11:08:19.950 [INFO] main.cpp:359 -   总线争用次数: 0
2026-05-26 11:08:19.950 [INFO] main.cpp:368 - ======== 轮询统计 ========
2026-05-26 11:08:19.950 [INFO] main.cpp:369 -   任务组数:     20
2026-05-26 11:08:19.950 [INFO] main.cpp:370 -   成功事务:     0
2026-05-26 11:08:19.950 [INFO] main.cpp:371 -   失败事务:     1240
2026-05-26 11:08:19.950 [INFO] main.cpp:373 -   成功率:       0.0%
2026-05-26 11:08:19.950 [INFO] main.cpp:378 - ======== 命令队列统计 ========
2026-05-26 11:08:19.950 [INFO] main.cpp:379 -   已提交: 0  已执行: 0  成功: 0  失败: 0
2026-05-26 11:08:19.950 [INFO] main.cpp:384 -   队列大小: 0  平均耗时: 0.0ms
2026-05-26 11:08:20.951 [INFO] main.cpp:352 - ======== 总线统计 ========
2026-05-26 11:08:20.951 [INFO] main.cpp:353 -   总事务数:     1240
2026-05-26 11:08:20.951 [INFO] main.cpp:354 -   总错误数:     1240
2026-05-26 11:08:20.951 [INFO] main.cpp:355 -   发送字节数:   9920
2026-05-26 11:08:20.951 [INFO] main.cpp:356 -   接收字节数:   0
2026-05-26 11:08:20.951 [INFO] main.cpp:357 -   平均延迟:     0.00 ms
2026-05-26 11:08:20.951 [INFO] main.cpp:358 -   最大延迟:     0.00 ms
2026-05-26 11:08:20.951 [INFO] main.cpp:359 -   总线争用次数: 0
2026-05-26 11:08:20.951 [INFO] main.cpp:368 - ======== 轮询统计 ========
2026-05-26 11:08:20.951 [INFO] main.cpp:369 -   任务组数:     20
2026-05-26 11:08:20.951 [INFO] main.cpp:370 -   成功事务:     0
2026-05-26 11:08:20.951 [INFO] main.cpp:371 -   失败事务:     1240
2026-05-26 11:08:20.951 [INFO] main.cpp:373 -   成功率:       0.0%
2026-05-26 11:08:20.951 [INFO] main.cpp:378 - ======== 命令队列统计 ========
2026-05-26 11:08:20.951 [INFO] main.cpp:379 -   已提交: 0  已执行: 0  成功: 0  失败: 0
2026-05-26 11:08:20.952 [INFO] main.cpp:384 -   队列大小: 0  平均耗时: 0.0ms
2026-05-26 11:08:21.953 [INFO] main.cpp:352 - ======== 总线统计 ========
2026-05-26 11:08:21.953 [INFO] main.cpp:353 -   总事务数:     1240
2026-05-26 11:08:21.953 [INFO] main.cpp:354 -   总错误数:     1240
2026-05-26 11:08:21.953 [INFO] main.cpp:355 -   发送字节数:   9920
2026-05-26 11:08:21.953 [INFO] main.cpp:356 -   接收字节数:   0
2026-05-26 11:08:21.953 [INFO] main.cpp:357 -   平均延迟:     0.00 ms
2026-05-26 11:08:21.953 [INFO] main.cpp:358 -   最大延迟:     0.00 ms
2026-05-26 11:08:21.953 [INFO] main.cpp:359 -   总线争用次数: 0
2026-05-26 11:08:21.953 [INFO] main.cpp:368 - ======== 轮询统计 ========
2026-05-26 11:08:21.953 [INFO] main.cpp:369 -   任务组数:     20
2026-05-26 11:08:21.953 [INFO] main.cpp:370 -   成功事务:     0
2026-05-26 11:08:21.953 [INFO] main.cpp:371 -   失败事务:     1240
2026-05-26 11:08:21.953 [INFO] main.cpp:373 -   成功率:       0.0%
2026-05-26 11:08:21.953 [INFO] main.cpp:378 - ======== 命令队列统计 ========
2026-05-26 11:08:21.953 [INFO] main.cpp:379 -   已提交: 0  已执行: 0  成功: 0  失败: 0
2026-05-26 11:08:21.954 [INFO] main.cpp:384 -   队列大小: 0  平均耗时: 0.0ms
2026-05-26 11:08:22.955 [INFO] main.cpp:352 - ======== 总线统计 ========
2026-05-26 11:08:22.955 [INFO] main.cpp:353 -   总事务数:     1260
2026-05-26 11:08:22.955 [INFO] main.cpp:354 -   总错误数:     1240
2026-05-26 11:08:22.955 [INFO] main.cpp:355 -   发送字节数:   10080
2026-05-26 11:08:22.955 [INFO] main.cpp:356 -   接收字节数:   0
2026-05-26 11:08:22.955 [INFO] main.cpp:357 -   平均延迟:     0.00 ms
2026-05-26 11:08:22.955 [INFO] main.cpp:358 -   最大延迟:     0.00 ms
2026-05-26 11:08:22.955 [INFO] main.cpp:359 -   总线争用次数: 0
2026-05-26 11:08:22.955 [INFO] main.cpp:368 - ======== 轮询统计 ========
2026-05-26 11:08:22.955 [INFO] main.cpp:369 -   任务组数:     20
2026-05-26 11:08:22.955 [INFO] main.cpp:370 -   成功事务:     0
2026-05-26 11:08:22.955 [INFO] main.cpp:371 -   失败事务:     1240
2026-05-26 11:08:22.955 [INFO] main.cpp:373 -   成功率:       0.0%
2026-05-26 11:08:22.955 [INFO] main.cpp:378 - ======== 命令队列统计 ========
2026-05-26 11:08:22.955 [INFO] main.cpp:379 -   已提交: 0  已执行: 0  成功: 0  失败: 0
2026-05-26 11:08:22.955 [INFO] main.cpp:384 -   队列大小: 0  平均耗时: 0.0ms
2026-05-26 11:08:23.957 [INFO] main.cpp:352 - ======== 总线统计 ========
2026-05-26 11:08:23.957 [INFO] main.cpp:353 -   总事务数:     1260
2026-05-26 11:08:23.957 [INFO] main.cpp:354 -   总错误数:     1260
2026-05-26 11:08:23.957 [INFO] main.cpp:355 -   发送字节数:   10080
2026-05-26 11:08:23.957 [INFO] main.cpp:356 -   接收字节数:   0
2026-05-26 11:08:23.957 [INFO] main.cpp:357 -   平均延迟:     0.00 ms
2026-05-26 11:08:23.957 [INFO] main.cpp:358 -   最大延迟:     0.00 ms
2026-05-26 11:08:23.957 [INFO] main.cpp:359 -   总线争用次数: 0
2026-05-26 11:08:23.957 [INFO] main.cpp:368 - ======== 轮询统计 ========
2026-05-26 11:08:23.957 [INFO] main.cpp:369 -   任务组数:     20
2026-05-26 11:08:23.957 [INFO] main.cpp:370 -   成功事务:     0
2026-05-26 11:08:23.957 [INFO] main.cpp:371 -   失败事务:     1260
2026-05-26 11:08:23.957 [INFO] main.cpp:373 -   成功率:       0.0%
2026-05-26 11:08:23.957 [INFO] main.cpp:378 - ======== 命令队列统计 ========
2026-05-26 11:08:23.957 [INFO] main.cpp:379 -   已提交: 0  已执行: 0  成功: 0  失败: 0
2026-05-26 11:08:23.957 [INFO] main.cpp:384 -   队列大小: 0  平均耗时: 0.0ms
2026-05-26 11:08:24.958 [INFO] main.cpp:352 - ======== 总线统计 ========
2026-05-26 11:08:24.958 [INFO] main.cpp:353 -   总事务数:     1260
2026-05-26 11:08:24.958 [INFO] main.cpp:354 -   总错误数:     1260
2026-05-26 11:08:24.958 [INFO] main.cpp:355 -   发送字节数:   10080
2026-05-26 11:08:24.958 [INFO] main.cpp:356 -   接收字节数:   0
2026-05-26 11:08:24.958 [INFO] main.cpp:357 -   平均延迟:     0.00 ms
2026-05-26 11:08:24.958 [INFO] main.cpp:358 -   最大延迟:     0.00 ms
2026-05-26 11:08:24.958 [INFO] main.cpp:359 -   总线争用次数: 0
2026-05-26 11:08:24.958 [INFO] main.cpp:368 - ======== 轮询统计 ========
2026-05-26 11:08:24.958 [INFO] main.cpp:369 -   任务组数:     20
2026-05-26 11:08:24.958 [INFO] main.cpp:370 -   成功事务:     0
2026-05-26 11:08:24.958 [INFO] main.cpp:371 -   失败事务:     1260
2026-05-26 11:08:24.958 [INFO] main.cpp:373 -   成功率:       0.0%
2026-05-26 11:08:24.958 [INFO] main.cpp:378 - ======== 命令队列统计 ========
2026-05-26 11:08:24.958 [INFO] main.cpp:379 -   已提交: 0  已执行: 0  成功: 0  失败: 0
2026-05-26 11:08:24.959 [INFO] main.cpp:384 -   队列大小: 0  平均耗时: 0.0ms
2026-05-26 11:08:25.960 [INFO] main.cpp:352 - ======== 总线统计 ========
2026-05-26 11:08:25.960 [INFO] main.cpp:353 -   总事务数:     1260
2026-05-26 11:08:25.960 [INFO] main.cpp:354 -   总错误数:     1260
2026-05-26 11:08:25.960 [INFO] main.cpp:355 -   发送字节数:   10080
2026-05-26 11:08:25.960 [INFO] main.cpp:356 -   接收字节数:   0
2026-05-26 11:08:25.960 [INFO] main.cpp:357 -   平均延迟:     0.00 ms
2026-05-26 11:08:25.960 [INFO] main.cpp:358 -   最大延迟:     0.00 ms
2026-05-26 11:08:25.960 [INFO] main.cpp:359 -   总线争用次数: 0
2026-05-26 11:08:25.960 [INFO] main.cpp:368 - ======== 轮询统计 ========
2026-05-26 11:08:25.960 [INFO] main.cpp:369 -   任务组数:     20
2026-05-26 11:08:25.960 [INFO] main.cpp:370 -   成功事务:     0
2026-05-26 11:08:25.960 [INFO] main.cpp:371 -   失败事务:     1260
2026-05-26 11:08:25.960 [INFO] main.cpp:373 -   成功率:       0.0%
2026-05-26 11:08:25.960 [INFO] main.cpp:378 - ======== 命令队列统计 ========
2026-05-26 11:08:25.960 [INFO] main.cpp:379 -   已提交: 0  已执行: 0  成功: 0  失败: 0
2026-05-26 11:08:25.960 [INFO] main.cpp:384 -   队列大小: 0  平均耗时: 0.0ms
2026-05-26 11:08:26.961 [INFO] main.cpp:352 - ======== 总线统计 ========
2026-05-26 11:08:26.961 [INFO] main.cpp:353 -   总事务数:     1260
2026-05-26 11:08:26.961 [INFO] main.cpp:354 -   总错误数:     1260
2026-05-26 11:08:26.961 [INFO] main.cpp:355 -   发送字节数:   10080
2026-05-26 11:08:26.961 [INFO] main.cpp:356 -   接收字节数:   0
2026-05-26 11:08:26.961 [INFO] main.cpp:357 -   平均延迟:     0.00 ms
2026-05-26 11:08:26.961 [INFO] main.cpp:358 -   最大延迟:     0.00 ms
2026-05-26 11:08:26.961 [INFO] main.cpp:359 -   总线争用次数: 0
2026-05-26 11:08:26.961 [INFO] main.cpp:368 - ======== 轮询统计 ========
2026-05-26 11:08:26.961 [INFO] main.cpp:369 -   任务组数:     20
2026-05-26 11:08:26.961 [INFO] main.cpp:370 -   成功事务:     0
2026-05-26 11:08:26.961 [INFO] main.cpp:371 -   失败事务:     1260
2026-05-26 11:08:26.961 [INFO] main.cpp:373 -   成功率:       0.0%
2026-05-26 11:08:26.962 [INFO] main.cpp:378 - ======== 命令队列统计 ========
2026-05-26 11:08:26.962 [INFO] main.cpp:379 -   已提交: 0  已执行: 0  成功: 0  失败: 0
2026-05-26 11:08:26.962 [INFO] main.cpp:384 -   队列大小: 0  平均耗时: 0.0ms
2026-05-26 11:08:27.963 [INFO] main.cpp:352 - ======== 总线统计 ========
2026-05-26 11:08:27.963 [INFO] main.cpp:353 -   总事务数:     1280
2026-05-26 11:08:27.963 [INFO] main.cpp:354 -   总错误数:     1260
2026-05-26 11:08:27.963 [INFO] main.cpp:355 -   发送字节数:   10240
2026-05-26 11:08:27.963 [INFO] main.cpp:356 -   接收字节数:   0
2026-05-26 11:08:27.963 [INFO] main.cpp:357 -   平均延迟:     0.00 ms
2026-05-26 11:08:27.963 [INFO] main.cpp:358 -   最大延迟:     0.00 ms
2026-05-26 11:08:27.963 [INFO] main.cpp:359 -   总线争用次数: 0
2026-05-26 11:08:27.963 [INFO] main.cpp:368 - ======== 轮询统计 ========
2026-05-26 11:08:27.963 [INFO] main.cpp:369 -   任务组数:     20
2026-05-26 11:08:27.963 [INFO] main.cpp:370 -   成功事务:     0
2026-05-26 11:08:27.963 [INFO] main.cpp:371 -   失败事务:     1260
2026-05-26 11:08:27.963 [INFO] main.cpp:373 -   成功率:       0.0%
2026-05-26 11:08:27.963 [INFO] main.cpp:378 - ======== 命令队列统计 ========
2026-05-26 11:08:27.963 [INFO] main.cpp:379 -   已提交: 0  已执行: 0  成功: 0  失败: 0
2026-05-26 11:08:27.963 [INFO] main.cpp:384 -   队列大小: 0  平均耗时: 0.0ms
2026-05-26 11:08:28.965 [INFO] main.cpp:352 - ======== 总线统计 ========
2026-05-26 11:08:28.965 [INFO] main.cpp:353 -   总事务数:     1280
2026-05-26 11:08:28.965 [INFO] main.cpp:354 -   总错误数:     1280
2026-05-26 11:08:28.965 [INFO] main.cpp:355 -   发送字节数:   10240
2026-05-26 11:08:28.965 [INFO] main.cpp:356 -   接收字节数:   0
2026-05-26 11:08:28.965 [INFO] main.cpp:357 -   平均延迟:     0.00 ms
2026-05-26 11:08:28.965 [INFO] main.cpp:358 -   最大延迟:     0.00 ms
2026-05-26 11:08:28.965 [INFO] main.cpp:359 -   总线争用次数: 0
2026-05-26 11:08:28.965 [INFO] main.cpp:368 - ======== 轮询统计 ========
2026-05-26 11:08:28.965 [INFO] main.cpp:369 -   任务组数:     20
2026-05-26 11:08:28.965 [INFO] main.cpp:370 -   成功事务:     0
2026-05-26 11:08:28.965 [INFO] main.cpp:371 -   失败事务:     1280
2026-05-26 11:08:28.965 [INFO] main.cpp:373 -   成功率:       0.0%
2026-05-26 11:08:28.965 [INFO] main.cpp:378 - ======== 命令队列统计 ========
2026-05-26 11:08:28.965 [INFO] main.cpp:379 -   已提交: 0  已执行: 0  成功: 0  失败: 0
2026-05-26 11:08:28.965 [INFO] main.cpp:384 -   队列大小: 0  平均耗时: 0.0ms
2026-05-26 11:08:29.967 [INFO] main.cpp:352 - ======== 总线统计 ========
2026-05-26 11:08:29.967 [INFO] main.cpp:353 -   总事务数:     1280
2026-05-26 11:08:29.967 [INFO] main.cpp:354 -   总错误数:     1280
2026-05-26 11:08:29.967 [INFO] main.cpp:355 -   发送字节数:   10240
2026-05-26 11:08:29.967 [INFO] main.cpp:356 -   接收字节数:   0
2026-05-26 11:08:29.967 [INFO] main.cpp:357 -   平均延迟:     0.00 ms
2026-05-26 11:08:29.967 [INFO] main.cpp:358 -   最大延迟:     0.00 ms
2026-05-26 11:08:29.967 [INFO] main.cpp:359 -   总线争用次数: 0
2026-05-26 11:08:29.967 [INFO] main.cpp:368 - ======== 轮询统计 ========
2026-05-26 11:08:29.967 [INFO] main.cpp:369 -   任务组数:     20
2026-05-26 11:08:29.967 [INFO] main.cpp:370 -   成功事务:     0
2026-05-26 11:08:29.967 [INFO] main.cpp:371 -   失败事务:     1280
2026-05-26 11:08:29.967 [INFO] main.cpp:373 -   成功率:       0.0%
2026-05-26 11:08:29.967 [INFO] main.cpp:378 - ======== 命令队列统计 ========
2026-05-26 11:08:29.967 [INFO] main.cpp:379 -   已提交: 0  已执行: 0  成功: 0  失败: 0
2026-05-26 11:08:29.967 [INFO] main.cpp:384 -   队列大小: 0  平均耗时: 0.0ms
2026-05-26 11:08:30.968 [INFO] main.cpp:352 - ======== 总线统计 ========
2026-05-26 11:08:30.968 [INFO] main.cpp:353 -   总事务数:     1280
2026-05-26 11:08:30.968 [INFO] main.cpp:354 -   总错误数:     1280
2026-05-26 11:08:30.968 [INFO] main.cpp:355 -   发送字节数:   10240
2026-05-26 11:08:30.968 [INFO] main.cpp:356 -   接收字节数:   0
2026-05-26 11:08:30.968 [INFO] main.cpp:357 -   平均延迟:     0.00 ms
2026-05-26 11:08:30.969 [INFO] main.cpp:358 -   最大延迟:     0.00 ms
2026-05-26 11:08:30.969 [INFO] main.cpp:359 -   总线争用次数: 0
2026-05-26 11:08:30.969 [INFO] main.cpp:368 - ======== 轮询统计 ========
2026-05-26 11:08:30.969 [INFO] main.cpp:369 -   任务组数:     20
2026-05-26 11:08:30.969 [INFO] main.cpp:370 -   成功事务:     0
2026-05-26 11:08:30.969 [INFO] main.cpp:371 -   失败事务:     1280
2026-05-26 11:08:30.969 [INFO] main.cpp:373 -   成功率:       0.0%
2026-05-26 11:08:30.969 [INFO] main.cpp:378 - ======== 命令队列统计 ========
2026-05-26 11:08:30.969 [INFO] main.cpp:379 -   已提交: 0  已执行: 0  成功: 0  失败: 0
2026-05-26 11:08:30.969 [INFO] main.cpp:384 -   队列大小: 0  平均耗时: 0.0ms
2026-05-26 11:08:31.970 [INFO] main.cpp:352 - ======== 总线统计 ========
2026-05-26 11:08:31.970 [INFO] main.cpp:353 -   总事务数:     1280
2026-05-26 11:08:31.970 [INFO] main.cpp:354 -   总错误数:     1280
2026-05-26 11:08:31.970 [INFO] main.cpp:355 -   发送字节数:   10240
2026-05-26 11:08:31.970 [INFO] main.cpp:356 -   接收字节数:   0
2026-05-26 11:08:31.970 [INFO] main.cpp:357 -   平均延迟:     0.00 ms
2026-05-26 11:08:31.971 [INFO] main.cpp:358 -   最大延迟:     0.00 ms
2026-05-26 11:08:31.971 [INFO] main.cpp:359 -   总线争用次数: 0
2026-05-26 11:08:31.971 [INFO] main.cpp:368 - ======== 轮询统计 ========
2026-05-26 11:08:31.971 [INFO] main.cpp:369 -   任务组数:     20
2026-05-26 11:08:31.971 [INFO] main.cpp:370 -   成功事务:     0
2026-05-26 11:08:31.971 [INFO] main.cpp:371 -   失败事务:     1280
2026-05-26 11:08:31.971 [INFO] main.cpp:373 -   成功率:       0.0%
2026-05-26 11:08:31.971 [INFO] main.cpp:378 - ======== 命令队列统计 ========
2026-05-26 11:08:31.971 [INFO] main.cpp:379 -   已提交: 0  已执行: 0  成功: 0  失败: 0
2026-05-26 11:08:31.971 [INFO] main.cpp:384 -   队列大小: 0  平均耗时: 0.0ms
2026-05-26 11:08:32.972 [INFO] main.cpp:352 - ======== 总线统计 ========
2026-05-26 11:08:32.972 [INFO] main.cpp:353 -   总事务数:     1300
2026-05-26 11:08:32.972 [INFO] main.cpp:354 -   总错误数:     1280
2026-05-26 11:08:32.972 [INFO] main.cpp:355 -   发送字节数:   10400
2026-05-26 11:08:32.972 [INFO] main.cpp:356 -   接收字节数:   0
2026-05-26 11:08:32.972 [INFO] main.cpp:357 -   平均延迟:     0.00 ms
2026-05-26 11:08:32.972 [INFO] main.cpp:358 -   最大延迟:     0.00 ms
2026-05-26 11:08:32.973 [INFO] main.cpp:359 -   总线争用次数: 0
2026-05-26 11:08:32.973 [INFO] main.cpp:368 - ======== 轮询统计 ========
2026-05-26 11:08:32.973 [INFO] main.cpp:369 -   任务组数:     20
2026-05-26 11:08:32.973 [INFO] main.cpp:370 -   成功事务:     0
2026-05-26 11:08:32.973 [INFO] main.cpp:371 -   失败事务:     1280
2026-05-26 11:08:32.973 [INFO] main.cpp:373 -   成功率:       0.0%
2026-05-26 11:08:32.973 [INFO] main.cpp:378 - ======== 命令队列统计 ========
2026-05-26 11:08:32.973 [INFO] main.cpp:379 -   已提交: 0  已执行: 0  成功: 0  失败: 0
2026-05-26 11:08:32.973 [INFO] main.cpp:384 -   队列大小: 0  平均耗时: 0.0ms
2026-05-26 11:08:33.974 [INFO] main.cpp:352 - ======== 总线统计 ========
2026-05-26 11:08:33.974 [INFO] main.cpp:353 -   总事务数:     1300
2026-05-26 11:08:33.974 [INFO] main.cpp:354 -   总错误数:     1300
2026-05-26 11:08:33.974 [INFO] main.cpp:355 -   发送字节数:   10400
2026-05-26 11:08:33.974 [INFO] main.cpp:356 -   接收字节数:   0
2026-05-26 11:08:33.975 [INFO] main.cpp:357 -   平均延迟:     0.00 ms
2026-05-26 11:08:33.975 [INFO] main.cpp:358 -   最大延迟:     0.00 ms
2026-05-26 11:08:33.975 [INFO] main.cpp:359 -   总线争用次数: 0
2026-05-26 11:08:33.975 [INFO] main.cpp:368 - ======== 轮询统计 ========
2026-05-26 11:08:33.975 [INFO] main.cpp:369 -   任务组数:     20
2026-05-26 11:08:33.975 [INFO] main.cpp:370 -   成功事务:     0
2026-05-26 11:08:33.975 [INFO] main.cpp:371 -   失败事务:     1300
2026-05-26 11:08:33.975 [INFO] main.cpp:373 -   成功率:       0.0%
2026-05-26 11:08:33.975 [INFO] main.cpp:378 - ======== 命令队列统计 ========
2026-05-26 11:08:33.975 [INFO] main.cpp:379 -   已提交: 0  已执行: 0  成功: 0  失败: 0
2026-05-26 11:08:33.975 [INFO] main.cpp:384 -   队列大小: 0  平均耗时: 0.0ms
2026-05-26 11:08:34.976 [INFO] main.cpp:352 - ======== 总线统计 ========
2026-05-26 11:08:34.976 [INFO] main.cpp:353 -   总事务数:     1300
2026-05-26 11:08:34.976 [INFO] main.cpp:354 -   总错误数:     1300
2026-05-26 11:08:34.976 [INFO] main.cpp:355 -   发送字节数:   10400
2026-05-26 11:08:34.976 [INFO] main.cpp:356 -   接收字节数:   0
2026-05-26 11:08:34.976 [INFO] main.cpp:357 -   平均延迟:     0.00 ms
2026-05-26 11:08:34.976 [INFO] main.cpp:358 -   最大延迟:     0.00 ms
2026-05-26 11:08:34.976 [INFO] main.cpp:359 -   总线争用次数: 0
2026-05-26 11:08:34.977 [INFO] main.cpp:368 - ======== 轮询统计 ========
2026-05-26 11:08:34.977 [INFO] main.cpp:369 -   任务组数:     20
2026-05-26 11:08:34.977 [INFO] main.cpp:370 -   成功事务:     0
2026-05-26 11:08:34.977 [INFO] main.cpp:371 -   失败事务:     1300
2026-05-26 11:08:34.977 [INFO] main.cpp:373 -   成功率:       0.0%
2026-05-26 11:08:34.977 [INFO] main.cpp:378 - ======== 命令队列统计 ========
2026-05-26 11:08:34.977 [INFO] main.cpp:379 -   已提交: 0  已执行: 0  成功: 0  失败: 0
2026-05-26 11:08:34.977 [INFO] main.cpp:384 -   队列大小: 0  平均耗时: 0.0ms
2026-05-26 11:08:35.977 [INFO] main.cpp:352 - ======== 总线统计 ========
2026-05-26 11:08:35.978 [INFO] main.cpp:353 -   总事务数:     1300
2026-05-26 11:08:35.978 [INFO] main.cpp:354 -   总错误数:     1300
2026-05-26 11:08:35.978 [INFO] main.cpp:355 -   发送字节数:   10400
2026-05-26 11:08:35.978 [INFO] main.cpp:356 -   接收字节数:   0
2026-05-26 11:08:35.978 [INFO] main.cpp:357 -   平均延迟:     0.00 ms
2026-05-26 11:08:35.978 [INFO] main.cpp:358 -   最大延迟:     0.00 ms
2026-05-26 11:08:35.978 [INFO] main.cpp:359 -   总线争用次数: 0
2026-05-26 11:08:35.978 [INFO] main.cpp:368 - ======== 轮询统计 ========
2026-05-26 11:08:35.978 [INFO] main.cpp:369 -   任务组数:     20
2026-05-26 11:08:35.978 [INFO] main.cpp:370 -   成功事务:     0
2026-05-26 11:08:35.978 [INFO] main.cpp:371 -   失败事务:     1300
2026-05-26 11:08:35.978 [INFO] main.cpp:373 -   成功率:       0.0%
2026-05-26 11:08:35.978 [INFO] main.cpp:378 - ======== 命令队列统计 ========
2026-05-26 11:08:35.978 [INFO] main.cpp:379 -   已提交: 0  已执行: 0  成功: 0  失败: 0
2026-05-26 11:08:35.978 [INFO] main.cpp:384 -   队列大小: 0  平均耗时: 0.0ms
2026-05-26 11:08:36.979 [INFO] main.cpp:352 - ======== 总线统计 ========
2026-05-26 11:08:36.980 [INFO] main.cpp:353 -   总事务数:     1300
2026-05-26 11:08:36.980 [INFO] main.cpp:354 -   总错误数:     1300
2026-05-26 11:08:36.980 [INFO] main.cpp:355 -   发送字节数:   10400
2026-05-26 11:08:36.980 [INFO] main.cpp:356 -   接收字节数:   0
2026-05-26 11:08:36.980 [INFO] main.cpp:357 -   平均延迟:     0.00 ms
2026-05-26 11:08:36.980 [INFO] main.cpp:358 -   最大延迟:     0.00 ms
2026-05-26 11:08:36.980 [INFO] main.cpp:359 -   总线争用次数: 0
2026-05-26 11:08:36.980 [INFO] main.cpp:368 - ======== 轮询统计 ========
2026-05-26 11:08:36.980 [INFO] main.cpp:369 -   任务组数:     20
2026-05-26 11:08:36.980 [INFO] main.cpp:370 -   成功事务:     0
2026-05-26 11:08:36.980 [INFO] main.cpp:371 -   失败事务:     1300
2026-05-26 11:08:36.980 [INFO] main.cpp:373 -   成功率:       0.0%
2026-05-26 11:08:36.980 [INFO] main.cpp:378 - ======== 命令队列统计 ========
2026-05-26 11:08:36.980 [INFO] main.cpp:379 -   已提交: 0  已执行: 0  成功: 0  失败: 0
2026-05-26 11:08:36.980 [INFO] main.cpp:384 -   队列大小: 0  平均耗时: 0.0ms
2026-05-26 11:08:37.981 [INFO] main.cpp:352 - ======== 总线统计 ========
2026-05-26 11:08:37.982 [INFO] main.cpp:353 -   总事务数:     1320
2026-05-26 11:08:37.982 [INFO] main.cpp:354 -   总错误数:     1300
2026-05-26 11:08:37.982 [INFO] main.cpp:355 -   发送字节数:   10560
2026-05-26 11:08:37.982 [INFO] main.cpp:356 -   接收字节数:   0
2026-05-26 11:08:37.982 [INFO] main.cpp:357 -   平均延迟:     0.00 ms
2026-05-26 11:08:37.982 [INFO] main.cpp:358 -   最大延迟:     0.00 ms
2026-05-26 11:08:37.982 [INFO] main.cpp:359 -   总线争用次数: 0
2026-05-26 11:08:37.982 [INFO] main.cpp:368 - ======== 轮询统计 ========
2026-05-26 11:08:37.982 [INFO] main.cpp:369 -   任务组数:     20
2026-05-26 11:08:37.982 [INFO] main.cpp:370 -   成功事务:     0
2026-05-26 11:08:37.982 [INFO] main.cpp:371 -   失败事务:     1300
2026-05-26 11:08:37.982 [INFO] main.cpp:373 -   成功率:       0.0%
2026-05-26 11:08:37.982 [INFO] main.cpp:378 - ======== 命令队列统计 ========
2026-05-26 11:08:37.982 [INFO] main.cpp:379 -   已提交: 0  已执行: 0  成功: 0  失败: 0
2026-05-26 11:08:37.982 [INFO] main.cpp:384 -   队列大小: 0  平均耗时: 0.0ms
2026-05-26 11:08:38.983 [INFO] main.cpp:352 - ======== 总线统计 ========
2026-05-26 11:08:38.983 [INFO] main.cpp:353 -   总事务数:     1320
2026-05-26 11:08:38.983 [INFO] main.cpp:354 -   总错误数:     1320
2026-05-26 11:08:38.984 [INFO] main.cpp:355 -   发送字节数:   10560
2026-05-26 11:08:38.984 [INFO] main.cpp:356 -   接收字节数:   0
2026-05-26 11:08:38.984 [INFO] main.cpp:357 -   平均延迟:     0.00 ms
2026-05-26 11:08:38.984 [INFO] main.cpp:358 -   最大延迟:     0.00 ms
2026-05-26 11:08:38.984 [INFO] main.cpp:359 -   总线争用次数: 0
2026-05-26 11:08:38.984 [INFO] main.cpp:368 - ======== 轮询统计 ========
2026-05-26 11:08:38.984 [INFO] main.cpp:369 -   任务组数:     20
2026-05-26 11:08:38.984 [INFO] main.cpp:370 -   成功事务:     0
2026-05-26 11:08:38.984 [INFO] main.cpp:371 -   失败事务:     1320
2026-05-26 11:08:38.984 [INFO] main.cpp:373 -   成功率:       0.0%
2026-05-26 11:08:38.984 [INFO] main.cpp:378 - ======== 命令队列统计 ========
2026-05-26 11:08:38.984 [INFO] main.cpp:379 -   已提交: 0  已执行: 0  成功: 0  失败: 0
2026-05-26 11:08:38.984 [INFO] main.cpp:384 -   队列大小: 0  平均耗时: 0.0ms
2026-05-26 11:08:39.985 [INFO] main.cpp:352 - ======== 总线统计 ========
2026-05-26 11:08:39.985 [INFO] main.cpp:353 -   总事务数:     1320
2026-05-26 11:08:39.985 [INFO] main.cpp:354 -   总错误数:     1320
2026-05-26 11:08:39.985 [INFO] main.cpp:355 -   发送字节数:   10560
2026-05-26 11:08:39.985 [INFO] main.cpp:356 -   接收字节数:   0
2026-05-26 11:08:39.985 [INFO] main.cpp:357 -   平均延迟:     0.00 ms
2026-05-26 11:08:39.985 [INFO] main.cpp:358 -   最大延迟:     0.00 ms
2026-05-26 11:08:39.985 [INFO] main.cpp:359 -   总线争用次数: 0
2026-05-26 11:08:39.985 [INFO] main.cpp:368 - ======== 轮询统计 ========
2026-05-26 11:08:39.986 [INFO] main.cpp:369 -   任务组数:     20
2026-05-26 11:08:39.986 [INFO] main.cpp:370 -   成功事务:     0
2026-05-26 11:08:39.986 [INFO] main.cpp:371 -   失败事务:     1320
2026-05-26 11:08:39.986 [INFO] main.cpp:373 -   成功率:       0.0%
2026-05-26 11:08:39.986 [INFO] main.cpp:378 - ======== 命令队列统计 ========
2026-05-26 11:08:39.986 [INFO] main.cpp:379 -   已提交: 0  已执行: 0  成功: 0  失败: 0
2026-05-26 11:08:39.986 [INFO] main.cpp:384 -   队列大小: 0  平均耗时: 0.0ms
2026-05-26 11:08:40.987 [INFO] main.cpp:352 - ======== 总线统计 ========
2026-05-26 11:08:40.987 [INFO] main.cpp:353 -   总事务数:     1320
2026-05-26 11:08:40.987 [INFO] main.cpp:354 -   总错误数:     1320
2026-05-26 11:08:40.987 [INFO] main.cpp:355 -   发送字节数:   10560
2026-05-26 11:08:40.987 [INFO] main.cpp:356 -   接收字节数:   0
2026-05-26 11:08:40.987 [INFO] main.cpp:357 -   平均延迟:     0.00 ms
2026-05-26 11:08:40.987 [INFO] main.cpp:358 -   最大延迟:     0.00 ms
2026-05-26 11:08:40.987 [INFO] main.cpp:359 -   总线争用次数: 0
2026-05-26 11:08:40.987 [INFO] main.cpp:368 - ======== 轮询统计 ========
2026-05-26 11:08:40.987 [INFO] main.cpp:369 -   任务组数:     20
2026-05-26 11:08:40.987 [INFO] main.cpp:370 -   成功事务:     0
2026-05-26 11:08:40.987 [INFO] main.cpp:371 -   失败事务:     1320
2026-05-26 11:08:40.988 [INFO] main.cpp:373 -   成功率:       0.0%
2026-05-26 11:08:40.988 [INFO] main.cpp:378 - ======== 命令队列统计 ========
2026-05-26 11:08:40.988 [INFO] main.cpp:379 -   已提交: 0  已执行: 0  成功: 0  失败: 0
2026-05-26 11:08:40.988 [INFO] main.cpp:384 -   队列大小: 0  平均耗时: 0.0ms
2026-05-26 11:08:41.989 [INFO] main.cpp:352 - ======== 总线统计 ========
2026-05-26 11:08:41.989 [INFO] main.cpp:353 -   总事务数:     1320
2026-05-26 11:08:41.989 [INFO] main.cpp:354 -   总错误数:     1320
2026-05-26 11:08:41.989 [INFO] main.cpp:355 -   发送字节数:   10560
2026-05-26 11:08:41.989 [INFO] main.cpp:356 -   接收字节数:   0
2026-05-26 11:08:41.989 [INFO] main.cpp:357 -   平均延迟:     0.00 ms
2026-05-26 11:08:41.989 [INFO] main.cpp:358 -   最大延迟:     0.00 ms
2026-05-26 11:08:41.989 [INFO] main.cpp:359 -   总线争用次数: 0
2026-05-26 11:08:41.989 [INFO] main.cpp:368 - ======== 轮询统计 ========
2026-05-26 11:08:41.989 [INFO] main.cpp:369 -   任务组数:     20
2026-05-26 11:08:41.989 [INFO] main.cpp:370 -   成功事务:     0
2026-05-26 11:08:41.989 [INFO] main.cpp:371 -   失败事务:     1320
2026-05-26 11:08:41.989 [INFO] main.cpp:373 -   成功率:       0.0%
2026-05-26 11:08:41.989 [INFO] main.cpp:378 - ======== 命令队列统计 ========
2026-05-26 11:08:41.990 [INFO] main.cpp:379 -   已提交: 0  已执行: 0  成功: 0  失败: 0
2026-05-26 11:08:41.990 [INFO] main.cpp:384 -   队列大小: 0  平均耗时: 0.0ms
2026-05-26 11:08:42.991 [INFO] main.cpp:352 - ======== 总线统计 ========
2026-05-26 11:08:42.991 [INFO] main.cpp:353 -   总事务数:     1340
2026-05-26 11:08:42.991 [INFO] main.cpp:354 -   总错误数:     1320
2026-05-26 11:08:42.991 [INFO] main.cpp:355 -   发送字节数:   10720
2026-05-26 11:08:42.991 [INFO] main.cpp:356 -   接收字节数:   0
2026-05-26 11:08:42.991 [INFO] main.cpp:357 -   平均延迟:     0.00 ms
2026-05-26 11:08:42.991 [INFO] main.cpp:358 -   最大延迟:     0.00 ms
2026-05-26 11:08:42.991 [INFO] main.cpp:359 -   总线争用次数: 0
2026-05-26 11:08:42.991 [INFO] main.cpp:368 - ======== 轮询统计 ========
2026-05-26 11:08:42.991 [INFO] main.cpp:369 -   任务组数:     20
2026-05-26 11:08:42.991 [INFO] main.cpp:370 -   成功事务:     0
2026-05-26 11:08:42.991 [INFO] main.cpp:371 -   失败事务:     1320
2026-05-26 11:08:42.991 [INFO] main.cpp:373 -   成功率:       0.0%
2026-05-26 11:08:42.991 [INFO] main.cpp:378 - ======== 命令队列统计 ========
2026-05-26 11:08:42.992 [INFO] main.cpp:379 -   已提交: 0  已执行: 0  成功: 0  失败: 0
2026-05-26 11:08:42.992 [INFO] main.cpp:384 -   队列大小: 0  平均耗时: 0.0ms
2026-05-26 11:08:43.993 [INFO] main.cpp:352 - ======== 总线统计 ========
2026-05-26 11:08:43.993 [INFO] main.cpp:353 -   总事务数:     1340
2026-05-26 11:08:43.993 [INFO] main.cpp:354 -   总错误数:     1340
2026-05-26 11:08:43.993 [INFO] main.cpp:355 -   发送字节数:   10720
2026-05-26 11:08:43.993 [INFO] main.cpp:356 -   接收字节数:   0
2026-05-26 11:08:43.993 [INFO] main.cpp:357 -   平均延迟:     0.00 ms
2026-05-26 11:08:43.993 [INFO] main.cpp:358 -   最大延迟:     0.00 ms
2026-05-26 11:08:43.993 [INFO] main.cpp:359 -   总线争用次数: 0
2026-05-26 11:08:43.993 [INFO] main.cpp:368 - ======== 轮询统计 ========
2026-05-26 11:08:43.993 [INFO] main.cpp:369 -   任务组数:     20
2026-05-26 11:08:43.993 [INFO] main.cpp:370 -   成功事务:     0
2026-05-26 11:08:43.993 [INFO] main.cpp:371 -   失败事务:     1340
2026-05-26 11:08:43.993 [INFO] main.cpp:373 -   成功率:       0.0%
2026-05-26 11:08:43.993 [INFO] main.cpp:378 - ======== 命令队列统计 ========
2026-05-26 11:08:43.993 [INFO] main.cpp:379 -   已提交: 0  已执行: 0  成功: 0  失败: 0
2026-05-26 11:08:43.994 [INFO] main.cpp:384 -   队列大小: 0  平均耗时: 0.0ms
2026-05-26 11:08:44.994 [INFO] main.cpp:352 - ======== 总线统计 ========
2026-05-26 11:08:44.994 [INFO] main.cpp:353 -   总事务数:     1340
2026-05-26 11:08:44.994 [INFO] main.cpp:354 -   总错误数:     1340
2026-05-26 11:08:44.994 [INFO] main.cpp:355 -   发送字节数:   10720
2026-05-26 11:08:44.994 [INFO] main.cpp:356 -   接收字节数:   0
2026-05-26 11:08:44.994 [INFO] main.cpp:357 -   平均延迟:     0.00 ms
2026-05-26 11:08:44.994 [INFO] main.cpp:358 -   最大延迟:     0.00 ms
2026-05-26 11:08:44.994 [INFO] main.cpp:359 -   总线争用次数: 0
2026-05-26 11:08:44.995 [INFO] main.cpp:368 - ======== 轮询统计 ========
2026-05-26 11:08:44.995 [INFO] main.cpp:369 -   任务组数:     20
2026-05-26 11:08:44.995 [INFO] main.cpp:370 -   成功事务:     0
2026-05-26 11:08:44.995 [INFO] main.cpp:371 -   失败事务:     1340
2026-05-26 11:08:44.995 [INFO] main.cpp:373 -   成功率:       0.0%
2026-05-26 11:08:44.995 [INFO] main.cpp:378 - ======== 命令队列统计 ========
2026-05-26 11:08:44.995 [INFO] main.cpp:379 -   已提交: 0  已执行: 0  成功: 0  失败: 0
2026-05-26 11:08:44.995 [INFO] main.cpp:384 -   队列大小: 0  平均耗时: 0.0ms
2026-05-26 11:08:45.996 [INFO] main.cpp:352 - ======== 总线统计 ========
2026-05-26 11:08:45.996 [INFO] main.cpp:353 -   总事务数:     1340
2026-05-26 11:08:45.996 [INFO] main.cpp:354 -   总错误数:     1340
2026-05-26 11:08:45.996 [INFO] main.cpp:355 -   发送字节数:   10720
2026-05-26 11:08:45.996 [INFO] main.cpp:356 -   接收字节数:   0
2026-05-26 11:08:45.996 [INFO] main.cpp:357 -   平均延迟:     0.00 ms
2026-05-26 11:08:45.996 [INFO] main.cpp:358 -   最大延迟:     0.00 ms
2026-05-26 11:08:45.996 [INFO] main.cpp:359 -   总线争用次数: 0
2026-05-26 11:08:45.996 [INFO] main.cpp:368 - ======== 轮询统计 ========
2026-05-26 11:08:45.996 [INFO] main.cpp:369 -   任务组数:     20
2026-05-26 11:08:45.997 [INFO] main.cpp:370 -   成功事务:     0
2026-05-26 11:08:45.997 [INFO] main.cpp:371 -   失败事务:     1340
2026-05-26 11:08:45.997 [INFO] main.cpp:373 -   成功率:       0.0%
2026-05-26 11:08:45.997 [INFO] main.cpp:378 - ======== 命令队列统计 ========
2026-05-26 11:08:45.997 [INFO] main.cpp:379 -   已提交: 0  已执行: 0  成功: 0  失败: 0
2026-05-26 11:08:45.997 [INFO] main.cpp:384 -   队列大小: 0  平均耗时: 0.0ms
2026-05-26 11:08:46.997 [INFO] main.cpp:352 - ======== 总线统计 ========
2026-05-26 11:08:46.998 [INFO] main.cpp:353 -   总事务数:     1340
2026-05-26 11:08:46.998 [INFO] main.cpp:354 -   总错误数:     1340
2026-05-26 11:08:46.998 [INFO] main.cpp:355 -   发送字节数:   10720
2026-05-26 11:08:46.998 [INFO] main.cpp:356 -   接收字节数:   0
2026-05-26 11:08:46.998 [INFO] main.cpp:357 -   平均延迟:     0.00 ms
2026-05-26 11:08:46.998 [INFO] main.cpp:358 -   最大延迟:     0.00 ms
2026-05-26 11:08:46.998 [INFO] main.cpp:359 -   总线争用次数: 0
2026-05-26 11:08:46.998 [INFO] main.cpp:368 - ======== 轮询统计 ========
2026-05-26 11:08:46.998 [INFO] main.cpp:369 -   任务组数:     20
2026-05-26 11:08:46.998 [INFO] main.cpp:370 -   成功事务:     0
2026-05-26 11:08:46.998 [INFO] main.cpp:371 -   失败事务:     1340
2026-05-26 11:08:46.998 [INFO] main.cpp:373 -   成功率:       0.0%
2026-05-26 11:08:46.998 [INFO] main.cpp:378 - ======== 命令队列统计 ========
2026-05-26 11:08:46.998 [INFO] main.cpp:379 -   已提交: 0  已执行: 0  成功: 0  失败: 0
2026-05-26 11:08:46.998 [INFO] main.cpp:384 -   队列大小: 0  平均耗时: 0.0ms
2026-05-26 11:08:47.999 [INFO] main.cpp:352 - ======== 总线统计 ========
2026-05-26 11:08:48.000 [INFO] main.cpp:353 -   总事务数:     1360
2026-05-26 11:08:48.000 [INFO] main.cpp:354 -   总错误数:     1340
2026-05-26 11:08:48.000 [INFO] main.cpp:355 -   发送字节数:   10880
2026-05-26 11:08:48.000 [INFO] main.cpp:356 -   接收字节数:   0
2026-05-26 11:08:48.000 [INFO] main.cpp:357 -   平均延迟:     0.00 ms
2026-05-26 11:08:48.000 [INFO] main.cpp:358 -   最大延迟:     0.00 ms
2026-05-26 11:08:48.000 [INFO] main.cpp:359 -   总线争用次数: 0
2026-05-26 11:08:48.000 [INFO] main.cpp:368 - ======== 轮询统计 ========
2026-05-26 11:08:48.000 [INFO] main.cpp:369 -   任务组数:     20
2026-05-26 11:08:48.000 [INFO] main.cpp:370 -   成功事务:     0
2026-05-26 11:08:48.000 [INFO] main.cpp:371 -   失败事务:     1340
2026-05-26 11:08:48.000 [INFO] main.cpp:373 -   成功率:       0.0%
2026-05-26 11:08:48.000 [INFO] main.cpp:378 - ======== 命令队列统计 ========
2026-05-26 11:08:48.000 [INFO] main.cpp:379 -   已提交: 0  已执行: 0  成功: 0  失败: 0
2026-05-26 11:08:48.000 [INFO] main.cpp:384 -   队列大小: 0  平均耗时: 0.0ms
2026-05-26 11:08:49.001 [INFO] main.cpp:352 - ======== 总线统计 ========
2026-05-26 11:08:49.001 [INFO] main.cpp:353 -   总事务数:     1360
2026-05-26 11:08:49.001 [INFO] main.cpp:354 -   总错误数:     1360
2026-05-26 11:08:49.001 [INFO] main.cpp:355 -   发送字节数:   10880
2026-05-26 11:08:49.001 [INFO] main.cpp:356 -   接收字节数:   0
2026-05-26 11:08:49.001 [INFO] main.cpp:357 -   平均延迟:     0.00 ms
2026-05-26 11:08:49.001 [INFO] main.cpp:358 -   最大延迟:     0.00 ms
2026-05-26 11:08:49.001 [INFO] main.cpp:359 -   总线争用次数: 0
2026-05-26 11:08:49.001 [INFO] main.cpp:368 - ======== 轮询统计 ========
2026-05-26 11:08:49.001 [INFO] main.cpp:369 -   任务组数:     20
2026-05-26 11:08:49.001 [INFO] main.cpp:370 -   成功事务:     0
2026-05-26 11:08:49.001 [INFO] main.cpp:371 -   失败事务:     1360
2026-05-26 11:08:49.002 [INFO] main.cpp:373 -   成功率:       0.0%
2026-05-26 11:08:49.002 [INFO] main.cpp:378 - ======== 命令队列统计 ========
2026-05-26 11:08:49.002 [INFO] main.cpp:379 -   已提交: 0  已执行: 0  成功: 0  失败: 0
2026-05-26 11:08:49.002 [INFO] main.cpp:384 -   队列大小: 0  平均耗时: 0.0ms
2026-05-26 11:08:50.003 [INFO] main.cpp:352 - ======== 总线统计 ========
2026-05-26 11:08:50.003 [INFO] main.cpp:353 -   总事务数:     1360
2026-05-26 11:08:50.003 [INFO] main.cpp:354 -   总错误数:     1360
2026-05-26 11:08:50.003 [INFO] main.cpp:355 -   发送字节数:   10880
2026-05-26 11:08:50.003 [INFO] main.cpp:356 -   接收字节数:   0
2026-05-26 11:08:50.003 [INFO] main.cpp:357 -   平均延迟:     0.00 ms
2026-05-26 11:08:50.003 [INFO] main.cpp:358 -   最大延迟:     0.00 ms
2026-05-26 11:08:50.003 [INFO] main.cpp:359 -   总线争用次数: 0
2026-05-26 11:08:50.003 [INFO] main.cpp:368 - ======== 轮询统计 ========
2026-05-26 11:08:50.003 [INFO] main.cpp:369 -   任务组数:     20
2026-05-26 11:08:50.003 [INFO] main.cpp:370 -   成功事务:     0
2026-05-26 11:08:50.003 [INFO] main.cpp:371 -   失败事务:     1360
2026-05-26 11:08:50.004 [INFO] main.cpp:373 -   成功率:       0.0%
2026-05-26 11:08:50.004 [INFO] main.cpp:378 - ======== 命令队列统计 ========
2026-05-26 11:08:50.004 [INFO] main.cpp:379 -   已提交: 0  已执行: 0  成功: 0  失败: 0
2026-05-26 11:08:50.004 [INFO] main.cpp:384 -   队列大小: 0  平均耗时: 0.0ms
2026-05-26 11:08:51.004 [INFO] main.cpp:352 - ======== 总线统计 ========
2026-05-26 11:08:51.004 [INFO] main.cpp:353 -   总事务数:     1360
2026-05-26 11:08:51.004 [INFO] main.cpp:354 -   总错误数:     1360
2026-05-26 11:08:51.004 [INFO] main.cpp:355 -   发送字节数:   10880
2026-05-26 11:08:51.004 [INFO] main.cpp:356 -   接收字节数:   0
2026-05-26 11:08:51.004 [INFO] main.cpp:357 -   平均延迟:     0.00 ms
2026-05-26 11:08:51.004 [INFO] main.cpp:358 -   最大延迟:     0.00 ms
2026-05-26 11:08:51.004 [INFO] main.cpp:359 -   总线争用次数: 0
2026-05-26 11:08:51.005 [INFO] main.cpp:368 - ======== 轮询统计 ========
2026-05-26 11:08:51.005 [INFO] main.cpp:369 -   任务组数:     20
2026-05-26 11:08:51.005 [INFO] main.cpp:370 -   成功事务:     0
2026-05-26 11:08:51.005 [INFO] main.cpp:371 -   失败事务:     1360
2026-05-26 11:08:51.005 [INFO] main.cpp:373 -   成功率:       0.0%
2026-05-26 11:08:51.005 [INFO] main.cpp:378 - ======== 命令队列统计 ========
2026-05-26 11:08:51.005 [INFO] main.cpp:379 -   已提交: 0  已执行: 0  成功: 0  失败: 0
2026-05-26 11:08:51.005 [INFO] main.cpp:384 -   队列大小: 0  平均耗时: 0.0ms
2026-05-26 11:08:52.006 [INFO] main.cpp:352 - ======== 总线统计 ========
2026-05-26 11:08:52.006 [INFO] main.cpp:353 -   总事务数:     1360
2026-05-26 11:08:52.006 [INFO] main.cpp:354 -   总错误数:     1360
2026-05-26 11:08:52.006 [INFO] main.cpp:355 -   发送字节数:   10880
2026-05-26 11:08:52.006 [INFO] main.cpp:356 -   接收字节数:   0
2026-05-26 11:08:52.006 [INFO] main.cpp:357 -   平均延迟:     0.00 ms
2026-05-26 11:08:52.006 [INFO] main.cpp:358 -   最大延迟:     0.00 ms
2026-05-26 11:08:52.006 [INFO] main.cpp:359 -   总线争用次数: 0
2026-05-26 11:08:52.006 [INFO] main.cpp:368 - ======== 轮询统计 ========
2026-05-26 11:08:52.007 [INFO] main.cpp:369 -   任务组数:     20
2026-05-26 11:08:52.007 [INFO] main.cpp:370 -   成功事务:     0
2026-05-26 11:08:52.007 [INFO] main.cpp:371 -   失败事务:     1360
2026-05-26 11:08:52.007 [INFO] main.cpp:373 -   成功率:       0.0%
2026-05-26 11:08:52.007 [INFO] main.cpp:378 - ======== 命令队列统计 ========
2026-05-26 11:08:52.007 [INFO] main.cpp:379 -   已提交: 0  已执行: 0  成功: 0  失败: 0
2026-05-26 11:08:52.007 [INFO] main.cpp:384 -   队列大小: 0  平均耗时: 0.0ms
2026-05-26 11:08:52.628 [INFO] main.cpp:392 - 正在停止 Web 服务器...
2026-05-26 11:08:53.523 [INFO] main.cpp:395 - 正在停止所有应用...
2026-05-26 11:08:53.523 [INFO] main.cpp:398 - 正在停止命令队列...
2026-05-26 11:08:53.523 [INFO] command_queue.cpp:307 - 命令处理线程 #0 已退出
2026-05-26 11:08:53.523 [INFO] command_queue.cpp:59 - 命令队列已停止
2026-05-26 11:08:53.523 [INFO] main.cpp:402 - 正在关闭串口...
2026-05-26 11:08:53.524 [INFO] main.cpp:405 - 正在停止轮询...
2026-05-26 11:08:53.624 [INFO] main.cpp:410 - ======== 最终统计 ========
2026-05-26 11:08:53.624 [INFO] main.cpp:411 -   总事务数:     1380
2026-05-26 11:08:53.624 [INFO] main.cpp:412 -   总错误数:     1380
2026-05-26 11:08:53.625 [INFO] main.cpp:413 -   成功率:       0.0%
2026-05-26 11:08:53.625 [INFO] main.cpp:417 -   平均延迟:     0.00 ms
2026-05-26 11:08:53.625 [INFO] main.cpp:418 -   最大延迟:     0.00 ms
2026-05-26 11:08:53.625 [INFO] main.cpp:419 - === 系统退出 ===

======================================================
  日志系统关闭: 2026-05-26 11:08:53.625
======================================================
