======================================================
  日志系统启动: 2026-05-26 08:59:59.754
  日志文件: ./logs/gateway_20260526_085959.log
  最大文件数: 50
  最低级别: INFO
======================================================
2026-05-26 08:59:59.754 [INFO] main.cpp:171 - === 系统启动 ===
2026-05-26 08:59:59.754 [INFO] main.cpp:172 - 串口: /dev/ttyS9, 波特率: 9600, 工作线程: 4
2026-05-26 08:59:59.754 [INFO] main.cpp:176 - 所有设备已初始化
2026-05-26 08:59:59.754 [INFO] app_security.cpp:39 - [安防应用] 初始化...
2026-05-26 08:59:59.755 [INFO] app_security.cpp:46 - [安防应用] 启动, 路由前缀: /security
2026-05-26 08:59:59.755 [INFO] main.cpp:183 - 应用管理器已启动, 注册了 1 个应用
2026-05-26 08:59:59.755 [INFO] main.cpp:188 - Web 服务器已启动
2026-05-26 08:59:59.755 [INFO] main.cpp:193 - 初始化串口总线: /dev/ttyS9 @ 9600 baud
2026-05-26 08:59:59.755 [INFO] command_queue.cpp:38 - 命令队列启动, 工作线程数: 1
2026-05-26 08:59:59.755 [INFO] main.cpp:211 - 串口总线已就绪, 工作线程数: 4
2026-05-26 08:59:59.755 [INFO] command_queue.cpp:228 - 命令处理线程 #0 已启动
2026-05-26 08:59:59.756 [INFO] main.cpp:310 - 共 20 个轮询任务:
2026-05-26 08:59:59.756 [INFO] main.cpp:313 -   [1] PM2.5传感器 - PM2.5 (间隔: 5000 ms)
2026-05-26 08:59:59.756 [INFO] main.cpp:313 -   [2] PM10传感器 - PM10 (间隔: 5000 ms)
2026-05-26 08:59:59.756 [INFO] main.cpp:313 -   [3] 湿度传感器 - 湿度 (间隔: 5000 ms)
2026-05-26 08:59:59.756 [INFO] main.cpp:313 -   [4] 温度传感器 - 温度 (间隔: 5000 ms)
2026-05-26 08:59:59.756 [INFO] main.cpp:313 -   [5] TVOC传感器 - TVOC (间隔: 5000 ms)
2026-05-26 08:59:59.756 [INFO] main.cpp:313 -   [6] 甲醛传感器 - 甲醛 (间隔: 5000 ms)
2026-05-26 08:59:59.756 [INFO] main.cpp:313 -   [7] 臭氧传感器 - 臭氧 (间隔: 5000 ms)
2026-05-26 08:59:59.756 [INFO] main.cpp:313 -   [8] CO2传感器 - CO2 (间隔: 5000 ms)
2026-05-26 08:59:59.756 [INFO] main.cpp:313 -   [9] 烟雾报警器 - 报警状态 (间隔: 5000 ms)
2026-05-26 08:59:59.756 [INFO] main.cpp:313 -   [10] 恒湿净化一体机 - 环境数据 (间隔: 5000 ms)
2026-05-26 08:59:59.756 [INFO] main.cpp:313 -   [11] 恒湿净化一体机 - 电源状态 (间隔: 5000 ms)
2026-05-26 08:59:59.756 [INFO] main.cpp:313 -   [12] 恒湿净化一体机 - 故障状态 (间隔: 5000 ms)
2026-05-26 08:59:59.756 [INFO] main.cpp:313 -   [13] 报警装置 - 状态 (间隔: 5000 ms)
2026-05-26 08:59:59.756 [INFO] main.cpp:313 -   [14] 水浸传感器 - 浸水状态 (间隔: 5000 ms)
2026-05-26 08:59:59.756 [INFO] main.cpp:313 -   [15] 红外探测器 - 红外状态 (间隔: 5000 ms)
2026-05-26 08:59:59.756 [INFO] main.cpp:313 -   [16] 红外探测器 - 雷达状态 (间隔: 5000 ms)
2026-05-26 08:59:59.756 [INFO] main.cpp:313 -   [17] 霉菌空气净化机 - 环境数据 (间隔: 5000 ms)
2026-05-26 08:59:59.756 [INFO] main.cpp:313 -   [18] 霉菌空气净化机 - 运行模式 (间隔: 5000 ms)
2026-05-26 08:59:59.757 [INFO] main.cpp:313 -   [19] 霉菌空气净化机 - 电源状态 (间隔: 5000 ms)
2026-05-26 08:59:59.757 [INFO] main.cpp:313 -   [20] 弱光检测传感器 - 光照度 (间隔: 5000 ms)
2026-05-26 08:59:59.759 [INFO] main.cpp:330 - 多线程轮询已启动, 按 Ctrl+C 退出
2026-05-26 09:00:00.760 [INFO] main.cpp:352 - ======== 总线统计 ========
2026-05-26 09:00:00.760 [INFO] main.cpp:353 -   总事务数:     20
2026-05-26 09:00:00.760 [INFO] main.cpp:354 -   总错误数:     0
2026-05-26 09:00:00.760 [INFO] main.cpp:355 -   发送字节数:   160
2026-05-26 09:00:00.760 [INFO] main.cpp:356 -   接收字节数:   0
2026-05-26 09:00:00.760 [INFO] main.cpp:357 -   平均延迟:     0.00 ms
2026-05-26 09:00:00.760 [INFO] main.cpp:358 -   最大延迟:     0.00 ms
2026-05-26 09:00:00.760 [INFO] main.cpp:359 -   总线争用次数: 0
2026-05-26 09:00:00.760 [INFO] main.cpp:368 - ======== 轮询统计 ========
2026-05-26 09:00:00.760 [INFO] main.cpp:369 -   任务组数:     20
2026-05-26 09:00:00.760 [INFO] main.cpp:370 -   成功事务:     0
2026-05-26 09:00:00.760 [INFO] main.cpp:371 -   失败事务:     0
2026-05-26 09:00:00.760 [INFO] main.cpp:378 - ======== 命令队列统计 ========
2026-05-26 09:00:00.760 [INFO] main.cpp:379 -   已提交: 0  已执行: 0  成功: 0  失败: 0
2026-05-26 09:00:00.760 [INFO] main.cpp:384 -   队列大小: 0  平均耗时: 0.0ms
2026-05-26 09:00:01.762 [INFO] main.cpp:352 - ======== 总线统计 ========
2026-05-26 09:00:01.762 [INFO] main.cpp:353 -   总事务数:     20
2026-05-26 09:00:01.762 [INFO] main.cpp:354 -   总错误数:     20
2026-05-26 09:00:01.762 [INFO] main.cpp:355 -   发送字节数:   160
2026-05-26 09:00:01.762 [INFO] main.cpp:356 -   接收字节数:   0
2026-05-26 09:00:01.762 [INFO] main.cpp:357 -   平均延迟:     0.00 ms
2026-05-26 09:00:01.762 [INFO] main.cpp:358 -   最大延迟:     0.00 ms
2026-05-26 09:00:01.762 [INFO] main.cpp:359 -   总线争用次数: 0
2026-05-26 09:00:01.762 [INFO] main.cpp:368 - ======== 轮询统计 ========
2026-05-26 09:00:01.762 [INFO] main.cpp:369 -   任务组数:     20
2026-05-26 09:00:01.762 [INFO] main.cpp:370 -   成功事务:     0
2026-05-26 09:00:01.762 [INFO] main.cpp:371 -   失败事务:     20
2026-05-26 09:00:01.762 [INFO] main.cpp:373 -   成功率:       0.0%
2026-05-26 09:00:01.762 [INFO] main.cpp:378 - ======== 命令队列统计 ========
2026-05-26 09:00:01.762 [INFO] main.cpp:379 -   已提交: 0  已执行: 0  成功: 0  失败: 0
2026-05-26 09:00:01.762 [INFO] main.cpp:384 -   队列大小: 0  平均耗时: 0.0ms
2026-05-26 09:00:02.764 [INFO] main.cpp:352 - ======== 总线统计 ========
2026-05-26 09:00:02.764 [INFO] main.cpp:353 -   总事务数:     20
2026-05-26 09:00:02.764 [INFO] main.cpp:354 -   总错误数:     20
2026-05-26 09:00:02.764 [INFO] main.cpp:355 -   发送字节数:   160
2026-05-26 09:00:02.764 [INFO] main.cpp:356 -   接收字节数:   0
2026-05-26 09:00:02.764 [INFO] main.cpp:357 -   平均延迟:     0.00 ms
2026-05-26 09:00:02.764 [INFO] main.cpp:358 -   最大延迟:     0.00 ms
2026-05-26 09:00:02.764 [INFO] main.cpp:359 -   总线争用次数: 0
2026-05-26 09:00:02.764 [INFO] main.cpp:368 - ======== 轮询统计 ========
2026-05-26 09:00:02.764 [INFO] main.cpp:369 -   任务组数:     20
2026-05-26 09:00:02.764 [INFO] main.cpp:370 -   成功事务:     0
2026-05-26 09:00:02.764 [INFO] main.cpp:371 -   失败事务:     20
2026-05-26 09:00:02.764 [INFO] main.cpp:373 -   成功率:       0.0%
2026-05-26 09:00:02.764 [INFO] main.cpp:378 - ======== 命令队列统计 ========
2026-05-26 09:00:02.764 [INFO] main.cpp:379 -   已提交: 0  已执行: 0  成功: 0  失败: 0
2026-05-26 09:00:02.764 [INFO] main.cpp:384 -   队列大小: 0  平均耗时: 0.0ms
2026-05-26 09:00:03.765 [INFO] main.cpp:352 - ======== 总线统计 ========
2026-05-26 09:00:03.765 [INFO] main.cpp:353 -   总事务数:     20
2026-05-26 09:00:03.765 [INFO] main.cpp:354 -   总错误数:     20
2026-05-26 09:00:03.765 [INFO] main.cpp:355 -   发送字节数:   160
2026-05-26 09:00:03.765 [INFO] main.cpp:356 -   接收字节数:   0
2026-05-26 09:00:03.765 [INFO] main.cpp:357 -   平均延迟:     0.00 ms
2026-05-26 09:00:03.765 [INFO] main.cpp:358 -   最大延迟:     0.00 ms
2026-05-26 09:00:03.765 [INFO] main.cpp:359 -   总线争用次数: 0
2026-05-26 09:00:03.765 [INFO] main.cpp:368 - ======== 轮询统计 ========
2026-05-26 09:00:03.765 [INFO] main.cpp:369 -   任务组数:     20
2026-05-26 09:00:03.765 [INFO] main.cpp:370 -   成功事务:     0
2026-05-26 09:00:03.766 [INFO] main.cpp:371 -   失败事务:     20
2026-05-26 09:00:03.766 [INFO] main.cpp:373 -   成功率:       0.0%
2026-05-26 09:00:03.766 [INFO] main.cpp:378 - ======== 命令队列统计 ========
2026-05-26 09:00:03.766 [INFO] main.cpp:379 -   已提交: 0  已执行: 0  成功: 0  失败: 0
2026-05-26 09:00:03.766 [INFO] main.cpp:384 -   队列大小: 0  平均耗时: 0.0ms
2026-05-26 09:00:04.767 [INFO] main.cpp:352 - ======== 总线统计 ========
2026-05-26 09:00:04.767 [INFO] main.cpp:353 -   总事务数:     40
2026-05-26 09:00:04.767 [INFO] main.cpp:354 -   总错误数:     20
2026-05-26 09:00:04.767 [INFO] main.cpp:355 -   发送字节数:   160
2026-05-26 09:00:04.767 [INFO] main.cpp:356 -   接收字节数:   0
2026-05-26 09:00:04.767 [INFO] main.cpp:357 -   平均延迟:     0.00 ms
2026-05-26 09:00:04.767 [INFO] main.cpp:358 -   最大延迟:     0.00 ms
2026-05-26 09:00:04.767 [INFO] main.cpp:359 -   总线争用次数: 0
2026-05-26 09:00:04.767 [INFO] main.cpp:368 - ======== 轮询统计 ========
2026-05-26 09:00:04.767 [INFO] main.cpp:369 -   任务组数:     20
2026-05-26 09:00:04.767 [INFO] main.cpp:370 -   成功事务:     0
2026-05-26 09:00:04.767 [INFO] main.cpp:371 -   失败事务:     20
2026-05-26 09:00:04.767 [INFO] main.cpp:373 -   成功率:       0.0%
2026-05-26 09:00:04.767 [INFO] main.cpp:378 - ======== 命令队列统计 ========
2026-05-26 09:00:04.767 [INFO] main.cpp:379 -   已提交: 0  已执行: 0  成功: 0  失败: 0
2026-05-26 09:00:04.767 [INFO] main.cpp:384 -   队列大小: 0  平均耗时: 0.0ms
2026-05-26 09:00:05.768 [INFO] main.cpp:352 - ======== 总线统计 ========
2026-05-26 09:00:05.768 [INFO] main.cpp:353 -   总事务数:     40
2026-05-26 09:00:05.768 [INFO] main.cpp:354 -   总错误数:     20
2026-05-26 09:00:05.768 [INFO] main.cpp:355 -   发送字节数:   320
2026-05-26 09:00:05.769 [INFO] main.cpp:356 -   接收字节数:   0
2026-05-26 09:00:05.769 [INFO] main.cpp:357 -   平均延迟:     0.00 ms
2026-05-26 09:00:05.769 [INFO] main.cpp:358 -   最大延迟:     0.00 ms
2026-05-26 09:00:05.769 [INFO] main.cpp:359 -   总线争用次数: 0
2026-05-26 09:00:05.769 [INFO] main.cpp:368 - ======== 轮询统计 ========
2026-05-26 09:00:05.769 [INFO] main.cpp:369 -   任务组数:     20
2026-05-26 09:00:05.769 [INFO] main.cpp:370 -   成功事务:     0
2026-05-26 09:00:05.769 [INFO] main.cpp:371 -   失败事务:     20
2026-05-26 09:00:05.769 [INFO] main.cpp:373 -   成功率:       0.0%
2026-05-26 09:00:05.769 [INFO] main.cpp:378 - ======== 命令队列统计 ========
2026-05-26 09:00:05.769 [INFO] main.cpp:379 -   已提交: 0  已执行: 0  成功: 0  失败: 0
2026-05-26 09:00:05.769 [INFO] main.cpp:384 -   队列大小: 0  平均耗时: 0.0ms
2026-05-26 09:00:06.770 [INFO] main.cpp:352 - ======== 总线统计 ========
2026-05-26 09:00:06.770 [INFO] main.cpp:353 -   总事务数:     40
2026-05-26 09:00:06.770 [INFO] main.cpp:354 -   总错误数:     40
2026-05-26 09:00:06.770 [INFO] main.cpp:355 -   发送字节数:   320
2026-05-26 09:00:06.770 [INFO] main.cpp:356 -   接收字节数:   0
2026-05-26 09:00:06.770 [INFO] main.cpp:357 -   平均延迟:     0.00 ms
2026-05-26 09:00:06.770 [INFO] main.cpp:358 -   最大延迟:     0.00 ms
2026-05-26 09:00:06.770 [INFO] main.cpp:359 -   总线争用次数: 0
2026-05-26 09:00:06.771 [INFO] main.cpp:368 - ======== 轮询统计 ========
2026-05-26 09:00:06.771 [INFO] main.cpp:369 -   任务组数:     20
2026-05-26 09:00:06.771 [INFO] main.cpp:370 -   成功事务:     0
2026-05-26 09:00:06.771 [INFO] main.cpp:371 -   失败事务:     40
2026-05-26 09:00:06.771 [INFO] main.cpp:373 -   成功率:       0.0%
2026-05-26 09:00:06.771 [INFO] main.cpp:378 - ======== 命令队列统计 ========
2026-05-26 09:00:06.771 [INFO] main.cpp:379 -   已提交: 0  已执行: 0  成功: 0  失败: 0
2026-05-26 09:00:06.771 [INFO] main.cpp:384 -   队列大小: 0  平均耗时: 0.0ms
2026-05-26 09:00:07.772 [INFO] main.cpp:352 - ======== 总线统计 ========
2026-05-26 09:00:07.772 [INFO] main.cpp:353 -   总事务数:     40
2026-05-26 09:00:07.772 [INFO] main.cpp:354 -   总错误数:     40
2026-05-26 09:00:07.772 [INFO] main.cpp:355 -   发送字节数:   320
2026-05-26 09:00:07.772 [INFO] main.cpp:356 -   接收字节数:   0
2026-05-26 09:00:07.772 [INFO] main.cpp:357 -   平均延迟:     0.00 ms
2026-05-26 09:00:07.772 [INFO] main.cpp:358 -   最大延迟:     0.00 ms
2026-05-26 09:00:07.772 [INFO] main.cpp:359 -   总线争用次数: 0
2026-05-26 09:00:07.772 [INFO] main.cpp:368 - ======== 轮询统计 ========
2026-05-26 09:00:07.772 [INFO] main.cpp:369 -   任务组数:     20
2026-05-26 09:00:07.772 [INFO] main.cpp:370 -   成功事务:     0
2026-05-26 09:00:07.772 [INFO] main.cpp:371 -   失败事务:     40
2026-05-26 09:00:07.772 [INFO] main.cpp:373 -   成功率:       0.0%
2026-05-26 09:00:07.772 [INFO] main.cpp:378 - ======== 命令队列统计 ========
2026-05-26 09:00:07.772 [INFO] main.cpp:379 -   已提交: 0  已执行: 0  成功: 0  失败: 0
2026-05-26 09:00:07.772 [INFO] main.cpp:384 -   队列大小: 0  平均耗时: 0.0ms
2026-05-26 09:00:08.773 [INFO] main.cpp:352 - ======== 总线统计 ========
2026-05-26 09:00:08.773 [INFO] main.cpp:353 -   总事务数:     40
2026-05-26 09:00:08.773 [INFO] main.cpp:354 -   总错误数:     40
2026-05-26 09:00:08.773 [INFO] main.cpp:355 -   发送字节数:   320
2026-05-26 09:00:08.773 [INFO] main.cpp:356 -   接收字节数:   0
2026-05-26 09:00:08.773 [INFO] main.cpp:357 -   平均延迟:     0.00 ms
2026-05-26 09:00:08.773 [INFO] main.cpp:358 -   最大延迟:     0.00 ms
2026-05-26 09:00:08.773 [INFO] main.cpp:359 -   总线争用次数: 0
2026-05-26 09:00:08.773 [INFO] main.cpp:368 - ======== 轮询统计 ========
2026-05-26 09:00:08.773 [INFO] main.cpp:369 -   任务组数:     20
2026-05-26 09:00:08.773 [INFO] main.cpp:370 -   成功事务:     0
2026-05-26 09:00:08.773 [INFO] main.cpp:371 -   失败事务:     40
2026-05-26 09:00:08.773 [INFO] main.cpp:373 -   成功率:       0.0%
2026-05-26 09:00:08.773 [INFO] main.cpp:378 - ======== 命令队列统计 ========
2026-05-26 09:00:08.773 [INFO] main.cpp:379 -   已提交: 0  已执行: 0  成功: 0  失败: 0
2026-05-26 09:00:08.773 [INFO] main.cpp:384 -   队列大小: 0  平均耗时: 0.0ms
2026-05-26 09:00:09.774 [INFO] main.cpp:352 - ======== 总线统计 ========
2026-05-26 09:00:09.775 [INFO] main.cpp:353 -   总事务数:     60
2026-05-26 09:00:09.775 [INFO] main.cpp:354 -   总错误数:     40
2026-05-26 09:00:09.775 [INFO] main.cpp:355 -   发送字节数:   320
2026-05-26 09:00:09.775 [INFO] main.cpp:356 -   接收字节数:   0
2026-05-26 09:00:09.775 [INFO] main.cpp:357 -   平均延迟:     0.00 ms
2026-05-26 09:00:09.775 [INFO] main.cpp:358 -   最大延迟:     0.00 ms
2026-05-26 09:00:09.775 [INFO] main.cpp:359 -   总线争用次数: 0
2026-05-26 09:00:09.775 [INFO] main.cpp:368 - ======== 轮询统计 ========
2026-05-26 09:00:09.775 [INFO] main.cpp:369 -   任务组数:     20
2026-05-26 09:00:09.775 [INFO] main.cpp:370 -   成功事务:     0
2026-05-26 09:00:09.775 [INFO] main.cpp:371 -   失败事务:     40
2026-05-26 09:00:09.775 [INFO] main.cpp:373 -   成功率:       0.0%
2026-05-26 09:00:09.775 [INFO] main.cpp:378 - ======== 命令队列统计 ========
2026-05-26 09:00:09.775 [INFO] main.cpp:379 -   已提交: 0  已执行: 0  成功: 0  失败: 0
2026-05-26 09:00:09.775 [INFO] main.cpp:384 -   队列大小: 0  平均耗时: 0.0ms
2026-05-26 09:00:10.776 [INFO] main.cpp:352 - ======== 总线统计 ========
2026-05-26 09:00:10.776 [INFO] main.cpp:353 -   总事务数:     60
2026-05-26 09:00:10.776 [INFO] main.cpp:354 -   总错误数:     40
2026-05-26 09:00:10.776 [INFO] main.cpp:355 -   发送字节数:   480
2026-05-26 09:00:10.776 [INFO] main.cpp:356 -   接收字节数:   0
2026-05-26 09:00:10.776 [INFO] main.cpp:357 -   平均延迟:     0.00 ms
2026-05-26 09:00:10.777 [INFO] main.cpp:358 -   最大延迟:     0.00 ms
2026-05-26 09:00:10.777 [INFO] main.cpp:359 -   总线争用次数: 0
2026-05-26 09:00:10.777 [INFO] main.cpp:368 - ======== 轮询统计 ========
2026-05-26 09:00:10.777 [INFO] main.cpp:369 -   任务组数:     20
2026-05-26 09:00:10.777 [INFO] main.cpp:370 -   成功事务:     0
2026-05-26 09:00:10.777 [INFO] main.cpp:371 -   失败事务:     40
2026-05-26 09:00:10.777 [INFO] main.cpp:373 -   成功率:       0.0%
2026-05-26 09:00:10.777 [INFO] main.cpp:378 - ======== 命令队列统计 ========
2026-05-26 09:00:10.777 [INFO] main.cpp:379 -   已提交: 0  已执行: 0  成功: 0  失败: 0
2026-05-26 09:00:10.777 [INFO] main.cpp:384 -   队列大小: 0  平均耗时: 0.0ms
2026-05-26 09:00:11.778 [INFO] main.cpp:352 - ======== 总线统计 ========
2026-05-26 09:00:11.778 [INFO] main.cpp:353 -   总事务数:     60
2026-05-26 09:00:11.778 [INFO] main.cpp:354 -   总错误数:     60
2026-05-26 09:00:11.778 [INFO] main.cpp:355 -   发送字节数:   480
2026-05-26 09:00:11.778 [INFO] main.cpp:356 -   接收字节数:   0
2026-05-26 09:00:11.778 [INFO] main.cpp:357 -   平均延迟:     0.00 ms
2026-05-26 09:00:11.778 [INFO] main.cpp:358 -   最大延迟:     0.00 ms
2026-05-26 09:00:11.778 [INFO] main.cpp:359 -   总线争用次数: 0
2026-05-26 09:00:11.779 [INFO] main.cpp:368 - ======== 轮询统计 ========
2026-05-26 09:00:11.779 [INFO] main.cpp:369 -   任务组数:     20
2026-05-26 09:00:11.779 [INFO] main.cpp:370 -   成功事务:     0
2026-05-26 09:00:11.779 [INFO] main.cpp:371 -   失败事务:     60
2026-05-26 09:00:11.779 [INFO] main.cpp:373 -   成功率:       0.0%
2026-05-26 09:00:11.779 [INFO] main.cpp:378 - ======== 命令队列统计 ========
2026-05-26 09:00:11.779 [INFO] main.cpp:379 -   已提交: 0  已执行: 0  成功: 0  失败: 0
2026-05-26 09:00:11.779 [INFO] main.cpp:384 -   队列大小: 0  平均耗时: 0.0ms
2026-05-26 09:00:12.780 [INFO] main.cpp:352 - ======== 总线统计 ========
2026-05-26 09:00:12.780 [INFO] main.cpp:353 -   总事务数:     60
2026-05-26 09:00:12.780 [INFO] main.cpp:354 -   总错误数:     60
2026-05-26 09:00:12.780 [INFO] main.cpp:355 -   发送字节数:   480
2026-05-26 09:00:12.780 [INFO] main.cpp:356 -   接收字节数:   0
2026-05-26 09:00:12.780 [INFO] main.cpp:357 -   平均延迟:     0.00 ms
2026-05-26 09:00:12.780 [INFO] main.cpp:358 -   最大延迟:     0.00 ms
2026-05-26 09:00:12.780 [INFO] main.cpp:359 -   总线争用次数: 0
2026-05-26 09:00:12.780 [INFO] main.cpp:368 - ======== 轮询统计 ========
2026-05-26 09:00:12.780 [INFO] main.cpp:369 -   任务组数:     20
2026-05-26 09:00:12.781 [INFO] main.cpp:370 -   成功事务:     0
2026-05-26 09:00:12.781 [INFO] main.cpp:371 -   失败事务:     60
2026-05-26 09:00:12.781 [INFO] main.cpp:373 -   成功率:       0.0%
2026-05-26 09:00:12.781 [INFO] main.cpp:378 - ======== 命令队列统计 ========
2026-05-26 09:00:12.781 [INFO] main.cpp:379 -   已提交: 0  已执行: 0  成功: 0  失败: 0
2026-05-26 09:00:12.781 [INFO] main.cpp:384 -   队列大小: 0  平均耗时: 0.0ms
2026-05-26 09:00:13.782 [INFO] main.cpp:352 - ======== 总线统计 ========
2026-05-26 09:00:13.782 [INFO] main.cpp:353 -   总事务数:     60
2026-05-26 09:00:13.782 [INFO] main.cpp:354 -   总错误数:     60
2026-05-26 09:00:13.782 [INFO] main.cpp:355 -   发送字节数:   480
2026-05-26 09:00:13.782 [INFO] main.cpp:356 -   接收字节数:   0
2026-05-26 09:00:13.782 [INFO] main.cpp:357 -   平均延迟:     0.00 ms
2026-05-26 09:00:13.782 [INFO] main.cpp:358 -   最大延迟:     0.00 ms
2026-05-26 09:00:13.782 [INFO] main.cpp:359 -   总线争用次数: 0
2026-05-26 09:00:13.782 [INFO] main.cpp:368 - ======== 轮询统计 ========
2026-05-26 09:00:13.782 [INFO] main.cpp:369 -   任务组数:     20
2026-05-26 09:00:13.782 [INFO] main.cpp:370 -   成功事务:     0
2026-05-26 09:00:13.782 [INFO] main.cpp:371 -   失败事务:     60
2026-05-26 09:00:13.782 [INFO] main.cpp:373 -   成功率:       0.0%
2026-05-26 09:00:13.782 [INFO] main.cpp:378 - ======== 命令队列统计 ========
2026-05-26 09:00:13.782 [INFO] main.cpp:379 -   已提交: 0  已执行: 0  成功: 0  失败: 0
2026-05-26 09:00:13.782 [INFO] main.cpp:384 -   队列大小: 0  平均耗时: 0.0ms
2026-05-26 09:00:14.783 [INFO] main.cpp:352 - ======== 总线统计 ========
2026-05-26 09:00:14.783 [INFO] main.cpp:353 -   总事务数:     80
2026-05-26 09:00:14.784 [INFO] main.cpp:354 -   总错误数:     60
2026-05-26 09:00:14.784 [INFO] main.cpp:355 -   发送字节数:   480
2026-05-26 09:00:14.784 [INFO] main.cpp:356 -   接收字节数:   0
2026-05-26 09:00:14.784 [INFO] main.cpp:357 -   平均延迟:     0.00 ms
2026-05-26 09:00:14.784 [INFO] main.cpp:358 -   最大延迟:     0.00 ms
2026-05-26 09:00:14.784 [INFO] main.cpp:359 -   总线争用次数: 0
2026-05-26 09:00:14.784 [INFO] main.cpp:368 - ======== 轮询统计 ========
2026-05-26 09:00:14.784 [INFO] main.cpp:369 -   任务组数:     20
2026-05-26 09:00:14.784 [INFO] main.cpp:370 -   成功事务:     0
2026-05-26 09:00:14.784 [INFO] main.cpp:371 -   失败事务:     60
2026-05-26 09:00:14.784 [INFO] main.cpp:373 -   成功率:       0.0%
2026-05-26 09:00:14.784 [INFO] main.cpp:378 - ======== 命令队列统计 ========
2026-05-26 09:00:14.784 [INFO] main.cpp:379 -   已提交: 0  已执行: 0  成功: 0  失败: 0
2026-05-26 09:00:14.784 [INFO] main.cpp:384 -   队列大小: 0  平均耗时: 0.0ms
2026-05-26 09:00:15.785 [INFO] main.cpp:352 - ======== 总线统计 ========
2026-05-26 09:00:15.785 [INFO] main.cpp:353 -   总事务数:     80
2026-05-26 09:00:15.785 [INFO] main.cpp:354 -   总错误数:     60
2026-05-26 09:00:15.785 [INFO] main.cpp:355 -   发送字节数:   640
2026-05-26 09:00:15.785 [INFO] main.cpp:356 -   接收字节数:   0
2026-05-26 09:00:15.786 [INFO] main.cpp:357 -   平均延迟:     0.00 ms
2026-05-26 09:00:15.786 [INFO] main.cpp:358 -   最大延迟:     0.00 ms
2026-05-26 09:00:15.786 [INFO] main.cpp:359 -   总线争用次数: 0
2026-05-26 09:00:15.786 [INFO] main.cpp:368 - ======== 轮询统计 ========
2026-05-26 09:00:15.786 [INFO] main.cpp:369 -   任务组数:     20
2026-05-26 09:00:15.786 [INFO] main.cpp:370 -   成功事务:     0
2026-05-26 09:00:15.786 [INFO] main.cpp:371 -   失败事务:     60
2026-05-26 09:00:15.786 [INFO] main.cpp:373 -   成功率:       0.0%
2026-05-26 09:00:15.786 [INFO] main.cpp:378 - ======== 命令队列统计 ========
2026-05-26 09:00:15.786 [INFO] main.cpp:379 -   已提交: 0  已执行: 0  成功: 0  失败: 0
2026-05-26 09:00:15.786 [INFO] main.cpp:384 -   队列大小: 0  平均耗时: 0.0ms
2026-05-26 09:00:16.787 [INFO] main.cpp:352 - ======== 总线统计 ========
2026-05-26 09:00:16.787 [INFO] main.cpp:353 -   总事务数:     80
2026-05-26 09:00:16.787 [INFO] main.cpp:354 -   总错误数:     80
2026-05-26 09:00:16.787 [INFO] main.cpp:355 -   发送字节数:   640
2026-05-26 09:00:16.787 [INFO] main.cpp:356 -   接收字节数:   0
2026-05-26 09:00:16.787 [INFO] main.cpp:357 -   平均延迟:     0.00 ms
2026-05-26 09:00:16.787 [INFO] main.cpp:358 -   最大延迟:     0.00 ms
2026-05-26 09:00:16.787 [INFO] main.cpp:359 -   总线争用次数: 0
2026-05-26 09:00:16.788 [INFO] main.cpp:368 - ======== 轮询统计 ========
2026-05-26 09:00:16.788 [INFO] main.cpp:369 -   任务组数:     20
2026-05-26 09:00:16.788 [INFO] main.cpp:370 -   成功事务:     0
2026-05-26 09:00:16.788 [INFO] main.cpp:371 -   失败事务:     80
2026-05-26 09:00:16.788 [INFO] main.cpp:373 -   成功率:       0.0%
2026-05-26 09:00:16.788 [INFO] main.cpp:378 - ======== 命令队列统计 ========
2026-05-26 09:00:16.788 [INFO] main.cpp:379 -   已提交: 0  已执行: 0  成功: 0  失败: 0
2026-05-26 09:00:16.788 [INFO] main.cpp:384 -   队列大小: 0  平均耗时: 0.0ms
2026-05-26 09:00:17.788 [INFO] main.cpp:352 - ======== 总线统计 ========
2026-05-26 09:00:17.788 [INFO] main.cpp:353 -   总事务数:     80
2026-05-26 09:00:17.788 [INFO] main.cpp:354 -   总错误数:     80
2026-05-26 09:00:17.788 [INFO] main.cpp:355 -   发送字节数:   640
2026-05-26 09:00:17.788 [INFO] main.cpp:356 -   接收字节数:   0
2026-05-26 09:00:17.788 [INFO] main.cpp:357 -   平均延迟:     0.00 ms
2026-05-26 09:00:17.788 [INFO] main.cpp:358 -   最大延迟:     0.00 ms
2026-05-26 09:00:17.789 [INFO] main.cpp:359 -   总线争用次数: 0
2026-05-26 09:00:17.789 [INFO] main.cpp:368 - ======== 轮询统计 ========
2026-05-26 09:00:17.789 [INFO] main.cpp:369 -   任务组数:     20
2026-05-26 09:00:17.789 [INFO] main.cpp:370 -   成功事务:     0
2026-05-26 09:00:17.789 [INFO] main.cpp:371 -   失败事务:     80
2026-05-26 09:00:17.789 [INFO] main.cpp:373 -   成功率:       0.0%
2026-05-26 09:00:17.789 [INFO] main.cpp:378 - ======== 命令队列统计 ========
2026-05-26 09:00:17.789 [INFO] main.cpp:379 -   已提交: 0  已执行: 0  成功: 0  失败: 0
2026-05-26 09:00:17.789 [INFO] main.cpp:384 -   队列大小: 0  平均耗时: 0.0ms
2026-05-26 09:00:18.789 [INFO] main.cpp:352 - ======== 总线统计 ========
2026-05-26 09:00:18.789 [INFO] main.cpp:353 -   总事务数:     80
2026-05-26 09:00:18.789 [INFO] main.cpp:354 -   总错误数:     80
2026-05-26 09:00:18.789 [INFO] main.cpp:355 -   发送字节数:   640
2026-05-26 09:00:18.789 [INFO] main.cpp:356 -   接收字节数:   0
2026-05-26 09:00:18.789 [INFO] main.cpp:357 -   平均延迟:     0.00 ms
2026-05-26 09:00:18.790 [INFO] main.cpp:358 -   最大延迟:     0.00 ms
2026-05-26 09:00:18.790 [INFO] main.cpp:359 -   总线争用次数: 0
2026-05-26 09:00:18.790 [INFO] main.cpp:368 - ======== 轮询统计 ========
2026-05-26 09:00:18.790 [INFO] main.cpp:369 -   任务组数:     20
2026-05-26 09:00:18.790 [INFO] main.cpp:370 -   成功事务:     0
2026-05-26 09:00:18.790 [INFO] main.cpp:371 -   失败事务:     80
2026-05-26 09:00:18.790 [INFO] main.cpp:373 -   成功率:       0.0%
2026-05-26 09:00:18.790 [INFO] main.cpp:378 - ======== 命令队列统计 ========
2026-05-26 09:00:18.790 [INFO] main.cpp:379 -   已提交: 0  已执行: 0  成功: 0  失败: 0
2026-05-26 09:00:18.790 [INFO] main.cpp:384 -   队列大小: 0  平均耗时: 0.0ms
2026-05-26 09:00:19.790 [INFO] main.cpp:352 - ======== 总线统计 ========
2026-05-26 09:00:19.790 [INFO] main.cpp:353 -   总事务数:     100
2026-05-26 09:00:19.790 [INFO] main.cpp:354 -   总错误数:     80
2026-05-26 09:00:19.790 [INFO] main.cpp:355 -   发送字节数:   640
2026-05-26 09:00:19.790 [INFO] main.cpp:356 -   接收字节数:   0
2026-05-26 09:00:19.791 [INFO] main.cpp:357 -   平均延迟:     0.00 ms
2026-05-26 09:00:19.791 [INFO] main.cpp:358 -   最大延迟:     0.00 ms
2026-05-26 09:00:19.791 [INFO] main.cpp:359 -   总线争用次数: 0
2026-05-26 09:00:19.791 [INFO] main.cpp:368 - ======== 轮询统计 ========
2026-05-26 09:00:19.791 [INFO] main.cpp:369 -   任务组数:     20
2026-05-26 09:00:19.791 [INFO] main.cpp:370 -   成功事务:     0
2026-05-26 09:00:19.791 [INFO] main.cpp:371 -   失败事务:     80
2026-05-26 09:00:19.791 [INFO] main.cpp:373 -   成功率:       0.0%
2026-05-26 09:00:19.791 [INFO] main.cpp:378 - ======== 命令队列统计 ========
2026-05-26 09:00:19.791 [INFO] main.cpp:379 -   已提交: 0  已执行: 0  成功: 0  失败: 0
2026-05-26 09:00:19.791 [INFO] main.cpp:384 -   队列大小: 0  平均耗时: 0.0ms
2026-05-26 09:00:20.792 [INFO] main.cpp:352 - ======== 总线统计 ========
2026-05-26 09:00:20.792 [INFO] main.cpp:353 -   总事务数:     100
2026-05-26 09:00:20.792 [INFO] main.cpp:354 -   总错误数:     80
2026-05-26 09:00:20.792 [INFO] main.cpp:355 -   发送字节数:   800
2026-05-26 09:00:20.792 [INFO] main.cpp:356 -   接收字节数:   0
2026-05-26 09:00:20.792 [INFO] main.cpp:357 -   平均延迟:     0.00 ms
2026-05-26 09:00:20.792 [INFO] main.cpp:358 -   最大延迟:     0.00 ms
2026-05-26 09:00:20.792 [INFO] main.cpp:359 -   总线争用次数: 0
2026-05-26 09:00:20.793 [INFO] main.cpp:368 - ======== 轮询统计 ========
2026-05-26 09:00:20.793 [INFO] main.cpp:369 -   任务组数:     20
2026-05-26 09:00:20.793 [INFO] main.cpp:370 -   成功事务:     0
2026-05-26 09:00:20.793 [INFO] main.cpp:371 -   失败事务:     80
2026-05-26 09:00:20.793 [INFO] main.cpp:373 -   成功率:       0.0%
2026-05-26 09:00:20.793 [INFO] main.cpp:378 - ======== 命令队列统计 ========
2026-05-26 09:00:20.793 [INFO] main.cpp:379 -   已提交: 0  已执行: 0  成功: 0  失败: 0
2026-05-26 09:00:20.793 [INFO] main.cpp:384 -   队列大小: 0  平均耗时: 0.0ms
2026-05-26 09:00:21.794 [INFO] main.cpp:352 - ======== 总线统计 ========
2026-05-26 09:00:21.794 [INFO] main.cpp:353 -   总事务数:     100
2026-05-26 09:00:21.794 [INFO] main.cpp:354 -   总错误数:     100
2026-05-26 09:00:21.794 [INFO] main.cpp:355 -   发送字节数:   800
2026-05-26 09:00:21.794 [INFO] main.cpp:356 -   接收字节数:   0
2026-05-26 09:00:21.794 [INFO] main.cpp:357 -   平均延迟:     0.00 ms
2026-05-26 09:00:21.794 [INFO] main.cpp:358 -   最大延迟:     0.00 ms
2026-05-26 09:00:21.794 [INFO] main.cpp:359 -   总线争用次数: 0
2026-05-26 09:00:21.794 [INFO] main.cpp:368 - ======== 轮询统计 ========
2026-05-26 09:00:21.794 [INFO] main.cpp:369 -   任务组数:     20
2026-05-26 09:00:21.794 [INFO] main.cpp:370 -   成功事务:     0
2026-05-26 09:00:21.794 [INFO] main.cpp:371 -   失败事务:     100
2026-05-26 09:00:21.794 [INFO] main.cpp:373 -   成功率:       0.0%
2026-05-26 09:00:21.794 [INFO] main.cpp:378 - ======== 命令队列统计 ========
2026-05-26 09:00:21.794 [INFO] main.cpp:379 -   已提交: 0  已执行: 0  成功: 0  失败: 0
2026-05-26 09:00:21.794 [INFO] main.cpp:384 -   队列大小: 0  平均耗时: 0.0ms
2026-05-26 09:00:22.796 [INFO] main.cpp:352 - ======== 总线统计 ========
2026-05-26 09:00:22.796 [INFO] main.cpp:353 -   总事务数:     100
2026-05-26 09:00:22.796 [INFO] main.cpp:354 -   总错误数:     100
2026-05-26 09:00:22.796 [INFO] main.cpp:355 -   发送字节数:   800
2026-05-26 09:00:22.796 [INFO] main.cpp:356 -   接收字节数:   0
2026-05-26 09:00:22.796 [INFO] main.cpp:357 -   平均延迟:     0.00 ms
2026-05-26 09:00:22.796 [INFO] main.cpp:358 -   最大延迟:     0.00 ms
2026-05-26 09:00:22.796 [INFO] main.cpp:359 -   总线争用次数: 0
2026-05-26 09:00:22.796 [INFO] main.cpp:368 - ======== 轮询统计 ========
2026-05-26 09:00:22.796 [INFO] main.cpp:369 -   任务组数:     20
2026-05-26 09:00:22.796 [INFO] main.cpp:370 -   成功事务:     0
2026-05-26 09:00:22.796 [INFO] main.cpp:371 -   失败事务:     100
2026-05-26 09:00:22.796 [INFO] main.cpp:373 -   成功率:       0.0%
2026-05-26 09:00:22.796 [INFO] main.cpp:378 - ======== 命令队列统计 ========
2026-05-26 09:00:22.796 [INFO] main.cpp:379 -   已提交: 0  已执行: 0  成功: 0  失败: 0
2026-05-26 09:00:22.796 [INFO] main.cpp:384 -   队列大小: 0  平均耗时: 0.0ms
2026-05-26 09:00:23.798 [INFO] main.cpp:352 - ======== 总线统计 ========
2026-05-26 09:00:23.798 [INFO] main.cpp:353 -   总事务数:     100
2026-05-26 09:00:23.798 [INFO] main.cpp:354 -   总错误数:     100
2026-05-26 09:00:23.798 [INFO] main.cpp:355 -   发送字节数:   800
2026-05-26 09:00:23.798 [INFO] main.cpp:356 -   接收字节数:   0
2026-05-26 09:00:23.798 [INFO] main.cpp:357 -   平均延迟:     0.00 ms
2026-05-26 09:00:23.798 [INFO] main.cpp:358 -   最大延迟:     0.00 ms
2026-05-26 09:00:23.798 [INFO] main.cpp:359 -   总线争用次数: 0
2026-05-26 09:00:23.798 [INFO] main.cpp:368 - ======== 轮询统计 ========
2026-05-26 09:00:23.798 [INFO] main.cpp:369 -   任务组数:     20
2026-05-26 09:00:23.798 [INFO] main.cpp:370 -   成功事务:     0
2026-05-26 09:00:23.798 [INFO] main.cpp:371 -   失败事务:     100
2026-05-26 09:00:23.798 [INFO] main.cpp:373 -   成功率:       0.0%
2026-05-26 09:00:23.798 [INFO] main.cpp:378 - ======== 命令队列统计 ========
2026-05-26 09:00:23.798 [INFO] main.cpp:379 -   已提交: 0  已执行: 0  成功: 0  失败: 0
2026-05-26 09:00:23.798 [INFO] main.cpp:384 -   队列大小: 0  平均耗时: 0.0ms
2026-05-26 09:00:24.800 [INFO] main.cpp:352 - ======== 总线统计 ========
2026-05-26 09:00:24.800 [INFO] main.cpp:353 -   总事务数:     120
2026-05-26 09:00:24.800 [INFO] main.cpp:354 -   总错误数:     100
2026-05-26 09:00:24.800 [INFO] main.cpp:355 -   发送字节数:   800
2026-05-26 09:00:24.800 [INFO] main.cpp:356 -   接收字节数:   0
2026-05-26 09:00:24.800 [INFO] main.cpp:357 -   平均延迟:     0.00 ms
2026-05-26 09:00:24.800 [INFO] main.cpp:358 -   最大延迟:     0.00 ms
2026-05-26 09:00:24.800 [INFO] main.cpp:359 -   总线争用次数: 0
2026-05-26 09:00:24.800 [INFO] main.cpp:368 - ======== 轮询统计 ========
2026-05-26 09:00:24.800 [INFO] main.cpp:369 -   任务组数:     20
2026-05-26 09:00:24.800 [INFO] main.cpp:370 -   成功事务:     0
2026-05-26 09:00:24.800 [INFO] main.cpp:371 -   失败事务:     100
2026-05-26 09:00:24.800 [INFO] main.cpp:373 -   成功率:       0.0%
2026-05-26 09:00:24.800 [INFO] main.cpp:378 - ======== 命令队列统计 ========
2026-05-26 09:00:24.800 [INFO] main.cpp:379 -   已提交: 0  已执行: 0  成功: 0  失败: 0
2026-05-26 09:00:24.800 [INFO] main.cpp:384 -   队列大小: 0  平均耗时: 0.0ms
2026-05-26 09:00:25.802 [INFO] main.cpp:352 - ======== 总线统计 ========
2026-05-26 09:00:25.802 [INFO] main.cpp:353 -   总事务数:     120
2026-05-26 09:00:25.802 [INFO] main.cpp:354 -   总错误数:     100
2026-05-26 09:00:25.802 [INFO] main.cpp:355 -   发送字节数:   960
2026-05-26 09:00:25.802 [INFO] main.cpp:356 -   接收字节数:   0
2026-05-26 09:00:25.802 [INFO] main.cpp:357 -   平均延迟:     0.00 ms
2026-05-26 09:00:25.802 [INFO] main.cpp:358 -   最大延迟:     0.00 ms
2026-05-26 09:00:25.802 [INFO] main.cpp:359 -   总线争用次数: 0
2026-05-26 09:00:25.802 [INFO] main.cpp:368 - ======== 轮询统计 ========
2026-05-26 09:00:25.802 [INFO] main.cpp:369 -   任务组数:     20
2026-05-26 09:00:25.802 [INFO] main.cpp:370 -   成功事务:     0
2026-05-26 09:00:25.802 [INFO] main.cpp:371 -   失败事务:     100
2026-05-26 09:00:25.802 [INFO] main.cpp:373 -   成功率:       0.0%
2026-05-26 09:00:25.802 [INFO] main.cpp:378 - ======== 命令队列统计 ========
2026-05-26 09:00:25.802 [INFO] main.cpp:379 -   已提交: 0  已执行: 0  成功: 0  失败: 0
2026-05-26 09:00:25.802 [INFO] main.cpp:384 -   队列大小: 0  平均耗时: 0.0ms
2026-05-26 09:00:26.804 [INFO] main.cpp:352 - ======== 总线统计 ========
2026-05-26 09:00:26.804 [INFO] main.cpp:353 -   总事务数:     120
2026-05-26 09:00:26.804 [INFO] main.cpp:354 -   总错误数:     120
2026-05-26 09:00:26.804 [INFO] main.cpp:355 -   发送字节数:   960
2026-05-26 09:00:26.804 [INFO] main.cpp:356 -   接收字节数:   0
2026-05-26 09:00:26.804 [INFO] main.cpp:357 -   平均延迟:     0.00 ms
2026-05-26 09:00:26.804 [INFO] main.cpp:358 -   最大延迟:     0.00 ms
2026-05-26 09:00:26.804 [INFO] main.cpp:359 -   总线争用次数: 0
2026-05-26 09:00:26.804 [INFO] main.cpp:368 - ======== 轮询统计 ========
2026-05-26 09:00:26.804 [INFO] main.cpp:369 -   任务组数:     20
2026-05-26 09:00:26.804 [INFO] main.cpp:370 -   成功事务:     0
2026-05-26 09:00:26.804 [INFO] main.cpp:371 -   失败事务:     120
2026-05-26 09:00:26.804 [INFO] main.cpp:373 -   成功率:       0.0%
2026-05-26 09:00:26.804 [INFO] main.cpp:378 - ======== 命令队列统计 ========
2026-05-26 09:00:26.804 [INFO] main.cpp:379 -   已提交: 0  已执行: 0  成功: 0  失败: 0
2026-05-26 09:00:26.804 [INFO] main.cpp:384 -   队列大小: 0  平均耗时: 0.0ms
2026-05-26 09:00:27.805 [INFO] main.cpp:352 - ======== 总线统计 ========
2026-05-26 09:00:27.806 [INFO] main.cpp:353 -   总事务数:     120
2026-05-26 09:00:27.806 [INFO] main.cpp:354 -   总错误数:     120
2026-05-26 09:00:27.806 [INFO] main.cpp:355 -   发送字节数:   960
2026-05-26 09:00:27.806 [INFO] main.cpp:356 -   接收字节数:   0
2026-05-26 09:00:27.806 [INFO] main.cpp:357 -   平均延迟:     0.00 ms
2026-05-26 09:00:27.806 [INFO] main.cpp:358 -   最大延迟:     0.00 ms
2026-05-26 09:00:27.806 [INFO] main.cpp:359 -   总线争用次数: 0
2026-05-26 09:00:27.806 [INFO] main.cpp:368 - ======== 轮询统计 ========
2026-05-26 09:00:27.806 [INFO] main.cpp:369 -   任务组数:     20
2026-05-26 09:00:27.806 [INFO] main.cpp:370 -   成功事务:     0
2026-05-26 09:00:27.806 [INFO] main.cpp:371 -   失败事务:     120
2026-05-26 09:00:27.806 [INFO] main.cpp:373 -   成功率:       0.0%
2026-05-26 09:00:27.806 [INFO] main.cpp:378 - ======== 命令队列统计 ========
2026-05-26 09:00:27.806 [INFO] main.cpp:379 -   已提交: 0  已执行: 0  成功: 0  失败: 0
2026-05-26 09:00:27.806 [INFO] main.cpp:384 -   队列大小: 0  平均耗时: 0.0ms
2026-05-26 09:00:28.807 [INFO] main.cpp:352 - ======== 总线统计 ========
2026-05-26 09:00:28.807 [INFO] main.cpp:353 -   总事务数:     120
2026-05-26 09:00:28.807 [INFO] main.cpp:354 -   总错误数:     120
2026-05-26 09:00:28.808 [INFO] main.cpp:355 -   发送字节数:   960
2026-05-26 09:00:28.808 [INFO] main.cpp:356 -   接收字节数:   0
2026-05-26 09:00:28.808 [INFO] main.cpp:357 -   平均延迟:     0.00 ms
2026-05-26 09:00:28.808 [INFO] main.cpp:358 -   最大延迟:     0.00 ms
2026-05-26 09:00:28.808 [INFO] main.cpp:359 -   总线争用次数: 0
2026-05-26 09:00:28.808 [INFO] main.cpp:368 - ======== 轮询统计 ========
2026-05-26 09:00:28.808 [INFO] main.cpp:369 -   任务组数:     20
2026-05-26 09:00:28.808 [INFO] main.cpp:370 -   成功事务:     0
2026-05-26 09:00:28.808 [INFO] main.cpp:371 -   失败事务:     120
2026-05-26 09:00:28.808 [INFO] main.cpp:373 -   成功率:       0.0%
2026-05-26 09:00:28.808 [INFO] main.cpp:378 - ======== 命令队列统计 ========
2026-05-26 09:00:28.808 [INFO] main.cpp:379 -   已提交: 0  已执行: 0  成功: 0  失败: 0
2026-05-26 09:00:28.808 [INFO] main.cpp:384 -   队列大小: 0  平均耗时: 0.0ms
2026-05-26 09:00:29.809 [INFO] main.cpp:352 - ======== 总线统计 ========
2026-05-26 09:00:29.809 [INFO] main.cpp:353 -   总事务数:     140
2026-05-26 09:00:29.809 [INFO] main.cpp:354 -   总错误数:     120
2026-05-26 09:00:29.809 [INFO] main.cpp:355 -   发送字节数:   960
2026-05-26 09:00:29.809 [INFO] main.cpp:356 -   接收字节数:   0
2026-05-26 09:00:29.810 [INFO] main.cpp:357 -   平均延迟:     0.00 ms
2026-05-26 09:00:29.810 [INFO] main.cpp:358 -   最大延迟:     0.00 ms
2026-05-26 09:00:29.810 [INFO] main.cpp:359 -   总线争用次数: 0
2026-05-26 09:00:29.810 [INFO] main.cpp:368 - ======== 轮询统计 ========
2026-05-26 09:00:29.810 [INFO] main.cpp:369 -   任务组数:     20
2026-05-26 09:00:29.810 [INFO] main.cpp:370 -   成功事务:     0
2026-05-26 09:00:29.810 [INFO] main.cpp:371 -   失败事务:     120
2026-05-26 09:00:29.810 [INFO] main.cpp:373 -   成功率:       0.0%
2026-05-26 09:00:29.810 [INFO] main.cpp:378 - ======== 命令队列统计 ========
2026-05-26 09:00:29.810 [INFO] main.cpp:379 -   已提交: 0  已执行: 0  成功: 0  失败: 0
2026-05-26 09:00:29.810 [INFO] main.cpp:384 -   队列大小: 0  平均耗时: 0.0ms
2026-05-26 09:00:30.811 [INFO] main.cpp:352 - ======== 总线统计 ========
2026-05-26 09:00:30.811 [INFO] main.cpp:353 -   总事务数:     140
2026-05-26 09:00:30.811 [INFO] main.cpp:354 -   总错误数:     120
2026-05-26 09:00:30.811 [INFO] main.cpp:355 -   发送字节数:   1120
2026-05-26 09:00:30.811 [INFO] main.cpp:356 -   接收字节数:   0
2026-05-26 09:00:30.811 [INFO] main.cpp:357 -   平均延迟:     0.00 ms
2026-05-26 09:00:30.812 [INFO] main.cpp:358 -   最大延迟:     0.00 ms
2026-05-26 09:00:30.812 [INFO] main.cpp:359 -   总线争用次数: 0
2026-05-26 09:00:30.812 [INFO] main.cpp:368 - ======== 轮询统计 ========
2026-05-26 09:00:30.812 [INFO] main.cpp:369 -   任务组数:     20
2026-05-26 09:00:30.812 [INFO] main.cpp:370 -   成功事务:     0
2026-05-26 09:00:30.812 [INFO] main.cpp:371 -   失败事务:     120
2026-05-26 09:00:30.812 [INFO] main.cpp:373 -   成功率:       0.0%
2026-05-26 09:00:30.812 [INFO] main.cpp:378 - ======== 命令队列统计 ========
2026-05-26 09:00:30.812 [INFO] main.cpp:379 -   已提交: 0  已执行: 0  成功: 0  失败: 0
2026-05-26 09:00:30.812 [INFO] main.cpp:384 -   队列大小: 0  平均耗时: 0.0ms
2026-05-26 09:00:31.813 [INFO] main.cpp:352 - ======== 总线统计 ========
2026-05-26 09:00:31.813 [INFO] main.cpp:353 -   总事务数:     140
2026-05-26 09:00:31.813 [INFO] main.cpp:354 -   总错误数:     140
2026-05-26 09:00:31.813 [INFO] main.cpp:355 -   发送字节数:   1120
2026-05-26 09:00:31.813 [INFO] main.cpp:356 -   接收字节数:   0
2026-05-26 09:00:31.814 [INFO] main.cpp:357 -   平均延迟:     0.00 ms
2026-05-26 09:00:31.814 [INFO] main.cpp:358 -   最大延迟:     0.00 ms
2026-05-26 09:00:31.814 [INFO] main.cpp:359 -   总线争用次数: 0
2026-05-26 09:00:31.814 [INFO] main.cpp:368 - ======== 轮询统计 ========
2026-05-26 09:00:31.814 [INFO] main.cpp:369 -   任务组数:     20
2026-05-26 09:00:31.814 [INFO] main.cpp:370 -   成功事务:     0
2026-05-26 09:00:31.814 [INFO] main.cpp:371 -   失败事务:     140
2026-05-26 09:00:31.814 [INFO] main.cpp:373 -   成功率:       0.0%
2026-05-26 09:00:31.814 [INFO] main.cpp:378 - ======== 命令队列统计 ========
2026-05-26 09:00:31.814 [INFO] main.cpp:379 -   已提交: 0  已执行: 0  成功: 0  失败: 0
2026-05-26 09:00:31.814 [INFO] main.cpp:384 -   队列大小: 0  平均耗时: 0.0ms
2026-05-26 09:00:32.815 [INFO] main.cpp:352 - ======== 总线统计 ========
2026-05-26 09:00:32.816 [INFO] main.cpp:353 -   总事务数:     140
2026-05-26 09:00:32.816 [INFO] main.cpp:354 -   总错误数:     140
2026-05-26 09:00:32.816 [INFO] main.cpp:355 -   发送字节数:   1120
2026-05-26 09:00:32.816 [INFO] main.cpp:356 -   接收字节数:   0
2026-05-26 09:00:32.816 [INFO] main.cpp:357 -   平均延迟:     0.00 ms
2026-05-26 09:00:32.816 [INFO] main.cpp:358 -   最大延迟:     0.00 ms
2026-05-26 09:00:32.816 [INFO] main.cpp:359 -   总线争用次数: 0
2026-05-26 09:00:32.816 [INFO] main.cpp:368 - ======== 轮询统计 ========
2026-05-26 09:00:32.816 [INFO] main.cpp:369 -   任务组数:     20
2026-05-26 09:00:32.816 [INFO] main.cpp:370 -   成功事务:     0
2026-05-26 09:00:32.816 [INFO] main.cpp:371 -   失败事务:     140
2026-05-26 09:00:32.816 [INFO] main.cpp:373 -   成功率:       0.0%
2026-05-26 09:00:32.816 [INFO] main.cpp:378 - ======== 命令队列统计 ========
2026-05-26 09:00:32.816 [INFO] main.cpp:379 -   已提交: 0  已执行: 0  成功: 0  失败: 0
2026-05-26 09:00:32.816 [INFO] main.cpp:384 -   队列大小: 0  平均耗时: 0.0ms
2026-05-26 09:00:33.817 [INFO] main.cpp:352 - ======== 总线统计 ========
2026-05-26 09:00:33.817 [INFO] main.cpp:353 -   总事务数:     140
2026-05-26 09:00:33.818 [INFO] main.cpp:354 -   总错误数:     140
2026-05-26 09:00:33.818 [INFO] main.cpp:355 -   发送字节数:   1120
2026-05-26 09:00:33.818 [INFO] main.cpp:356 -   接收字节数:   0
2026-05-26 09:00:33.818 [INFO] main.cpp:357 -   平均延迟:     0.00 ms
2026-05-26 09:00:33.818 [INFO] main.cpp:358 -   最大延迟:     0.00 ms
2026-05-26 09:00:33.818 [INFO] main.cpp:359 -   总线争用次数: 0
2026-05-26 09:00:33.818 [INFO] main.cpp:368 - ======== 轮询统计 ========
2026-05-26 09:00:33.818 [INFO] main.cpp:369 -   任务组数:     20
2026-05-26 09:00:33.818 [INFO] main.cpp:370 -   成功事务:     0
2026-05-26 09:00:33.818 [INFO] main.cpp:371 -   失败事务:     140
2026-05-26 09:00:33.818 [INFO] main.cpp:373 -   成功率:       0.0%
2026-05-26 09:00:33.818 [INFO] main.cpp:378 - ======== 命令队列统计 ========
2026-05-26 09:00:33.818 [INFO] main.cpp:379 -   已提交: 0  已执行: 0  成功: 0  失败: 0
2026-05-26 09:00:33.818 [INFO] main.cpp:384 -   队列大小: 0  平均耗时: 0.0ms
2026-05-26 09:00:34.819 [INFO] main.cpp:352 - ======== 总线统计 ========
2026-05-26 09:00:34.819 [INFO] main.cpp:353 -   总事务数:     160
2026-05-26 09:00:34.819 [INFO] main.cpp:354 -   总错误数:     140
2026-05-26 09:00:34.819 [INFO] main.cpp:355 -   发送字节数:   1120
2026-05-26 09:00:34.819 [INFO] main.cpp:356 -   接收字节数:   0
2026-05-26 09:00:34.820 [INFO] main.cpp:357 -   平均延迟:     0.00 ms
2026-05-26 09:00:34.820 [INFO] main.cpp:358 -   最大延迟:     0.00 ms
2026-05-26 09:00:34.820 [INFO] main.cpp:359 -   总线争用次数: 0
2026-05-26 09:00:34.820 [INFO] main.cpp:368 - ======== 轮询统计 ========
2026-05-26 09:00:34.820 [INFO] main.cpp:369 -   任务组数:     20
2026-05-26 09:00:34.820 [INFO] main.cpp:370 -   成功事务:     0
2026-05-26 09:00:34.820 [INFO] main.cpp:371 -   失败事务:     140
2026-05-26 09:00:34.820 [INFO] main.cpp:373 -   成功率:       0.0%
2026-05-26 09:00:34.820 [INFO] main.cpp:378 - ======== 命令队列统计 ========
2026-05-26 09:00:34.820 [INFO] main.cpp:379 -   已提交: 0  已执行: 0  成功: 0  失败: 0
2026-05-26 09:00:34.820 [INFO] main.cpp:384 -   队列大小: 0  平均耗时: 0.0ms
2026-05-26 09:00:35.821 [INFO] main.cpp:352 - ======== 总线统计 ========
2026-05-26 09:00:35.821 [INFO] main.cpp:353 -   总事务数:     160
2026-05-26 09:00:35.821 [INFO] main.cpp:354 -   总错误数:     140
2026-05-26 09:00:35.821 [INFO] main.cpp:355 -   发送字节数:   1280
2026-05-26 09:00:35.821 [INFO] main.cpp:356 -   接收字节数:   0
2026-05-26 09:00:35.821 [INFO] main.cpp:357 -   平均延迟:     0.00 ms
2026-05-26 09:00:35.822 [INFO] main.cpp:358 -   最大延迟:     0.00 ms
2026-05-26 09:00:35.822 [INFO] main.cpp:359 -   总线争用次数: 0
2026-05-26 09:00:35.822 [INFO] main.cpp:368 - ======== 轮询统计 ========
2026-05-26 09:00:35.822 [INFO] main.cpp:369 -   任务组数:     20
2026-05-26 09:00:35.822 [INFO] main.cpp:370 -   成功事务:     0
2026-05-26 09:00:35.822 [INFO] main.cpp:371 -   失败事务:     140
2026-05-26 09:00:35.822 [INFO] main.cpp:373 -   成功率:       0.0%
2026-05-26 09:00:35.822 [INFO] main.cpp:378 - ======== 命令队列统计 ========
2026-05-26 09:00:35.822 [INFO] main.cpp:379 -   已提交: 0  已执行: 0  成功: 0  失败: 0
2026-05-26 09:00:35.822 [INFO] main.cpp:384 -   队列大小: 0  平均耗时: 0.0ms
2026-05-26 09:00:36.823 [INFO] main.cpp:352 - ======== 总线统计 ========
2026-05-26 09:00:36.823 [INFO] main.cpp:353 -   总事务数:     160
2026-05-26 09:00:36.823 [INFO] main.cpp:354 -   总错误数:     160
2026-05-26 09:00:36.823 [INFO] main.cpp:355 -   发送字节数:   1280
2026-05-26 09:00:36.823 [INFO] main.cpp:356 -   接收字节数:   0
2026-05-26 09:00:36.823 [INFO] main.cpp:357 -   平均延迟:     0.00 ms
2026-05-26 09:00:36.823 [INFO] main.cpp:358 -   最大延迟:     0.00 ms
2026-05-26 09:00:36.823 [INFO] main.cpp:359 -   总线争用次数: 0
2026-05-26 09:00:36.824 [INFO] main.cpp:368 - ======== 轮询统计 ========
2026-05-26 09:00:36.824 [INFO] main.cpp:369 -   任务组数:     20
2026-05-26 09:00:36.824 [INFO] main.cpp:370 -   成功事务:     0
2026-05-26 09:00:36.824 [INFO] main.cpp:371 -   失败事务:     160
2026-05-26 09:00:36.824 [INFO] main.cpp:373 -   成功率:       0.0%
2026-05-26 09:00:36.824 [INFO] main.cpp:378 - ======== 命令队列统计 ========
2026-05-26 09:00:36.824 [INFO] main.cpp:379 -   已提交: 0  已执行: 0  成功: 0  失败: 0
2026-05-26 09:00:36.824 [INFO] main.cpp:384 -   队列大小: 0  平均耗时: 0.0ms
2026-05-26 09:00:37.825 [INFO] main.cpp:352 - ======== 总线统计 ========
2026-05-26 09:00:37.825 [INFO] main.cpp:353 -   总事务数:     160
2026-05-26 09:00:37.825 [INFO] main.cpp:354 -   总错误数:     160
2026-05-26 09:00:37.825 [INFO] main.cpp:355 -   发送字节数:   1280
2026-05-26 09:00:37.825 [INFO] main.cpp:356 -   接收字节数:   0
2026-05-26 09:00:37.825 [INFO] main.cpp:357 -   平均延迟:     0.00 ms
2026-05-26 09:00:37.825 [INFO] main.cpp:358 -   最大延迟:     0.00 ms
2026-05-26 09:00:37.825 [INFO] main.cpp:359 -   总线争用次数: 0
2026-05-26 09:00:37.825 [INFO] main.cpp:368 - ======== 轮询统计 ========
2026-05-26 09:00:37.825 [INFO] main.cpp:369 -   任务组数:     20
2026-05-26 09:00:37.826 [INFO] main.cpp:370 -   成功事务:     0
2026-05-26 09:00:37.826 [INFO] main.cpp:371 -   失败事务:     160
2026-05-26 09:00:37.826 [INFO] main.cpp:373 -   成功率:       0.0%
2026-05-26 09:00:37.826 [INFO] main.cpp:378 - ======== 命令队列统计 ========
2026-05-26 09:00:37.826 [INFO] main.cpp:379 -   已提交: 0  已执行: 0  成功: 0  失败: 0
2026-05-26 09:00:37.826 [INFO] main.cpp:384 -   队列大小: 0  平均耗时: 0.0ms
2026-05-26 09:00:38.827 [INFO] main.cpp:352 - ======== 总线统计 ========
2026-05-26 09:00:38.827 [INFO] main.cpp:353 -   总事务数:     160
2026-05-26 09:00:38.827 [INFO] main.cpp:354 -   总错误数:     160
2026-05-26 09:00:38.827 [INFO] main.cpp:355 -   发送字节数:   1280
2026-05-26 09:00:38.827 [INFO] main.cpp:356 -   接收字节数:   0
2026-05-26 09:00:38.827 [INFO] main.cpp:357 -   平均延迟:     0.00 ms
2026-05-26 09:00:38.827 [INFO] main.cpp:358 -   最大延迟:     0.00 ms
2026-05-26 09:00:38.827 [INFO] main.cpp:359 -   总线争用次数: 0
2026-05-26 09:00:38.827 [INFO] main.cpp:368 - ======== 轮询统计 ========
2026-05-26 09:00:38.827 [INFO] main.cpp:369 -   任务组数:     20
2026-05-26 09:00:38.827 [INFO] main.cpp:370 -   成功事务:     0
2026-05-26 09:00:38.828 [INFO] main.cpp:371 -   失败事务:     160
2026-05-26 09:00:38.828 [INFO] main.cpp:373 -   成功率:       0.0%
2026-05-26 09:00:38.828 [INFO] main.cpp:378 - ======== 命令队列统计 ========
2026-05-26 09:00:38.828 [INFO] main.cpp:379 -   已提交: 0  已执行: 0  成功: 0  失败: 0
2026-05-26 09:00:38.828 [INFO] main.cpp:384 -   队列大小: 0  平均耗时: 0.0ms
2026-05-26 09:00:39.828 [INFO] main.cpp:352 - ======== 总线统计 ========
2026-05-26 09:00:39.828 [INFO] main.cpp:353 -   总事务数:     180
2026-05-26 09:00:39.828 [INFO] main.cpp:354 -   总错误数:     160
2026-05-26 09:00:39.828 [INFO] main.cpp:355 -   发送字节数:   1280
2026-05-26 09:00:39.828 [INFO] main.cpp:356 -   接收字节数:   0
2026-05-26 09:00:39.829 [INFO] main.cpp:357 -   平均延迟:     0.00 ms
2026-05-26 09:00:39.829 [INFO] main.cpp:358 -   最大延迟:     0.00 ms
2026-05-26 09:00:39.829 [INFO] main.cpp:359 -   总线争用次数: 0
2026-05-26 09:00:39.829 [INFO] main.cpp:368 - ======== 轮询统计 ========
2026-05-26 09:00:39.829 [INFO] main.cpp:369 -   任务组数:     20
2026-05-26 09:00:39.829 [INFO] main.cpp:370 -   成功事务:     0
2026-05-26 09:00:39.829 [INFO] main.cpp:371 -   失败事务:     160
2026-05-26 09:00:39.829 [INFO] main.cpp:373 -   成功率:       0.0%
2026-05-26 09:00:39.829 [INFO] main.cpp:378 - ======== 命令队列统计 ========
2026-05-26 09:00:39.829 [INFO] main.cpp:379 -   已提交: 0  已执行: 0  成功: 0  失败: 0
2026-05-26 09:00:39.829 [INFO] main.cpp:384 -   队列大小: 0  平均耗时: 0.0ms
2026-05-26 09:00:40.830 [INFO] main.cpp:352 - ======== 总线统计 ========
2026-05-26 09:00:40.830 [INFO] main.cpp:353 -   总事务数:     180
2026-05-26 09:00:40.830 [INFO] main.cpp:354 -   总错误数:     160
2026-05-26 09:00:40.830 [INFO] main.cpp:355 -   发送字节数:   1440
2026-05-26 09:00:40.830 [INFO] main.cpp:356 -   接收字节数:   0
2026-05-26 09:00:40.830 [INFO] main.cpp:357 -   平均延迟:     0.00 ms
2026-05-26 09:00:40.830 [INFO] main.cpp:358 -   最大延迟:     0.00 ms
2026-05-26 09:00:40.831 [INFO] main.cpp:359 -   总线争用次数: 0
2026-05-26 09:00:40.831 [INFO] main.cpp:368 - ======== 轮询统计 ========
2026-05-26 09:00:40.831 [INFO] main.cpp:369 -   任务组数:     20
2026-05-26 09:00:40.831 [INFO] main.cpp:370 -   成功事务:     0
2026-05-26 09:00:40.831 [INFO] main.cpp:371 -   失败事务:     160
2026-05-26 09:00:40.831 [INFO] main.cpp:373 -   成功率:       0.0%
2026-05-26 09:00:40.831 [INFO] main.cpp:378 - ======== 命令队列统计 ========
2026-05-26 09:00:40.831 [INFO] main.cpp:379 -   已提交: 0  已执行: 0  成功: 0  失败: 0
2026-05-26 09:00:40.831 [INFO] main.cpp:384 -   队列大小: 0  平均耗时: 0.0ms
2026-05-26 09:00:41.832 [INFO] main.cpp:352 - ======== 总线统计 ========
2026-05-26 09:00:41.832 [INFO] main.cpp:353 -   总事务数:     180
2026-05-26 09:00:41.832 [INFO] main.cpp:354 -   总错误数:     180
2026-05-26 09:00:41.832 [INFO] main.cpp:355 -   发送字节数:   1440
2026-05-26 09:00:41.832 [INFO] main.cpp:356 -   接收字节数:   0
2026-05-26 09:00:41.832 [INFO] main.cpp:357 -   平均延迟:     0.00 ms
2026-05-26 09:00:41.832 [INFO] main.cpp:358 -   最大延迟:     0.00 ms
2026-05-26 09:00:41.832 [INFO] main.cpp:359 -   总线争用次数: 0
2026-05-26 09:00:41.832 [INFO] main.cpp:368 - ======== 轮询统计 ========
2026-05-26 09:00:41.832 [INFO] main.cpp:369 -   任务组数:     20
2026-05-26 09:00:41.832 [INFO] main.cpp:370 -   成功事务:     0
2026-05-26 09:00:41.832 [INFO] main.cpp:371 -   失败事务:     180
2026-05-26 09:00:41.832 [INFO] main.cpp:373 -   成功率:       0.0%
2026-05-26 09:00:41.832 [INFO] main.cpp:378 - ======== 命令队列统计 ========
2026-05-26 09:00:41.832 [INFO] main.cpp:379 -   已提交: 0  已执行: 0  成功: 0  失败: 0
2026-05-26 09:00:41.832 [INFO] main.cpp:384 -   队列大小: 0  平均耗时: 0.0ms
2026-05-26 09:00:42.833 [INFO] main.cpp:352 - ======== 总线统计 ========
2026-05-26 09:00:42.834 [INFO] main.cpp:353 -   总事务数:     180
2026-05-26 09:00:42.834 [INFO] main.cpp:354 -   总错误数:     180
2026-05-26 09:00:42.834 [INFO] main.cpp:355 -   发送字节数:   1440
2026-05-26 09:00:42.834 [INFO] main.cpp:356 -   接收字节数:   0
2026-05-26 09:00:42.834 [INFO] main.cpp:357 -   平均延迟:     0.00 ms
2026-05-26 09:00:42.834 [INFO] main.cpp:358 -   最大延迟:     0.00 ms
2026-05-26 09:00:42.834 [INFO] main.cpp:359 -   总线争用次数: 0
2026-05-26 09:00:42.834 [INFO] main.cpp:368 - ======== 轮询统计 ========
2026-05-26 09:00:42.834 [INFO] main.cpp:369 -   任务组数:     20
2026-05-26 09:00:42.834 [INFO] main.cpp:370 -   成功事务:     0
2026-05-26 09:00:42.834 [INFO] main.cpp:371 -   失败事务:     180
2026-05-26 09:00:42.834 [INFO] main.cpp:373 -   成功率:       0.0%
2026-05-26 09:00:42.834 [INFO] main.cpp:378 - ======== 命令队列统计 ========
2026-05-26 09:00:42.834 [INFO] main.cpp:379 -   已提交: 0  已执行: 0  成功: 0  失败: 0
2026-05-26 09:00:42.834 [INFO] main.cpp:384 -   队列大小: 0  平均耗时: 0.0ms
2026-05-26 09:00:43.835 [INFO] main.cpp:352 - ======== 总线统计 ========
2026-05-26 09:00:43.835 [INFO] main.cpp:353 -   总事务数:     180
2026-05-26 09:00:43.835 [INFO] main.cpp:354 -   总错误数:     180
2026-05-26 09:00:43.835 [INFO] main.cpp:355 -   发送字节数:   1440
2026-05-26 09:00:43.835 [INFO] main.cpp:356 -   接收字节数:   0
2026-05-26 09:00:43.835 [INFO] main.cpp:357 -   平均延迟:     0.00 ms
2026-05-26 09:00:43.835 [INFO] main.cpp:358 -   最大延迟:     0.00 ms
2026-05-26 09:00:43.835 [INFO] main.cpp:359 -   总线争用次数: 0
2026-05-26 09:00:43.835 [INFO] main.cpp:368 - ======== 轮询统计 ========
2026-05-26 09:00:43.835 [INFO] main.cpp:369 -   任务组数:     20
2026-05-26 09:00:43.835 [INFO] main.cpp:370 -   成功事务:     0
2026-05-26 09:00:43.836 [INFO] main.cpp:371 -   失败事务:     180
2026-05-26 09:00:43.836 [INFO] main.cpp:373 -   成功率:       0.0%
2026-05-26 09:00:43.836 [INFO] main.cpp:378 - ======== 命令队列统计 ========
2026-05-26 09:00:43.836 [INFO] main.cpp:379 -   已提交: 0  已执行: 0  成功: 0  失败: 0
2026-05-26 09:00:43.836 [INFO] main.cpp:384 -   队列大小: 0  平均耗时: 0.0ms
2026-05-26 09:00:44.837 [INFO] main.cpp:352 - ======== 总线统计 ========
2026-05-26 09:00:44.837 [INFO] main.cpp:353 -   总事务数:     200
2026-05-26 09:00:44.837 [INFO] main.cpp:354 -   总错误数:     180
2026-05-26 09:00:44.837 [INFO] main.cpp:355 -   发送字节数:   1440
2026-05-26 09:00:44.837 [INFO] main.cpp:356 -   接收字节数:   0
2026-05-26 09:00:44.837 [INFO] main.cpp:357 -   平均延迟:     0.00 ms
2026-05-26 09:00:44.837 [INFO] main.cpp:358 -   最大延迟:     0.00 ms
2026-05-26 09:00:44.837 [INFO] main.cpp:359 -   总线争用次数: 0
2026-05-26 09:00:44.837 [INFO] main.cpp:368 - ======== 轮询统计 ========
2026-05-26 09:00:44.837 [INFO] main.cpp:369 -   任务组数:     20
2026-05-26 09:00:44.837 [INFO] main.cpp:370 -   成功事务:     0
2026-05-26 09:00:44.837 [INFO] main.cpp:371 -   失败事务:     180
2026-05-26 09:00:44.837 [INFO] main.cpp:373 -   成功率:       0.0%
2026-05-26 09:00:44.837 [INFO] main.cpp:378 - ======== 命令队列统计 ========
2026-05-26 09:00:44.837 [INFO] main.cpp:379 -   已提交: 0  已执行: 0  成功: 0  失败: 0
2026-05-26 09:00:44.838 [INFO] main.cpp:384 -   队列大小: 0  平均耗时: 0.0ms
2026-05-26 09:00:45.839 [INFO] main.cpp:352 - ======== 总线统计 ========
2026-05-26 09:00:45.839 [INFO] main.cpp:353 -   总事务数:     200
2026-05-26 09:00:45.839 [INFO] main.cpp:354 -   总错误数:     180
2026-05-26 09:00:45.839 [INFO] main.cpp:355 -   发送字节数:   1600
2026-05-26 09:00:45.839 [INFO] main.cpp:356 -   接收字节数:   0
2026-05-26 09:00:45.839 [INFO] main.cpp:357 -   平均延迟:     0.00 ms
2026-05-26 09:00:45.839 [INFO] main.cpp:358 -   最大延迟:     0.00 ms
2026-05-26 09:00:45.839 [INFO] main.cpp:359 -   总线争用次数: 0
2026-05-26 09:00:45.839 [INFO] main.cpp:368 - ======== 轮询统计 ========
2026-05-26 09:00:45.839 [INFO] main.cpp:369 -   任务组数:     20
2026-05-26 09:00:45.839 [INFO] main.cpp:370 -   成功事务:     0
2026-05-26 09:00:45.839 [INFO] main.cpp:371 -   失败事务:     180
2026-05-26 09:00:45.839 [INFO] main.cpp:373 -   成功率:       0.0%
2026-05-26 09:00:45.839 [INFO] main.cpp:378 - ======== 命令队列统计 ========
2026-05-26 09:00:45.839 [INFO] main.cpp:379 -   已提交: 0  已执行: 0  成功: 0  失败: 0
2026-05-26 09:00:45.839 [INFO] main.cpp:384 -   队列大小: 0  平均耗时: 0.0ms
2026-05-26 09:00:46.841 [INFO] main.cpp:352 - ======== 总线统计 ========
2026-05-26 09:00:46.841 [INFO] main.cpp:353 -   总事务数:     200
2026-05-26 09:00:46.841 [INFO] main.cpp:354 -   总错误数:     200
2026-05-26 09:00:46.841 [INFO] main.cpp:355 -   发送字节数:   1600
2026-05-26 09:00:46.841 [INFO] main.cpp:356 -   接收字节数:   0
2026-05-26 09:00:46.841 [INFO] main.cpp:357 -   平均延迟:     0.00 ms
2026-05-26 09:00:46.841 [INFO] main.cpp:358 -   最大延迟:     0.00 ms
2026-05-26 09:00:46.841 [INFO] main.cpp:359 -   总线争用次数: 0
2026-05-26 09:00:46.841 [INFO] main.cpp:368 - ======== 轮询统计 ========
2026-05-26 09:00:46.841 [INFO] main.cpp:369 -   任务组数:     20
2026-05-26 09:00:46.841 [INFO] main.cpp:370 -   成功事务:     0
2026-05-26 09:00:46.841 [INFO] main.cpp:371 -   失败事务:     200
2026-05-26 09:00:46.841 [INFO] main.cpp:373 -   成功率:       0.0%
2026-05-26 09:00:46.841 [INFO] main.cpp:378 - ======== 命令队列统计 ========
2026-05-26 09:00:46.841 [INFO] main.cpp:379 -   已提交: 0  已执行: 0  成功: 0  失败: 0
2026-05-26 09:00:46.841 [INFO] main.cpp:384 -   队列大小: 0  平均耗时: 0.0ms
2026-05-26 09:00:47.842 [INFO] main.cpp:352 - ======== 总线统计 ========
2026-05-26 09:00:47.842 [INFO] main.cpp:353 -   总事务数:     200
2026-05-26 09:00:47.842 [INFO] main.cpp:354 -   总错误数:     200
2026-05-26 09:00:47.842 [INFO] main.cpp:355 -   发送字节数:   1600
2026-05-26 09:00:47.842 [INFO] main.cpp:356 -   接收字节数:   0
2026-05-26 09:00:47.842 [INFO] main.cpp:357 -   平均延迟:     0.00 ms
2026-05-26 09:00:47.842 [INFO] main.cpp:358 -   最大延迟:     0.00 ms
2026-05-26 09:00:47.842 [INFO] main.cpp:359 -   总线争用次数: 0
2026-05-26 09:00:47.842 [INFO] main.cpp:368 - ======== 轮询统计 ========
2026-05-26 09:00:47.842 [INFO] main.cpp:369 -   任务组数:     20
2026-05-26 09:00:47.842 [INFO] main.cpp:370 -   成功事务:     0
2026-05-26 09:00:47.842 [INFO] main.cpp:371 -   失败事务:     200
2026-05-26 09:00:47.842 [INFO] main.cpp:373 -   成功率:       0.0%
2026-05-26 09:00:47.842 [INFO] main.cpp:378 - ======== 命令队列统计 ========
2026-05-26 09:00:47.842 [INFO] main.cpp:379 -   已提交: 0  已执行: 0  成功: 0  失败: 0
2026-05-26 09:00:47.842 [INFO] main.cpp:384 -   队列大小: 0  平均耗时: 0.0ms
2026-05-26 09:00:48.843 [INFO] main.cpp:352 - ======== 总线统计 ========
2026-05-26 09:00:48.844 [INFO] main.cpp:353 -   总事务数:     200
2026-05-26 09:00:48.844 [INFO] main.cpp:354 -   总错误数:     200
2026-05-26 09:00:48.844 [INFO] main.cpp:355 -   发送字节数:   1600
2026-05-26 09:00:48.844 [INFO] main.cpp:356 -   接收字节数:   0
2026-05-26 09:00:48.844 [INFO] main.cpp:357 -   平均延迟:     0.00 ms
2026-05-26 09:00:48.844 [INFO] main.cpp:358 -   最大延迟:     0.00 ms
2026-05-26 09:00:48.844 [INFO] main.cpp:359 -   总线争用次数: 0
2026-05-26 09:00:48.844 [INFO] main.cpp:368 - ======== 轮询统计 ========
2026-05-26 09:00:48.844 [INFO] main.cpp:369 -   任务组数:     20
2026-05-26 09:00:48.844 [INFO] main.cpp:370 -   成功事务:     0
2026-05-26 09:00:48.844 [INFO] main.cpp:371 -   失败事务:     200
2026-05-26 09:00:48.844 [INFO] main.cpp:373 -   成功率:       0.0%
2026-05-26 09:00:48.844 [INFO] main.cpp:378 - ======== 命令队列统计 ========
2026-05-26 09:00:48.844 [INFO] main.cpp:379 -   已提交: 0  已执行: 0  成功: 0  失败: 0
2026-05-26 09:00:48.844 [INFO] main.cpp:384 -   队列大小: 0  平均耗时: 0.0ms
2026-05-26 09:00:49.845 [INFO] main.cpp:352 - ======== 总线统计 ========
2026-05-26 09:00:49.845 [INFO] main.cpp:353 -   总事务数:     220
2026-05-26 09:00:49.845 [INFO] main.cpp:354 -   总错误数:     200
2026-05-26 09:00:49.845 [INFO] main.cpp:355 -   发送字节数:   1600
2026-05-26 09:00:49.845 [INFO] main.cpp:356 -   接收字节数:   0
2026-05-26 09:00:49.845 [INFO] main.cpp:357 -   平均延迟:     0.00 ms
2026-05-26 09:00:49.845 [INFO] main.cpp:358 -   最大延迟:     0.00 ms
2026-05-26 09:00:49.845 [INFO] main.cpp:359 -   总线争用次数: 0
2026-05-26 09:00:49.845 [INFO] main.cpp:368 - ======== 轮询统计 ========
2026-05-26 09:00:49.845 [INFO] main.cpp:369 -   任务组数:     20
2026-05-26 09:00:49.846 [INFO] main.cpp:370 -   成功事务:     0
2026-05-26 09:00:49.846 [INFO] main.cpp:371 -   失败事务:     200
2026-05-26 09:00:49.846 [INFO] main.cpp:373 -   成功率:       0.0%
2026-05-26 09:00:49.846 [INFO] main.cpp:378 - ======== 命令队列统计 ========
2026-05-26 09:00:49.846 [INFO] main.cpp:379 -   已提交: 0  已执行: 0  成功: 0  失败: 0
2026-05-26 09:00:49.846 [INFO] main.cpp:384 -   队列大小: 0  平均耗时: 0.0ms
2026-05-26 09:00:50.847 [INFO] main.cpp:352 - ======== 总线统计 ========
2026-05-26 09:00:50.847 [INFO] main.cpp:353 -   总事务数:     220
2026-05-26 09:00:50.847 [INFO] main.cpp:354 -   总错误数:     200
2026-05-26 09:00:50.847 [INFO] main.cpp:355 -   发送字节数:   1760
2026-05-26 09:00:50.847 [INFO] main.cpp:356 -   接收字节数:   0
2026-05-26 09:00:50.847 [INFO] main.cpp:357 -   平均延迟:     0.00 ms
2026-05-26 09:00:50.847 [INFO] main.cpp:358 -   最大延迟:     0.00 ms
2026-05-26 09:00:50.847 [INFO] main.cpp:359 -   总线争用次数: 0
2026-05-26 09:00:50.847 [INFO] main.cpp:368 - ======== 轮询统计 ========
2026-05-26 09:00:50.847 [INFO] main.cpp:369 -   任务组数:     20
2026-05-26 09:00:50.847 [INFO] main.cpp:370 -   成功事务:     0
2026-05-26 09:00:50.848 [INFO] main.cpp:371 -   失败事务:     200
2026-05-26 09:00:50.848 [INFO] main.cpp:373 -   成功率:       0.0%
2026-05-26 09:00:50.848 [INFO] main.cpp:378 - ======== 命令队列统计 ========
2026-05-26 09:00:50.848 [INFO] main.cpp:379 -   已提交: 0  已执行: 0  成功: 0  失败: 0
2026-05-26 09:00:50.848 [INFO] main.cpp:384 -   队列大小: 0  平均耗时: 0.0ms
2026-05-26 09:00:51.849 [INFO] main.cpp:352 - ======== 总线统计 ========
2026-05-26 09:00:51.849 [INFO] main.cpp:353 -   总事务数:     220
2026-05-26 09:00:51.849 [INFO] main.cpp:354 -   总错误数:     220
2026-05-26 09:00:51.849 [INFO] main.cpp:355 -   发送字节数:   1760
2026-05-26 09:00:51.849 [INFO] main.cpp:356 -   接收字节数:   0
2026-05-26 09:00:51.849 [INFO] main.cpp:357 -   平均延迟:     0.00 ms
2026-05-26 09:00:51.849 [INFO] main.cpp:358 -   最大延迟:     0.00 ms
2026-05-26 09:00:51.849 [INFO] main.cpp:359 -   总线争用次数: 0
2026-05-26 09:00:51.849 [INFO] main.cpp:368 - ======== 轮询统计 ========
2026-05-26 09:00:51.849 [INFO] main.cpp:369 -   任务组数:     20
2026-05-26 09:00:51.849 [INFO] main.cpp:370 -   成功事务:     0
2026-05-26 09:00:51.849 [INFO] main.cpp:371 -   失败事务:     220
2026-05-26 09:00:51.849 [INFO] main.cpp:373 -   成功率:       0.0%
2026-05-26 09:00:51.849 [INFO] main.cpp:378 - ======== 命令队列统计 ========
2026-05-26 09:00:51.849 [INFO] main.cpp:379 -   已提交: 0  已执行: 0  成功: 0  失败: 0
2026-05-26 09:00:51.849 [INFO] main.cpp:384 -   队列大小: 0  平均耗时: 0.0ms
2026-05-26 09:00:52.851 [INFO] main.cpp:352 - ======== 总线统计 ========
2026-05-26 09:00:52.851 [INFO] main.cpp:353 -   总事务数:     220
2026-05-26 09:00:52.851 [INFO] main.cpp:354 -   总错误数:     220
2026-05-26 09:00:52.851 [INFO] main.cpp:355 -   发送字节数:   1760
2026-05-26 09:00:52.851 [INFO] main.cpp:356 -   接收字节数:   0
2026-05-26 09:00:52.851 [INFO] main.cpp:357 -   平均延迟:     0.00 ms
2026-05-26 09:00:52.851 [INFO] main.cpp:358 -   最大延迟:     0.00 ms
2026-05-26 09:00:52.851 [INFO] main.cpp:359 -   总线争用次数: 0
2026-05-26 09:00:52.851 [INFO] main.cpp:368 - ======== 轮询统计 ========
2026-05-26 09:00:52.851 [INFO] main.cpp:369 -   任务组数:     20
2026-05-26 09:00:52.851 [INFO] main.cpp:370 -   成功事务:     0
2026-05-26 09:00:52.851 [INFO] main.cpp:371 -   失败事务:     220
2026-05-26 09:00:52.851 [INFO] main.cpp:373 -   成功率:       0.0%
2026-05-26 09:00:52.851 [INFO] main.cpp:378 - ======== 命令队列统计 ========
2026-05-26 09:00:52.852 [INFO] main.cpp:379 -   已提交: 0  已执行: 0  成功: 0  失败: 0
2026-05-26 09:00:52.852 [INFO] main.cpp:384 -   队列大小: 0  平均耗时: 0.0ms
2026-05-26 09:00:53.853 [INFO] main.cpp:352 - ======== 总线统计 ========
2026-05-26 09:00:53.853 [INFO] main.cpp:353 -   总事务数:     220
2026-05-26 09:00:53.853 [INFO] main.cpp:354 -   总错误数:     220
2026-05-26 09:00:53.853 [INFO] main.cpp:355 -   发送字节数:   1760
2026-05-26 09:00:53.853 [INFO] main.cpp:356 -   接收字节数:   0
2026-05-26 09:00:53.853 [INFO] main.cpp:357 -   平均延迟:     0.00 ms
2026-05-26 09:00:53.853 [INFO] main.cpp:358 -   最大延迟:     0.00 ms
2026-05-26 09:00:53.853 [INFO] main.cpp:359 -   总线争用次数: 0
2026-05-26 09:00:53.853 [INFO] main.cpp:368 - ======== 轮询统计 ========
2026-05-26 09:00:53.853 [INFO] main.cpp:369 -   任务组数:     20
2026-05-26 09:00:53.853 [INFO] main.cpp:370 -   成功事务:     0
2026-05-26 09:00:53.853 [INFO] main.cpp:371 -   失败事务:     220
2026-05-26 09:00:53.853 [INFO] main.cpp:373 -   成功率:       0.0%
2026-05-26 09:00:53.853 [INFO] main.cpp:378 - ======== 命令队列统计 ========
2026-05-26 09:00:53.853 [INFO] main.cpp:379 -   已提交: 0  已执行: 0  成功: 0  失败: 0
2026-05-26 09:00:53.853 [INFO] main.cpp:384 -   队列大小: 0  平均耗时: 0.0ms
2026-05-26 09:00:54.855 [INFO] main.cpp:352 - ======== 总线统计 ========
2026-05-26 09:00:54.855 [INFO] main.cpp:353 -   总事务数:     240
2026-05-26 09:00:54.855 [INFO] main.cpp:354 -   总错误数:     220
2026-05-26 09:00:54.855 [INFO] main.cpp:355 -   发送字节数:   1768
2026-05-26 09:00:54.855 [INFO] main.cpp:356 -   接收字节数:   0
2026-05-26 09:00:54.855 [INFO] main.cpp:357 -   平均延迟:     0.00 ms
2026-05-26 09:00:54.855 [INFO] main.cpp:358 -   最大延迟:     0.00 ms
2026-05-26 09:00:54.855 [INFO] main.cpp:359 -   总线争用次数: 0
2026-05-26 09:00:54.855 [INFO] main.cpp:368 - ======== 轮询统计 ========
2026-05-26 09:00:54.855 [INFO] main.cpp:369 -   任务组数:     20
2026-05-26 09:00:54.855 [INFO] main.cpp:370 -   成功事务:     0
2026-05-26 09:00:54.855 [INFO] main.cpp:371 -   失败事务:     220
2026-05-26 09:00:54.855 [INFO] main.cpp:373 -   成功率:       0.0%
2026-05-26 09:00:54.855 [INFO] main.cpp:378 - ======== 命令队列统计 ========
2026-05-26 09:00:54.855 [INFO] main.cpp:379 -   已提交: 0  已执行: 0  成功: 0  失败: 0
2026-05-26 09:00:54.856 [INFO] main.cpp:384 -   队列大小: 0  平均耗时: 0.0ms
2026-05-26 09:00:55.857 [INFO] main.cpp:352 - ======== 总线统计 ========
2026-05-26 09:00:55.857 [INFO] main.cpp:353 -   总事务数:     240
2026-05-26 09:00:55.857 [INFO] main.cpp:354 -   总错误数:     221
2026-05-26 09:00:55.857 [INFO] main.cpp:355 -   发送字节数:   1920
2026-05-26 09:00:55.857 [INFO] main.cpp:356 -   接收字节数:   0
2026-05-26 09:00:55.857 [INFO] main.cpp:357 -   平均延迟:     0.00 ms
2026-05-26 09:00:55.857 [INFO] main.cpp:358 -   最大延迟:     0.00 ms
2026-05-26 09:00:55.857 [INFO] main.cpp:359 -   总线争用次数: 0
2026-05-26 09:00:55.857 [INFO] main.cpp:368 - ======== 轮询统计 ========
2026-05-26 09:00:55.857 [INFO] main.cpp:369 -   任务组数:     20
2026-05-26 09:00:55.857 [INFO] main.cpp:370 -   成功事务:     0
2026-05-26 09:00:55.857 [INFO] main.cpp:371 -   失败事务:     221
2026-05-26 09:00:55.857 [INFO] main.cpp:373 -   成功率:       0.0%
2026-05-26 09:00:55.857 [INFO] main.cpp:378 - ======== 命令队列统计 ========
2026-05-26 09:00:55.857 [INFO] main.cpp:379 -   已提交: 0  已执行: 0  成功: 0  失败: 0
2026-05-26 09:00:55.857 [INFO] main.cpp:384 -   队列大小: 0  平均耗时: 0.0ms
2026-05-26 09:00:56.858 [INFO] main.cpp:352 - ======== 总线统计 ========
2026-05-26 09:00:56.858 [INFO] main.cpp:353 -   总事务数:     240
2026-05-26 09:00:56.858 [INFO] main.cpp:354 -   总错误数:     240
2026-05-26 09:00:56.859 [INFO] main.cpp:355 -   发送字节数:   1920
2026-05-26 09:00:56.859 [INFO] main.cpp:356 -   接收字节数:   0
2026-05-26 09:00:56.859 [INFO] main.cpp:357 -   平均延迟:     0.00 ms
2026-05-26 09:00:56.859 [INFO] main.cpp:358 -   最大延迟:     0.00 ms
2026-05-26 09:00:56.859 [INFO] main.cpp:359 -   总线争用次数: 0
2026-05-26 09:00:56.859 [INFO] main.cpp:368 - ======== 轮询统计 ========
2026-05-26 09:00:56.859 [INFO] main.cpp:369 -   任务组数:     20
2026-05-26 09:00:56.859 [INFO] main.cpp:370 -   成功事务:     0
2026-05-26 09:00:56.859 [INFO] main.cpp:371 -   失败事务:     240
2026-05-26 09:00:56.859 [INFO] main.cpp:373 -   成功率:       0.0%
2026-05-26 09:00:56.859 [INFO] main.cpp:378 - ======== 命令队列统计 ========
2026-05-26 09:00:56.859 [INFO] main.cpp:379 -   已提交: 0  已执行: 0  成功: 0  失败: 0
2026-05-26 09:00:56.859 [INFO] main.cpp:384 -   队列大小: 0  平均耗时: 0.0ms
2026-05-26 09:00:57.860 [INFO] main.cpp:352 - ======== 总线统计 ========
2026-05-26 09:00:57.860 [INFO] main.cpp:353 -   总事务数:     240
2026-05-26 09:00:57.860 [INFO] main.cpp:354 -   总错误数:     240
2026-05-26 09:00:57.860 [INFO] main.cpp:355 -   发送字节数:   1920
2026-05-26 09:00:57.860 [INFO] main.cpp:356 -   接收字节数:   0
2026-05-26 09:00:57.860 [INFO] main.cpp:357 -   平均延迟:     0.00 ms
2026-05-26 09:00:57.861 [INFO] main.cpp:358 -   最大延迟:     0.00 ms
2026-05-26 09:00:57.861 [INFO] main.cpp:359 -   总线争用次数: 0
2026-05-26 09:00:57.861 [INFO] main.cpp:368 - ======== 轮询统计 ========
2026-05-26 09:00:57.861 [INFO] main.cpp:369 -   任务组数:     20
2026-05-26 09:00:57.861 [INFO] main.cpp:370 -   成功事务:     0
2026-05-26 09:00:57.861 [INFO] main.cpp:371 -   失败事务:     240
2026-05-26 09:00:57.861 [INFO] main.cpp:373 -   成功率:       0.0%
2026-05-26 09:00:57.861 [INFO] main.cpp:378 - ======== 命令队列统计 ========
2026-05-26 09:00:57.861 [INFO] main.cpp:379 -   已提交: 0  已执行: 0  成功: 0  失败: 0
2026-05-26 09:00:57.861 [INFO] main.cpp:384 -   队列大小: 0  平均耗时: 0.0ms
2026-05-26 09:00:58.862 [INFO] main.cpp:352 - ======== 总线统计 ========
2026-05-26 09:00:58.862 [INFO] main.cpp:353 -   总事务数:     240
2026-05-26 09:00:58.862 [INFO] main.cpp:354 -   总错误数:     240
2026-05-26 09:00:58.862 [INFO] main.cpp:355 -   发送字节数:   1920
2026-05-26 09:00:58.862 [INFO] main.cpp:356 -   接收字节数:   0
2026-05-26 09:00:58.862 [INFO] main.cpp:357 -   平均延迟:     0.00 ms
2026-05-26 09:00:58.862 [INFO] main.cpp:358 -   最大延迟:     0.00 ms
2026-05-26 09:00:58.862 [INFO] main.cpp:359 -   总线争用次数: 0
2026-05-26 09:00:58.862 [INFO] main.cpp:368 - ======== 轮询统计 ========
2026-05-26 09:00:58.862 [INFO] main.cpp:369 -   任务组数:     20
2026-05-26 09:00:58.862 [INFO] main.cpp:370 -   成功事务:     0
2026-05-26 09:00:58.862 [INFO] main.cpp:371 -   失败事务:     240
2026-05-26 09:00:58.862 [INFO] main.cpp:373 -   成功率:       0.0%
2026-05-26 09:00:58.862 [INFO] main.cpp:378 - ======== 命令队列统计 ========
2026-05-26 09:00:58.862 [INFO] main.cpp:379 -   已提交: 0  已执行: 0  成功: 0  失败: 0
2026-05-26 09:00:58.862 [INFO] main.cpp:384 -   队列大小: 0  平均耗时: 0.0ms
2026-05-26 09:00:59.863 [INFO] main.cpp:352 - ======== 总线统计 ========
2026-05-26 09:00:59.864 [INFO] main.cpp:353 -   总事务数:     260
2026-05-26 09:00:59.864 [INFO] main.cpp:354 -   总错误数:     240
2026-05-26 09:00:59.864 [INFO] main.cpp:355 -   发送字节数:   2080
2026-05-26 09:00:59.864 [INFO] main.cpp:356 -   接收字节数:   0
2026-05-26 09:00:59.864 [INFO] main.cpp:357 -   平均延迟:     0.00 ms
2026-05-26 09:00:59.864 [INFO] main.cpp:358 -   最大延迟:     0.00 ms
2026-05-26 09:00:59.864 [INFO] main.cpp:359 -   总线争用次数: 0
2026-05-26 09:00:59.864 [INFO] main.cpp:368 - ======== 轮询统计 ========
2026-05-26 09:00:59.864 [INFO] main.cpp:369 -   任务组数:     20
2026-05-26 09:00:59.864 [INFO] main.cpp:370 -   成功事务:     0
2026-05-26 09:00:59.864 [INFO] main.cpp:371 -   失败事务:     240
2026-05-26 09:00:59.864 [INFO] main.cpp:373 -   成功率:       0.0%
2026-05-26 09:00:59.864 [INFO] main.cpp:378 - ======== 命令队列统计 ========
2026-05-26 09:00:59.864 [INFO] main.cpp:379 -   已提交: 0  已执行: 0  成功: 0  失败: 0
2026-05-26 09:00:59.864 [INFO] main.cpp:384 -   队列大小: 0  平均耗时: 0.0ms
2026-05-26 09:01:00.865 [INFO] main.cpp:352 - ======== 总线统计 ========
2026-05-26 09:01:00.865 [INFO] main.cpp:353 -   总事务数:     260
2026-05-26 09:01:00.865 [INFO] main.cpp:354 -   总错误数:     260
2026-05-26 09:01:00.865 [INFO] main.cpp:355 -   发送字节数:   2080
2026-05-26 09:01:00.865 [INFO] main.cpp:356 -   接收字节数:   0
2026-05-26 09:01:00.866 [INFO] main.cpp:357 -   平均延迟:     0.00 ms
2026-05-26 09:01:00.866 [INFO] main.cpp:358 -   最大延迟:     0.00 ms
2026-05-26 09:01:00.866 [INFO] main.cpp:359 -   总线争用次数: 0
2026-05-26 09:01:00.866 [INFO] main.cpp:368 - ======== 轮询统计 ========
2026-05-26 09:01:00.866 [INFO] main.cpp:369 -   任务组数:     20
2026-05-26 09:01:00.866 [INFO] main.cpp:370 -   成功事务:     0
2026-05-26 09:01:00.866 [INFO] main.cpp:371 -   失败事务:     260
2026-05-26 09:01:00.866 [INFO] main.cpp:373 -   成功率:       0.0%
2026-05-26 09:01:00.866 [INFO] main.cpp:378 - ======== 命令队列统计 ========
2026-05-26 09:01:00.866 [INFO] main.cpp:379 -   已提交: 0  已执行: 0  成功: 0  失败: 0
2026-05-26 09:01:00.866 [INFO] main.cpp:384 -   队列大小: 0  平均耗时: 0.0ms
2026-05-26 09:01:01.867 [INFO] main.cpp:352 - ======== 总线统计 ========
2026-05-26 09:01:01.867 [INFO] main.cpp:353 -   总事务数:     260
2026-05-26 09:01:01.867 [INFO] main.cpp:354 -   总错误数:     260
2026-05-26 09:01:01.867 [INFO] main.cpp:355 -   发送字节数:   2080
2026-05-26 09:01:01.867 [INFO] main.cpp:356 -   接收字节数:   0
2026-05-26 09:01:01.867 [INFO] main.cpp:357 -   平均延迟:     0.00 ms
2026-05-26 09:01:01.867 [INFO] main.cpp:358 -   最大延迟:     0.00 ms
2026-05-26 09:01:01.867 [INFO] main.cpp:359 -   总线争用次数: 0
2026-05-26 09:01:01.868 [INFO] main.cpp:368 - ======== 轮询统计 ========
2026-05-26 09:01:01.868 [INFO] main.cpp:369 -   任务组数:     20
2026-05-26 09:01:01.868 [INFO] main.cpp:370 -   成功事务:     0
2026-05-26 09:01:01.868 [INFO] main.cpp:371 -   失败事务:     260
2026-05-26 09:01:01.868 [INFO] main.cpp:373 -   成功率:       0.0%
2026-05-26 09:01:01.868 [INFO] main.cpp:378 - ======== 命令队列统计 ========
2026-05-26 09:01:01.868 [INFO] main.cpp:379 -   已提交: 0  已执行: 0  成功: 0  失败: 0
2026-05-26 09:01:01.868 [INFO] main.cpp:384 -   队列大小: 0  平均耗时: 0.0ms
2026-05-26 09:01:02.869 [INFO] main.cpp:352 - ======== 总线统计 ========
2026-05-26 09:01:02.869 [INFO] main.cpp:353 -   总事务数:     260
2026-05-26 09:01:02.869 [INFO] main.cpp:354 -   总错误数:     260
2026-05-26 09:01:02.869 [INFO] main.cpp:355 -   发送字节数:   2080
2026-05-26 09:01:02.869 [INFO] main.cpp:356 -   接收字节数:   0
2026-05-26 09:01:02.869 [INFO] main.cpp:357 -   平均延迟:     0.00 ms
2026-05-26 09:01:02.869 [INFO] main.cpp:358 -   最大延迟:     0.00 ms
2026-05-26 09:01:02.869 [INFO] main.cpp:359 -   总线争用次数: 0
2026-05-26 09:01:02.869 [INFO] main.cpp:368 - ======== 轮询统计 ========
2026-05-26 09:01:02.870 [INFO] main.cpp:369 -   任务组数:     20
2026-05-26 09:01:02.870 [INFO] main.cpp:370 -   成功事务:     0
2026-05-26 09:01:02.870 [INFO] main.cpp:371 -   失败事务:     260
2026-05-26 09:01:02.870 [INFO] main.cpp:373 -   成功率:       0.0%
2026-05-26 09:01:02.870 [INFO] main.cpp:378 - ======== 命令队列统计 ========
2026-05-26 09:01:02.870 [INFO] main.cpp:379 -   已提交: 0  已执行: 0  成功: 0  失败: 0
2026-05-26 09:01:02.870 [INFO] main.cpp:384 -   队列大小: 0  平均耗时: 0.0ms
2026-05-26 09:01:03.871 [INFO] main.cpp:352 - ======== 总线统计 ========
2026-05-26 09:01:03.871 [INFO] main.cpp:353 -   总事务数:     260
2026-05-26 09:01:03.871 [INFO] main.cpp:354 -   总错误数:     260
2026-05-26 09:01:03.871 [INFO] main.cpp:355 -   发送字节数:   2080
2026-05-26 09:01:03.871 [INFO] main.cpp:356 -   接收字节数:   0
2026-05-26 09:01:03.871 [INFO] main.cpp:357 -   平均延迟:     0.00 ms
2026-05-26 09:01:03.871 [INFO] main.cpp:358 -   最大延迟:     0.00 ms
2026-05-26 09:01:03.871 [INFO] main.cpp:359 -   总线争用次数: 0
2026-05-26 09:01:03.871 [INFO] main.cpp:368 - ======== 轮询统计 ========
2026-05-26 09:01:03.871 [INFO] main.cpp:369 -   任务组数:     20
2026-05-26 09:01:03.871 [INFO] main.cpp:370 -   成功事务:     0
2026-05-26 09:01:03.872 [INFO] main.cpp:371 -   失败事务:     260
2026-05-26 09:01:03.872 [INFO] main.cpp:373 -   成功率:       0.0%
2026-05-26 09:01:03.872 [INFO] main.cpp:378 - ======== 命令队列统计 ========
2026-05-26 09:01:03.872 [INFO] main.cpp:379 -   已提交: 0  已执行: 0  成功: 0  失败: 0
2026-05-26 09:01:03.872 [INFO] main.cpp:384 -   队列大小: 0  平均耗时: 0.0ms
2026-05-26 09:01:04.873 [INFO] main.cpp:352 - ======== 总线统计 ========
2026-05-26 09:01:04.873 [INFO] main.cpp:353 -   总事务数:     280
2026-05-26 09:01:04.873 [INFO] main.cpp:354 -   总错误数:     260
2026-05-26 09:01:04.873 [INFO] main.cpp:355 -   发送字节数:   2088
2026-05-26 09:01:04.873 [INFO] main.cpp:356 -   接收字节数:   0
2026-05-26 09:01:04.873 [INFO] main.cpp:357 -   平均延迟:     0.00 ms
2026-05-26 09:01:04.873 [INFO] main.cpp:358 -   最大延迟:     0.00 ms
2026-05-26 09:01:04.873 [INFO] main.cpp:359 -   总线争用次数: 0
2026-05-26 09:01:04.873 [INFO] main.cpp:368 - ======== 轮询统计 ========
2026-05-26 09:01:04.873 [INFO] main.cpp:369 -   任务组数:     20
2026-05-26 09:01:04.873 [INFO] main.cpp:370 -   成功事务:     0
2026-05-26 09:01:04.873 [INFO] main.cpp:371 -   失败事务:     260
2026-05-26 09:01:04.873 [INFO] main.cpp:373 -   成功率:       0.0%
2026-05-26 09:01:04.873 [INFO] main.cpp:378 - ======== 命令队列统计 ========
2026-05-26 09:01:04.874 [INFO] main.cpp:379 -   已提交: 0  已执行: 0  成功: 0  失败: 0
2026-05-26 09:01:04.874 [INFO] main.cpp:384 -   队列大小: 0  平均耗时: 0.0ms
2026-05-26 09:01:05.874 [INFO] main.cpp:352 - ======== 总线统计 ========
2026-05-26 09:01:05.874 [INFO] main.cpp:353 -   总事务数:     280
2026-05-26 09:01:05.874 [INFO] main.cpp:354 -   总错误数:     261
2026-05-26 09:01:05.874 [INFO] main.cpp:355 -   发送字节数:   2240
2026-05-26 09:01:05.874 [INFO] main.cpp:356 -   接收字节数:   0
2026-05-26 09:01:05.874 [INFO] main.cpp:357 -   平均延迟:     0.00 ms
2026-05-26 09:01:05.875 [INFO] main.cpp:358 -   最大延迟:     0.00 ms
2026-05-26 09:01:05.875 [INFO] main.cpp:359 -   总线争用次数: 0
2026-05-26 09:01:05.875 [INFO] main.cpp:368 - ======== 轮询统计 ========
2026-05-26 09:01:05.875 [INFO] main.cpp:369 -   任务组数:     20
2026-05-26 09:01:05.875 [INFO] main.cpp:370 -   成功事务:     0
2026-05-26 09:01:05.875 [INFO] main.cpp:371 -   失败事务:     261
2026-05-26 09:01:05.875 [INFO] main.cpp:373 -   成功率:       0.0%
2026-05-26 09:01:05.875 [INFO] main.cpp:378 - ======== 命令队列统计 ========
2026-05-26 09:01:05.875 [INFO] main.cpp:379 -   已提交: 0  已执行: 0  成功: 0  失败: 0
2026-05-26 09:01:05.875 [INFO] main.cpp:384 -   队列大小: 0  平均耗时: 0.0ms
2026-05-26 09:01:06.876 [INFO] main.cpp:352 - ======== 总线统计 ========
2026-05-26 09:01:06.876 [INFO] main.cpp:353 -   总事务数:     280
2026-05-26 09:01:06.876 [INFO] main.cpp:354 -   总错误数:     280
2026-05-26 09:01:06.876 [INFO] main.cpp:355 -   发送字节数:   2240
2026-05-26 09:01:06.876 [INFO] main.cpp:356 -   接收字节数:   0
2026-05-26 09:01:06.876 [INFO] main.cpp:357 -   平均延迟:     0.00 ms
2026-05-26 09:01:06.876 [INFO] main.cpp:358 -   最大延迟:     0.00 ms
2026-05-26 09:01:06.876 [INFO] main.cpp:359 -   总线争用次数: 0
2026-05-26 09:01:06.876 [INFO] main.cpp:368 - ======== 轮询统计 ========
2026-05-26 09:01:06.877 [INFO] main.cpp:369 -   任务组数:     20
2026-05-26 09:01:06.877 [INFO] main.cpp:370 -   成功事务:     0
2026-05-26 09:01:06.877 [INFO] main.cpp:371 -   失败事务:     280
2026-05-26 09:01:06.877 [INFO] main.cpp:373 -   成功率:       0.0%
2026-05-26 09:01:06.877 [INFO] main.cpp:378 - ======== 命令队列统计 ========
2026-05-26 09:01:06.877 [INFO] main.cpp:379 -   已提交: 0  已执行: 0  成功: 0  失败: 0
2026-05-26 09:01:06.877 [INFO] main.cpp:384 -   队列大小: 0  平均耗时: 0.0ms
2026-05-26 09:01:07.877 [INFO] main.cpp:352 - ======== 总线统计 ========
2026-05-26 09:01:07.877 [INFO] main.cpp:353 -   总事务数:     280
2026-05-26 09:01:07.877 [INFO] main.cpp:354 -   总错误数:     280
2026-05-26 09:01:07.878 [INFO] main.cpp:355 -   发送字节数:   2240
2026-05-26 09:01:07.878 [INFO] main.cpp:356 -   接收字节数:   0
2026-05-26 09:01:07.878 [INFO] main.cpp:357 -   平均延迟:     0.00 ms
2026-05-26 09:01:07.878 [INFO] main.cpp:358 -   最大延迟:     0.00 ms
2026-05-26 09:01:07.878 [INFO] main.cpp:359 -   总线争用次数: 0
2026-05-26 09:01:07.878 [INFO] main.cpp:368 - ======== 轮询统计 ========
2026-05-26 09:01:07.878 [INFO] main.cpp:369 -   任务组数:     20
2026-05-26 09:01:07.878 [INFO] main.cpp:370 -   成功事务:     0
2026-05-26 09:01:07.878 [INFO] main.cpp:371 -   失败事务:     280
2026-05-26 09:01:07.878 [INFO] main.cpp:373 -   成功率:       0.0%
2026-05-26 09:01:07.878 [INFO] main.cpp:378 - ======== 命令队列统计 ========
2026-05-26 09:01:07.878 [INFO] main.cpp:379 -   已提交: 0  已执行: 0  成功: 0  失败: 0
2026-05-26 09:01:07.878 [INFO] main.cpp:384 -   队列大小: 0  平均耗时: 0.0ms
2026-05-26 09:01:08.879 [INFO] main.cpp:352 - ======== 总线统计 ========
2026-05-26 09:01:08.879 [INFO] main.cpp:353 -   总事务数:     280
2026-05-26 09:01:08.879 [INFO] main.cpp:354 -   总错误数:     280
2026-05-26 09:01:08.879 [INFO] main.cpp:355 -   发送字节数:   2240
2026-05-26 09:01:08.879 [INFO] main.cpp:356 -   接收字节数:   0
2026-05-26 09:01:08.879 [INFO] main.cpp:357 -   平均延迟:     0.00 ms
2026-05-26 09:01:08.880 [INFO] main.cpp:358 -   最大延迟:     0.00 ms
2026-05-26 09:01:08.880 [INFO] main.cpp:359 -   总线争用次数: 0
2026-05-26 09:01:08.880 [INFO] main.cpp:368 - ======== 轮询统计 ========
2026-05-26 09:01:08.880 [INFO] main.cpp:369 -   任务组数:     20
2026-05-26 09:01:08.880 [INFO] main.cpp:370 -   成功事务:     0
2026-05-26 09:01:08.880 [INFO] main.cpp:371 -   失败事务:     280
2026-05-26 09:01:08.880 [INFO] main.cpp:373 -   成功率:       0.0%
2026-05-26 09:01:08.880 [INFO] main.cpp:378 - ======== 命令队列统计 ========
2026-05-26 09:01:08.880 [INFO] main.cpp:379 -   已提交: 0  已执行: 0  成功: 0  失败: 0
2026-05-26 09:01:08.880 [INFO] main.cpp:384 -   队列大小: 0  平均耗时: 0.0ms
2026-05-26 09:01:09.881 [INFO] main.cpp:352 - ======== 总线统计 ========
2026-05-26 09:01:09.881 [INFO] main.cpp:353 -   总事务数:     300
2026-05-26 09:01:09.881 [INFO] main.cpp:354 -   总错误数:     280
2026-05-26 09:01:09.881 [INFO] main.cpp:355 -   发送字节数:   2376
2026-05-26 09:01:09.881 [INFO] main.cpp:356 -   接收字节数:   0
2026-05-26 09:01:09.881 [INFO] main.cpp:357 -   平均延迟:     0.00 ms
2026-05-26 09:01:09.882 [INFO] main.cpp:358 -   最大延迟:     0.00 ms
2026-05-26 09:01:09.882 [INFO] main.cpp:359 -   总线争用次数: 0
2026-05-26 09:01:09.882 [INFO] main.cpp:368 - ======== 轮询统计 ========
2026-05-26 09:01:09.882 [INFO] main.cpp:369 -   任务组数:     20
2026-05-26 09:01:09.882 [INFO] main.cpp:370 -   成功事务:     0
2026-05-26 09:01:09.882 [INFO] main.cpp:371 -   失败事务:     280
2026-05-26 09:01:09.882 [INFO] main.cpp:373 -   成功率:       0.0%
2026-05-26 09:01:09.882 [INFO] main.cpp:378 - ======== 命令队列统计 ========
2026-05-26 09:01:09.882 [INFO] main.cpp:379 -   已提交: 0  已执行: 0  成功: 0  失败: 0
2026-05-26 09:01:09.882 [INFO] main.cpp:384 -   队列大小: 0  平均耗时: 0.0ms
2026-05-26 09:01:10.883 [INFO] main.cpp:352 - ======== 总线统计 ========
2026-05-26 09:01:10.883 [INFO] main.cpp:353 -   总事务数:     300
2026-05-26 09:01:10.883 [INFO] main.cpp:354 -   总错误数:     298
2026-05-26 09:01:10.883 [INFO] main.cpp:355 -   发送字节数:   2400
2026-05-26 09:01:10.883 [INFO] main.cpp:356 -   接收字节数:   0
2026-05-26 09:01:10.883 [INFO] main.cpp:357 -   平均延迟:     0.00 ms
2026-05-26 09:01:10.883 [INFO] main.cpp:358 -   最大延迟:     0.00 ms
2026-05-26 09:01:10.883 [INFO] main.cpp:359 -   总线争用次数: 0
2026-05-26 09:01:10.883 [INFO] main.cpp:368 - ======== 轮询统计 ========
2026-05-26 09:01:10.883 [INFO] main.cpp:369 -   任务组数:     20
2026-05-26 09:01:10.883 [INFO] main.cpp:370 -   成功事务:     0
2026-05-26 09:01:10.883 [INFO] main.cpp:371 -   失败事务:     298
2026-05-26 09:01:10.884 [INFO] main.cpp:373 -   成功率:       0.0%
2026-05-26 09:01:10.884 [INFO] main.cpp:378 - ======== 命令队列统计 ========
2026-05-26 09:01:10.884 [INFO] main.cpp:379 -   已提交: 0  已执行: 0  成功: 0  失败: 0
2026-05-26 09:01:10.884 [INFO] main.cpp:384 -   队列大小: 0  平均耗时: 0.0ms
2026-05-26 09:01:11.885 [INFO] main.cpp:352 - ======== 总线统计 ========
2026-05-26 09:01:11.885 [INFO] main.cpp:353 -   总事务数:     300
2026-05-26 09:01:11.885 [INFO] main.cpp:354 -   总错误数:     300
2026-05-26 09:01:11.885 [INFO] main.cpp:355 -   发送字节数:   2400
2026-05-26 09:01:11.885 [INFO] main.cpp:356 -   接收字节数:   0
2026-05-26 09:01:11.885 [INFO] main.cpp:357 -   平均延迟:     0.00 ms
2026-05-26 09:01:11.885 [INFO] main.cpp:358 -   最大延迟:     0.00 ms
2026-05-26 09:01:11.885 [INFO] main.cpp:359 -   总线争用次数: 0
2026-05-26 09:01:11.885 [INFO] main.cpp:368 - ======== 轮询统计 ========
2026-05-26 09:01:11.885 [INFO] main.cpp:369 -   任务组数:     20
2026-05-26 09:01:11.885 [INFO] main.cpp:370 -   成功事务:     0
2026-05-26 09:01:11.885 [INFO] main.cpp:371 -   失败事务:     300
2026-05-26 09:01:11.885 [INFO] main.cpp:373 -   成功率:       0.0%
2026-05-26 09:01:11.885 [INFO] main.cpp:378 - ======== 命令队列统计 ========
2026-05-26 09:01:11.886 [INFO] main.cpp:379 -   已提交: 0  已执行: 0  成功: 0  失败: 0
2026-05-26 09:01:11.886 [INFO] main.cpp:384 -   队列大小: 0  平均耗时: 0.0ms
2026-05-26 09:01:12.887 [INFO] main.cpp:352 - ======== 总线统计 ========
2026-05-26 09:01:12.887 [INFO] main.cpp:353 -   总事务数:     300
2026-05-26 09:01:12.887 [INFO] main.cpp:354 -   总错误数:     300
2026-05-26 09:01:12.887 [INFO] main.cpp:355 -   发送字节数:   2400
2026-05-26 09:01:12.887 [INFO] main.cpp:356 -   接收字节数:   0
2026-05-26 09:01:12.887 [INFO] main.cpp:357 -   平均延迟:     0.00 ms
2026-05-26 09:01:12.887 [INFO] main.cpp:358 -   最大延迟:     0.00 ms
2026-05-26 09:01:12.887 [INFO] main.cpp:359 -   总线争用次数: 0
2026-05-26 09:01:12.887 [INFO] main.cpp:368 - ======== 轮询统计 ========
2026-05-26 09:01:12.887 [INFO] main.cpp:369 -   任务组数:     20
2026-05-26 09:01:12.887 [INFO] main.cpp:370 -   成功事务:     0
2026-05-26 09:01:12.887 [INFO] main.cpp:371 -   失败事务:     300
2026-05-26 09:01:12.887 [INFO] main.cpp:373 -   成功率:       0.0%
2026-05-26 09:01:12.887 [INFO] main.cpp:378 - ======== 命令队列统计 ========
2026-05-26 09:01:12.887 [INFO] main.cpp:379 -   已提交: 0  已执行: 0  成功: 0  失败: 0
2026-05-26 09:01:12.887 [INFO] main.cpp:384 -   队列大小: 0  平均耗时: 0.0ms
2026-05-26 09:01:13.888 [INFO] main.cpp:352 - ======== 总线统计 ========
2026-05-26 09:01:13.888 [INFO] main.cpp:353 -   总事务数:     300
2026-05-26 09:01:13.888 [INFO] main.cpp:354 -   总错误数:     300
2026-05-26 09:01:13.888 [INFO] main.cpp:355 -   发送字节数:   2400
2026-05-26 09:01:13.888 [INFO] main.cpp:356 -   接收字节数:   0
2026-05-26 09:01:13.889 [INFO] main.cpp:357 -   平均延迟:     0.00 ms
2026-05-26 09:01:13.889 [INFO] main.cpp:358 -   最大延迟:     0.00 ms
2026-05-26 09:01:13.889 [INFO] main.cpp:359 -   总线争用次数: 0
2026-05-26 09:01:13.889 [INFO] main.cpp:368 - ======== 轮询统计 ========
2026-05-26 09:01:13.889 [INFO] main.cpp:369 -   任务组数:     20
2026-05-26 09:01:13.889 [INFO] main.cpp:370 -   成功事务:     0
2026-05-26 09:01:13.889 [INFO] main.cpp:371 -   失败事务:     300
2026-05-26 09:01:13.889 [INFO] main.cpp:373 -   成功率:       0.0%
2026-05-26 09:01:13.889 [INFO] main.cpp:378 - ======== 命令队列统计 ========
2026-05-26 09:01:13.889 [INFO] main.cpp:379 -   已提交: 0  已执行: 0  成功: 0  失败: 0
2026-05-26 09:01:13.889 [INFO] main.cpp:384 -   队列大小: 0  平均耗时: 0.0ms
2026-05-26 09:01:14.890 [INFO] main.cpp:352 - ======== 总线统计 ========
2026-05-26 09:01:14.890 [INFO] main.cpp:353 -   总事务数:     320
2026-05-26 09:01:14.890 [INFO] main.cpp:354 -   总错误数:     300
2026-05-26 09:01:14.890 [INFO] main.cpp:355 -   发送字节数:   2520
2026-05-26 09:01:14.890 [INFO] main.cpp:356 -   接收字节数:   0
2026-05-26 09:01:14.890 [INFO] main.cpp:357 -   平均延迟:     0.00 ms
2026-05-26 09:01:14.890 [INFO] main.cpp:358 -   最大延迟:     0.00 ms
2026-05-26 09:01:14.890 [INFO] main.cpp:359 -   总线争用次数: 0
2026-05-26 09:01:14.891 [INFO] main.cpp:368 - ======== 轮询统计 ========
2026-05-26 09:01:14.891 [INFO] main.cpp:369 -   任务组数:     20
2026-05-26 09:01:14.891 [INFO] main.cpp:370 -   成功事务:     0
2026-05-26 09:01:14.891 [INFO] main.cpp:371 -   失败事务:     300
2026-05-26 09:01:14.891 [INFO] main.cpp:373 -   成功率:       0.0%
2026-05-26 09:01:14.891 [INFO] main.cpp:378 - ======== 命令队列统计 ========
2026-05-26 09:01:14.891 [INFO] main.cpp:379 -   已提交: 0  已执行: 0  成功: 0  失败: 0
2026-05-26 09:01:14.891 [INFO] main.cpp:384 -   队列大小: 0  平均耗时: 0.0ms
2026-05-26 09:01:15.892 [INFO] main.cpp:352 - ======== 总线统计 ========
2026-05-26 09:01:15.892 [INFO] main.cpp:353 -   总事务数:     320
2026-05-26 09:01:15.892 [INFO] main.cpp:354 -   总错误数:     317
2026-05-26 09:01:15.892 [INFO] main.cpp:355 -   发送字节数:   2560
2026-05-26 09:01:15.892 [INFO] main.cpp:356 -   接收字节数:   0
2026-05-26 09:01:15.892 [INFO] main.cpp:357 -   平均延迟:     0.00 ms
2026-05-26 09:01:15.892 [INFO] main.cpp:358 -   最大延迟:     0.00 ms
2026-05-26 09:01:15.892 [INFO] main.cpp:359 -   总线争用次数: 0
2026-05-26 09:01:15.892 [INFO] main.cpp:368 - ======== 轮询统计 ========
2026-05-26 09:01:15.892 [INFO] main.cpp:369 -   任务组数:     20
2026-05-26 09:01:15.892 [INFO] main.cpp:370 -   成功事务:     0
2026-05-26 09:01:15.892 [INFO] main.cpp:371 -   失败事务:     317
2026-05-26 09:01:15.892 [INFO] main.cpp:373 -   成功率:       0.0%
2026-05-26 09:01:15.892 [INFO] main.cpp:378 - ======== 命令队列统计 ========
2026-05-26 09:01:15.892 [INFO] main.cpp:379 -   已提交: 0  已执行: 0  成功: 0  失败: 0
2026-05-26 09:01:15.893 [INFO] main.cpp:384 -   队列大小: 0  平均耗时: 0.0ms
2026-05-26 09:01:16.894 [INFO] main.cpp:352 - ======== 总线统计 ========
2026-05-26 09:01:16.894 [INFO] main.cpp:353 -   总事务数:     320
2026-05-26 09:01:16.894 [INFO] main.cpp:354 -   总错误数:     320
2026-05-26 09:01:16.894 [INFO] main.cpp:355 -   发送字节数:   2560
2026-05-26 09:01:16.894 [INFO] main.cpp:356 -   接收字节数:   0
2026-05-26 09:01:16.894 [INFO] main.cpp:357 -   平均延迟:     0.00 ms
2026-05-26 09:01:16.894 [INFO] main.cpp:358 -   最大延迟:     0.00 ms
2026-05-26 09:01:16.894 [INFO] main.cpp:359 -   总线争用次数: 0
2026-05-26 09:01:16.894 [INFO] main.cpp:368 - ======== 轮询统计 ========
2026-05-26 09:01:16.894 [INFO] main.cpp:369 -   任务组数:     20
2026-05-26 09:01:16.894 [INFO] main.cpp:370 -   成功事务:     0
2026-05-26 09:01:16.894 [INFO] main.cpp:371 -   失败事务:     320
2026-05-26 09:01:16.894 [INFO] main.cpp:373 -   成功率:       0.0%
2026-05-26 09:01:16.894 [INFO] main.cpp:378 - ======== 命令队列统计 ========
2026-05-26 09:01:16.894 [INFO] main.cpp:379 -   已提交: 0  已执行: 0  成功: 0  失败: 0
2026-05-26 09:01:16.895 [INFO] main.cpp:384 -   队列大小: 0  平均耗时: 0.0ms
2026-05-26 09:01:17.895 [INFO] main.cpp:352 - ======== 总线统计 ========
2026-05-26 09:01:17.895 [INFO] main.cpp:353 -   总事务数:     320
2026-05-26 09:01:17.897 [INFO] main.cpp:354 -   总错误数:     320
2026-05-26 09:01:17.897 [INFO] main.cpp:355 -   发送字节数:   2560
2026-05-26 09:01:17.897 [INFO] main.cpp:356 -   接收字节数:   0
2026-05-26 09:01:17.897 [INFO] main.cpp:357 -   平均延迟:     0.00 ms
2026-05-26 09:01:17.897 [INFO] main.cpp:358 -   最大延迟:     0.00 ms
2026-05-26 09:01:17.897 [INFO] main.cpp:359 -   总线争用次数: 0
2026-05-26 09:01:17.897 [INFO] main.cpp:368 - ======== 轮询统计 ========
2026-05-26 09:01:17.897 [INFO] main.cpp:369 -   任务组数:     20
2026-05-26 09:01:17.897 [INFO] main.cpp:370 -   成功事务:     0
2026-05-26 09:01:17.897 [INFO] main.cpp:371 -   失败事务:     320
2026-05-26 09:01:17.897 [INFO] main.cpp:373 -   成功率:       0.0%
2026-05-26 09:01:17.897 [INFO] main.cpp:378 - ======== 命令队列统计 ========
2026-05-26 09:01:17.897 [INFO] main.cpp:379 -   已提交: 0  已执行: 0  成功: 0  失败: 0
2026-05-26 09:01:17.897 [INFO] main.cpp:384 -   队列大小: 0  平均耗时: 0.0ms
2026-05-26 09:01:18.898 [INFO] main.cpp:352 - ======== 总线统计 ========
2026-05-26 09:01:18.898 [INFO] main.cpp:353 -   总事务数:     320
2026-05-26 09:01:18.898 [INFO] main.cpp:354 -   总错误数:     320
2026-05-26 09:01:18.898 [INFO] main.cpp:355 -   发送字节数:   2560
2026-05-26 09:01:18.898 [INFO] main.cpp:356 -   接收字节数:   0
2026-05-26 09:01:18.899 [INFO] main.cpp:357 -   平均延迟:     0.00 ms
2026-05-26 09:01:18.899 [INFO] main.cpp:358 -   最大延迟:     0.00 ms
2026-05-26 09:01:18.899 [INFO] main.cpp:359 -   总线争用次数: 0
2026-05-26 09:01:18.899 [INFO] main.cpp:368 - ======== 轮询统计 ========
2026-05-26 09:01:18.899 [INFO] main.cpp:369 -   任务组数:     20
2026-05-26 09:01:18.899 [INFO] main.cpp:370 -   成功事务:     0
2026-05-26 09:01:18.899 [INFO] main.cpp:371 -   失败事务:     320
2026-05-26 09:01:18.899 [INFO] main.cpp:373 -   成功率:       0.0%
2026-05-26 09:01:18.899 [INFO] main.cpp:378 - ======== 命令队列统计 ========
2026-05-26 09:01:18.899 [INFO] main.cpp:379 -   已提交: 0  已执行: 0  成功: 0  失败: 0
2026-05-26 09:01:18.899 [INFO] main.cpp:384 -   队列大小: 0  平均耗时: 0.0ms
2026-05-26 09:01:19.900 [INFO] main.cpp:352 - ======== 总线统计 ========
2026-05-26 09:01:19.900 [INFO] main.cpp:353 -   总事务数:     340
2026-05-26 09:01:19.900 [INFO] main.cpp:354 -   总错误数:     320
2026-05-26 09:01:19.900 [INFO] main.cpp:355 -   发送字节数:   2720
2026-05-26 09:01:19.900 [INFO] main.cpp:356 -   接收字节数:   0
2026-05-26 09:01:19.900 [INFO] main.cpp:357 -   平均延迟:     0.00 ms
2026-05-26 09:01:19.900 [INFO] main.cpp:358 -   最大延迟:     0.00 ms
2026-05-26 09:01:19.900 [INFO] main.cpp:359 -   总线争用次数: 0
2026-05-26 09:01:19.901 [INFO] main.cpp:368 - ======== 轮询统计 ========
2026-05-26 09:01:19.901 [INFO] main.cpp:369 -   任务组数:     20
2026-05-26 09:01:19.901 [INFO] main.cpp:370 -   成功事务:     0
2026-05-26 09:01:19.901 [INFO] main.cpp:371 -   失败事务:     320
2026-05-26 09:01:19.901 [INFO] main.cpp:373 -   成功率:       0.0%
2026-05-26 09:01:19.901 [INFO] main.cpp:378 - ======== 命令队列统计 ========
2026-05-26 09:01:19.901 [INFO] main.cpp:379 -   已提交: 0  已执行: 0  成功: 0  失败: 0
2026-05-26 09:01:19.901 [INFO] main.cpp:384 -   队列大小: 0  平均耗时: 0.0ms
2026-05-26 09:01:20.902 [INFO] main.cpp:352 - ======== 总线统计 ========
2026-05-26 09:01:20.902 [INFO] main.cpp:353 -   总事务数:     340
2026-05-26 09:01:20.902 [INFO] main.cpp:354 -   总错误数:     340
2026-05-26 09:01:20.902 [INFO] main.cpp:355 -   发送字节数:   2720
2026-05-26 09:01:20.902 [INFO] main.cpp:356 -   接收字节数:   0
2026-05-26 09:01:20.902 [INFO] main.cpp:357 -   平均延迟:     0.00 ms
2026-05-26 09:01:20.902 [INFO] main.cpp:358 -   最大延迟:     0.00 ms
2026-05-26 09:01:20.902 [INFO] main.cpp:359 -   总线争用次数: 0
2026-05-26 09:01:20.902 [INFO] main.cpp:368 - ======== 轮询统计 ========
2026-05-26 09:01:20.902 [INFO] main.cpp:369 -   任务组数:     20
2026-05-26 09:01:20.902 [INFO] main.cpp:370 -   成功事务:     0
2026-05-26 09:01:20.902 [INFO] main.cpp:371 -   失败事务:     340
2026-05-26 09:01:20.902 [INFO] main.cpp:373 -   成功率:       0.0%
2026-05-26 09:01:20.902 [INFO] main.cpp:378 - ======== 命令队列统计 ========
2026-05-26 09:01:20.902 [INFO] main.cpp:379 -   已提交: 0  已执行: 0  成功: 0  失败: 0
2026-05-26 09:01:20.902 [INFO] main.cpp:384 -   队列大小: 0  平均耗时: 0.0ms
2026-05-26 09:01:21.903 [INFO] main.cpp:352 - ======== 总线统计 ========
2026-05-26 09:01:21.903 [INFO] main.cpp:353 -   总事务数:     340
2026-05-26 09:01:21.904 [INFO] main.cpp:354 -   总错误数:     340
2026-05-26 09:01:21.904 [INFO] main.cpp:355 -   发送字节数:   2720
2026-05-26 09:01:21.904 [INFO] main.cpp:356 -   接收字节数:   0
2026-05-26 09:01:21.904 [INFO] main.cpp:357 -   平均延迟:     0.00 ms
2026-05-26 09:01:21.904 [INFO] main.cpp:358 -   最大延迟:     0.00 ms
2026-05-26 09:01:21.904 [INFO] main.cpp:359 -   总线争用次数: 0
2026-05-26 09:01:21.904 [INFO] main.cpp:368 - ======== 轮询统计 ========
2026-05-26 09:01:21.904 [INFO] main.cpp:369 -   任务组数:     20
2026-05-26 09:01:21.904 [INFO] main.cpp:370 -   成功事务:     0
2026-05-26 09:01:21.904 [INFO] main.cpp:371 -   失败事务:     340
2026-05-26 09:01:21.904 [INFO] main.cpp:373 -   成功率:       0.0%
2026-05-26 09:01:21.904 [INFO] main.cpp:378 - ======== 命令队列统计 ========
2026-05-26 09:01:21.904 [INFO] main.cpp:379 -   已提交: 0  已执行: 0  成功: 0  失败: 0
2026-05-26 09:01:21.904 [INFO] main.cpp:384 -   队列大小: 0  平均耗时: 0.0ms
2026-05-26 09:01:22.905 [INFO] main.cpp:352 - ======== 总线统计 ========
2026-05-26 09:01:22.905 [INFO] main.cpp:353 -   总事务数:     340
2026-05-26 09:01:22.905 [INFO] main.cpp:354 -   总错误数:     340
2026-05-26 09:01:22.905 [INFO] main.cpp:355 -   发送字节数:   2720
2026-05-26 09:01:22.905 [INFO] main.cpp:356 -   接收字节数:   0
2026-05-26 09:01:22.905 [INFO] main.cpp:357 -   平均延迟:     0.00 ms
2026-05-26 09:01:22.905 [INFO] main.cpp:358 -   最大延迟:     0.00 ms
2026-05-26 09:01:22.905 [INFO] main.cpp:359 -   总线争用次数: 0
2026-05-26 09:01:22.905 [INFO] main.cpp:368 - ======== 轮询统计 ========
2026-05-26 09:01:22.905 [INFO] main.cpp:369 -   任务组数:     20
2026-05-26 09:01:22.905 [INFO] main.cpp:370 -   成功事务:     0
2026-05-26 09:01:22.905 [INFO] main.cpp:371 -   失败事务:     340
2026-05-26 09:01:22.906 [INFO] main.cpp:373 -   成功率:       0.0%
2026-05-26 09:01:22.906 [INFO] main.cpp:378 - ======== 命令队列统计 ========
2026-05-26 09:01:22.906 [INFO] main.cpp:379 -   已提交: 0  已执行: 0  成功: 0  失败: 0
2026-05-26 09:01:22.906 [INFO] main.cpp:384 -   队列大小: 0  平均耗时: 0.0ms
2026-05-26 09:01:23.907 [INFO] main.cpp:352 - ======== 总线统计 ========
2026-05-26 09:01:23.907 [INFO] main.cpp:353 -   总事务数:     340
2026-05-26 09:01:23.907 [INFO] main.cpp:354 -   总错误数:     340
2026-05-26 09:01:23.907 [INFO] main.cpp:355 -   发送字节数:   2720
2026-05-26 09:01:23.907 [INFO] main.cpp:356 -   接收字节数:   0
2026-05-26 09:01:23.907 [INFO] main.cpp:357 -   平均延迟:     0.00 ms
2026-05-26 09:01:23.907 [INFO] main.cpp:358 -   最大延迟:     0.00 ms
2026-05-26 09:01:23.907 [INFO] main.cpp:359 -   总线争用次数: 0
2026-05-26 09:01:23.907 [INFO] main.cpp:368 - ======== 轮询统计 ========
2026-05-26 09:01:23.907 [INFO] main.cpp:369 -   任务组数:     20
2026-05-26 09:01:23.907 [INFO] main.cpp:370 -   成功事务:     0
2026-05-26 09:01:23.907 [INFO] main.cpp:371 -   失败事务:     340
2026-05-26 09:01:23.907 [INFO] main.cpp:373 -   成功率:       0.0%
2026-05-26 09:01:23.908 [INFO] main.cpp:378 - ======== 命令队列统计 ========
2026-05-26 09:01:23.908 [INFO] main.cpp:379 -   已提交: 0  已执行: 0  成功: 0  失败: 0
2026-05-26 09:01:23.908 [INFO] main.cpp:384 -   队列大小: 0  平均耗时: 0.0ms
2026-05-26 09:01:24.909 [INFO] main.cpp:352 - ======== 总线统计 ========
2026-05-26 09:01:24.909 [INFO] main.cpp:353 -   总事务数:     360
2026-05-26 09:01:24.909 [INFO] main.cpp:354 -   总错误数:     340
2026-05-26 09:01:24.909 [INFO] main.cpp:355 -   发送字节数:   2880
2026-05-26 09:01:24.909 [INFO] main.cpp:356 -   接收字节数:   0
2026-05-26 09:01:24.909 [INFO] main.cpp:357 -   平均延迟:     0.00 ms
2026-05-26 09:01:24.909 [INFO] main.cpp:358 -   最大延迟:     0.00 ms
2026-05-26 09:01:24.909 [INFO] main.cpp:359 -   总线争用次数: 0
2026-05-26 09:01:24.909 [INFO] main.cpp:368 - ======== 轮询统计 ========
2026-05-26 09:01:24.909 [INFO] main.cpp:369 -   任务组数:     20
2026-05-26 09:01:24.909 [INFO] main.cpp:370 -   成功事务:     0
2026-05-26 09:01:24.909 [INFO] main.cpp:371 -   失败事务:     340
2026-05-26 09:01:24.909 [INFO] main.cpp:373 -   成功率:       0.0%
2026-05-26 09:01:24.909 [INFO] main.cpp:378 - ======== 命令队列统计 ========
2026-05-26 09:01:24.909 [INFO] main.cpp:379 -   已提交: 0  已执行: 0  成功: 0  失败: 0
2026-05-26 09:01:24.910 [INFO] main.cpp:384 -   队列大小: 0  平均耗时: 0.0ms
2026-05-26 09:01:25.911 [INFO] main.cpp:352 - ======== 总线统计 ========
2026-05-26 09:01:25.911 [INFO] main.cpp:353 -   总事务数:     360
2026-05-26 09:01:25.911 [INFO] main.cpp:354 -   总错误数:     360
2026-05-26 09:01:25.911 [INFO] main.cpp:355 -   发送字节数:   2880
2026-05-26 09:01:25.911 [INFO] main.cpp:356 -   接收字节数:   0
2026-05-26 09:01:25.911 [INFO] main.cpp:357 -   平均延迟:     0.00 ms
2026-05-26 09:01:25.911 [INFO] main.cpp:358 -   最大延迟:     0.00 ms
2026-05-26 09:01:25.911 [INFO] main.cpp:359 -   总线争用次数: 0
2026-05-26 09:01:25.911 [INFO] main.cpp:368 - ======== 轮询统计 ========
2026-05-26 09:01:25.911 [INFO] main.cpp:369 -   任务组数:     20
2026-05-26 09:01:25.911 [INFO] main.cpp:370 -   成功事务:     0
2026-05-26 09:01:25.911 [INFO] main.cpp:371 -   失败事务:     360
2026-05-26 09:01:25.911 [INFO] main.cpp:373 -   成功率:       0.0%
2026-05-26 09:01:25.911 [INFO] main.cpp:378 - ======== 命令队列统计 ========
2026-05-26 09:01:25.911 [INFO] main.cpp:379 -   已提交: 0  已执行: 0  成功: 0  失败: 0
2026-05-26 09:01:25.912 [INFO] main.cpp:384 -   队列大小: 0  平均耗时: 0.0ms
2026-05-26 09:01:26.913 [INFO] main.cpp:352 - ======== 总线统计 ========
2026-05-26 09:01:26.913 [INFO] main.cpp:353 -   总事务数:     360
2026-05-26 09:01:26.913 [INFO] main.cpp:354 -   总错误数:     360
2026-05-26 09:01:26.913 [INFO] main.cpp:355 -   发送字节数:   2880
2026-05-26 09:01:26.913 [INFO] main.cpp:356 -   接收字节数:   0
2026-05-26 09:01:26.913 [INFO] main.cpp:357 -   平均延迟:     0.00 ms
2026-05-26 09:01:26.913 [INFO] main.cpp:358 -   最大延迟:     0.00 ms
2026-05-26 09:01:26.913 [INFO] main.cpp:359 -   总线争用次数: 0
2026-05-26 09:01:26.913 [INFO] main.cpp:368 - ======== 轮询统计 ========
2026-05-26 09:01:26.913 [INFO] main.cpp:369 -   任务组数:     20
2026-05-26 09:01:26.913 [INFO] main.cpp:370 -   成功事务:     0
2026-05-26 09:01:26.913 [INFO] main.cpp:371 -   失败事务:     360
2026-05-26 09:01:26.913 [INFO] main.cpp:373 -   成功率:       0.0%
2026-05-26 09:01:26.913 [INFO] main.cpp:378 - ======== 命令队列统计 ========
2026-05-26 09:01:26.913 [INFO] main.cpp:379 -   已提交: 0  已执行: 0  成功: 0  失败: 0
2026-05-26 09:01:26.913 [INFO] main.cpp:384 -   队列大小: 0  平均耗时: 0.0ms
2026-05-26 09:01:27.915 [INFO] main.cpp:352 - ======== 总线统计 ========
2026-05-26 09:01:27.915 [INFO] main.cpp:353 -   总事务数:     360
2026-05-26 09:01:27.915 [INFO] main.cpp:354 -   总错误数:     360
2026-05-26 09:01:27.915 [INFO] main.cpp:355 -   发送字节数:   2880
2026-05-26 09:01:27.915 [INFO] main.cpp:356 -   接收字节数:   0
2026-05-26 09:01:27.915 [INFO] main.cpp:357 -   平均延迟:     0.00 ms
2026-05-26 09:01:27.915 [INFO] main.cpp:358 -   最大延迟:     0.00 ms
2026-05-26 09:01:27.915 [INFO] main.cpp:359 -   总线争用次数: 0
2026-05-26 09:01:27.915 [INFO] main.cpp:368 - ======== 轮询统计 ========
2026-05-26 09:01:27.915 [INFO] main.cpp:369 -   任务组数:     20
2026-05-26 09:01:27.915 [INFO] main.cpp:370 -   成功事务:     0
2026-05-26 09:01:27.915 [INFO] main.cpp:371 -   失败事务:     360
2026-05-26 09:01:27.915 [INFO] main.cpp:373 -   成功率:       0.0%
2026-05-26 09:01:27.915 [INFO] main.cpp:378 - ======== 命令队列统计 ========
2026-05-26 09:01:27.915 [INFO] main.cpp:379 -   已提交: 0  已执行: 0  成功: 0  失败: 0
2026-05-26 09:01:27.915 [INFO] main.cpp:384 -   队列大小: 0  平均耗时: 0.0ms
2026-05-26 09:01:28.917 [INFO] main.cpp:352 - ======== 总线统计 ========
2026-05-26 09:01:28.917 [INFO] main.cpp:353 -   总事务数:     360
2026-05-26 09:01:28.917 [INFO] main.cpp:354 -   总错误数:     360
2026-05-26 09:01:28.917 [INFO] main.cpp:355 -   发送字节数:   2880
2026-05-26 09:01:28.917 [INFO] main.cpp:356 -   接收字节数:   0
2026-05-26 09:01:28.917 [INFO] main.cpp:357 -   平均延迟:     0.00 ms
2026-05-26 09:01:28.917 [INFO] main.cpp:358 -   最大延迟:     0.00 ms
2026-05-26 09:01:28.917 [INFO] main.cpp:359 -   总线争用次数: 0
2026-05-26 09:01:28.917 [INFO] main.cpp:368 - ======== 轮询统计 ========
2026-05-26 09:01:28.917 [INFO] main.cpp:369 -   任务组数:     20
2026-05-26 09:01:28.917 [INFO] main.cpp:370 -   成功事务:     0
2026-05-26 09:01:28.917 [INFO] main.cpp:371 -   失败事务:     360
2026-05-26 09:01:28.917 [INFO] main.cpp:373 -   成功率:       0.0%
2026-05-26 09:01:28.917 [INFO] main.cpp:378 - ======== 命令队列统计 ========
2026-05-26 09:01:28.917 [INFO] main.cpp:379 -   已提交: 0  已执行: 0  成功: 0  失败: 0
2026-05-26 09:01:28.917 [INFO] main.cpp:384 -   队列大小: 0  平均耗时: 0.0ms
2026-05-26 09:01:29.918 [INFO] main.cpp:352 - ======== 总线统计 ========
2026-05-26 09:01:29.918 [INFO] main.cpp:353 -   总事务数:     380
2026-05-26 09:01:29.918 [INFO] main.cpp:354 -   总错误数:     360
2026-05-26 09:01:29.918 [INFO] main.cpp:355 -   发送字节数:   3040
2026-05-26 09:01:29.918 [INFO] main.cpp:356 -   接收字节数:   0
2026-05-26 09:01:29.918 [INFO] main.cpp:357 -   平均延迟:     0.00 ms
2026-05-26 09:01:29.918 [INFO] main.cpp:358 -   最大延迟:     0.00 ms
2026-05-26 09:01:29.919 [INFO] main.cpp:359 -   总线争用次数: 0
2026-05-26 09:01:29.919 [INFO] main.cpp:368 - ======== 轮询统计 ========
2026-05-26 09:01:29.919 [INFO] main.cpp:369 -   任务组数:     20
2026-05-26 09:01:29.919 [INFO] main.cpp:370 -   成功事务:     0
2026-05-26 09:01:29.919 [INFO] main.cpp:371 -   失败事务:     360
2026-05-26 09:01:29.919 [INFO] main.cpp:373 -   成功率:       0.0%
2026-05-26 09:01:29.919 [INFO] main.cpp:378 - ======== 命令队列统计 ========
2026-05-26 09:01:29.919 [INFO] main.cpp:379 -   已提交: 0  已执行: 0  成功: 0  失败: 0
2026-05-26 09:01:29.919 [INFO] main.cpp:384 -   队列大小: 0  平均耗时: 0.0ms
2026-05-26 09:01:30.920 [INFO] main.cpp:352 - ======== 总线统计 ========
2026-05-26 09:01:30.920 [INFO] main.cpp:353 -   总事务数:     380
2026-05-26 09:01:30.920 [INFO] main.cpp:354 -   总错误数:     380
2026-05-26 09:01:30.920 [INFO] main.cpp:355 -   发送字节数:   3040
2026-05-26 09:01:30.920 [INFO] main.cpp:356 -   接收字节数:   0
2026-05-26 09:01:30.920 [INFO] main.cpp:357 -   平均延迟:     0.00 ms
2026-05-26 09:01:30.920 [INFO] main.cpp:358 -   最大延迟:     0.00 ms
2026-05-26 09:01:30.920 [INFO] main.cpp:359 -   总线争用次数: 0
2026-05-26 09:01:30.920 [INFO] main.cpp:368 - ======== 轮询统计 ========
2026-05-26 09:01:30.921 [INFO] main.cpp:369 -   任务组数:     20
2026-05-26 09:01:30.921 [INFO] main.cpp:370 -   成功事务:     0
2026-05-26 09:01:30.921 [INFO] main.cpp:371 -   失败事务:     380
2026-05-26 09:01:30.921 [INFO] main.cpp:373 -   成功率:       0.0%
2026-05-26 09:01:30.921 [INFO] main.cpp:378 - ======== 命令队列统计 ========
2026-05-26 09:01:30.921 [INFO] main.cpp:379 -   已提交: 0  已执行: 0  成功: 0  失败: 0
2026-05-26 09:01:30.921 [INFO] main.cpp:384 -   队列大小: 0  平均耗时: 0.0ms
2026-05-26 09:01:31.922 [INFO] main.cpp:352 - ======== 总线统计 ========
2026-05-26 09:01:31.922 [INFO] main.cpp:353 -   总事务数:     380
2026-05-26 09:01:31.922 [INFO] main.cpp:354 -   总错误数:     380
2026-05-26 09:01:31.922 [INFO] main.cpp:355 -   发送字节数:   3040
2026-05-26 09:01:31.922 [INFO] main.cpp:356 -   接收字节数:   0
2026-05-26 09:01:31.922 [INFO] main.cpp:357 -   平均延迟:     0.00 ms
2026-05-26 09:01:31.922 [INFO] main.cpp:358 -   最大延迟:     0.00 ms
2026-05-26 09:01:31.922 [INFO] main.cpp:359 -   总线争用次数: 0
2026-05-26 09:01:31.922 [INFO] main.cpp:368 - ======== 轮询统计 ========
2026-05-26 09:01:31.922 [INFO] main.cpp:369 -   任务组数:     20
2026-05-26 09:01:31.922 [INFO] main.cpp:370 -   成功事务:     0
2026-05-26 09:01:31.922 [INFO] main.cpp:371 -   失败事务:     380
2026-05-26 09:01:31.922 [INFO] main.cpp:373 -   成功率:       0.0%
2026-05-26 09:01:31.922 [INFO] main.cpp:378 - ======== 命令队列统计 ========
2026-05-26 09:01:31.922 [INFO] main.cpp:379 -   已提交: 0  已执行: 0  成功: 0  失败: 0
2026-05-26 09:01:31.922 [INFO] main.cpp:384 -   队列大小: 0  平均耗时: 0.0ms
2026-05-26 09:01:32.924 [INFO] main.cpp:352 - ======== 总线统计 ========
2026-05-26 09:01:32.924 [INFO] main.cpp:353 -   总事务数:     380
2026-05-26 09:01:32.924 [INFO] main.cpp:354 -   总错误数:     380
2026-05-26 09:01:32.924 [INFO] main.cpp:355 -   发送字节数:   3040
2026-05-26 09:01:32.924 [INFO] main.cpp:356 -   接收字节数:   0
2026-05-26 09:01:32.924 [INFO] main.cpp:357 -   平均延迟:     0.00 ms
2026-05-26 09:01:32.924 [INFO] main.cpp:358 -   最大延迟:     0.00 ms
2026-05-26 09:01:32.924 [INFO] main.cpp:359 -   总线争用次数: 0
2026-05-26 09:01:32.924 [INFO] main.cpp:368 - ======== 轮询统计 ========
2026-05-26 09:01:32.924 [INFO] main.cpp:369 -   任务组数:     20
2026-05-26 09:01:32.924 [INFO] main.cpp:370 -   成功事务:     0
2026-05-26 09:01:32.924 [INFO] main.cpp:371 -   失败事务:     380
2026-05-26 09:01:32.924 [INFO] main.cpp:373 -   成功率:       0.0%
2026-05-26 09:01:32.924 [INFO] main.cpp:378 - ======== 命令队列统计 ========
2026-05-26 09:01:32.924 [INFO] main.cpp:379 -   已提交: 0  已执行: 0  成功: 0  失败: 0
2026-05-26 09:01:32.924 [INFO] main.cpp:384 -   队列大小: 0  平均耗时: 0.0ms
2026-05-26 09:01:33.925 [INFO] main.cpp:352 - ======== 总线统计 ========
2026-05-26 09:01:33.925 [INFO] main.cpp:353 -   总事务数:     380
2026-05-26 09:01:33.925 [INFO] main.cpp:354 -   总错误数:     380
2026-05-26 09:01:33.925 [INFO] main.cpp:355 -   发送字节数:   3040
2026-05-26 09:01:33.925 [INFO] main.cpp:356 -   接收字节数:   0
2026-05-26 09:01:33.925 [INFO] main.cpp:357 -   平均延迟:     0.00 ms
2026-05-26 09:01:33.925 [INFO] main.cpp:358 -   最大延迟:     0.00 ms
2026-05-26 09:01:33.925 [INFO] main.cpp:359 -   总线争用次数: 0
2026-05-26 09:01:33.925 [INFO] main.cpp:368 - ======== 轮询统计 ========
2026-05-26 09:01:33.925 [INFO] main.cpp:369 -   任务组数:     20
2026-05-26 09:01:33.925 [INFO] main.cpp:370 -   成功事务:     0
2026-05-26 09:01:33.925 [INFO] main.cpp:371 -   失败事务:     380
2026-05-26 09:01:33.926 [INFO] main.cpp:373 -   成功率:       0.0%
2026-05-26 09:01:33.926 [INFO] main.cpp:378 - ======== 命令队列统计 ========
2026-05-26 09:01:33.926 [INFO] main.cpp:379 -   已提交: 0  已执行: 0  成功: 0  失败: 0
2026-05-26 09:01:33.926 [INFO] main.cpp:384 -   队列大小: 0  平均耗时: 0.0ms
2026-05-26 09:01:34.927 [INFO] main.cpp:352 - ======== 总线统计 ========
2026-05-26 09:01:34.927 [INFO] main.cpp:353 -   总事务数:     400
2026-05-26 09:01:34.927 [INFO] main.cpp:354 -   总错误数:     380
2026-05-26 09:01:34.927 [INFO] main.cpp:355 -   发送字节数:   3200
2026-05-26 09:01:34.927 [INFO] main.cpp:356 -   接收字节数:   0
2026-05-26 09:01:34.927 [INFO] main.cpp:357 -   平均延迟:     0.00 ms
2026-05-26 09:01:34.927 [INFO] main.cpp:358 -   最大延迟:     0.00 ms
2026-05-26 09:01:34.927 [INFO] main.cpp:359 -   总线争用次数: 0
2026-05-26 09:01:34.927 [INFO] main.cpp:368 - ======== 轮询统计 ========
2026-05-26 09:01:34.927 [INFO] main.cpp:369 -   任务组数:     20
2026-05-26 09:01:34.927 [INFO] main.cpp:370 -   成功事务:     0
2026-05-26 09:01:34.927 [INFO] main.cpp:371 -   失败事务:     380
2026-05-26 09:01:34.927 [INFO] main.cpp:373 -   成功率:       0.0%
2026-05-26 09:01:34.927 [INFO] main.cpp:378 - ======== 命令队列统计 ========
2026-05-26 09:01:34.927 [INFO] main.cpp:379 -   已提交: 0  已执行: 0  成功: 0  失败: 0
2026-05-26 09:01:34.927 [INFO] main.cpp:384 -   队列大小: 0  平均耗时: 0.0ms
2026-05-26 09:01:35.928 [INFO] main.cpp:352 - ======== 总线统计 ========
2026-05-26 09:01:35.928 [INFO] main.cpp:353 -   总事务数:     400
2026-05-26 09:01:35.928 [INFO] main.cpp:354 -   总错误数:     400
2026-05-26 09:01:35.928 [INFO] main.cpp:355 -   发送字节数:   3200
2026-05-26 09:01:35.928 [INFO] main.cpp:356 -   接收字节数:   0
2026-05-26 09:01:35.928 [INFO] main.cpp:357 -   平均延迟:     0.00 ms
2026-05-26 09:01:35.929 [INFO] main.cpp:358 -   最大延迟:     0.00 ms
2026-05-26 09:01:35.929 [INFO] main.cpp:359 -   总线争用次数: 0
2026-05-26 09:01:35.929 [INFO] main.cpp:368 - ======== 轮询统计 ========
2026-05-26 09:01:35.929 [INFO] main.cpp:369 -   任务组数:     20
2026-05-26 09:01:35.929 [INFO] main.cpp:370 -   成功事务:     0
2026-05-26 09:01:35.929 [INFO] main.cpp:371 -   失败事务:     400
2026-05-26 09:01:35.929 [INFO] main.cpp:373 -   成功率:       0.0%
2026-05-26 09:01:35.929 [INFO] main.cpp:378 - ======== 命令队列统计 ========
2026-05-26 09:01:35.929 [INFO] main.cpp:379 -   已提交: 0  已执行: 0  成功: 0  失败: 0
2026-05-26 09:01:35.929 [INFO] main.cpp:384 -   队列大小: 0  平均耗时: 0.0ms
2026-05-26 09:01:36.930 [INFO] main.cpp:352 - ======== 总线统计 ========
2026-05-26 09:01:36.930 [INFO] main.cpp:353 -   总事务数:     400
2026-05-26 09:01:36.930 [INFO] main.cpp:354 -   总错误数:     400
2026-05-26 09:01:36.930 [INFO] main.cpp:355 -   发送字节数:   3200
2026-05-26 09:01:36.930 [INFO] main.cpp:356 -   接收字节数:   0
2026-05-26 09:01:36.930 [INFO] main.cpp:357 -   平均延迟:     0.00 ms
2026-05-26 09:01:36.930 [INFO] main.cpp:358 -   最大延迟:     0.00 ms
2026-05-26 09:01:36.930 [INFO] main.cpp:359 -   总线争用次数: 0
2026-05-26 09:01:36.930 [INFO] main.cpp:368 - ======== 轮询统计 ========
2026-05-26 09:01:36.931 [INFO] main.cpp:369 -   任务组数:     20
2026-05-26 09:01:36.931 [INFO] main.cpp:370 -   成功事务:     0
2026-05-26 09:01:36.931 [INFO] main.cpp:371 -   失败事务:     400
2026-05-26 09:01:36.931 [INFO] main.cpp:373 -   成功率:       0.0%
2026-05-26 09:01:36.931 [INFO] main.cpp:378 - ======== 命令队列统计 ========
2026-05-26 09:01:36.931 [INFO] main.cpp:379 -   已提交: 0  已执行: 0  成功: 0  失败: 0
2026-05-26 09:01:36.931 [INFO] main.cpp:384 -   队列大小: 0  平均耗时: 0.0ms
2026-05-26 09:01:37.932 [INFO] main.cpp:352 - ======== 总线统计 ========
2026-05-26 09:01:37.932 [INFO] main.cpp:353 -   总事务数:     400
2026-05-26 09:01:37.932 [INFO] main.cpp:354 -   总错误数:     400
2026-05-26 09:01:37.932 [INFO] main.cpp:355 -   发送字节数:   3200
2026-05-26 09:01:37.932 [INFO] main.cpp:356 -   接收字节数:   0
2026-05-26 09:01:37.932 [INFO] main.cpp:357 -   平均延迟:     0.00 ms
2026-05-26 09:01:37.932 [INFO] main.cpp:358 -   最大延迟:     0.00 ms
2026-05-26 09:01:37.932 [INFO] main.cpp:359 -   总线争用次数: 0
2026-05-26 09:01:37.932 [INFO] main.cpp:368 - ======== 轮询统计 ========
2026-05-26 09:01:37.932 [INFO] main.cpp:369 -   任务组数:     20
2026-05-26 09:01:37.932 [INFO] main.cpp:370 -   成功事务:     0
2026-05-26 09:01:37.932 [INFO] main.cpp:371 -   失败事务:     400
2026-05-26 09:01:37.932 [INFO] main.cpp:373 -   成功率:       0.0%
2026-05-26 09:01:37.932 [INFO] main.cpp:378 - ======== 命令队列统计 ========
2026-05-26 09:01:37.932 [INFO] main.cpp:379 -   已提交: 0  已执行: 0  成功: 0  失败: 0
2026-05-26 09:01:37.932 [INFO] main.cpp:384 -   队列大小: 0  平均耗时: 0.0ms
2026-05-26 09:01:38.933 [INFO] main.cpp:352 - ======== 总线统计 ========
2026-05-26 09:01:38.933 [INFO] main.cpp:353 -   总事务数:     400
2026-05-26 09:01:38.933 [INFO] main.cpp:354 -   总错误数:     400
2026-05-26 09:01:38.933 [INFO] main.cpp:355 -   发送字节数:   3200
2026-05-26 09:01:38.933 [INFO] main.cpp:356 -   接收字节数:   0
2026-05-26 09:01:38.933 [INFO] main.cpp:357 -   平均延迟:     0.00 ms
2026-05-26 09:01:38.933 [INFO] main.cpp:358 -   最大延迟:     0.00 ms
2026-05-26 09:01:38.933 [INFO] main.cpp:359 -   总线争用次数: 0
2026-05-26 09:01:38.933 [INFO] main.cpp:368 - ======== 轮询统计 ========
2026-05-26 09:01:38.933 [INFO] main.cpp:369 -   任务组数:     20
2026-05-26 09:01:38.933 [INFO] main.cpp:370 -   成功事务:     0
2026-05-26 09:01:38.933 [INFO] main.cpp:371 -   失败事务:     400
2026-05-26 09:01:38.933 [INFO] main.cpp:373 -   成功率:       0.0%
2026-05-26 09:01:38.934 [INFO] main.cpp:378 - ======== 命令队列统计 ========
2026-05-26 09:01:38.934 [INFO] main.cpp:379 -   已提交: 0  已执行: 0  成功: 0  失败: 0
2026-05-26 09:01:38.934 [INFO] main.cpp:384 -   队列大小: 0  平均耗时: 0.0ms
2026-05-26 09:01:39.935 [INFO] main.cpp:352 - ======== 总线统计 ========
2026-05-26 09:01:39.935 [INFO] main.cpp:353 -   总事务数:     420
2026-05-26 09:01:39.935 [INFO] main.cpp:354 -   总错误数:     400
2026-05-26 09:01:39.935 [INFO] main.cpp:355 -   发送字节数:   3360
2026-05-26 09:01:39.935 [INFO] main.cpp:356 -   接收字节数:   0
2026-05-26 09:01:39.935 [INFO] main.cpp:357 -   平均延迟:     0.00 ms
2026-05-26 09:01:39.935 [INFO] main.cpp:358 -   最大延迟:     0.00 ms
2026-05-26 09:01:39.935 [INFO] main.cpp:359 -   总线争用次数: 0
2026-05-26 09:01:39.935 [INFO] main.cpp:368 - ======== 轮询统计 ========
2026-05-26 09:01:39.935 [INFO] main.cpp:369 -   任务组数:     20
2026-05-26 09:01:39.935 [INFO] main.cpp:370 -   成功事务:     0
2026-05-26 09:01:39.935 [INFO] main.cpp:371 -   失败事务:     400
2026-05-26 09:01:39.935 [INFO] main.cpp:373 -   成功率:       0.0%
2026-05-26 09:01:39.935 [INFO] main.cpp:378 - ======== 命令队列统计 ========
2026-05-26 09:01:39.935 [INFO] main.cpp:379 -   已提交: 0  已执行: 0  成功: 0  失败: 0
2026-05-26 09:01:39.935 [INFO] main.cpp:384 -   队列大小: 0  平均耗时: 0.0ms
2026-05-26 09:01:40.937 [INFO] main.cpp:352 - ======== 总线统计 ========
2026-05-26 09:01:40.937 [INFO] main.cpp:353 -   总事务数:     420
2026-05-26 09:01:40.937 [INFO] main.cpp:354 -   总错误数:     420
2026-05-26 09:01:40.937 [INFO] main.cpp:355 -   发送字节数:   3360
2026-05-26 09:01:40.937 [INFO] main.cpp:356 -   接收字节数:   0
2026-05-26 09:01:40.937 [INFO] main.cpp:357 -   平均延迟:     0.00 ms
2026-05-26 09:01:40.937 [INFO] main.cpp:358 -   最大延迟:     0.00 ms
2026-05-26 09:01:40.937 [INFO] main.cpp:359 -   总线争用次数: 0
2026-05-26 09:01:40.937 [INFO] main.cpp:368 - ======== 轮询统计 ========
2026-05-26 09:01:40.937 [INFO] main.cpp:369 -   任务组数:     20
2026-05-26 09:01:40.937 [INFO] main.cpp:370 -   成功事务:     0
2026-05-26 09:01:40.937 [INFO] main.cpp:371 -   失败事务:     420
2026-05-26 09:01:40.937 [INFO] main.cpp:373 -   成功率:       0.0%
2026-05-26 09:01:40.937 [INFO] main.cpp:378 - ======== 命令队列统计 ========
2026-05-26 09:01:40.937 [INFO] main.cpp:379 -   已提交: 0  已执行: 0  成功: 0  失败: 0
2026-05-26 09:01:40.937 [INFO] main.cpp:384 -   队列大小: 0  平均耗时: 0.0ms
2026-05-26 09:01:41.939 [INFO] main.cpp:352 - ======== 总线统计 ========
2026-05-26 09:01:41.939 [INFO] main.cpp:353 -   总事务数:     420
2026-05-26 09:01:41.939 [INFO] main.cpp:354 -   总错误数:     420
2026-05-26 09:01:41.939 [INFO] main.cpp:355 -   发送字节数:   3360
2026-05-26 09:01:41.939 [INFO] main.cpp:356 -   接收字节数:   0
2026-05-26 09:01:41.939 [INFO] main.cpp:357 -   平均延迟:     0.00 ms
2026-05-26 09:01:41.939 [INFO] main.cpp:358 -   最大延迟:     0.00 ms
2026-05-26 09:01:41.939 [INFO] main.cpp:359 -   总线争用次数: 0
2026-05-26 09:01:41.939 [INFO] main.cpp:368 - ======== 轮询统计 ========
2026-05-26 09:01:41.939 [INFO] main.cpp:369 -   任务组数:     20
2026-05-26 09:01:41.939 [INFO] main.cpp:370 -   成功事务:     0
2026-05-26 09:01:41.939 [INFO] main.cpp:371 -   失败事务:     420
2026-05-26 09:01:41.939 [INFO] main.cpp:373 -   成功率:       0.0%
2026-05-26 09:01:41.939 [INFO] main.cpp:378 - ======== 命令队列统计 ========
2026-05-26 09:01:41.939 [INFO] main.cpp:379 -   已提交: 0  已执行: 0  成功: 0  失败: 0
2026-05-26 09:01:41.939 [INFO] main.cpp:384 -   队列大小: 0  平均耗时: 0.0ms
2026-05-26 09:01:42.940 [INFO] main.cpp:352 - ======== 总线统计 ========
2026-05-26 09:01:42.941 [INFO] main.cpp:353 -   总事务数:     420
2026-05-26 09:01:42.941 [INFO] main.cpp:354 -   总错误数:     420
2026-05-26 09:01:42.941 [INFO] main.cpp:355 -   发送字节数:   3360
2026-05-26 09:01:42.941 [INFO] main.cpp:356 -   接收字节数:   0
2026-05-26 09:01:42.941 [INFO] main.cpp:357 -   平均延迟:     0.00 ms
2026-05-26 09:01:42.941 [INFO] main.cpp:358 -   最大延迟:     0.00 ms
2026-05-26 09:01:42.941 [INFO] main.cpp:359 -   总线争用次数: 0
2026-05-26 09:01:42.941 [INFO] main.cpp:368 - ======== 轮询统计 ========
2026-05-26 09:01:42.941 [INFO] main.cpp:369 -   任务组数:     20
2026-05-26 09:01:42.941 [INFO] main.cpp:370 -   成功事务:     0
2026-05-26 09:01:42.941 [INFO] main.cpp:371 -   失败事务:     420
2026-05-26 09:01:42.941 [INFO] main.cpp:373 -   成功率:       0.0%
2026-05-26 09:01:42.941 [INFO] main.cpp:378 - ======== 命令队列统计 ========
2026-05-26 09:01:42.941 [INFO] main.cpp:379 -   已提交: 0  已执行: 0  成功: 0  失败: 0
2026-05-26 09:01:42.941 [INFO] main.cpp:384 -   队列大小: 0  平均耗时: 0.0ms
2026-05-26 09:01:43.941 [INFO] main.cpp:352 - ======== 总线统计 ========
2026-05-26 09:01:43.942 [INFO] main.cpp:353 -   总事务数:     420
2026-05-26 09:01:43.942 [INFO] main.cpp:354 -   总错误数:     420
2026-05-26 09:01:43.942 [INFO] main.cpp:355 -   发送字节数:   3360
2026-05-26 09:01:43.942 [INFO] main.cpp:356 -   接收字节数:   0
2026-05-26 09:01:43.942 [INFO] main.cpp:357 -   平均延迟:     0.00 ms
2026-05-26 09:01:43.942 [INFO] main.cpp:358 -   最大延迟:     0.00 ms
2026-05-26 09:01:43.942 [INFO] main.cpp:359 -   总线争用次数: 0
2026-05-26 09:01:43.942 [INFO] main.cpp:368 - ======== 轮询统计 ========
2026-05-26 09:01:43.942 [INFO] main.cpp:369 -   任务组数:     20
2026-05-26 09:01:43.942 [INFO] main.cpp:370 -   成功事务:     0
2026-05-26 09:01:43.942 [INFO] main.cpp:371 -   失败事务:     420
2026-05-26 09:01:43.942 [INFO] main.cpp:373 -   成功率:       0.0%
2026-05-26 09:01:43.942 [INFO] main.cpp:378 - ======== 命令队列统计 ========
2026-05-26 09:01:43.942 [INFO] main.cpp:379 -   已提交: 0  已执行: 0  成功: 0  失败: 0
2026-05-26 09:01:43.942 [INFO] main.cpp:384 -   队列大小: 0  平均耗时: 0.0ms
2026-05-26 09:01:44.943 [INFO] main.cpp:352 - ======== 总线统计 ========
2026-05-26 09:01:44.944 [INFO] main.cpp:353 -   总事务数:     440
2026-05-26 09:01:44.944 [INFO] main.cpp:354 -   总错误数:     420
2026-05-26 09:01:44.944 [INFO] main.cpp:355 -   发送字节数:   3520
2026-05-26 09:01:44.944 [INFO] main.cpp:356 -   接收字节数:   0
2026-05-26 09:01:44.944 [INFO] main.cpp:357 -   平均延迟:     0.00 ms
2026-05-26 09:01:44.944 [INFO] main.cpp:358 -   最大延迟:     0.00 ms
2026-05-26 09:01:44.944 [INFO] main.cpp:359 -   总线争用次数: 0
2026-05-26 09:01:44.944 [INFO] main.cpp:368 - ======== 轮询统计 ========
2026-05-26 09:01:44.944 [INFO] main.cpp:369 -   任务组数:     20
2026-05-26 09:01:44.944 [INFO] main.cpp:370 -   成功事务:     0
2026-05-26 09:01:44.944 [INFO] main.cpp:371 -   失败事务:     420
2026-05-26 09:01:44.944 [INFO] main.cpp:373 -   成功率:       0.0%
2026-05-26 09:01:44.944 [INFO] main.cpp:378 - ======== 命令队列统计 ========
2026-05-26 09:01:44.944 [INFO] main.cpp:379 -   已提交: 0  已执行: 0  成功: 0  失败: 0
2026-05-26 09:01:44.944 [INFO] main.cpp:384 -   队列大小: 0  平均耗时: 0.0ms
2026-05-26 09:01:45.945 [INFO] main.cpp:352 - ======== 总线统计 ========
2026-05-26 09:01:45.945 [INFO] main.cpp:353 -   总事务数:     440
2026-05-26 09:01:45.945 [INFO] main.cpp:354 -   总错误数:     440
2026-05-26 09:01:45.945 [INFO] main.cpp:355 -   发送字节数:   3520
2026-05-26 09:01:45.945 [INFO] main.cpp:356 -   接收字节数:   0
2026-05-26 09:01:45.945 [INFO] main.cpp:357 -   平均延迟:     0.00 ms
2026-05-26 09:01:45.945 [INFO] main.cpp:358 -   最大延迟:     0.00 ms
2026-05-26 09:01:45.945 [INFO] main.cpp:359 -   总线争用次数: 0
2026-05-26 09:01:45.945 [INFO] main.cpp:368 - ======== 轮询统计 ========
2026-05-26 09:01:45.945 [INFO] main.cpp:369 -   任务组数:     20
2026-05-26 09:01:45.945 [INFO] main.cpp:370 -   成功事务:     0
2026-05-26 09:01:45.945 [INFO] main.cpp:371 -   失败事务:     440
2026-05-26 09:01:45.945 [INFO] main.cpp:373 -   成功率:       0.0%
2026-05-26 09:01:45.945 [INFO] main.cpp:378 - ======== 命令队列统计 ========
2026-05-26 09:01:45.946 [INFO] main.cpp:379 -   已提交: 0  已执行: 0  成功: 0  失败: 0
2026-05-26 09:01:45.946 [INFO] main.cpp:384 -   队列大小: 0  平均耗时: 0.0ms
2026-05-26 09:01:46.947 [INFO] main.cpp:352 - ======== 总线统计 ========
2026-05-26 09:01:46.947 [INFO] main.cpp:353 -   总事务数:     440
2026-05-26 09:01:46.948 [INFO] main.cpp:354 -   总错误数:     440
2026-05-26 09:01:46.948 [INFO] main.cpp:355 -   发送字节数:   3520
2026-05-26 09:01:46.948 [INFO] main.cpp:356 -   接收字节数:   0
2026-05-26 09:01:46.948 [INFO] main.cpp:357 -   平均延迟:     0.00 ms
2026-05-26 09:01:46.948 [INFO] main.cpp:358 -   最大延迟:     0.00 ms
2026-05-26 09:01:46.948 [INFO] main.cpp:359 -   总线争用次数: 0
2026-05-26 09:01:46.948 [INFO] main.cpp:368 - ======== 轮询统计 ========
2026-05-26 09:01:46.948 [INFO] main.cpp:369 -   任务组数:     20
2026-05-26 09:01:46.949 [INFO] main.cpp:370 -   成功事务:     0
2026-05-26 09:01:46.949 [INFO] main.cpp:371 -   失败事务:     440
2026-05-26 09:01:46.949 [INFO] main.cpp:373 -   成功率:       0.0%
2026-05-26 09:01:46.949 [INFO] main.cpp:378 - ======== 命令队列统计 ========
2026-05-26 09:01:46.949 [INFO] main.cpp:379 -   已提交: 0  已执行: 0  成功: 0  失败: 0
2026-05-26 09:01:46.949 [INFO] main.cpp:384 -   队列大小: 0  平均耗时: 0.0ms
2026-05-26 09:01:47.950 [INFO] main.cpp:352 - ======== 总线统计 ========
2026-05-26 09:01:47.950 [INFO] main.cpp:353 -   总事务数:     440
2026-05-26 09:01:47.950 [INFO] main.cpp:354 -   总错误数:     440
2026-05-26 09:01:47.950 [INFO] main.cpp:355 -   发送字节数:   3520
2026-05-26 09:01:47.950 [INFO] main.cpp:356 -   接收字节数:   0
2026-05-26 09:01:47.950 [INFO] main.cpp:357 -   平均延迟:     0.00 ms
2026-05-26 09:01:47.950 [INFO] main.cpp:358 -   最大延迟:     0.00 ms
2026-05-26 09:01:47.950 [INFO] main.cpp:359 -   总线争用次数: 0
2026-05-26 09:01:47.950 [INFO] main.cpp:368 - ======== 轮询统计 ========
2026-05-26 09:01:47.950 [INFO] main.cpp:369 -   任务组数:     20
2026-05-26 09:01:47.950 [INFO] main.cpp:370 -   成功事务:     0
2026-05-26 09:01:47.950 [INFO] main.cpp:371 -   失败事务:     440
2026-05-26 09:01:47.950 [INFO] main.cpp:373 -   成功率:       0.0%
2026-05-26 09:01:47.950 [INFO] main.cpp:378 - ======== 命令队列统计 ========
2026-05-26 09:01:47.950 [INFO] main.cpp:379 -   已提交: 0  已执行: 0  成功: 0  失败: 0
2026-05-26 09:01:47.950 [INFO] main.cpp:384 -   队列大小: 0  平均耗时: 0.0ms
2026-05-26 09:01:48.952 [INFO] main.cpp:352 - ======== 总线统计 ========
2026-05-26 09:01:48.952 [INFO] main.cpp:353 -   总事务数:     440
2026-05-26 09:01:48.952 [INFO] main.cpp:354 -   总错误数:     440
2026-05-26 09:01:48.952 [INFO] main.cpp:355 -   发送字节数:   3520
2026-05-26 09:01:48.952 [INFO] main.cpp:356 -   接收字节数:   0
2026-05-26 09:01:48.952 [INFO] main.cpp:357 -   平均延迟:     0.00 ms
2026-05-26 09:01:48.952 [INFO] main.cpp:358 -   最大延迟:     0.00 ms
2026-05-26 09:01:48.952 [INFO] main.cpp:359 -   总线争用次数: 0
2026-05-26 09:01:48.952 [INFO] main.cpp:368 - ======== 轮询统计 ========
2026-05-26 09:01:48.952 [INFO] main.cpp:369 -   任务组数:     20
2026-05-26 09:01:48.952 [INFO] main.cpp:370 -   成功事务:     0
2026-05-26 09:01:48.952 [INFO] main.cpp:371 -   失败事务:     440
2026-05-26 09:01:48.952 [INFO] main.cpp:373 -   成功率:       0.0%
2026-05-26 09:01:48.952 [INFO] main.cpp:378 - ======== 命令队列统计 ========
2026-05-26 09:01:48.952 [INFO] main.cpp:379 -   已提交: 0  已执行: 0  成功: 0  失败: 0
2026-05-26 09:01:48.953 [INFO] main.cpp:384 -   队列大小: 0  平均耗时: 0.0ms
2026-05-26 09:01:49.954 [INFO] main.cpp:352 - ======== 总线统计 ========
2026-05-26 09:01:49.954 [INFO] main.cpp:353 -   总事务数:     460
2026-05-26 09:01:49.954 [INFO] main.cpp:354 -   总错误数:     440
2026-05-26 09:01:49.954 [INFO] main.cpp:355 -   发送字节数:   3680
2026-05-26 09:01:49.954 [INFO] main.cpp:356 -   接收字节数:   0
2026-05-26 09:01:49.954 [INFO] main.cpp:357 -   平均延迟:     0.00 ms
2026-05-26 09:01:49.954 [INFO] main.cpp:358 -   最大延迟:     0.00 ms
2026-05-26 09:01:49.954 [INFO] main.cpp:359 -   总线争用次数: 0
2026-05-26 09:01:49.954 [INFO] main.cpp:368 - ======== 轮询统计 ========
2026-05-26 09:01:49.954 [INFO] main.cpp:369 -   任务组数:     20
2026-05-26 09:01:49.954 [INFO] main.cpp:370 -   成功事务:     0
2026-05-26 09:01:49.954 [INFO] main.cpp:371 -   失败事务:     440
2026-05-26 09:01:49.954 [INFO] main.cpp:373 -   成功率:       0.0%
2026-05-26 09:01:49.954 [INFO] main.cpp:378 - ======== 命令队列统计 ========
2026-05-26 09:01:49.954 [INFO] main.cpp:379 -   已提交: 0  已执行: 0  成功: 0  失败: 0
2026-05-26 09:01:49.954 [INFO] main.cpp:384 -   队列大小: 0  平均耗时: 0.0ms
2026-05-26 09:01:50.955 [INFO] main.cpp:352 - ======== 总线统计 ========
2026-05-26 09:01:50.955 [INFO] main.cpp:353 -   总事务数:     460
2026-05-26 09:01:50.955 [INFO] main.cpp:354 -   总错误数:     460
2026-05-26 09:01:50.955 [INFO] main.cpp:355 -   发送字节数:   3680
2026-05-26 09:01:50.955 [INFO] main.cpp:356 -   接收字节数:   0
2026-05-26 09:01:50.955 [INFO] main.cpp:357 -   平均延迟:     0.00 ms
2026-05-26 09:01:50.955 [INFO] main.cpp:358 -   最大延迟:     0.00 ms
2026-05-26 09:01:50.955 [INFO] main.cpp:359 -   总线争用次数: 0
2026-05-26 09:01:50.955 [INFO] main.cpp:368 - ======== 轮询统计 ========
2026-05-26 09:01:50.955 [INFO] main.cpp:369 -   任务组数:     20
2026-05-26 09:01:50.956 [INFO] main.cpp:370 -   成功事务:     0
2026-05-26 09:01:50.956 [INFO] main.cpp:371 -   失败事务:     460
2026-05-26 09:01:50.956 [INFO] main.cpp:373 -   成功率:       0.0%
2026-05-26 09:01:50.956 [INFO] main.cpp:378 - ======== 命令队列统计 ========
2026-05-26 09:01:50.956 [INFO] main.cpp:379 -   已提交: 0  已执行: 0  成功: 0  失败: 0
2026-05-26 09:01:50.956 [INFO] main.cpp:384 -   队列大小: 0  平均耗时: 0.0ms
2026-05-26 09:01:51.957 [INFO] main.cpp:352 - ======== 总线统计 ========
2026-05-26 09:01:51.957 [INFO] main.cpp:353 -   总事务数:     460
2026-05-26 09:01:51.957 [INFO] main.cpp:354 -   总错误数:     460
2026-05-26 09:01:51.957 [INFO] main.cpp:355 -   发送字节数:   3680
2026-05-26 09:01:51.957 [INFO] main.cpp:356 -   接收字节数:   0
2026-05-26 09:01:51.957 [INFO] main.cpp:357 -   平均延迟:     0.00 ms
2026-05-26 09:01:51.957 [INFO] main.cpp:358 -   最大延迟:     0.00 ms
2026-05-26 09:01:51.957 [INFO] main.cpp:359 -   总线争用次数: 0
2026-05-26 09:01:51.957 [INFO] main.cpp:368 - ======== 轮询统计 ========
2026-05-26 09:01:51.957 [INFO] main.cpp:369 -   任务组数:     20
2026-05-26 09:01:51.957 [INFO] main.cpp:370 -   成功事务:     0
2026-05-26 09:01:51.957 [INFO] main.cpp:371 -   失败事务:     460
2026-05-26 09:01:51.957 [INFO] main.cpp:373 -   成功率:       0.0%
2026-05-26 09:01:51.957 [INFO] main.cpp:378 - ======== 命令队列统计 ========
2026-05-26 09:01:51.957 [INFO] main.cpp:379 -   已提交: 0  已执行: 0  成功: 0  失败: 0
2026-05-26 09:01:51.957 [INFO] main.cpp:384 -   队列大小: 0  平均耗时: 0.0ms
2026-05-26 09:01:52.958 [INFO] main.cpp:352 - ======== 总线统计 ========
2026-05-26 09:01:52.958 [INFO] main.cpp:353 -   总事务数:     460
2026-05-26 09:01:52.958 [INFO] main.cpp:354 -   总错误数:     460
2026-05-26 09:01:52.958 [INFO] main.cpp:355 -   发送字节数:   3680
2026-05-26 09:01:52.958 [INFO] main.cpp:356 -   接收字节数:   0
2026-05-26 09:01:52.958 [INFO] main.cpp:357 -   平均延迟:     0.00 ms
2026-05-26 09:01:52.958 [INFO] main.cpp:358 -   最大延迟:     0.00 ms
2026-05-26 09:01:52.959 [INFO] main.cpp:359 -   总线争用次数: 0
2026-05-26 09:01:52.959 [INFO] main.cpp:368 - ======== 轮询统计 ========
2026-05-26 09:01:52.959 [INFO] main.cpp:369 -   任务组数:     20
2026-05-26 09:01:52.959 [INFO] main.cpp:370 -   成功事务:     0
2026-05-26 09:01:52.959 [INFO] main.cpp:371 -   失败事务:     460
2026-05-26 09:01:52.959 [INFO] main.cpp:373 -   成功率:       0.0%
2026-05-26 09:01:52.959 [INFO] main.cpp:378 - ======== 命令队列统计 ========
2026-05-26 09:01:52.959 [INFO] main.cpp:379 -   已提交: 0  已执行: 0  成功: 0  失败: 0
2026-05-26 09:01:52.959 [INFO] main.cpp:384 -   队列大小: 0  平均耗时: 0.0ms
2026-05-26 09:01:53.959 [INFO] main.cpp:352 - ======== 总线统计 ========
2026-05-26 09:01:53.959 [INFO] main.cpp:353 -   总事务数:     460
2026-05-26 09:01:53.959 [INFO] main.cpp:354 -   总错误数:     460
2026-05-26 09:01:53.959 [INFO] main.cpp:355 -   发送字节数:   3680
2026-05-26 09:01:53.959 [INFO] main.cpp:356 -   接收字节数:   0
2026-05-26 09:01:53.960 [INFO] main.cpp:357 -   平均延迟:     0.00 ms
2026-05-26 09:01:53.960 [INFO] main.cpp:358 -   最大延迟:     0.00 ms
2026-05-26 09:01:53.960 [INFO] main.cpp:359 -   总线争用次数: 0
2026-05-26 09:01:53.960 [INFO] main.cpp:368 - ======== 轮询统计 ========
2026-05-26 09:01:53.960 [INFO] main.cpp:369 -   任务组数:     20
2026-05-26 09:01:53.960 [INFO] main.cpp:370 -   成功事务:     0
2026-05-26 09:01:53.960 [INFO] main.cpp:371 -   失败事务:     460
2026-05-26 09:01:53.960 [INFO] main.cpp:373 -   成功率:       0.0%
2026-05-26 09:01:53.960 [INFO] main.cpp:378 - ======== 命令队列统计 ========
2026-05-26 09:01:53.960 [INFO] main.cpp:379 -   已提交: 0  已执行: 0  成功: 0  失败: 0
2026-05-26 09:01:53.960 [INFO] main.cpp:384 -   队列大小: 0  平均耗时: 0.0ms
2026-05-26 09:01:54.961 [INFO] main.cpp:352 - ======== 总线统计 ========
2026-05-26 09:01:54.961 [INFO] main.cpp:353 -   总事务数:     480
2026-05-26 09:01:54.961 [INFO] main.cpp:354 -   总错误数:     460
2026-05-26 09:01:54.961 [INFO] main.cpp:355 -   发送字节数:   3840
2026-05-26 09:01:54.961 [INFO] main.cpp:356 -   接收字节数:   0
2026-05-26 09:01:54.961 [INFO] main.cpp:357 -   平均延迟:     0.00 ms
2026-05-26 09:01:54.961 [INFO] main.cpp:358 -   最大延迟:     0.00 ms
2026-05-26 09:01:54.961 [INFO] main.cpp:359 -   总线争用次数: 0
2026-05-26 09:01:54.961 [INFO] main.cpp:368 - ======== 轮询统计 ========
2026-05-26 09:01:54.961 [INFO] main.cpp:369 -   任务组数:     20
2026-05-26 09:01:54.962 [INFO] main.cpp:370 -   成功事务:     0
2026-05-26 09:01:54.962 [INFO] main.cpp:371 -   失败事务:     460
2026-05-26 09:01:54.962 [INFO] main.cpp:373 -   成功率:       0.0%
2026-05-26 09:01:54.962 [INFO] main.cpp:378 - ======== 命令队列统计 ========
2026-05-26 09:01:54.962 [INFO] main.cpp:379 -   已提交: 0  已执行: 0  成功: 0  失败: 0
2026-05-26 09:01:54.962 [INFO] main.cpp:384 -   队列大小: 0  平均耗时: 0.0ms
2026-05-26 09:01:55.963 [INFO] main.cpp:352 - ======== 总线统计 ========
2026-05-26 09:01:55.963 [INFO] main.cpp:353 -   总事务数:     480
2026-05-26 09:01:55.963 [INFO] main.cpp:354 -   总错误数:     480
2026-05-26 09:01:55.963 [INFO] main.cpp:355 -   发送字节数:   3840
2026-05-26 09:01:55.963 [INFO] main.cpp:356 -   接收字节数:   0
2026-05-26 09:01:55.963 [INFO] main.cpp:357 -   平均延迟:     0.00 ms
2026-05-26 09:01:55.963 [INFO] main.cpp:358 -   最大延迟:     0.00 ms
2026-05-26 09:01:55.963 [INFO] main.cpp:359 -   总线争用次数: 0
2026-05-26 09:01:55.963 [INFO] main.cpp:368 - ======== 轮询统计 ========
2026-05-26 09:01:55.963 [INFO] main.cpp:369 -   任务组数:     20
2026-05-26 09:01:55.963 [INFO] main.cpp:370 -   成功事务:     0
2026-05-26 09:01:55.963 [INFO] main.cpp:371 -   失败事务:     480
2026-05-26 09:01:55.963 [INFO] main.cpp:373 -   成功率:       0.0%
2026-05-26 09:01:55.963 [INFO] main.cpp:378 - ======== 命令队列统计 ========
2026-05-26 09:01:55.964 [INFO] main.cpp:379 -   已提交: 0  已执行: 0  成功: 0  失败: 0
2026-05-26 09:01:55.964 [INFO] main.cpp:384 -   队列大小: 0  平均耗时: 0.0ms
2026-05-26 09:01:56.965 [INFO] main.cpp:352 - ======== 总线统计 ========
2026-05-26 09:01:56.965 [INFO] main.cpp:353 -   总事务数:     480
2026-05-26 09:01:56.966 [INFO] main.cpp:354 -   总错误数:     480
2026-05-26 09:01:56.966 [INFO] main.cpp:355 -   发送字节数:   3840
2026-05-26 09:01:56.966 [INFO] main.cpp:356 -   接收字节数:   0
2026-05-26 09:01:56.966 [INFO] main.cpp:357 -   平均延迟:     0.00 ms
2026-05-26 09:01:56.966 [INFO] main.cpp:358 -   最大延迟:     0.00 ms
2026-05-26 09:01:56.966 [INFO] main.cpp:359 -   总线争用次数: 0
2026-05-26 09:01:56.966 [INFO] main.cpp:368 - ======== 轮询统计 ========
2026-05-26 09:01:56.966 [INFO] main.cpp:369 -   任务组数:     20
2026-05-26 09:01:56.966 [INFO] main.cpp:370 -   成功事务:     0
2026-05-26 09:01:56.967 [INFO] main.cpp:371 -   失败事务:     480
2026-05-26 09:01:56.967 [INFO] main.cpp:373 -   成功率:       0.0%
2026-05-26 09:01:56.967 [INFO] main.cpp:378 - ======== 命令队列统计 ========
2026-05-26 09:01:56.967 [INFO] main.cpp:379 -   已提交: 0  已执行: 0  成功: 0  失败: 0
2026-05-26 09:01:56.967 [INFO] main.cpp:384 -   队列大小: 0  平均耗时: 0.0ms
2026-05-26 09:01:57.968 [INFO] main.cpp:352 - ======== 总线统计 ========
2026-05-26 09:01:57.968 [INFO] main.cpp:353 -   总事务数:     480
2026-05-26 09:01:57.968 [INFO] main.cpp:354 -   总错误数:     480
2026-05-26 09:01:57.968 [INFO] main.cpp:355 -   发送字节数:   3840
2026-05-26 09:01:57.968 [INFO] main.cpp:356 -   接收字节数:   0
2026-05-26 09:01:57.968 [INFO] main.cpp:357 -   平均延迟:     0.00 ms
2026-05-26 09:01:57.968 [INFO] main.cpp:358 -   最大延迟:     0.00 ms
2026-05-26 09:01:57.968 [INFO] main.cpp:359 -   总线争用次数: 0
2026-05-26 09:01:57.968 [INFO] main.cpp:368 - ======== 轮询统计 ========
2026-05-26 09:01:57.968 [INFO] main.cpp:369 -   任务组数:     20
2026-05-26 09:01:57.968 [INFO] main.cpp:370 -   成功事务:     0
2026-05-26 09:01:57.968 [INFO] main.cpp:371 -   失败事务:     480
2026-05-26 09:01:57.968 [INFO] main.cpp:373 -   成功率:       0.0%
2026-05-26 09:01:57.969 [INFO] main.cpp:378 - ======== 命令队列统计 ========
2026-05-26 09:01:57.969 [INFO] main.cpp:379 -   已提交: 0  已执行: 0  成功: 0  失败: 0
2026-05-26 09:01:57.969 [INFO] main.cpp:384 -   队列大小: 0  平均耗时: 0.0ms
2026-05-26 09:01:58.970 [INFO] main.cpp:352 - ======== 总线统计 ========
2026-05-26 09:01:58.970 [INFO] main.cpp:353 -   总事务数:     480
2026-05-26 09:01:58.970 [INFO] main.cpp:354 -   总错误数:     480
2026-05-26 09:01:58.970 [INFO] main.cpp:355 -   发送字节数:   3840
2026-05-26 09:01:58.970 [INFO] main.cpp:356 -   接收字节数:   0
2026-05-26 09:01:58.970 [INFO] main.cpp:357 -   平均延迟:     0.00 ms
2026-05-26 09:01:58.970 [INFO] main.cpp:358 -   最大延迟:     0.00 ms
2026-05-26 09:01:58.970 [INFO] main.cpp:359 -   总线争用次数: 0
2026-05-26 09:01:58.970 [INFO] main.cpp:368 - ======== 轮询统计 ========
2026-05-26 09:01:58.970 [INFO] main.cpp:369 -   任务组数:     20
2026-05-26 09:01:58.970 [INFO] main.cpp:370 -   成功事务:     0
2026-05-26 09:01:58.970 [INFO] main.cpp:371 -   失败事务:     480
2026-05-26 09:01:58.970 [INFO] main.cpp:373 -   成功率:       0.0%
2026-05-26 09:01:58.970 [INFO] main.cpp:378 - ======== 命令队列统计 ========
2026-05-26 09:01:58.970 [INFO] main.cpp:379 -   已提交: 0  已执行: 0  成功: 0  失败: 0
2026-05-26 09:01:58.970 [INFO] main.cpp:384 -   队列大小: 0  平均耗时: 0.0ms
2026-05-26 09:01:59.972 [INFO] main.cpp:352 - ======== 总线统计 ========
2026-05-26 09:01:59.972 [INFO] main.cpp:353 -   总事务数:     500
2026-05-26 09:01:59.972 [INFO] main.cpp:354 -   总错误数:     480
2026-05-26 09:01:59.972 [INFO] main.cpp:355 -   发送字节数:   4000
2026-05-26 09:01:59.972 [INFO] main.cpp:356 -   接收字节数:   0
2026-05-26 09:01:59.972 [INFO] main.cpp:357 -   平均延迟:     0.00 ms
2026-05-26 09:01:59.972 [INFO] main.cpp:358 -   最大延迟:     0.00 ms
2026-05-26 09:01:59.972 [INFO] main.cpp:359 -   总线争用次数: 0
2026-05-26 09:01:59.972 [INFO] main.cpp:368 - ======== 轮询统计 ========
2026-05-26 09:01:59.972 [INFO] main.cpp:369 -   任务组数:     20
2026-05-26 09:01:59.972 [INFO] main.cpp:370 -   成功事务:     0
2026-05-26 09:01:59.972 [INFO] main.cpp:371 -   失败事务:     480
2026-05-26 09:01:59.972 [INFO] main.cpp:373 -   成功率:       0.0%
2026-05-26 09:01:59.972 [INFO] main.cpp:378 - ======== 命令队列统计 ========
2026-05-26 09:01:59.972 [INFO] main.cpp:379 -   已提交: 0  已执行: 0  成功: 0  失败: 0
2026-05-26 09:01:59.972 [INFO] main.cpp:384 -   队列大小: 0  平均耗时: 0.0ms
2026-05-26 09:02:00.973 [INFO] main.cpp:352 - ======== 总线统计 ========
2026-05-26 09:02:00.974 [INFO] main.cpp:353 -   总事务数:     500
2026-05-26 09:02:00.974 [INFO] main.cpp:354 -   总错误数:     500
2026-05-26 09:02:00.974 [INFO] main.cpp:355 -   发送字节数:   4000
2026-05-26 09:02:00.974 [INFO] main.cpp:356 -   接收字节数:   0
2026-05-26 09:02:00.974 [INFO] main.cpp:357 -   平均延迟:     0.00 ms
2026-05-26 09:02:00.974 [INFO] main.cpp:358 -   最大延迟:     0.00 ms
2026-05-26 09:02:00.974 [INFO] main.cpp:359 -   总线争用次数: 0
2026-05-26 09:02:00.974 [INFO] main.cpp:368 - ======== 轮询统计 ========
2026-05-26 09:02:00.974 [INFO] main.cpp:369 -   任务组数:     20
2026-05-26 09:02:00.974 [INFO] main.cpp:370 -   成功事务:     0
2026-05-26 09:02:00.974 [INFO] main.cpp:371 -   失败事务:     500
2026-05-26 09:02:00.974 [INFO] main.cpp:373 -   成功率:       0.0%
2026-05-26 09:02:00.974 [INFO] main.cpp:378 - ======== 命令队列统计 ========
2026-05-26 09:02:00.974 [INFO] main.cpp:379 -   已提交: 0  已执行: 0  成功: 0  失败: 0
2026-05-26 09:02:00.974 [INFO] main.cpp:384 -   队列大小: 0  平均耗时: 0.0ms
2026-05-26 09:02:01.975 [INFO] main.cpp:352 - ======== 总线统计 ========
2026-05-26 09:02:01.975 [INFO] main.cpp:353 -   总事务数:     500
2026-05-26 09:02:01.975 [INFO] main.cpp:354 -   总错误数:     500
2026-05-26 09:02:01.975 [INFO] main.cpp:355 -   发送字节数:   4000
2026-05-26 09:02:01.975 [INFO] main.cpp:356 -   接收字节数:   0
2026-05-26 09:02:01.975 [INFO] main.cpp:357 -   平均延迟:     0.00 ms
2026-05-26 09:02:01.975 [INFO] main.cpp:358 -   最大延迟:     0.00 ms
2026-05-26 09:02:01.975 [INFO] main.cpp:359 -   总线争用次数: 0
2026-05-26 09:02:01.975 [INFO] main.cpp:368 - ======== 轮询统计 ========
2026-05-26 09:02:01.975 [INFO] main.cpp:369 -   任务组数:     20
2026-05-26 09:02:01.975 [INFO] main.cpp:370 -   成功事务:     0
2026-05-26 09:02:01.976 [INFO] main.cpp:371 -   失败事务:     500
2026-05-26 09:02:01.976 [INFO] main.cpp:373 -   成功率:       0.0%
2026-05-26 09:02:01.976 [INFO] main.cpp:378 - ======== 命令队列统计 ========
2026-05-26 09:02:01.976 [INFO] main.cpp:379 -   已提交: 0  已执行: 0  成功: 0  失败: 0
2026-05-26 09:02:01.976 [INFO] main.cpp:384 -   队列大小: 0  平均耗时: 0.0ms
2026-05-26 09:02:02.977 [INFO] main.cpp:352 - ======== 总线统计 ========
2026-05-26 09:02:02.977 [INFO] main.cpp:353 -   总事务数:     500
2026-05-26 09:02:02.977 [INFO] main.cpp:354 -   总错误数:     500
2026-05-26 09:02:02.977 [INFO] main.cpp:355 -   发送字节数:   4000
2026-05-26 09:02:02.977 [INFO] main.cpp:356 -   接收字节数:   0
2026-05-26 09:02:02.977 [INFO] main.cpp:357 -   平均延迟:     0.00 ms
2026-05-26 09:02:02.977 [INFO] main.cpp:358 -   最大延迟:     0.00 ms
2026-05-26 09:02:02.977 [INFO] main.cpp:359 -   总线争用次数: 0
2026-05-26 09:02:02.977 [INFO] main.cpp:368 - ======== 轮询统计 ========
2026-05-26 09:02:02.977 [INFO] main.cpp:369 -   任务组数:     20
2026-05-26 09:02:02.977 [INFO] main.cpp:370 -   成功事务:     0
2026-05-26 09:02:02.977 [INFO] main.cpp:371 -   失败事务:     500
2026-05-26 09:02:02.977 [INFO] main.cpp:373 -   成功率:       0.0%
2026-05-26 09:02:02.977 [INFO] main.cpp:378 - ======== 命令队列统计 ========
2026-05-26 09:02:02.978 [INFO] main.cpp:379 -   已提交: 0  已执行: 0  成功: 0  失败: 0
2026-05-26 09:02:02.978 [INFO] main.cpp:384 -   队列大小: 0  平均耗时: 0.0ms
2026-05-26 09:02:03.979 [INFO] main.cpp:352 - ======== 总线统计 ========
2026-05-26 09:02:03.979 [INFO] main.cpp:353 -   总事务数:     500
2026-05-26 09:02:03.979 [INFO] main.cpp:354 -   总错误数:     500
2026-05-26 09:02:03.979 [INFO] main.cpp:355 -   发送字节数:   4000
2026-05-26 09:02:03.979 [INFO] main.cpp:356 -   接收字节数:   0
2026-05-26 09:02:03.979 [INFO] main.cpp:357 -   平均延迟:     0.00 ms
2026-05-26 09:02:03.979 [INFO] main.cpp:358 -   最大延迟:     0.00 ms
2026-05-26 09:02:03.979 [INFO] main.cpp:359 -   总线争用次数: 0
2026-05-26 09:02:03.979 [INFO] main.cpp:368 - ======== 轮询统计 ========
2026-05-26 09:02:03.979 [INFO] main.cpp:369 -   任务组数:     20
2026-05-26 09:02:03.979 [INFO] main.cpp:370 -   成功事务:     0
2026-05-26 09:02:03.979 [INFO] main.cpp:371 -   失败事务:     500
2026-05-26 09:02:03.979 [INFO] main.cpp:373 -   成功率:       0.0%
2026-05-26 09:02:03.979 [INFO] main.cpp:378 - ======== 命令队列统计 ========
2026-05-26 09:02:03.979 [INFO] main.cpp:379 -   已提交: 0  已执行: 0  成功: 0  失败: 0
2026-05-26 09:02:03.979 [INFO] main.cpp:384 -   队列大小: 0  平均耗时: 0.0ms
2026-05-26 09:02:04.980 [INFO] main.cpp:352 - ======== 总线统计 ========
2026-05-26 09:02:04.981 [INFO] main.cpp:353 -   总事务数:     520
2026-05-26 09:02:04.981 [INFO] main.cpp:354 -   总错误数:     500
2026-05-26 09:02:04.981 [INFO] main.cpp:355 -   发送字节数:   4160
2026-05-26 09:02:04.981 [INFO] main.cpp:356 -   接收字节数:   0
2026-05-26 09:02:04.981 [INFO] main.cpp:357 -   平均延迟:     0.00 ms
2026-05-26 09:02:04.981 [INFO] main.cpp:358 -   最大延迟:     0.00 ms
2026-05-26 09:02:04.981 [INFO] main.cpp:359 -   总线争用次数: 0
2026-05-26 09:02:04.981 [INFO] main.cpp:368 - ======== 轮询统计 ========
2026-05-26 09:02:04.981 [INFO] main.cpp:369 -   任务组数:     20
2026-05-26 09:02:04.981 [INFO] main.cpp:370 -   成功事务:     0
2026-05-26 09:02:04.981 [INFO] main.cpp:371 -   失败事务:     500
2026-05-26 09:02:04.981 [INFO] main.cpp:373 -   成功率:       0.0%
2026-05-26 09:02:04.981 [INFO] main.cpp:378 - ======== 命令队列统计 ========
2026-05-26 09:02:04.981 [INFO] main.cpp:379 -   已提交: 0  已执行: 0  成功: 0  失败: 0
2026-05-26 09:02:04.981 [INFO] main.cpp:384 -   队列大小: 0  平均耗时: 0.0ms
2026-05-26 09:02:05.982 [INFO] main.cpp:352 - ======== 总线统计 ========
2026-05-26 09:02:05.982 [INFO] main.cpp:353 -   总事务数:     520
2026-05-26 09:02:05.982 [INFO] main.cpp:354 -   总错误数:     520
2026-05-26 09:02:05.982 [INFO] main.cpp:355 -   发送字节数:   4160
2026-05-26 09:02:05.982 [INFO] main.cpp:356 -   接收字节数:   0
2026-05-26 09:02:05.982 [INFO] main.cpp:357 -   平均延迟:     0.00 ms
2026-05-26 09:02:05.982 [INFO] main.cpp:358 -   最大延迟:     0.00 ms
2026-05-26 09:02:05.982 [INFO] main.cpp:359 -   总线争用次数: 0
2026-05-26 09:02:05.982 [INFO] main.cpp:368 - ======== 轮询统计 ========
2026-05-26 09:02:05.982 [INFO] main.cpp:369 -   任务组数:     20
2026-05-26 09:02:05.982 [INFO] main.cpp:370 -   成功事务:     0
2026-05-26 09:02:05.982 [INFO] main.cpp:371 -   失败事务:     520
2026-05-26 09:02:05.982 [INFO] main.cpp:373 -   成功率:       0.0%
2026-05-26 09:02:05.982 [INFO] main.cpp:378 - ======== 命令队列统计 ========
2026-05-26 09:02:05.982 [INFO] main.cpp:379 -   已提交: 0  已执行: 0  成功: 0  失败: 0
2026-05-26 09:02:05.982 [INFO] main.cpp:384 -   队列大小: 0  平均耗时: 0.0ms
2026-05-26 09:02:06.983 [INFO] main.cpp:352 - ======== 总线统计 ========
2026-05-26 09:02:06.984 [INFO] main.cpp:353 -   总事务数:     520
2026-05-26 09:02:06.984 [INFO] main.cpp:354 -   总错误数:     520
2026-05-26 09:02:06.984 [INFO] main.cpp:355 -   发送字节数:   4160
2026-05-26 09:02:06.984 [INFO] main.cpp:356 -   接收字节数:   0
2026-05-26 09:02:06.984 [INFO] main.cpp:357 -   平均延迟:     0.00 ms
2026-05-26 09:02:06.984 [INFO] main.cpp:358 -   最大延迟:     0.00 ms
2026-05-26 09:02:06.984 [INFO] main.cpp:359 -   总线争用次数: 0
2026-05-26 09:02:06.984 [INFO] main.cpp:368 - ======== 轮询统计 ========
2026-05-26 09:02:06.984 [INFO] main.cpp:369 -   任务组数:     20
2026-05-26 09:02:06.984 [INFO] main.cpp:370 -   成功事务:     0
2026-05-26 09:02:06.984 [INFO] main.cpp:371 -   失败事务:     520
2026-05-26 09:02:06.984 [INFO] main.cpp:373 -   成功率:       0.0%
2026-05-26 09:02:06.984 [INFO] main.cpp:378 - ======== 命令队列统计 ========
2026-05-26 09:02:06.984 [INFO] main.cpp:379 -   已提交: 0  已执行: 0  成功: 0  失败: 0
2026-05-26 09:02:06.984 [INFO] main.cpp:384 -   队列大小: 0  平均耗时: 0.0ms
2026-05-26 09:02:07.985 [INFO] main.cpp:352 - ======== 总线统计 ========
2026-05-26 09:02:07.985 [INFO] main.cpp:353 -   总事务数:     520
2026-05-26 09:02:07.985 [INFO] main.cpp:354 -   总错误数:     520
2026-05-26 09:02:07.985 [INFO] main.cpp:355 -   发送字节数:   4160
2026-05-26 09:02:07.985 [INFO] main.cpp:356 -   接收字节数:   0
2026-05-26 09:02:07.985 [INFO] main.cpp:357 -   平均延迟:     0.00 ms
2026-05-26 09:02:07.985 [INFO] main.cpp:358 -   最大延迟:     0.00 ms
2026-05-26 09:02:07.985 [INFO] main.cpp:359 -   总线争用次数: 0
2026-05-26 09:02:07.985 [INFO] main.cpp:368 - ======== 轮询统计 ========
2026-05-26 09:02:07.985 [INFO] main.cpp:369 -   任务组数:     20
2026-05-26 09:02:07.985 [INFO] main.cpp:370 -   成功事务:     0
2026-05-26 09:02:07.986 [INFO] main.cpp:371 -   失败事务:     520
2026-05-26 09:02:07.986 [INFO] main.cpp:373 -   成功率:       0.0%
2026-05-26 09:02:07.986 [INFO] main.cpp:378 - ======== 命令队列统计 ========
2026-05-26 09:02:07.986 [INFO] main.cpp:379 -   已提交: 0  已执行: 0  成功: 0  失败: 0
2026-05-26 09:02:07.986 [INFO] main.cpp:384 -   队列大小: 0  平均耗时: 0.0ms
2026-05-26 09:02:08.987 [INFO] main.cpp:352 - ======== 总线统计 ========
2026-05-26 09:02:08.987 [INFO] main.cpp:353 -   总事务数:     520
2026-05-26 09:02:08.987 [INFO] main.cpp:354 -   总错误数:     520
2026-05-26 09:02:08.987 [INFO] main.cpp:355 -   发送字节数:   4160
2026-05-26 09:02:08.987 [INFO] main.cpp:356 -   接收字节数:   0
2026-05-26 09:02:08.987 [INFO] main.cpp:357 -   平均延迟:     0.00 ms
2026-05-26 09:02:08.987 [INFO] main.cpp:358 -   最大延迟:     0.00 ms
2026-05-26 09:02:08.987 [INFO] main.cpp:359 -   总线争用次数: 0
2026-05-26 09:02:08.987 [INFO] main.cpp:368 - ======== 轮询统计 ========
2026-05-26 09:02:08.987 [INFO] main.cpp:369 -   任务组数:     20
2026-05-26 09:02:08.987 [INFO] main.cpp:370 -   成功事务:     0
2026-05-26 09:02:08.987 [INFO] main.cpp:371 -   失败事务:     520
2026-05-26 09:02:08.987 [INFO] main.cpp:373 -   成功率:       0.0%
2026-05-26 09:02:08.988 [INFO] main.cpp:378 - ======== 命令队列统计 ========
2026-05-26 09:02:08.988 [INFO] main.cpp:379 -   已提交: 0  已执行: 0  成功: 0  失败: 0
2026-05-26 09:02:08.988 [INFO] main.cpp:384 -   队列大小: 0  平均耗时: 0.0ms
2026-05-26 09:02:09.989 [INFO] main.cpp:352 - ======== 总线统计 ========
2026-05-26 09:02:09.989 [INFO] main.cpp:353 -   总事务数:     540
2026-05-26 09:02:09.989 [INFO] main.cpp:354 -   总错误数:     520
2026-05-26 09:02:09.989 [INFO] main.cpp:355 -   发送字节数:   4320
2026-05-26 09:02:09.989 [INFO] main.cpp:356 -   接收字节数:   0
2026-05-26 09:02:09.989 [INFO] main.cpp:357 -   平均延迟:     0.00 ms
2026-05-26 09:02:09.989 [INFO] main.cpp:358 -   最大延迟:     0.00 ms
2026-05-26 09:02:09.989 [INFO] main.cpp:359 -   总线争用次数: 0
2026-05-26 09:02:09.989 [INFO] main.cpp:368 - ======== 轮询统计 ========
2026-05-26 09:02:09.989 [INFO] main.cpp:369 -   任务组数:     20
2026-05-26 09:02:09.989 [INFO] main.cpp:370 -   成功事务:     0
2026-05-26 09:02:09.989 [INFO] main.cpp:371 -   失败事务:     520
2026-05-26 09:02:09.989 [INFO] main.cpp:373 -   成功率:       0.0%
2026-05-26 09:02:09.989 [INFO] main.cpp:378 - ======== 命令队列统计 ========
2026-05-26 09:02:09.989 [INFO] main.cpp:379 -   已提交: 0  已执行: 0  成功: 0  失败: 0
2026-05-26 09:02:09.990 [INFO] main.cpp:384 -   队列大小: 0  平均耗时: 0.0ms
2026-05-26 09:02:10.990 [INFO] main.cpp:352 - ======== 总线统计 ========
2026-05-26 09:02:10.990 [INFO] main.cpp:353 -   总事务数:     540
2026-05-26 09:02:10.991 [INFO] main.cpp:354 -   总错误数:     540
2026-05-26 09:02:10.991 [INFO] main.cpp:355 -   发送字节数:   4320
2026-05-26 09:02:10.991 [INFO] main.cpp:356 -   接收字节数:   0
2026-05-26 09:02:10.991 [INFO] main.cpp:357 -   平均延迟:     0.00 ms
2026-05-26 09:02:10.991 [INFO] main.cpp:358 -   最大延迟:     0.00 ms
2026-05-26 09:02:10.991 [INFO] main.cpp:359 -   总线争用次数: 0
2026-05-26 09:02:10.991 [INFO] main.cpp:368 - ======== 轮询统计 ========
2026-05-26 09:02:10.991 [INFO] main.cpp:369 -   任务组数:     20
2026-05-26 09:02:10.991 [INFO] main.cpp:370 -   成功事务:     0
2026-05-26 09:02:10.991 [INFO] main.cpp:371 -   失败事务:     540
2026-05-26 09:02:10.991 [INFO] main.cpp:373 -   成功率:       0.0%
2026-05-26 09:02:10.991 [INFO] main.cpp:378 - ======== 命令队列统计 ========
2026-05-26 09:02:10.991 [INFO] main.cpp:379 -   已提交: 0  已执行: 0  成功: 0  失败: 0
2026-05-26 09:02:10.991 [INFO] main.cpp:384 -   队列大小: 0  平均耗时: 0.0ms
2026-05-26 09:02:11.992 [INFO] main.cpp:352 - ======== 总线统计 ========
2026-05-26 09:02:11.992 [INFO] main.cpp:353 -   总事务数:     540
2026-05-26 09:02:11.992 [INFO] main.cpp:354 -   总错误数:     540
2026-05-26 09:02:11.992 [INFO] main.cpp:355 -   发送字节数:   4320
2026-05-26 09:02:11.992 [INFO] main.cpp:356 -   接收字节数:   0
2026-05-26 09:02:11.992 [INFO] main.cpp:357 -   平均延迟:     0.00 ms
2026-05-26 09:02:11.992 [INFO] main.cpp:358 -   最大延迟:     0.00 ms
2026-05-26 09:02:11.992 [INFO] main.cpp:359 -   总线争用次数: 0
2026-05-26 09:02:11.992 [INFO] main.cpp:368 - ======== 轮询统计 ========
2026-05-26 09:02:11.992 [INFO] main.cpp:369 -   任务组数:     20
2026-05-26 09:02:11.992 [INFO] main.cpp:370 -   成功事务:     0
2026-05-26 09:02:11.992 [INFO] main.cpp:371 -   失败事务:     540
2026-05-26 09:02:11.992 [INFO] main.cpp:373 -   成功率:       0.0%
2026-05-26 09:02:11.992 [INFO] main.cpp:378 - ======== 命令队列统计 ========
2026-05-26 09:02:11.992 [INFO] main.cpp:379 -   已提交: 0  已执行: 0  成功: 0  失败: 0
2026-05-26 09:02:11.992 [INFO] main.cpp:384 -   队列大小: 0  平均耗时: 0.0ms
2026-05-26 09:02:12.993 [INFO] main.cpp:352 - ======== 总线统计 ========
2026-05-26 09:02:12.994 [INFO] main.cpp:353 -   总事务数:     540
2026-05-26 09:02:12.994 [INFO] main.cpp:354 -   总错误数:     540
2026-05-26 09:02:12.994 [INFO] main.cpp:355 -   发送字节数:   4320
2026-05-26 09:02:12.994 [INFO] main.cpp:356 -   接收字节数:   0
2026-05-26 09:02:12.994 [INFO] main.cpp:357 -   平均延迟:     0.00 ms
2026-05-26 09:02:12.994 [INFO] main.cpp:358 -   最大延迟:     0.00 ms
2026-05-26 09:02:12.994 [INFO] main.cpp:359 -   总线争用次数: 0
2026-05-26 09:02:12.994 [INFO] main.cpp:368 - ======== 轮询统计 ========
2026-05-26 09:02:12.994 [INFO] main.cpp:369 -   任务组数:     20
2026-05-26 09:02:12.994 [INFO] main.cpp:370 -   成功事务:     0
2026-05-26 09:02:12.994 [INFO] main.cpp:371 -   失败事务:     540
2026-05-26 09:02:12.994 [INFO] main.cpp:373 -   成功率:       0.0%
2026-05-26 09:02:12.994 [INFO] main.cpp:378 - ======== 命令队列统计 ========
2026-05-26 09:02:12.994 [INFO] main.cpp:379 -   已提交: 0  已执行: 0  成功: 0  失败: 0
2026-05-26 09:02:12.994 [INFO] main.cpp:384 -   队列大小: 0  平均耗时: 0.0ms
2026-05-26 09:02:13.995 [INFO] main.cpp:352 - ======== 总线统计 ========
2026-05-26 09:02:13.995 [INFO] main.cpp:353 -   总事务数:     540
2026-05-26 09:02:13.995 [INFO] main.cpp:354 -   总错误数:     540
2026-05-26 09:02:13.995 [INFO] main.cpp:355 -   发送字节数:   4320
2026-05-26 09:02:13.995 [INFO] main.cpp:356 -   接收字节数:   0
2026-05-26 09:02:13.995 [INFO] main.cpp:357 -   平均延迟:     0.00 ms
2026-05-26 09:02:13.995 [INFO] main.cpp:358 -   最大延迟:     0.00 ms
2026-05-26 09:02:13.995 [INFO] main.cpp:359 -   总线争用次数: 0
2026-05-26 09:02:13.995 [INFO] main.cpp:368 - ======== 轮询统计 ========
2026-05-26 09:02:13.995 [INFO] main.cpp:369 -   任务组数:     20
2026-05-26 09:02:13.995 [INFO] main.cpp:370 -   成功事务:     0
2026-05-26 09:02:13.995 [INFO] main.cpp:371 -   失败事务:     540
2026-05-26 09:02:13.995 [INFO] main.cpp:373 -   成功率:       0.0%
2026-05-26 09:02:13.995 [INFO] main.cpp:378 - ======== 命令队列统计 ========
2026-05-26 09:02:13.996 [INFO] main.cpp:379 -   已提交: 0  已执行: 0  成功: 0  失败: 0
2026-05-26 09:02:13.996 [INFO] main.cpp:384 -   队列大小: 0  平均耗时: 0.0ms
2026-05-26 09:02:14.997 [INFO] main.cpp:352 - ======== 总线统计 ========
2026-05-26 09:02:14.997 [INFO] main.cpp:353 -   总事务数:     560
2026-05-26 09:02:14.997 [INFO] main.cpp:354 -   总错误数:     540
2026-05-26 09:02:14.997 [INFO] main.cpp:355 -   发送字节数:   4480
2026-05-26 09:02:14.997 [INFO] main.cpp:356 -   接收字节数:   0
2026-05-26 09:02:14.997 [INFO] main.cpp:357 -   平均延迟:     0.00 ms
2026-05-26 09:02:14.997 [INFO] main.cpp:358 -   最大延迟:     0.00 ms
2026-05-26 09:02:14.997 [INFO] main.cpp:359 -   总线争用次数: 0
2026-05-26 09:02:14.997 [INFO] main.cpp:368 - ======== 轮询统计 ========
2026-05-26 09:02:14.997 [INFO] main.cpp:369 -   任务组数:     20
2026-05-26 09:02:14.997 [INFO] main.cpp:370 -   成功事务:     0
2026-05-26 09:02:14.997 [INFO] main.cpp:371 -   失败事务:     540
2026-05-26 09:02:14.997 [INFO] main.cpp:373 -   成功率:       0.0%
2026-05-26 09:02:14.997 [INFO] main.cpp:378 - ======== 命令队列统计 ========
2026-05-26 09:02:14.997 [INFO] main.cpp:379 -   已提交: 0  已执行: 0  成功: 0  失败: 0
2026-05-26 09:02:14.998 [INFO] main.cpp:384 -   队列大小: 0  平均耗时: 0.0ms
2026-05-26 09:02:15.998 [INFO] main.cpp:352 - ======== 总线统计 ========
2026-05-26 09:02:15.998 [INFO] main.cpp:353 -   总事务数:     560
2026-05-26 09:02:15.998 [INFO] main.cpp:354 -   总错误数:     560
2026-05-26 09:02:15.998 [INFO] main.cpp:355 -   发送字节数:   4480
2026-05-26 09:02:15.998 [INFO] main.cpp:356 -   接收字节数:   0
2026-05-26 09:02:15.999 [INFO] main.cpp:357 -   平均延迟:     0.00 ms
2026-05-26 09:02:15.999 [INFO] main.cpp:358 -   最大延迟:     0.00 ms
2026-05-26 09:02:15.999 [INFO] main.cpp:359 -   总线争用次数: 0
2026-05-26 09:02:15.999 [INFO] main.cpp:368 - ======== 轮询统计 ========
2026-05-26 09:02:15.999 [INFO] main.cpp:369 -   任务组数:     20
2026-05-26 09:02:15.999 [INFO] main.cpp:370 -   成功事务:     0
2026-05-26 09:02:15.999 [INFO] main.cpp:371 -   失败事务:     560
2026-05-26 09:02:15.999 [INFO] main.cpp:373 -   成功率:       0.0%
2026-05-26 09:02:15.999 [INFO] main.cpp:378 - ======== 命令队列统计 ========
2026-05-26 09:02:15.999 [INFO] main.cpp:379 -   已提交: 0  已执行: 0  成功: 0  失败: 0
2026-05-26 09:02:15.999 [INFO] main.cpp:384 -   队列大小: 0  平均耗时: 0.0ms
2026-05-26 09:02:17.000 [INFO] main.cpp:352 - ======== 总线统计 ========
2026-05-26 09:02:17.000 [INFO] main.cpp:353 -   总事务数:     560
2026-05-26 09:02:17.000 [INFO] main.cpp:354 -   总错误数:     560
2026-05-26 09:02:17.000 [INFO] main.cpp:355 -   发送字节数:   4480
2026-05-26 09:02:17.000 [INFO] main.cpp:356 -   接收字节数:   0
2026-05-26 09:02:17.000 [INFO] main.cpp:357 -   平均延迟:     0.00 ms
2026-05-26 09:02:17.000 [INFO] main.cpp:358 -   最大延迟:     0.00 ms
2026-05-26 09:02:17.000 [INFO] main.cpp:359 -   总线争用次数: 0
2026-05-26 09:02:17.001 [INFO] main.cpp:368 - ======== 轮询统计 ========
2026-05-26 09:02:17.001 [INFO] main.cpp:369 -   任务组数:     20
2026-05-26 09:02:17.001 [INFO] main.cpp:370 -   成功事务:     0
2026-05-26 09:02:17.001 [INFO] main.cpp:371 -   失败事务:     560
2026-05-26 09:02:17.001 [INFO] main.cpp:373 -   成功率:       0.0%
2026-05-26 09:02:17.001 [INFO] main.cpp:378 - ======== 命令队列统计 ========
2026-05-26 09:02:17.001 [INFO] main.cpp:379 -   已提交: 0  已执行: 0  成功: 0  失败: 0
2026-05-26 09:02:17.001 [INFO] main.cpp:384 -   队列大小: 0  平均耗时: 0.0ms
2026-05-26 09:02:18.002 [INFO] main.cpp:352 - ======== 总线统计 ========
2026-05-26 09:02:18.002 [INFO] main.cpp:353 -   总事务数:     560
2026-05-26 09:02:18.002 [INFO] main.cpp:354 -   总错误数:     560
2026-05-26 09:02:18.002 [INFO] main.cpp:355 -   发送字节数:   4480
2026-05-26 09:02:18.002 [INFO] main.cpp:356 -   接收字节数:   0
2026-05-26 09:02:18.002 [INFO] main.cpp:357 -   平均延迟:     0.00 ms
2026-05-26 09:02:18.002 [INFO] main.cpp:358 -   最大延迟:     0.00 ms
2026-05-26 09:02:18.002 [INFO] main.cpp:359 -   总线争用次数: 0
2026-05-26 09:02:18.002 [INFO] main.cpp:368 - ======== 轮询统计 ========
2026-05-26 09:02:18.002 [INFO] main.cpp:369 -   任务组数:     20
2026-05-26 09:02:18.002 [INFO] main.cpp:370 -   成功事务:     0
2026-05-26 09:02:18.002 [INFO] main.cpp:371 -   失败事务:     560
2026-05-26 09:02:18.002 [INFO] main.cpp:373 -   成功率:       0.0%
2026-05-26 09:02:18.002 [INFO] main.cpp:378 - ======== 命令队列统计 ========
2026-05-26 09:02:18.002 [INFO] main.cpp:379 -   已提交: 0  已执行: 0  成功: 0  失败: 0
2026-05-26 09:02:18.002 [INFO] main.cpp:384 -   队列大小: 0  平均耗时: 0.0ms
2026-05-26 09:02:19.004 [INFO] main.cpp:352 - ======== 总线统计 ========
2026-05-26 09:02:19.004 [INFO] main.cpp:353 -   总事务数:     560
2026-05-26 09:02:19.004 [INFO] main.cpp:354 -   总错误数:     560
2026-05-26 09:02:19.004 [INFO] main.cpp:355 -   发送字节数:   4480
2026-05-26 09:02:19.004 [INFO] main.cpp:356 -   接收字节数:   0
2026-05-26 09:02:19.004 [INFO] main.cpp:357 -   平均延迟:     0.00 ms
2026-05-26 09:02:19.004 [INFO] main.cpp:358 -   最大延迟:     0.00 ms
2026-05-26 09:02:19.004 [INFO] main.cpp:359 -   总线争用次数: 0
2026-05-26 09:02:19.004 [INFO] main.cpp:368 - ======== 轮询统计 ========
2026-05-26 09:02:19.004 [INFO] main.cpp:369 -   任务组数:     20
2026-05-26 09:02:19.004 [INFO] main.cpp:370 -   成功事务:     0
2026-05-26 09:02:19.004 [INFO] main.cpp:371 -   失败事务:     560
2026-05-26 09:02:19.004 [INFO] main.cpp:373 -   成功率:       0.0%
2026-05-26 09:02:19.004 [INFO] main.cpp:378 - ======== 命令队列统计 ========
2026-05-26 09:02:19.004 [INFO] main.cpp:379 -   已提交: 0  已执行: 0  成功: 0  失败: 0
2026-05-26 09:02:19.004 [INFO] main.cpp:384 -   队列大小: 0  平均耗时: 0.0ms
2026-05-26 09:02:20.005 [INFO] main.cpp:352 - ======== 总线统计 ========
2026-05-26 09:02:20.005 [INFO] main.cpp:353 -   总事务数:     580
2026-05-26 09:02:20.005 [INFO] main.cpp:354 -   总错误数:     560
2026-05-26 09:02:20.005 [INFO] main.cpp:355 -   发送字节数:   4640
2026-05-26 09:02:20.005 [INFO] main.cpp:356 -   接收字节数:   0
2026-05-26 09:02:20.005 [INFO] main.cpp:357 -   平均延迟:     0.00 ms
2026-05-26 09:02:20.005 [INFO] main.cpp:358 -   最大延迟:     0.00 ms
2026-05-26 09:02:20.005 [INFO] main.cpp:359 -   总线争用次数: 0
2026-05-26 09:02:20.005 [INFO] main.cpp:368 - ======== 轮询统计 ========
2026-05-26 09:02:20.005 [INFO] main.cpp:369 -   任务组数:     20
2026-05-26 09:02:20.005 [INFO] main.cpp:370 -   成功事务:     0
2026-05-26 09:02:20.005 [INFO] main.cpp:371 -   失败事务:     560
2026-05-26 09:02:20.005 [INFO] main.cpp:373 -   成功率:       0.0%
2026-05-26 09:02:20.005 [INFO] main.cpp:378 - ======== 命令队列统计 ========
2026-05-26 09:02:20.005 [INFO] main.cpp:379 -   已提交: 0  已执行: 0  成功: 0  失败: 0
2026-05-26 09:02:20.006 [INFO] main.cpp:384 -   队列大小: 0  平均耗时: 0.0ms
2026-05-26 09:02:21.007 [INFO] main.cpp:352 - ======== 总线统计 ========
2026-05-26 09:02:21.007 [INFO] main.cpp:353 -   总事务数:     580
2026-05-26 09:02:21.007 [INFO] main.cpp:354 -   总错误数:     580
2026-05-26 09:02:21.007 [INFO] main.cpp:355 -   发送字节数:   4640
2026-05-26 09:02:21.007 [INFO] main.cpp:356 -   接收字节数:   0
2026-05-26 09:02:21.007 [INFO] main.cpp:357 -   平均延迟:     0.00 ms
2026-05-26 09:02:21.007 [INFO] main.cpp:358 -   最大延迟:     0.00 ms
2026-05-26 09:02:21.007 [INFO] main.cpp:359 -   总线争用次数: 0
2026-05-26 09:02:21.007 [INFO] main.cpp:368 - ======== 轮询统计 ========
2026-05-26 09:02:21.007 [INFO] main.cpp:369 -   任务组数:     20
2026-05-26 09:02:21.007 [INFO] main.cpp:370 -   成功事务:     0
2026-05-26 09:02:21.007 [INFO] main.cpp:371 -   失败事务:     580
2026-05-26 09:02:21.007 [INFO] main.cpp:373 -   成功率:       0.0%
2026-05-26 09:02:21.007 [INFO] main.cpp:378 - ======== 命令队列统计 ========
2026-05-26 09:02:21.007 [INFO] main.cpp:379 -   已提交: 0  已执行: 0  成功: 0  失败: 0
2026-05-26 09:02:21.007 [INFO] main.cpp:384 -   队列大小: 0  平均耗时: 0.0ms
2026-05-26 09:02:22.008 [INFO] main.cpp:352 - ======== 总线统计 ========
2026-05-26 09:02:22.008 [INFO] main.cpp:353 -   总事务数:     580
2026-05-26 09:02:22.009 [INFO] main.cpp:354 -   总错误数:     580
2026-05-26 09:02:22.009 [INFO] main.cpp:355 -   发送字节数:   4640
2026-05-26 09:02:22.009 [INFO] main.cpp:356 -   接收字节数:   0
2026-05-26 09:02:22.009 [INFO] main.cpp:357 -   平均延迟:     0.00 ms
2026-05-26 09:02:22.009 [INFO] main.cpp:358 -   最大延迟:     0.00 ms
2026-05-26 09:02:22.009 [INFO] main.cpp:359 -   总线争用次数: 0
2026-05-26 09:02:22.009 [INFO] main.cpp:368 - ======== 轮询统计 ========
2026-05-26 09:02:22.009 [INFO] main.cpp:369 -   任务组数:     20
2026-05-26 09:02:22.009 [INFO] main.cpp:370 -   成功事务:     0
2026-05-26 09:02:22.009 [INFO] main.cpp:371 -   失败事务:     580
2026-05-26 09:02:22.009 [INFO] main.cpp:373 -   成功率:       0.0%
2026-05-26 09:02:22.009 [INFO] main.cpp:378 - ======== 命令队列统计 ========
2026-05-26 09:02:22.009 [INFO] main.cpp:379 -   已提交: 0  已执行: 0  成功: 0  失败: 0
2026-05-26 09:02:22.009 [INFO] main.cpp:384 -   队列大小: 0  平均耗时: 0.0ms
2026-05-26 09:02:23.010 [INFO] main.cpp:352 - ======== 总线统计 ========
2026-05-26 09:02:23.010 [INFO] main.cpp:353 -   总事务数:     580
2026-05-26 09:02:23.010 [INFO] main.cpp:354 -   总错误数:     580
2026-05-26 09:02:23.010 [INFO] main.cpp:355 -   发送字节数:   4640
2026-05-26 09:02:23.010 [INFO] main.cpp:356 -   接收字节数:   0
2026-05-26 09:02:23.011 [INFO] main.cpp:357 -   平均延迟:     0.00 ms
2026-05-26 09:02:23.011 [INFO] main.cpp:358 -   最大延迟:     0.00 ms
2026-05-26 09:02:23.011 [INFO] main.cpp:359 -   总线争用次数: 0
2026-05-26 09:02:23.011 [INFO] main.cpp:368 - ======== 轮询统计 ========
2026-05-26 09:02:23.011 [INFO] main.cpp:369 -   任务组数:     20
2026-05-26 09:02:23.011 [INFO] main.cpp:370 -   成功事务:     0
2026-05-26 09:02:23.011 [INFO] main.cpp:371 -   失败事务:     580
2026-05-26 09:02:23.011 [INFO] main.cpp:373 -   成功率:       0.0%
2026-05-26 09:02:23.011 [INFO] main.cpp:378 - ======== 命令队列统计 ========
2026-05-26 09:02:23.011 [INFO] main.cpp:379 -   已提交: 0  已执行: 0  成功: 0  失败: 0
2026-05-26 09:02:23.011 [INFO] main.cpp:384 -   队列大小: 0  平均耗时: 0.0ms
2026-05-26 09:02:24.011 [INFO] main.cpp:352 - ======== 总线统计 ========
2026-05-26 09:02:24.012 [INFO] main.cpp:353 -   总事务数:     580
2026-05-26 09:02:24.012 [INFO] main.cpp:354 -   总错误数:     580
2026-05-26 09:02:24.012 [INFO] main.cpp:355 -   发送字节数:   4640
2026-05-26 09:02:24.012 [INFO] main.cpp:356 -   接收字节数:   0
2026-05-26 09:02:24.012 [INFO] main.cpp:357 -   平均延迟:     0.00 ms
2026-05-26 09:02:24.012 [INFO] main.cpp:358 -   最大延迟:     0.00 ms
2026-05-26 09:02:24.012 [INFO] main.cpp:359 -   总线争用次数: 0
2026-05-26 09:02:24.012 [INFO] main.cpp:368 - ======== 轮询统计 ========
2026-05-26 09:02:24.012 [INFO] main.cpp:369 -   任务组数:     20
2026-05-26 09:02:24.012 [INFO] main.cpp:370 -   成功事务:     0
2026-05-26 09:02:24.012 [INFO] main.cpp:371 -   失败事务:     580
2026-05-26 09:02:24.012 [INFO] main.cpp:373 -   成功率:       0.0%
2026-05-26 09:02:24.012 [INFO] main.cpp:378 - ======== 命令队列统计 ========
2026-05-26 09:02:24.012 [INFO] main.cpp:379 -   已提交: 0  已执行: 0  成功: 0  失败: 0
2026-05-26 09:02:24.012 [INFO] main.cpp:384 -   队列大小: 0  平均耗时: 0.0ms
2026-05-26 09:02:25.013 [INFO] main.cpp:352 - ======== 总线统计 ========
2026-05-26 09:02:25.013 [INFO] main.cpp:353 -   总事务数:     600
2026-05-26 09:02:25.013 [INFO] main.cpp:354 -   总错误数:     580
2026-05-26 09:02:25.013 [INFO] main.cpp:355 -   发送字节数:   4800
2026-05-26 09:02:25.013 [INFO] main.cpp:356 -   接收字节数:   0
2026-05-26 09:02:25.014 [INFO] main.cpp:357 -   平均延迟:     0.00 ms
2026-05-26 09:02:25.014 [INFO] main.cpp:358 -   最大延迟:     0.00 ms
2026-05-26 09:02:25.014 [INFO] main.cpp:359 -   总线争用次数: 0
2026-05-26 09:02:25.014 [INFO] main.cpp:368 - ======== 轮询统计 ========
2026-05-26 09:02:25.014 [INFO] main.cpp:369 -   任务组数:     20
2026-05-26 09:02:25.014 [INFO] main.cpp:370 -   成功事务:     0
2026-05-26 09:02:25.014 [INFO] main.cpp:371 -   失败事务:     580
2026-05-26 09:02:25.014 [INFO] main.cpp:373 -   成功率:       0.0%
2026-05-26 09:02:25.014 [INFO] main.cpp:378 - ======== 命令队列统计 ========
2026-05-26 09:02:25.014 [INFO] main.cpp:379 -   已提交: 0  已执行: 0  成功: 0  失败: 0
2026-05-26 09:02:25.014 [INFO] main.cpp:384 -   队列大小: 0  平均耗时: 0.0ms
2026-05-26 09:02:26.015 [INFO] main.cpp:352 - ======== 总线统计 ========
2026-05-26 09:02:26.015 [INFO] main.cpp:353 -   总事务数:     600
2026-05-26 09:02:26.015 [INFO] main.cpp:354 -   总错误数:     600
2026-05-26 09:02:26.015 [INFO] main.cpp:355 -   发送字节数:   4800
2026-05-26 09:02:26.015 [INFO] main.cpp:356 -   接收字节数:   0
2026-05-26 09:02:26.015 [INFO] main.cpp:357 -   平均延迟:     0.00 ms
2026-05-26 09:02:26.015 [INFO] main.cpp:358 -   最大延迟:     0.00 ms
2026-05-26 09:02:26.015 [INFO] main.cpp:359 -   总线争用次数: 0
2026-05-26 09:02:26.016 [INFO] main.cpp:368 - ======== 轮询统计 ========
2026-05-26 09:02:26.016 [INFO] main.cpp:369 -   任务组数:     20
2026-05-26 09:02:26.016 [INFO] main.cpp:370 -   成功事务:     0
2026-05-26 09:02:26.016 [INFO] main.cpp:371 -   失败事务:     600
2026-05-26 09:02:26.016 [INFO] main.cpp:373 -   成功率:       0.0%
2026-05-26 09:02:26.016 [INFO] main.cpp:378 - ======== 命令队列统计 ========
2026-05-26 09:02:26.016 [INFO] main.cpp:379 -   已提交: 0  已执行: 0  成功: 0  失败: 0
2026-05-26 09:02:26.016 [INFO] main.cpp:384 -   队列大小: 0  平均耗时: 0.0ms
2026-05-26 09:02:27.017 [INFO] main.cpp:352 - ======== 总线统计 ========
2026-05-26 09:02:27.017 [INFO] main.cpp:353 -   总事务数:     600
2026-05-26 09:02:27.017 [INFO] main.cpp:354 -   总错误数:     600
2026-05-26 09:02:27.017 [INFO] main.cpp:355 -   发送字节数:   4800
2026-05-26 09:02:27.017 [INFO] main.cpp:356 -   接收字节数:   0
2026-05-26 09:02:27.017 [INFO] main.cpp:357 -   平均延迟:     0.00 ms
2026-05-26 09:02:27.017 [INFO] main.cpp:358 -   最大延迟:     0.00 ms
2026-05-26 09:02:27.017 [INFO] main.cpp:359 -   总线争用次数: 0
2026-05-26 09:02:27.017 [INFO] main.cpp:368 - ======== 轮询统计 ========
2026-05-26 09:02:27.018 [INFO] main.cpp:369 -   任务组数:     20
2026-05-26 09:02:27.018 [INFO] main.cpp:370 -   成功事务:     0
2026-05-26 09:02:27.018 [INFO] main.cpp:371 -   失败事务:     600
2026-05-26 09:02:27.018 [INFO] main.cpp:373 -   成功率:       0.0%
2026-05-26 09:02:27.018 [INFO] main.cpp:378 - ======== 命令队列统计 ========
2026-05-26 09:02:27.018 [INFO] main.cpp:379 -   已提交: 0  已执行: 0  成功: 0  失败: 0
2026-05-26 09:02:27.018 [INFO] main.cpp:384 -   队列大小: 0  平均耗时: 0.0ms
2026-05-26 09:02:28.018 [INFO] main.cpp:352 - ======== 总线统计 ========
2026-05-26 09:02:28.018 [INFO] main.cpp:353 -   总事务数:     600
2026-05-26 09:02:28.018 [INFO] main.cpp:354 -   总错误数:     600
2026-05-26 09:02:28.018 [INFO] main.cpp:355 -   发送字节数:   4800
2026-05-26 09:02:28.019 [INFO] main.cpp:356 -   接收字节数:   0
2026-05-26 09:02:28.019 [INFO] main.cpp:357 -   平均延迟:     0.00 ms
2026-05-26 09:02:28.019 [INFO] main.cpp:358 -   最大延迟:     0.00 ms
2026-05-26 09:02:28.019 [INFO] main.cpp:359 -   总线争用次数: 0
2026-05-26 09:02:28.019 [INFO] main.cpp:368 - ======== 轮询统计 ========
2026-05-26 09:02:28.019 [INFO] main.cpp:369 -   任务组数:     20
2026-05-26 09:02:28.019 [INFO] main.cpp:370 -   成功事务:     0
2026-05-26 09:02:28.019 [INFO] main.cpp:371 -   失败事务:     600
2026-05-26 09:02:28.019 [INFO] main.cpp:373 -   成功率:       0.0%
2026-05-26 09:02:28.019 [INFO] main.cpp:378 - ======== 命令队列统计 ========
2026-05-26 09:02:28.019 [INFO] main.cpp:379 -   已提交: 0  已执行: 0  成功: 0  失败: 0
2026-05-26 09:02:28.019 [INFO] main.cpp:384 -   队列大小: 0  平均耗时: 0.0ms
2026-05-26 09:02:29.020 [INFO] main.cpp:352 - ======== 总线统计 ========
2026-05-26 09:02:29.020 [INFO] main.cpp:353 -   总事务数:     600
2026-05-26 09:02:29.020 [INFO] main.cpp:354 -   总错误数:     600
2026-05-26 09:02:29.020 [INFO] main.cpp:355 -   发送字节数:   4800
2026-05-26 09:02:29.020 [INFO] main.cpp:356 -   接收字节数:   0
2026-05-26 09:02:29.021 [INFO] main.cpp:357 -   平均延迟:     0.00 ms
2026-05-26 09:02:29.021 [INFO] main.cpp:358 -   最大延迟:     0.00 ms
2026-05-26 09:02:29.021 [INFO] main.cpp:359 -   总线争用次数: 0
2026-05-26 09:02:29.021 [INFO] main.cpp:368 - ======== 轮询统计 ========
2026-05-26 09:02:29.021 [INFO] main.cpp:369 -   任务组数:     20
2026-05-26 09:02:29.021 [INFO] main.cpp:370 -   成功事务:     0
2026-05-26 09:02:29.021 [INFO] main.cpp:371 -   失败事务:     600
2026-05-26 09:02:29.021 [INFO] main.cpp:373 -   成功率:       0.0%
2026-05-26 09:02:29.021 [INFO] main.cpp:378 - ======== 命令队列统计 ========
2026-05-26 09:02:29.021 [INFO] main.cpp:379 -   已提交: 0  已执行: 0  成功: 0  失败: 0
2026-05-26 09:02:29.021 [INFO] main.cpp:384 -   队列大小: 0  平均耗时: 0.0ms
2026-05-26 09:02:30.022 [INFO] main.cpp:352 - ======== 总线统计 ========
2026-05-26 09:02:30.022 [INFO] main.cpp:353 -   总事务数:     620
2026-05-26 09:02:30.022 [INFO] main.cpp:354 -   总错误数:     600
2026-05-26 09:02:30.022 [INFO] main.cpp:355 -   发送字节数:   4960
2026-05-26 09:02:30.022 [INFO] main.cpp:356 -   接收字节数:   0
2026-05-26 09:02:30.022 [INFO] main.cpp:357 -   平均延迟:     0.00 ms
2026-05-26 09:02:30.022 [INFO] main.cpp:358 -   最大延迟:     0.00 ms
2026-05-26 09:02:30.022 [INFO] main.cpp:359 -   总线争用次数: 0
2026-05-26 09:02:30.022 [INFO] main.cpp:368 - ======== 轮询统计 ========
2026-05-26 09:02:30.023 [INFO] main.cpp:369 -   任务组数:     20
2026-05-26 09:02:30.023 [INFO] main.cpp:370 -   成功事务:     0
2026-05-26 09:02:30.023 [INFO] main.cpp:371 -   失败事务:     600
2026-05-26 09:02:30.023 [INFO] main.cpp:373 -   成功率:       0.0%
2026-05-26 09:02:30.023 [INFO] main.cpp:378 - ======== 命令队列统计 ========
2026-05-26 09:02:30.023 [INFO] main.cpp:379 -   已提交: 0  已执行: 0  成功: 0  失败: 0
2026-05-26 09:02:30.023 [INFO] main.cpp:384 -   队列大小: 0  平均耗时: 0.0ms
2026-05-26 09:02:31.023 [INFO] main.cpp:352 - ======== 总线统计 ========
2026-05-26 09:02:31.023 [INFO] main.cpp:353 -   总事务数:     620
2026-05-26 09:02:31.023 [INFO] main.cpp:354 -   总错误数:     620
2026-05-26 09:02:31.023 [INFO] main.cpp:355 -   发送字节数:   4960
2026-05-26 09:02:31.023 [INFO] main.cpp:356 -   接收字节数:   0
2026-05-26 09:02:31.023 [INFO] main.cpp:357 -   平均延迟:     0.00 ms
2026-05-26 09:02:31.023 [INFO] main.cpp:358 -   最大延迟:     0.00 ms
2026-05-26 09:02:31.023 [INFO] main.cpp:359 -   总线争用次数: 0
2026-05-26 09:02:31.024 [INFO] main.cpp:368 - ======== 轮询统计 ========
2026-05-26 09:02:31.024 [INFO] main.cpp:369 -   任务组数:     20
2026-05-26 09:02:31.024 [INFO] main.cpp:370 -   成功事务:     0
2026-05-26 09:02:31.024 [INFO] main.cpp:371 -   失败事务:     620
2026-05-26 09:02:31.024 [INFO] main.cpp:373 -   成功率:       0.0%
2026-05-26 09:02:31.024 [INFO] main.cpp:378 - ======== 命令队列统计 ========
2026-05-26 09:02:31.024 [INFO] main.cpp:379 -   已提交: 0  已执行: 0  成功: 0  失败: 0
2026-05-26 09:02:31.024 [INFO] main.cpp:384 -   队列大小: 0  平均耗时: 0.0ms
2026-05-26 09:02:32.025 [INFO] main.cpp:352 - ======== 总线统计 ========
2026-05-26 09:02:32.025 [INFO] main.cpp:353 -   总事务数:     620
2026-05-26 09:02:32.025 [INFO] main.cpp:354 -   总错误数:     620
2026-05-26 09:02:32.025 [INFO] main.cpp:355 -   发送字节数:   4960
2026-05-26 09:02:32.025 [INFO] main.cpp:356 -   接收字节数:   0
2026-05-26 09:02:32.025 [INFO] main.cpp:357 -   平均延迟:     0.00 ms
2026-05-26 09:02:32.025 [INFO] main.cpp:358 -   最大延迟:     0.00 ms
2026-05-26 09:02:32.025 [INFO] main.cpp:359 -   总线争用次数: 0
2026-05-26 09:02:32.025 [INFO] main.cpp:368 - ======== 轮询统计 ========
2026-05-26 09:02:32.025 [INFO] main.cpp:369 -   任务组数:     20
2026-05-26 09:02:32.026 [INFO] main.cpp:370 -   成功事务:     0
2026-05-26 09:02:32.026 [INFO] main.cpp:371 -   失败事务:     620
2026-05-26 09:02:32.026 [INFO] main.cpp:373 -   成功率:       0.0%
2026-05-26 09:02:32.026 [INFO] main.cpp:378 - ======== 命令队列统计 ========
2026-05-26 09:02:32.026 [INFO] main.cpp:379 -   已提交: 0  已执行: 0  成功: 0  失败: 0
2026-05-26 09:02:32.026 [INFO] main.cpp:384 -   队列大小: 0  平均耗时: 0.0ms
2026-05-26 09:02:33.027 [INFO] main.cpp:352 - ======== 总线统计 ========
2026-05-26 09:02:33.027 [INFO] main.cpp:353 -   总事务数:     620
2026-05-26 09:02:33.027 [INFO] main.cpp:354 -   总错误数:     620
2026-05-26 09:02:33.027 [INFO] main.cpp:355 -   发送字节数:   4960
2026-05-26 09:02:33.027 [INFO] main.cpp:356 -   接收字节数:   0
2026-05-26 09:02:33.027 [INFO] main.cpp:357 -   平均延迟:     0.00 ms
2026-05-26 09:02:33.027 [INFO] main.cpp:358 -   最大延迟:     0.00 ms
2026-05-26 09:02:33.027 [INFO] main.cpp:359 -   总线争用次数: 0
2026-05-26 09:02:33.027 [INFO] main.cpp:368 - ======== 轮询统计 ========
2026-05-26 09:02:33.027 [INFO] main.cpp:369 -   任务组数:     20
2026-05-26 09:02:33.027 [INFO] main.cpp:370 -   成功事务:     0
2026-05-26 09:02:33.027 [INFO] main.cpp:371 -   失败事务:     620
2026-05-26 09:02:33.027 [INFO] main.cpp:373 -   成功率:       0.0%
2026-05-26 09:02:33.028 [INFO] main.cpp:378 - ======== 命令队列统计 ========
2026-05-26 09:02:33.028 [INFO] main.cpp:379 -   已提交: 0  已执行: 0  成功: 0  失败: 0
2026-05-26 09:02:33.028 [INFO] main.cpp:384 -   队列大小: 0  平均耗时: 0.0ms
2026-05-26 09:02:34.028 [INFO] main.cpp:352 - ======== 总线统计 ========
2026-05-26 09:02:34.028 [INFO] main.cpp:353 -   总事务数:     620
2026-05-26 09:02:34.028 [INFO] main.cpp:354 -   总错误数:     620
2026-05-26 09:02:34.028 [INFO] main.cpp:355 -   发送字节数:   4960
2026-05-26 09:02:34.028 [INFO] main.cpp:356 -   接收字节数:   0
2026-05-26 09:02:34.029 [INFO] main.cpp:357 -   平均延迟:     0.00 ms
2026-05-26 09:02:34.029 [INFO] main.cpp:358 -   最大延迟:     0.00 ms
2026-05-26 09:02:34.029 [INFO] main.cpp:359 -   总线争用次数: 0
2026-05-26 09:02:34.029 [INFO] main.cpp:368 - ======== 轮询统计 ========
2026-05-26 09:02:34.029 [INFO] main.cpp:369 -   任务组数:     20
2026-05-26 09:02:34.029 [INFO] main.cpp:370 -   成功事务:     0
2026-05-26 09:02:34.029 [INFO] main.cpp:371 -   失败事务:     620
2026-05-26 09:02:34.029 [INFO] main.cpp:373 -   成功率:       0.0%
2026-05-26 09:02:34.029 [INFO] main.cpp:378 - ======== 命令队列统计 ========
2026-05-26 09:02:34.029 [INFO] main.cpp:379 -   已提交: 0  已执行: 0  成功: 0  失败: 0
2026-05-26 09:02:34.029 [INFO] main.cpp:384 -   队列大小: 0  平均耗时: 0.0ms
2026-05-26 09:02:35.030 [INFO] main.cpp:352 - ======== 总线统计 ========
2026-05-26 09:02:35.030 [INFO] main.cpp:353 -   总事务数:     640
2026-05-26 09:02:35.030 [INFO] main.cpp:354 -   总错误数:     620
2026-05-26 09:02:35.030 [INFO] main.cpp:355 -   发送字节数:   5120
2026-05-26 09:02:35.030 [INFO] main.cpp:356 -   接收字节数:   0
2026-05-26 09:02:35.030 [INFO] main.cpp:357 -   平均延迟:     0.00 ms
2026-05-26 09:02:35.030 [INFO] main.cpp:358 -   最大延迟:     0.00 ms
2026-05-26 09:02:35.030 [INFO] main.cpp:359 -   总线争用次数: 0
2026-05-26 09:02:35.030 [INFO] main.cpp:368 - ======== 轮询统计 ========
2026-05-26 09:02:35.030 [INFO] main.cpp:369 -   任务组数:     20
2026-05-26 09:02:35.031 [INFO] main.cpp:370 -   成功事务:     0
2026-05-26 09:02:35.031 [INFO] main.cpp:371 -   失败事务:     620
2026-05-26 09:02:35.031 [INFO] main.cpp:373 -   成功率:       0.0%
2026-05-26 09:02:35.031 [INFO] main.cpp:378 - ======== 命令队列统计 ========
2026-05-26 09:02:35.031 [INFO] main.cpp:379 -   已提交: 0  已执行: 0  成功: 0  失败: 0
2026-05-26 09:02:35.031 [INFO] main.cpp:384 -   队列大小: 0  平均耗时: 0.0ms
2026-05-26 09:02:36.032 [INFO] main.cpp:352 - ======== 总线统计 ========
2026-05-26 09:02:36.032 [INFO] main.cpp:353 -   总事务数:     640
2026-05-26 09:02:36.032 [INFO] main.cpp:354 -   总错误数:     640
2026-05-26 09:02:36.032 [INFO] main.cpp:355 -   发送字节数:   5120
2026-05-26 09:02:36.032 [INFO] main.cpp:356 -   接收字节数:   0
2026-05-26 09:02:36.032 [INFO] main.cpp:357 -   平均延迟:     0.00 ms
2026-05-26 09:02:36.032 [INFO] main.cpp:358 -   最大延迟:     0.00 ms
2026-05-26 09:02:36.032 [INFO] main.cpp:359 -   总线争用次数: 0
2026-05-26 09:02:36.032 [INFO] main.cpp:368 - ======== 轮询统计 ========
2026-05-26 09:02:36.032 [INFO] main.cpp:369 -   任务组数:     20
2026-05-26 09:02:36.032 [INFO] main.cpp:370 -   成功事务:     0
2026-05-26 09:02:36.032 [INFO] main.cpp:371 -   失败事务:     640
2026-05-26 09:02:36.032 [INFO] main.cpp:373 -   成功率:       0.0%
2026-05-26 09:02:36.032 [INFO] main.cpp:378 - ======== 命令队列统计 ========
2026-05-26 09:02:36.032 [INFO] main.cpp:379 -   已提交: 0  已执行: 0  成功: 0  失败: 0
2026-05-26 09:02:36.032 [INFO] main.cpp:384 -   队列大小: 0  平均耗时: 0.0ms
2026-05-26 09:02:37.034 [INFO] main.cpp:352 - ======== 总线统计 ========
2026-05-26 09:02:37.034 [INFO] main.cpp:353 -   总事务数:     640
2026-05-26 09:02:37.034 [INFO] main.cpp:354 -   总错误数:     640
2026-05-26 09:02:37.034 [INFO] main.cpp:355 -   发送字节数:   5120
2026-05-26 09:02:37.034 [INFO] main.cpp:356 -   接收字节数:   0
2026-05-26 09:02:37.034 [INFO] main.cpp:357 -   平均延迟:     0.00 ms
2026-05-26 09:02:37.034 [INFO] main.cpp:358 -   最大延迟:     0.00 ms
2026-05-26 09:02:37.034 [INFO] main.cpp:359 -   总线争用次数: 0
2026-05-26 09:02:37.034 [INFO] main.cpp:368 - ======== 轮询统计 ========
2026-05-26 09:02:37.034 [INFO] main.cpp:369 -   任务组数:     20
2026-05-26 09:02:37.034 [INFO] main.cpp:370 -   成功事务:     0
2026-05-26 09:02:37.034 [INFO] main.cpp:371 -   失败事务:     640
2026-05-26 09:02:37.034 [INFO] main.cpp:373 -   成功率:       0.0%
2026-05-26 09:02:37.034 [INFO] main.cpp:378 - ======== 命令队列统计 ========
2026-05-26 09:02:37.034 [INFO] main.cpp:379 -   已提交: 0  已执行: 0  成功: 0  失败: 0
2026-05-26 09:02:37.034 [INFO] main.cpp:384 -   队列大小: 0  平均耗时: 0.0ms
2026-05-26 09:02:38.035 [INFO] main.cpp:352 - ======== 总线统计 ========
2026-05-26 09:02:38.036 [INFO] main.cpp:353 -   总事务数:     640
2026-05-26 09:02:38.036 [INFO] main.cpp:354 -   总错误数:     640
2026-05-26 09:02:38.036 [INFO] main.cpp:355 -   发送字节数:   5120
2026-05-26 09:02:38.036 [INFO] main.cpp:356 -   接收字节数:   0
2026-05-26 09:02:38.036 [INFO] main.cpp:357 -   平均延迟:     0.00 ms
2026-05-26 09:02:38.036 [INFO] main.cpp:358 -   最大延迟:     0.00 ms
2026-05-26 09:02:38.036 [INFO] main.cpp:359 -   总线争用次数: 0
2026-05-26 09:02:38.036 [INFO] main.cpp:368 - ======== 轮询统计 ========
2026-05-26 09:02:38.036 [INFO] main.cpp:369 -   任务组数:     20
2026-05-26 09:02:38.036 [INFO] main.cpp:370 -   成功事务:     0
2026-05-26 09:02:38.036 [INFO] main.cpp:371 -   失败事务:     640
2026-05-26 09:02:38.036 [INFO] main.cpp:373 -   成功率:       0.0%
2026-05-26 09:02:38.036 [INFO] main.cpp:378 - ======== 命令队列统计 ========
2026-05-26 09:02:38.036 [INFO] main.cpp:379 -   已提交: 0  已执行: 0  成功: 0  失败: 0
2026-05-26 09:02:38.036 [INFO] main.cpp:384 -   队列大小: 0  平均耗时: 0.0ms
2026-05-26 09:02:39.037 [INFO] main.cpp:352 - ======== 总线统计 ========
2026-05-26 09:02:39.037 [INFO] main.cpp:353 -   总事务数:     640
2026-05-26 09:02:39.037 [INFO] main.cpp:354 -   总错误数:     640
2026-05-26 09:02:39.038 [INFO] main.cpp:355 -   发送字节数:   5120
2026-05-26 09:02:39.038 [INFO] main.cpp:356 -   接收字节数:   0
2026-05-26 09:02:39.038 [INFO] main.cpp:357 -   平均延迟:     0.00 ms
2026-05-26 09:02:39.038 [INFO] main.cpp:358 -   最大延迟:     0.00 ms
2026-05-26 09:02:39.038 [INFO] main.cpp:359 -   总线争用次数: 0
2026-05-26 09:02:39.038 [INFO] main.cpp:368 - ======== 轮询统计 ========
2026-05-26 09:02:39.038 [INFO] main.cpp:369 -   任务组数:     20
2026-05-26 09:02:39.038 [INFO] main.cpp:370 -   成功事务:     0
2026-05-26 09:02:39.038 [INFO] main.cpp:371 -   失败事务:     640
2026-05-26 09:02:39.038 [INFO] main.cpp:373 -   成功率:       0.0%
2026-05-26 09:02:39.038 [INFO] main.cpp:378 - ======== 命令队列统计 ========
2026-05-26 09:02:39.038 [INFO] main.cpp:379 -   已提交: 0  已执行: 0  成功: 0  失败: 0
2026-05-26 09:02:39.038 [INFO] main.cpp:384 -   队列大小: 0  平均耗时: 0.0ms
2026-05-26 09:02:40.038 [INFO] main.cpp:352 - ======== 总线统计 ========
2026-05-26 09:02:40.038 [INFO] main.cpp:353 -   总事务数:     660
2026-05-26 09:02:40.038 [INFO] main.cpp:354 -   总错误数:     640
2026-05-26 09:02:40.038 [INFO] main.cpp:355 -   发送字节数:   5280
2026-05-26 09:02:40.038 [INFO] main.cpp:356 -   接收字节数:   0
2026-05-26 09:02:40.038 [INFO] main.cpp:357 -   平均延迟:     0.00 ms
2026-05-26 09:02:40.038 [INFO] main.cpp:358 -   最大延迟:     0.00 ms
2026-05-26 09:02:40.039 [INFO] main.cpp:359 -   总线争用次数: 0
2026-05-26 09:02:40.039 [INFO] main.cpp:368 - ======== 轮询统计 ========
2026-05-26 09:02:40.039 [INFO] main.cpp:369 -   任务组数:     20
2026-05-26 09:02:40.039 [INFO] main.cpp:370 -   成功事务:     0
2026-05-26 09:02:40.039 [INFO] main.cpp:371 -   失败事务:     640
2026-05-26 09:02:40.039 [INFO] main.cpp:373 -   成功率:       0.0%
2026-05-26 09:02:40.039 [INFO] main.cpp:378 - ======== 命令队列统计 ========
2026-05-26 09:02:40.039 [INFO] main.cpp:379 -   已提交: 0  已执行: 0  成功: 0  失败: 0
2026-05-26 09:02:40.039 [INFO] main.cpp:384 -   队列大小: 0  平均耗时: 0.0ms
2026-05-26 09:02:41.039 [INFO] main.cpp:352 - ======== 总线统计 ========
2026-05-26 09:02:41.039 [INFO] main.cpp:353 -   总事务数:     660
2026-05-26 09:02:41.039 [INFO] main.cpp:354 -   总错误数:     660
2026-05-26 09:02:41.039 [INFO] main.cpp:355 -   发送字节数:   5280
2026-05-26 09:02:41.039 [INFO] main.cpp:356 -   接收字节数:   0
2026-05-26 09:02:41.040 [INFO] main.cpp:357 -   平均延迟:     0.00 ms
2026-05-26 09:02:41.040 [INFO] main.cpp:358 -   最大延迟:     0.00 ms
2026-05-26 09:02:41.040 [INFO] main.cpp:359 -   总线争用次数: 0
2026-05-26 09:02:41.040 [INFO] main.cpp:368 - ======== 轮询统计 ========
2026-05-26 09:02:41.040 [INFO] main.cpp:369 -   任务组数:     20
2026-05-26 09:02:41.040 [INFO] main.cpp:370 -   成功事务:     0
2026-05-26 09:02:41.040 [INFO] main.cpp:371 -   失败事务:     660
2026-05-26 09:02:41.040 [INFO] main.cpp:373 -   成功率:       0.0%
2026-05-26 09:02:41.040 [INFO] main.cpp:378 - ======== 命令队列统计 ========
2026-05-26 09:02:41.040 [INFO] main.cpp:379 -   已提交: 0  已执行: 0  成功: 0  失败: 0
2026-05-26 09:02:41.040 [INFO] main.cpp:384 -   队列大小: 0  平均耗时: 0.0ms
2026-05-26 09:02:42.041 [INFO] main.cpp:352 - ======== 总线统计 ========
2026-05-26 09:02:42.041 [INFO] main.cpp:353 -   总事务数:     660
2026-05-26 09:02:42.041 [INFO] main.cpp:354 -   总错误数:     660
2026-05-26 09:02:42.041 [INFO] main.cpp:355 -   发送字节数:   5280
2026-05-26 09:02:42.041 [INFO] main.cpp:356 -   接收字节数:   0
2026-05-26 09:02:42.041 [INFO] main.cpp:357 -   平均延迟:     0.00 ms
2026-05-26 09:02:42.041 [INFO] main.cpp:358 -   最大延迟:     0.00 ms
2026-05-26 09:02:42.041 [INFO] main.cpp:359 -   总线争用次数: 0
2026-05-26 09:02:42.042 [INFO] main.cpp:368 - ======== 轮询统计 ========
2026-05-26 09:02:42.042 [INFO] main.cpp:369 -   任务组数:     20
2026-05-26 09:02:42.042 [INFO] main.cpp:370 -   成功事务:     0
2026-05-26 09:02:42.042 [INFO] main.cpp:371 -   失败事务:     660
2026-05-26 09:02:42.042 [INFO] main.cpp:373 -   成功率:       0.0%
2026-05-26 09:02:42.042 [INFO] main.cpp:378 - ======== 命令队列统计 ========
2026-05-26 09:02:42.042 [INFO] main.cpp:379 -   已提交: 0  已执行: 0  成功: 0  失败: 0
2026-05-26 09:02:42.042 [INFO] main.cpp:384 -   队列大小: 0  平均耗时: 0.0ms
2026-05-26 09:02:43.043 [INFO] main.cpp:352 - ======== 总线统计 ========
2026-05-26 09:02:43.043 [INFO] main.cpp:353 -   总事务数:     660
2026-05-26 09:02:43.043 [INFO] main.cpp:354 -   总错误数:     660
2026-05-26 09:02:43.043 [INFO] main.cpp:355 -   发送字节数:   5280
2026-05-26 09:02:43.043 [INFO] main.cpp:356 -   接收字节数:   0
2026-05-26 09:02:43.043 [INFO] main.cpp:357 -   平均延迟:     0.00 ms
2026-05-26 09:02:43.043 [INFO] main.cpp:358 -   最大延迟:     0.00 ms
2026-05-26 09:02:43.043 [INFO] main.cpp:359 -   总线争用次数: 0
2026-05-26 09:02:43.043 [INFO] main.cpp:368 - ======== 轮询统计 ========
2026-05-26 09:02:43.043 [INFO] main.cpp:369 -   任务组数:     20
2026-05-26 09:02:43.043 [INFO] main.cpp:370 -   成功事务:     0
2026-05-26 09:02:43.044 [INFO] main.cpp:371 -   失败事务:     660
2026-05-26 09:02:43.044 [INFO] main.cpp:373 -   成功率:       0.0%
2026-05-26 09:02:43.044 [INFO] main.cpp:378 - ======== 命令队列统计 ========
2026-05-26 09:02:43.044 [INFO] main.cpp:379 -   已提交: 0  已执行: 0  成功: 0  失败: 0
2026-05-26 09:02:43.044 [INFO] main.cpp:384 -   队列大小: 0  平均耗时: 0.0ms
2026-05-26 09:02:44.045 [INFO] main.cpp:352 - ======== 总线统计 ========
2026-05-26 09:02:44.045 [INFO] main.cpp:353 -   总事务数:     660
2026-05-26 09:02:44.045 [INFO] main.cpp:354 -   总错误数:     660
2026-05-26 09:02:44.045 [INFO] main.cpp:355 -   发送字节数:   5280
2026-05-26 09:02:44.045 [INFO] main.cpp:356 -   接收字节数:   0
2026-05-26 09:02:44.045 [INFO] main.cpp:357 -   平均延迟:     0.00 ms
2026-05-26 09:02:44.045 [INFO] main.cpp:358 -   最大延迟:     0.00 ms
2026-05-26 09:02:44.045 [INFO] main.cpp:359 -   总线争用次数: 0
2026-05-26 09:02:44.045 [INFO] main.cpp:368 - ======== 轮询统计 ========
2026-05-26 09:02:44.045 [INFO] main.cpp:369 -   任务组数:     20
2026-05-26 09:02:44.045 [INFO] main.cpp:370 -   成功事务:     0
2026-05-26 09:02:44.045 [INFO] main.cpp:371 -   失败事务:     660
2026-05-26 09:02:44.045 [INFO] main.cpp:373 -   成功率:       0.0%
2026-05-26 09:02:44.045 [INFO] main.cpp:378 - ======== 命令队列统计 ========
2026-05-26 09:02:44.045 [INFO] main.cpp:379 -   已提交: 0  已执行: 0  成功: 0  失败: 0
2026-05-26 09:02:44.046 [INFO] main.cpp:384 -   队列大小: 0  平均耗时: 0.0ms
2026-05-26 09:02:45.047 [INFO] main.cpp:352 - ======== 总线统计 ========
2026-05-26 09:02:45.047 [INFO] main.cpp:353 -   总事务数:     680
2026-05-26 09:02:45.047 [INFO] main.cpp:354 -   总错误数:     660
2026-05-26 09:02:45.047 [INFO] main.cpp:355 -   发送字节数:   5440
2026-05-26 09:02:45.047 [INFO] main.cpp:356 -   接收字节数:   0
2026-05-26 09:02:45.047 [INFO] main.cpp:357 -   平均延迟:     0.00 ms
2026-05-26 09:02:45.047 [INFO] main.cpp:358 -   最大延迟:     0.00 ms
2026-05-26 09:02:45.047 [INFO] main.cpp:359 -   总线争用次数: 0
2026-05-26 09:02:45.047 [INFO] main.cpp:368 - ======== 轮询统计 ========
2026-05-26 09:02:45.047 [INFO] main.cpp:369 -   任务组数:     20
2026-05-26 09:02:45.047 [INFO] main.cpp:370 -   成功事务:     0
2026-05-26 09:02:45.047 [INFO] main.cpp:371 -   失败事务:     660
2026-05-26 09:02:45.047 [INFO] main.cpp:373 -   成功率:       0.0%
2026-05-26 09:02:45.047 [INFO] main.cpp:378 - ======== 命令队列统计 ========
2026-05-26 09:02:45.048 [INFO] main.cpp:379 -   已提交: 0  已执行: 0  成功: 0  失败: 0
2026-05-26 09:02:45.048 [INFO] main.cpp:384 -   队列大小: 0  平均耗时: 0.0ms
2026-05-26 09:02:46.048 [INFO] main.cpp:352 - ======== 总线统计 ========
2026-05-26 09:02:46.048 [INFO] main.cpp:353 -   总事务数:     680
2026-05-26 09:02:46.048 [INFO] main.cpp:354 -   总错误数:     680
2026-05-26 09:02:46.048 [INFO] main.cpp:355 -   发送字节数:   5440
2026-05-26 09:02:46.048 [INFO] main.cpp:356 -   接收字节数:   0
2026-05-26 09:02:46.049 [INFO] main.cpp:357 -   平均延迟:     0.00 ms
2026-05-26 09:02:46.049 [INFO] main.cpp:358 -   最大延迟:     0.00 ms
2026-05-26 09:02:46.049 [INFO] main.cpp:359 -   总线争用次数: 0
2026-05-26 09:02:46.049 [INFO] main.cpp:368 - ======== 轮询统计 ========
2026-05-26 09:02:46.049 [INFO] main.cpp:369 -   任务组数:     20
2026-05-26 09:02:46.049 [INFO] main.cpp:370 -   成功事务:     0
2026-05-26 09:02:46.049 [INFO] main.cpp:371 -   失败事务:     680
2026-05-26 09:02:46.049 [INFO] main.cpp:373 -   成功率:       0.0%
2026-05-26 09:02:46.049 [INFO] main.cpp:378 - ======== 命令队列统计 ========
2026-05-26 09:02:46.049 [INFO] main.cpp:379 -   已提交: 0  已执行: 0  成功: 0  失败: 0
2026-05-26 09:02:46.049 [INFO] main.cpp:384 -   队列大小: 0  平均耗时: 0.0ms
2026-05-26 09:02:47.050 [INFO] main.cpp:352 - ======== 总线统计 ========
2026-05-26 09:02:47.050 [INFO] main.cpp:353 -   总事务数:     680
2026-05-26 09:02:47.050 [INFO] main.cpp:354 -   总错误数:     680
2026-05-26 09:02:47.050 [INFO] main.cpp:355 -   发送字节数:   5440
2026-05-26 09:02:47.051 [INFO] main.cpp:356 -   接收字节数:   0
2026-05-26 09:02:47.051 [INFO] main.cpp:357 -   平均延迟:     0.00 ms
2026-05-26 09:02:47.051 [INFO] main.cpp:358 -   最大延迟:     0.00 ms
2026-05-26 09:02:47.051 [INFO] main.cpp:359 -   总线争用次数: 0
2026-05-26 09:02:47.051 [INFO] main.cpp:368 - ======== 轮询统计 ========
2026-05-26 09:02:47.051 [INFO] main.cpp:369 -   任务组数:     20
2026-05-26 09:02:47.051 [INFO] main.cpp:370 -   成功事务:     0
2026-05-26 09:02:47.051 [INFO] main.cpp:371 -   失败事务:     680
2026-05-26 09:02:47.051 [INFO] main.cpp:373 -   成功率:       0.0%
2026-05-26 09:02:47.051 [INFO] main.cpp:378 - ======== 命令队列统计 ========
2026-05-26 09:02:47.051 [INFO] main.cpp:379 -   已提交: 0  已执行: 0  成功: 0  失败: 0
2026-05-26 09:02:47.051 [INFO] main.cpp:384 -   队列大小: 0  平均耗时: 0.0ms
2026-05-26 09:02:48.052 [INFO] main.cpp:352 - ======== 总线统计 ========
2026-05-26 09:02:48.052 [INFO] main.cpp:353 -   总事务数:     680
2026-05-26 09:02:48.052 [INFO] main.cpp:354 -   总错误数:     680
2026-05-26 09:02:48.052 [INFO] main.cpp:355 -   发送字节数:   5440
2026-05-26 09:02:48.052 [INFO] main.cpp:356 -   接收字节数:   0
2026-05-26 09:02:48.052 [INFO] main.cpp:357 -   平均延迟:     0.00 ms
2026-05-26 09:02:48.052 [INFO] main.cpp:358 -   最大延迟:     0.00 ms
2026-05-26 09:02:48.052 [INFO] main.cpp:359 -   总线争用次数: 0
2026-05-26 09:02:48.052 [INFO] main.cpp:368 - ======== 轮询统计 ========
2026-05-26 09:02:48.052 [INFO] main.cpp:369 -   任务组数:     20
2026-05-26 09:02:48.052 [INFO] main.cpp:370 -   成功事务:     0
2026-05-26 09:02:48.052 [INFO] main.cpp:371 -   失败事务:     680
2026-05-26 09:02:48.052 [INFO] main.cpp:373 -   成功率:       0.0%
2026-05-26 09:02:48.052 [INFO] main.cpp:378 - ======== 命令队列统计 ========
2026-05-26 09:02:48.052 [INFO] main.cpp:379 -   已提交: 0  已执行: 0  成功: 0  失败: 0
2026-05-26 09:02:48.052 [INFO] main.cpp:384 -   队列大小: 0  平均耗时: 0.0ms
2026-05-26 09:02:49.054 [INFO] main.cpp:352 - ======== 总线统计 ========
2026-05-26 09:02:49.054 [INFO] main.cpp:353 -   总事务数:     680
2026-05-26 09:02:49.054 [INFO] main.cpp:354 -   总错误数:     680
2026-05-26 09:02:49.054 [INFO] main.cpp:355 -   发送字节数:   5440
2026-05-26 09:02:49.054 [INFO] main.cpp:356 -   接收字节数:   0
2026-05-26 09:02:49.054 [INFO] main.cpp:357 -   平均延迟:     0.00 ms
2026-05-26 09:02:49.054 [INFO] main.cpp:358 -   最大延迟:     0.00 ms
2026-05-26 09:02:49.054 [INFO] main.cpp:359 -   总线争用次数: 0
2026-05-26 09:02:49.054 [INFO] main.cpp:368 - ======== 轮询统计 ========
2026-05-26 09:02:49.054 [INFO] main.cpp:369 -   任务组数:     20
2026-05-26 09:02:49.054 [INFO] main.cpp:370 -   成功事务:     0
2026-05-26 09:02:49.054 [INFO] main.cpp:371 -   失败事务:     680
2026-05-26 09:02:49.054 [INFO] main.cpp:373 -   成功率:       0.0%
2026-05-26 09:02:49.054 [INFO] main.cpp:378 - ======== 命令队列统计 ========
2026-05-26 09:02:49.054 [INFO] main.cpp:379 -   已提交: 0  已执行: 0  成功: 0  失败: 0
2026-05-26 09:02:49.054 [INFO] main.cpp:384 -   队列大小: 0  平均耗时: 0.0ms
2026-05-26 09:02:50.055 [INFO] main.cpp:352 - ======== 总线统计 ========
2026-05-26 09:02:50.055 [INFO] main.cpp:353 -   总事务数:     700
2026-05-26 09:02:50.055 [INFO] main.cpp:354 -   总错误数:     680
2026-05-26 09:02:50.056 [INFO] main.cpp:355 -   发送字节数:   5600
2026-05-26 09:02:50.056 [INFO] main.cpp:356 -   接收字节数:   0
2026-05-26 09:02:50.056 [INFO] main.cpp:357 -   平均延迟:     0.00 ms
2026-05-26 09:02:50.056 [INFO] main.cpp:358 -   最大延迟:     0.00 ms
2026-05-26 09:02:50.056 [INFO] main.cpp:359 -   总线争用次数: 0
2026-05-26 09:02:50.056 [INFO] main.cpp:368 - ======== 轮询统计 ========
2026-05-26 09:02:50.056 [INFO] main.cpp:369 -   任务组数:     20
2026-05-26 09:02:50.056 [INFO] main.cpp:370 -   成功事务:     0
2026-05-26 09:02:50.056 [INFO] main.cpp:371 -   失败事务:     680
2026-05-26 09:02:50.056 [INFO] main.cpp:373 -   成功率:       0.0%
2026-05-26 09:02:50.056 [INFO] main.cpp:378 - ======== 命令队列统计 ========
2026-05-26 09:02:50.056 [INFO] main.cpp:379 -   已提交: 0  已执行: 0  成功: 0  失败: 0
2026-05-26 09:02:50.056 [INFO] main.cpp:384 -   队列大小: 0  平均耗时: 0.0ms
2026-05-26 09:02:51.056 [INFO] main.cpp:352 - ======== 总线统计 ========
2026-05-26 09:02:51.057 [INFO] main.cpp:353 -   总事务数:     700
2026-05-26 09:02:51.057 [INFO] main.cpp:354 -   总错误数:     700
2026-05-26 09:02:51.057 [INFO] main.cpp:355 -   发送字节数:   5600
2026-05-26 09:02:51.057 [INFO] main.cpp:356 -   接收字节数:   0
2026-05-26 09:02:51.057 [INFO] main.cpp:357 -   平均延迟:     0.00 ms
2026-05-26 09:02:51.057 [INFO] main.cpp:358 -   最大延迟:     0.00 ms
2026-05-26 09:02:51.057 [INFO] main.cpp:359 -   总线争用次数: 0
2026-05-26 09:02:51.057 [INFO] main.cpp:368 - ======== 轮询统计 ========
2026-05-26 09:02:51.057 [INFO] main.cpp:369 -   任务组数:     20
2026-05-26 09:02:51.057 [INFO] main.cpp:370 -   成功事务:     0
2026-05-26 09:02:51.057 [INFO] main.cpp:371 -   失败事务:     700
2026-05-26 09:02:51.057 [INFO] main.cpp:373 -   成功率:       0.0%
2026-05-26 09:02:51.057 [INFO] main.cpp:378 - ======== 命令队列统计 ========
2026-05-26 09:02:51.057 [INFO] main.cpp:379 -   已提交: 0  已执行: 0  成功: 0  失败: 0
2026-05-26 09:02:51.057 [INFO] main.cpp:384 -   队列大小: 0  平均耗时: 0.0ms
2026-05-26 09:02:52.058 [INFO] main.cpp:352 - ======== 总线统计 ========
2026-05-26 09:02:52.059 [INFO] main.cpp:353 -   总事务数:     700
2026-05-26 09:02:52.059 [INFO] main.cpp:354 -   总错误数:     700
2026-05-26 09:02:52.059 [INFO] main.cpp:355 -   发送字节数:   5600
2026-05-26 09:02:52.059 [INFO] main.cpp:356 -   接收字节数:   0
2026-05-26 09:02:52.059 [INFO] main.cpp:357 -   平均延迟:     0.00 ms
2026-05-26 09:02:52.059 [INFO] main.cpp:358 -   最大延迟:     0.00 ms
2026-05-26 09:02:52.059 [INFO] main.cpp:359 -   总线争用次数: 0
2026-05-26 09:02:52.059 [INFO] main.cpp:368 - ======== 轮询统计 ========
2026-05-26 09:02:52.059 [INFO] main.cpp:369 -   任务组数:     20
2026-05-26 09:02:52.059 [INFO] main.cpp:370 -   成功事务:     0
2026-05-26 09:02:52.059 [INFO] main.cpp:371 -   失败事务:     700
2026-05-26 09:02:52.059 [INFO] main.cpp:373 -   成功率:       0.0%
2026-05-26 09:02:52.059 [INFO] main.cpp:378 - ======== 命令队列统计 ========
2026-05-26 09:02:52.059 [INFO] main.cpp:379 -   已提交: 0  已执行: 0  成功: 0  失败: 0
2026-05-26 09:02:52.059 [INFO] main.cpp:384 -   队列大小: 0  平均耗时: 0.0ms
2026-05-26 09:02:53.060 [INFO] main.cpp:352 - ======== 总线统计 ========
2026-05-26 09:02:53.060 [INFO] main.cpp:353 -   总事务数:     700
2026-05-26 09:02:53.060 [INFO] main.cpp:354 -   总错误数:     700
2026-05-26 09:02:53.060 [INFO] main.cpp:355 -   发送字节数:   5600
2026-05-26 09:02:53.060 [INFO] main.cpp:356 -   接收字节数:   0
2026-05-26 09:02:53.060 [INFO] main.cpp:357 -   平均延迟:     0.00 ms
2026-05-26 09:02:53.060 [INFO] main.cpp:358 -   最大延迟:     0.00 ms
2026-05-26 09:02:53.061 [INFO] main.cpp:359 -   总线争用次数: 0
2026-05-26 09:02:53.061 [INFO] main.cpp:368 - ======== 轮询统计 ========
2026-05-26 09:02:53.061 [INFO] main.cpp:369 -   任务组数:     20
2026-05-26 09:02:53.061 [INFO] main.cpp:370 -   成功事务:     0
2026-05-26 09:02:53.061 [INFO] main.cpp:371 -   失败事务:     700
2026-05-26 09:02:53.061 [INFO] main.cpp:373 -   成功率:       0.0%
2026-05-26 09:02:53.061 [INFO] main.cpp:378 - ======== 命令队列统计 ========
2026-05-26 09:02:53.061 [INFO] main.cpp:379 -   已提交: 0  已执行: 0  成功: 0  失败: 0
2026-05-26 09:02:53.061 [INFO] main.cpp:384 -   队列大小: 0  平均耗时: 0.0ms
2026-05-26 09:02:54.062 [INFO] main.cpp:352 - ======== 总线统计 ========
2026-05-26 09:02:54.062 [INFO] main.cpp:353 -   总事务数:     700
2026-05-26 09:02:54.062 [INFO] main.cpp:354 -   总错误数:     700
2026-05-26 09:02:54.062 [INFO] main.cpp:355 -   发送字节数:   5600
2026-05-26 09:02:54.062 [INFO] main.cpp:356 -   接收字节数:   0
2026-05-26 09:02:54.062 [INFO] main.cpp:357 -   平均延迟:     0.00 ms
2026-05-26 09:02:54.062 [INFO] main.cpp:358 -   最大延迟:     0.00 ms
2026-05-26 09:02:54.062 [INFO] main.cpp:359 -   总线争用次数: 0
2026-05-26 09:02:54.062 [INFO] main.cpp:368 - ======== 轮询统计 ========
2026-05-26 09:02:54.062 [INFO] main.cpp:369 -   任务组数:     20
2026-05-26 09:02:54.062 [INFO] main.cpp:370 -   成功事务:     0
2026-05-26 09:02:54.062 [INFO] main.cpp:371 -   失败事务:     700
2026-05-26 09:02:54.062 [INFO] main.cpp:373 -   成功率:       0.0%
2026-05-26 09:02:54.062 [INFO] main.cpp:378 - ======== 命令队列统计 ========
2026-05-26 09:02:54.062 [INFO] main.cpp:379 -   已提交: 0  已执行: 0  成功: 0  失败: 0
2026-05-26 09:02:54.062 [INFO] main.cpp:384 -   队列大小: 0  平均耗时: 0.0ms
2026-05-26 09:02:55.063 [INFO] main.cpp:352 - ======== 总线统计 ========
2026-05-26 09:02:55.064 [INFO] main.cpp:353 -   总事务数:     720
2026-05-26 09:02:55.064 [INFO] main.cpp:354 -   总错误数:     700
2026-05-26 09:02:55.064 [INFO] main.cpp:355 -   发送字节数:   5760
2026-05-26 09:02:55.064 [INFO] main.cpp:356 -   接收字节数:   0
2026-05-26 09:02:55.064 [INFO] main.cpp:357 -   平均延迟:     0.00 ms
2026-05-26 09:02:55.064 [INFO] main.cpp:358 -   最大延迟:     0.00 ms
2026-05-26 09:02:55.064 [INFO] main.cpp:359 -   总线争用次数: 0
2026-05-26 09:02:55.064 [INFO] main.cpp:368 - ======== 轮询统计 ========
2026-05-26 09:02:55.064 [INFO] main.cpp:369 -   任务组数:     20
2026-05-26 09:02:55.064 [INFO] main.cpp:370 -   成功事务:     0
2026-05-26 09:02:55.064 [INFO] main.cpp:371 -   失败事务:     700
2026-05-26 09:02:55.064 [INFO] main.cpp:373 -   成功率:       0.0%
2026-05-26 09:02:55.064 [INFO] main.cpp:378 - ======== 命令队列统计 ========
2026-05-26 09:02:55.064 [INFO] main.cpp:379 -   已提交: 0  已执行: 0  成功: 0  失败: 0
2026-05-26 09:02:55.064 [INFO] main.cpp:384 -   队列大小: 0  平均耗时: 0.0ms
2026-05-26 09:02:56.065 [INFO] main.cpp:352 - ======== 总线统计 ========
2026-05-26 09:02:56.065 [INFO] main.cpp:353 -   总事务数:     720
2026-05-26 09:02:56.065 [INFO] main.cpp:354 -   总错误数:     720
2026-05-26 09:02:56.065 [INFO] main.cpp:355 -   发送字节数:   5760
2026-05-26 09:02:56.065 [INFO] main.cpp:356 -   接收字节数:   0
2026-05-26 09:02:56.065 [INFO] main.cpp:357 -   平均延迟:     0.00 ms
2026-05-26 09:02:56.065 [INFO] main.cpp:358 -   最大延迟:     0.00 ms
2026-05-26 09:02:56.065 [INFO] main.cpp:359 -   总线争用次数: 0
2026-05-26 09:02:56.065 [INFO] main.cpp:368 - ======== 轮询统计 ========
2026-05-26 09:02:56.065 [INFO] main.cpp:369 -   任务组数:     20
2026-05-26 09:02:56.065 [INFO] main.cpp:370 -   成功事务:     0
2026-05-26 09:02:56.066 [INFO] main.cpp:371 -   失败事务:     720
2026-05-26 09:02:56.066 [INFO] main.cpp:373 -   成功率:       0.0%
2026-05-26 09:02:56.066 [INFO] main.cpp:378 - ======== 命令队列统计 ========
2026-05-26 09:02:56.066 [INFO] main.cpp:379 -   已提交: 0  已执行: 0  成功: 0  失败: 0
2026-05-26 09:02:56.066 [INFO] main.cpp:384 -   队列大小: 0  平均耗时: 0.0ms
2026-05-26 09:02:57.066 [INFO] main.cpp:352 - ======== 总线统计 ========
2026-05-26 09:02:57.066 [INFO] main.cpp:353 -   总事务数:     720
2026-05-26 09:02:57.066 [INFO] main.cpp:354 -   总错误数:     720
2026-05-26 09:02:57.066 [INFO] main.cpp:355 -   发送字节数:   5760
2026-05-26 09:02:57.066 [INFO] main.cpp:356 -   接收字节数:   0
2026-05-26 09:02:57.066 [INFO] main.cpp:357 -   平均延迟:     0.00 ms
2026-05-26 09:02:57.067 [INFO] main.cpp:358 -   最大延迟:     0.00 ms
2026-05-26 09:02:57.067 [INFO] main.cpp:359 -   总线争用次数: 0
2026-05-26 09:02:57.067 [INFO] main.cpp:368 - ======== 轮询统计 ========
2026-05-26 09:02:57.067 [INFO] main.cpp:369 -   任务组数:     20
2026-05-26 09:02:57.067 [INFO] main.cpp:370 -   成功事务:     0
2026-05-26 09:02:57.067 [INFO] main.cpp:371 -   失败事务:     720
2026-05-26 09:02:57.067 [INFO] main.cpp:373 -   成功率:       0.0%
2026-05-26 09:02:57.067 [INFO] main.cpp:378 - ======== 命令队列统计 ========
2026-05-26 09:02:57.067 [INFO] main.cpp:379 -   已提交: 0  已执行: 0  成功: 0  失败: 0
2026-05-26 09:02:57.067 [INFO] main.cpp:384 -   队列大小: 0  平均耗时: 0.0ms
2026-05-26 09:02:58.068 [INFO] main.cpp:352 - ======== 总线统计 ========
2026-05-26 09:02:58.068 [INFO] main.cpp:353 -   总事务数:     720
2026-05-26 09:02:58.068 [INFO] main.cpp:354 -   总错误数:     720
2026-05-26 09:02:58.068 [INFO] main.cpp:355 -   发送字节数:   5760
2026-05-26 09:02:58.068 [INFO] main.cpp:356 -   接收字节数:   0
2026-05-26 09:02:58.068 [INFO] main.cpp:357 -   平均延迟:     0.00 ms
2026-05-26 09:02:58.068 [INFO] main.cpp:358 -   最大延迟:     0.00 ms
2026-05-26 09:02:58.069 [INFO] main.cpp:359 -   总线争用次数: 0
2026-05-26 09:02:58.069 [INFO] main.cpp:368 - ======== 轮询统计 ========
2026-05-26 09:02:58.069 [INFO] main.cpp:369 -   任务组数:     20
2026-05-26 09:02:58.069 [INFO] main.cpp:370 -   成功事务:     0
2026-05-26 09:02:58.069 [INFO] main.cpp:371 -   失败事务:     720
2026-05-26 09:02:58.069 [INFO] main.cpp:373 -   成功率:       0.0%
2026-05-26 09:02:58.069 [INFO] main.cpp:378 - ======== 命令队列统计 ========
2026-05-26 09:02:58.069 [INFO] main.cpp:379 -   已提交: 0  已执行: 0  成功: 0  失败: 0
2026-05-26 09:02:58.069 [INFO] main.cpp:384 -   队列大小: 0  平均耗时: 0.0ms
2026-05-26 09:02:59.070 [INFO] main.cpp:352 - ======== 总线统计 ========
2026-05-26 09:02:59.070 [INFO] main.cpp:353 -   总事务数:     720
2026-05-26 09:02:59.070 [INFO] main.cpp:354 -   总错误数:     720
2026-05-26 09:02:59.070 [INFO] main.cpp:355 -   发送字节数:   5760
2026-05-26 09:02:59.070 [INFO] main.cpp:356 -   接收字节数:   0
2026-05-26 09:02:59.070 [INFO] main.cpp:357 -   平均延迟:     0.00 ms
2026-05-26 09:02:59.070 [INFO] main.cpp:358 -   最大延迟:     0.00 ms
2026-05-26 09:02:59.070 [INFO] main.cpp:359 -   总线争用次数: 0
2026-05-26 09:02:59.071 [INFO] main.cpp:368 - ======== 轮询统计 ========
2026-05-26 09:02:59.071 [INFO] main.cpp:369 -   任务组数:     20
2026-05-26 09:02:59.071 [INFO] main.cpp:370 -   成功事务:     0
2026-05-26 09:02:59.071 [INFO] main.cpp:371 -   失败事务:     720
2026-05-26 09:02:59.071 [INFO] main.cpp:373 -   成功率:       0.0%
2026-05-26 09:02:59.071 [INFO] main.cpp:378 - ======== 命令队列统计 ========
2026-05-26 09:02:59.071 [INFO] main.cpp:379 -   已提交: 0  已执行: 0  成功: 0  失败: 0
2026-05-26 09:02:59.071 [INFO] main.cpp:384 -   队列大小: 0  平均耗时: 0.0ms
2026-05-26 09:03:00.072 [INFO] main.cpp:352 - ======== 总线统计 ========
2026-05-26 09:03:00.072 [INFO] main.cpp:353 -   总事务数:     740
2026-05-26 09:03:00.072 [INFO] main.cpp:354 -   总错误数:     720
2026-05-26 09:03:00.072 [INFO] main.cpp:355 -   发送字节数:   5920
2026-05-26 09:03:00.072 [INFO] main.cpp:356 -   接收字节数:   0
2026-05-26 09:03:00.072 [INFO] main.cpp:357 -   平均延迟:     0.00 ms
2026-05-26 09:03:00.072 [INFO] main.cpp:358 -   最大延迟:     0.00 ms
2026-05-26 09:03:00.072 [INFO] main.cpp:359 -   总线争用次数: 0
2026-05-26 09:03:00.072 [INFO] main.cpp:368 - ======== 轮询统计 ========
2026-05-26 09:03:00.072 [INFO] main.cpp:369 -   任务组数:     20
2026-05-26 09:03:00.072 [INFO] main.cpp:370 -   成功事务:     0
2026-05-26 09:03:00.072 [INFO] main.cpp:371 -   失败事务:     720
2026-05-26 09:03:00.073 [INFO] main.cpp:373 -   成功率:       0.0%
2026-05-26 09:03:00.073 [INFO] main.cpp:378 - ======== 命令队列统计 ========
2026-05-26 09:03:00.073 [INFO] main.cpp:379 -   已提交: 0  已执行: 0  成功: 0  失败: 0
2026-05-26 09:03:00.073 [INFO] main.cpp:384 -   队列大小: 0  平均耗时: 0.0ms
2026-05-26 09:03:01.074 [INFO] main.cpp:352 - ======== 总线统计 ========
2026-05-26 09:03:01.074 [INFO] main.cpp:353 -   总事务数:     740
2026-05-26 09:03:01.074 [INFO] main.cpp:354 -   总错误数:     740
2026-05-26 09:03:01.074 [INFO] main.cpp:355 -   发送字节数:   5920
2026-05-26 09:03:01.074 [INFO] main.cpp:356 -   接收字节数:   0
2026-05-26 09:03:01.074 [INFO] main.cpp:357 -   平均延迟:     0.00 ms
2026-05-26 09:03:01.074 [INFO] main.cpp:358 -   最大延迟:     0.00 ms
2026-05-26 09:03:01.074 [INFO] main.cpp:359 -   总线争用次数: 0
2026-05-26 09:03:01.074 [INFO] main.cpp:368 - ======== 轮询统计 ========
2026-05-26 09:03:01.074 [INFO] main.cpp:369 -   任务组数:     20
2026-05-26 09:03:01.074 [INFO] main.cpp:370 -   成功事务:     0
2026-05-26 09:03:01.074 [INFO] main.cpp:371 -   失败事务:     740
2026-05-26 09:03:01.074 [INFO] main.cpp:373 -   成功率:       0.0%
2026-05-26 09:03:01.074 [INFO] main.cpp:378 - ======== 命令队列统计 ========
2026-05-26 09:03:01.074 [INFO] main.cpp:379 -   已提交: 0  已执行: 0  成功: 0  失败: 0
2026-05-26 09:03:01.075 [INFO] main.cpp:384 -   队列大小: 0  平均耗时: 0.0ms
2026-05-26 09:03:02.075 [INFO] main.cpp:352 - ======== 总线统计 ========
2026-05-26 09:03:02.075 [INFO] main.cpp:353 -   总事务数:     740
2026-05-26 09:03:02.075 [INFO] main.cpp:354 -   总错误数:     740
2026-05-26 09:03:02.075 [INFO] main.cpp:355 -   发送字节数:   5920
2026-05-26 09:03:02.075 [INFO] main.cpp:356 -   接收字节数:   0
2026-05-26 09:03:02.075 [INFO] main.cpp:357 -   平均延迟:     0.00 ms
2026-05-26 09:03:02.075 [INFO] main.cpp:358 -   最大延迟:     0.00 ms
2026-05-26 09:03:02.075 [INFO] main.cpp:359 -   总线争用次数: 0
2026-05-26 09:03:02.075 [INFO] main.cpp:368 - ======== 轮询统计 ========
2026-05-26 09:03:02.075 [INFO] main.cpp:369 -   任务组数:     20
2026-05-26 09:03:02.075 [INFO] main.cpp:370 -   成功事务:     0
2026-05-26 09:03:02.075 [INFO] main.cpp:371 -   失败事务:     740
2026-05-26 09:03:02.076 [INFO] main.cpp:373 -   成功率:       0.0%
2026-05-26 09:03:02.076 [INFO] main.cpp:378 - ======== 命令队列统计 ========
2026-05-26 09:03:02.076 [INFO] main.cpp:379 -   已提交: 0  已执行: 0  成功: 0  失败: 0
2026-05-26 09:03:02.076 [INFO] main.cpp:384 -   队列大小: 0  平均耗时: 0.0ms
2026-05-26 09:03:03.077 [INFO] main.cpp:352 - ======== 总线统计 ========
2026-05-26 09:03:03.077 [INFO] main.cpp:353 -   总事务数:     740
2026-05-26 09:03:03.077 [INFO] main.cpp:354 -   总错误数:     740
2026-05-26 09:03:03.077 [INFO] main.cpp:355 -   发送字节数:   5920
2026-05-26 09:03:03.077 [INFO] main.cpp:356 -   接收字节数:   0
2026-05-26 09:03:03.077 [INFO] main.cpp:357 -   平均延迟:     0.00 ms
2026-05-26 09:03:03.077 [INFO] main.cpp:358 -   最大延迟:     0.00 ms
2026-05-26 09:03:03.077 [INFO] main.cpp:359 -   总线争用次数: 0
2026-05-26 09:03:03.077 [INFO] main.cpp:368 - ======== 轮询统计 ========
2026-05-26 09:03:03.077 [INFO] main.cpp:369 -   任务组数:     20
2026-05-26 09:03:03.077 [INFO] main.cpp:370 -   成功事务:     0
2026-05-26 09:03:03.077 [INFO] main.cpp:371 -   失败事务:     740
2026-05-26 09:03:03.078 [INFO] main.cpp:373 -   成功率:       0.0%
2026-05-26 09:03:03.078 [INFO] main.cpp:378 - ======== 命令队列统计 ========
2026-05-26 09:03:03.078 [INFO] main.cpp:379 -   已提交: 0  已执行: 0  成功: 0  失败: 0
2026-05-26 09:03:03.078 [INFO] main.cpp:384 -   队列大小: 0  平均耗时: 0.0ms
2026-05-26 09:03:04.078 [INFO] main.cpp:352 - ======== 总线统计 ========
2026-05-26 09:03:04.078 [INFO] main.cpp:353 -   总事务数:     740
2026-05-26 09:03:04.078 [INFO] main.cpp:354 -   总错误数:     740
2026-05-26 09:03:04.078 [INFO] main.cpp:355 -   发送字节数:   5920
2026-05-26 09:03:04.078 [INFO] main.cpp:356 -   接收字节数:   0
2026-05-26 09:03:04.078 [INFO] main.cpp:357 -   平均延迟:     0.00 ms
2026-05-26 09:03:04.078 [INFO] main.cpp:358 -   最大延迟:     0.00 ms
2026-05-26 09:03:04.079 [INFO] main.cpp:359 -   总线争用次数: 0
2026-05-26 09:03:04.079 [INFO] main.cpp:368 - ======== 轮询统计 ========
2026-05-26 09:03:04.079 [INFO] main.cpp:369 -   任务组数:     20
2026-05-26 09:03:04.079 [INFO] main.cpp:370 -   成功事务:     0
2026-05-26 09:03:04.079 [INFO] main.cpp:371 -   失败事务:     740
2026-05-26 09:03:04.079 [INFO] main.cpp:373 -   成功率:       0.0%
2026-05-26 09:03:04.079 [INFO] main.cpp:378 - ======== 命令队列统计 ========
2026-05-26 09:03:04.079 [INFO] main.cpp:379 -   已提交: 0  已执行: 0  成功: 0  失败: 0
2026-05-26 09:03:04.079 [INFO] main.cpp:384 -   队列大小: 0  平均耗时: 0.0ms
2026-05-26 09:03:05.080 [INFO] main.cpp:352 - ======== 总线统计 ========
2026-05-26 09:03:05.080 [INFO] main.cpp:353 -   总事务数:     760
2026-05-26 09:03:05.080 [INFO] main.cpp:354 -   总错误数:     740
2026-05-26 09:03:05.080 [INFO] main.cpp:355 -   发送字节数:   6080
2026-05-26 09:03:05.080 [INFO] main.cpp:356 -   接收字节数:   0
2026-05-26 09:03:05.080 [INFO] main.cpp:357 -   平均延迟:     0.00 ms
2026-05-26 09:03:05.080 [INFO] main.cpp:358 -   最大延迟:     0.00 ms
2026-05-26 09:03:05.080 [INFO] main.cpp:359 -   总线争用次数: 0
2026-05-26 09:03:05.080 [INFO] main.cpp:368 - ======== 轮询统计 ========
2026-05-26 09:03:05.081 [INFO] main.cpp:369 -   任务组数:     20
2026-05-26 09:03:05.081 [INFO] main.cpp:370 -   成功事务:     0
2026-05-26 09:03:05.081 [INFO] main.cpp:371 -   失败事务:     740
2026-05-26 09:03:05.081 [INFO] main.cpp:373 -   成功率:       0.0%
2026-05-26 09:03:05.081 [INFO] main.cpp:378 - ======== 命令队列统计 ========
2026-05-26 09:03:05.081 [INFO] main.cpp:379 -   已提交: 0  已执行: 0  成功: 0  失败: 0
2026-05-26 09:03:05.081 [INFO] main.cpp:384 -   队列大小: 0  平均耗时: 0.0ms
2026-05-26 09:03:06.082 [INFO] main.cpp:352 - ======== 总线统计 ========
2026-05-26 09:03:06.082 [INFO] main.cpp:353 -   总事务数:     760
2026-05-26 09:03:06.082 [INFO] main.cpp:354 -   总错误数:     760
2026-05-26 09:03:06.082 [INFO] main.cpp:355 -   发送字节数:   6080
2026-05-26 09:03:06.082 [INFO] main.cpp:356 -   接收字节数:   0
2026-05-26 09:03:06.082 [INFO] main.cpp:357 -   平均延迟:     0.00 ms
2026-05-26 09:03:06.082 [INFO] main.cpp:358 -   最大延迟:     0.00 ms
2026-05-26 09:03:06.082 [INFO] main.cpp:359 -   总线争用次数: 0
2026-05-26 09:03:06.082 [INFO] main.cpp:368 - ======== 轮询统计 ========
2026-05-26 09:03:06.082 [INFO] main.cpp:369 -   任务组数:     20
2026-05-26 09:03:06.082 [INFO] main.cpp:370 -   成功事务:     0
2026-05-26 09:03:06.082 [INFO] main.cpp:371 -   失败事务:     760
2026-05-26 09:03:06.082 [INFO] main.cpp:373 -   成功率:       0.0%
2026-05-26 09:03:06.082 [INFO] main.cpp:378 - ======== 命令队列统计 ========
2026-05-26 09:03:06.082 [INFO] main.cpp:379 -   已提交: 0  已执行: 0  成功: 0  失败: 0
2026-05-26 09:03:06.082 [INFO] main.cpp:384 -   队列大小: 0  平均耗时: 0.0ms
2026-05-26 09:03:07.083 [INFO] main.cpp:352 - ======== 总线统计 ========
2026-05-26 09:03:07.084 [INFO] main.cpp:353 -   总事务数:     760
2026-05-26 09:03:07.084 [INFO] main.cpp:354 -   总错误数:     760
2026-05-26 09:03:07.084 [INFO] main.cpp:355 -   发送字节数:   6080
2026-05-26 09:03:07.084 [INFO] main.cpp:356 -   接收字节数:   0
2026-05-26 09:03:07.084 [INFO] main.cpp:357 -   平均延迟:     0.00 ms
2026-05-26 09:03:07.084 [INFO] main.cpp:358 -   最大延迟:     0.00 ms
2026-05-26 09:03:07.084 [INFO] main.cpp:359 -   总线争用次数: 0
2026-05-26 09:03:07.084 [INFO] main.cpp:368 - ======== 轮询统计 ========
2026-05-26 09:03:07.084 [INFO] main.cpp:369 -   任务组数:     20
2026-05-26 09:03:07.084 [INFO] main.cpp:370 -   成功事务:     0
2026-05-26 09:03:07.084 [INFO] main.cpp:371 -   失败事务:     760
2026-05-26 09:03:07.084 [INFO] main.cpp:373 -   成功率:       0.0%
2026-05-26 09:03:07.084 [INFO] main.cpp:378 - ======== 命令队列统计 ========
2026-05-26 09:03:07.084 [INFO] main.cpp:379 -   已提交: 0  已执行: 0  成功: 0  失败: 0
2026-05-26 09:03:07.084 [INFO] main.cpp:384 -   队列大小: 0  平均耗时: 0.0ms
2026-05-26 09:03:08.085 [INFO] main.cpp:352 - ======== 总线统计 ========
2026-05-26 09:03:08.085 [INFO] main.cpp:353 -   总事务数:     760
2026-05-26 09:03:08.087 [INFO] main.cpp:354 -   总错误数:     760
2026-05-26 09:03:08.087 [INFO] main.cpp:355 -   发送字节数:   6080
2026-05-26 09:03:08.087 [INFO] main.cpp:356 -   接收字节数:   0
2026-05-26 09:03:08.087 [INFO] main.cpp:357 -   平均延迟:     0.00 ms
2026-05-26 09:03:08.087 [INFO] main.cpp:358 -   最大延迟:     0.00 ms
2026-05-26 09:03:08.087 [INFO] main.cpp:359 -   总线争用次数: 0
2026-05-26 09:03:08.087 [INFO] main.cpp:368 - ======== 轮询统计 ========
2026-05-26 09:03:08.087 [INFO] main.cpp:369 -   任务组数:     20
2026-05-26 09:03:08.087 [INFO] main.cpp:370 -   成功事务:     0
2026-05-26 09:03:08.087 [INFO] main.cpp:371 -   失败事务:     760
2026-05-26 09:03:08.087 [INFO] main.cpp:373 -   成功率:       0.0%
2026-05-26 09:03:08.087 [INFO] main.cpp:378 - ======== 命令队列统计 ========
2026-05-26 09:03:08.087 [INFO] main.cpp:379 -   已提交: 0  已执行: 0  成功: 0  失败: 0
2026-05-26 09:03:08.087 [INFO] main.cpp:384 -   队列大小: 0  平均耗时: 0.0ms
2026-05-26 09:03:09.088 [INFO] main.cpp:352 - ======== 总线统计 ========
2026-05-26 09:03:09.088 [INFO] main.cpp:353 -   总事务数:     760
2026-05-26 09:03:09.088 [INFO] main.cpp:354 -   总错误数:     760
2026-05-26 09:03:09.088 [INFO] main.cpp:355 -   发送字节数:   6080
2026-05-26 09:03:09.088 [INFO] main.cpp:356 -   接收字节数:   0
2026-05-26 09:03:09.089 [INFO] main.cpp:357 -   平均延迟:     0.00 ms
2026-05-26 09:03:09.089 [INFO] main.cpp:358 -   最大延迟:     0.00 ms
2026-05-26 09:03:09.089 [INFO] main.cpp:359 -   总线争用次数: 0
2026-05-26 09:03:09.089 [INFO] main.cpp:368 - ======== 轮询统计 ========
2026-05-26 09:03:09.089 [INFO] main.cpp:369 -   任务组数:     20
2026-05-26 09:03:09.089 [INFO] main.cpp:370 -   成功事务:     0
2026-05-26 09:03:09.089 [INFO] main.cpp:371 -   失败事务:     760
2026-05-26 09:03:09.089 [INFO] main.cpp:373 -   成功率:       0.0%
2026-05-26 09:03:09.089 [INFO] main.cpp:378 - ======== 命令队列统计 ========
2026-05-26 09:03:09.089 [INFO] main.cpp:379 -   已提交: 0  已执行: 0  成功: 0  失败: 0
2026-05-26 09:03:09.089 [INFO] main.cpp:384 -   队列大小: 0  平均耗时: 0.0ms
2026-05-26 09:03:10.090 [INFO] main.cpp:352 - ======== 总线统计 ========
2026-05-26 09:03:10.090 [INFO] main.cpp:353 -   总事务数:     780
2026-05-26 09:03:10.090 [INFO] main.cpp:354 -   总错误数:     760
2026-05-26 09:03:10.090 [INFO] main.cpp:355 -   发送字节数:   6240
2026-05-26 09:03:10.090 [INFO] main.cpp:356 -   接收字节数:   0
2026-05-26 09:03:10.090 [INFO] main.cpp:357 -   平均延迟:     0.00 ms
2026-05-26 09:03:10.090 [INFO] main.cpp:358 -   最大延迟:     0.00 ms
2026-05-26 09:03:10.090 [INFO] main.cpp:359 -   总线争用次数: 0
2026-05-26 09:03:10.091 [INFO] main.cpp:368 - ======== 轮询统计 ========
2026-05-26 09:03:10.091 [INFO] main.cpp:369 -   任务组数:     20
2026-05-26 09:03:10.091 [INFO] main.cpp:370 -   成功事务:     0
2026-05-26 09:03:10.091 [INFO] main.cpp:371 -   失败事务:     760
2026-05-26 09:03:10.091 [INFO] main.cpp:373 -   成功率:       0.0%
2026-05-26 09:03:10.091 [INFO] main.cpp:378 - ======== 命令队列统计 ========
2026-05-26 09:03:10.091 [INFO] main.cpp:379 -   已提交: 0  已执行: 0  成功: 0  失败: 0
2026-05-26 09:03:10.091 [INFO] main.cpp:384 -   队列大小: 0  平均耗时: 0.0ms
2026-05-26 09:03:11.091 [INFO] main.cpp:352 - ======== 总线统计 ========
2026-05-26 09:03:11.092 [INFO] main.cpp:353 -   总事务数:     780
2026-05-26 09:03:11.092 [INFO] main.cpp:354 -   总错误数:     780
2026-05-26 09:03:11.092 [INFO] main.cpp:355 -   发送字节数:   6240
2026-05-26 09:03:11.092 [INFO] main.cpp:356 -   接收字节数:   0
2026-05-26 09:03:11.092 [INFO] main.cpp:357 -   平均延迟:     0.00 ms
2026-05-26 09:03:11.092 [INFO] main.cpp:358 -   最大延迟:     0.00 ms
2026-05-26 09:03:11.092 [INFO] main.cpp:359 -   总线争用次数: 0
2026-05-26 09:03:11.092 [INFO] main.cpp:368 - ======== 轮询统计 ========
2026-05-26 09:03:11.092 [INFO] main.cpp:369 -   任务组数:     20
2026-05-26 09:03:11.092 [INFO] main.cpp:370 -   成功事务:     0
2026-05-26 09:03:11.092 [INFO] main.cpp:371 -   失败事务:     780
2026-05-26 09:03:11.092 [INFO] main.cpp:373 -   成功率:       0.0%
2026-05-26 09:03:11.092 [INFO] main.cpp:378 - ======== 命令队列统计 ========
2026-05-26 09:03:11.092 [INFO] main.cpp:379 -   已提交: 0  已执行: 0  成功: 0  失败: 0
2026-05-26 09:03:11.092 [INFO] main.cpp:384 -   队列大小: 0  平均耗时: 0.0ms
2026-05-26 09:03:12.093 [INFO] main.cpp:352 - ======== 总线统计 ========
2026-05-26 09:03:12.093 [INFO] main.cpp:353 -   总事务数:     780
2026-05-26 09:03:12.093 [INFO] main.cpp:354 -   总错误数:     780
2026-05-26 09:03:12.094 [INFO] main.cpp:355 -   发送字节数:   6240
2026-05-26 09:03:12.094 [INFO] main.cpp:356 -   接收字节数:   0
2026-05-26 09:03:12.094 [INFO] main.cpp:357 -   平均延迟:     0.00 ms
2026-05-26 09:03:12.094 [INFO] main.cpp:358 -   最大延迟:     0.00 ms
2026-05-26 09:03:12.094 [INFO] main.cpp:359 -   总线争用次数: 0
2026-05-26 09:03:12.094 [INFO] main.cpp:368 - ======== 轮询统计 ========
2026-05-26 09:03:12.094 [INFO] main.cpp:369 -   任务组数:     20
2026-05-26 09:03:12.094 [INFO] main.cpp:370 -   成功事务:     0
2026-05-26 09:03:12.094 [INFO] main.cpp:371 -   失败事务:     780
2026-05-26 09:03:12.094 [INFO] main.cpp:373 -   成功率:       0.0%
2026-05-26 09:03:12.094 [INFO] main.cpp:378 - ======== 命令队列统计 ========
2026-05-26 09:03:12.094 [INFO] main.cpp:379 -   已提交: 0  已执行: 0  成功: 0  失败: 0
2026-05-26 09:03:12.094 [INFO] main.cpp:384 -   队列大小: 0  平均耗时: 0.0ms
2026-05-26 09:03:13.095 [INFO] main.cpp:352 - ======== 总线统计 ========
2026-05-26 09:03:13.095 [INFO] main.cpp:353 -   总事务数:     780
2026-05-26 09:03:13.095 [INFO] main.cpp:354 -   总错误数:     780
2026-05-26 09:03:13.095 [INFO] main.cpp:355 -   发送字节数:   6240
2026-05-26 09:03:13.095 [INFO] main.cpp:356 -   接收字节数:   0
2026-05-26 09:03:13.095 [INFO] main.cpp:357 -   平均延迟:     0.00 ms
2026-05-26 09:03:13.095 [INFO] main.cpp:358 -   最大延迟:     0.00 ms
2026-05-26 09:03:13.095 [INFO] main.cpp:359 -   总线争用次数: 0
2026-05-26 09:03:13.095 [INFO] main.cpp:368 - ======== 轮询统计 ========
2026-05-26 09:03:13.095 [INFO] main.cpp:369 -   任务组数:     20
2026-05-26 09:03:13.095 [INFO] main.cpp:370 -   成功事务:     0
2026-05-26 09:03:13.096 [INFO] main.cpp:371 -   失败事务:     780
2026-05-26 09:03:13.096 [INFO] main.cpp:373 -   成功率:       0.0%
2026-05-26 09:03:13.096 [INFO] main.cpp:378 - ======== 命令队列统计 ========
2026-05-26 09:03:13.096 [INFO] main.cpp:379 -   已提交: 0  已执行: 0  成功: 0  失败: 0
2026-05-26 09:03:13.096 [INFO] main.cpp:384 -   队列大小: 0  平均耗时: 0.0ms
2026-05-26 09:03:14.097 [INFO] main.cpp:352 - ======== 总线统计 ========
2026-05-26 09:03:14.097 [INFO] main.cpp:353 -   总事务数:     780
2026-05-26 09:03:14.097 [INFO] main.cpp:354 -   总错误数:     780
2026-05-26 09:03:14.097 [INFO] main.cpp:355 -   发送字节数:   6240
2026-05-26 09:03:14.097 [INFO] main.cpp:356 -   接收字节数:   0
2026-05-26 09:03:14.097 [INFO] main.cpp:357 -   平均延迟:     0.00 ms
2026-05-26 09:03:14.097 [INFO] main.cpp:358 -   最大延迟:     0.00 ms
2026-05-26 09:03:14.097 [INFO] main.cpp:359 -   总线争用次数: 0
2026-05-26 09:03:14.097 [INFO] main.cpp:368 - ======== 轮询统计 ========
2026-05-26 09:03:14.097 [INFO] main.cpp:369 -   任务组数:     20
2026-05-26 09:03:14.097 [INFO] main.cpp:370 -   成功事务:     0
2026-05-26 09:03:14.097 [INFO] main.cpp:371 -   失败事务:     780
2026-05-26 09:03:14.097 [INFO] main.cpp:373 -   成功率:       0.0%
2026-05-26 09:03:14.097 [INFO] main.cpp:378 - ======== 命令队列统计 ========
2026-05-26 09:03:14.098 [INFO] main.cpp:379 -   已提交: 0  已执行: 0  成功: 0  失败: 0
2026-05-26 09:03:14.098 [INFO] main.cpp:384 -   队列大小: 0  平均耗时: 0.0ms
2026-05-26 09:03:15.099 [INFO] main.cpp:352 - ======== 总线统计 ========
2026-05-26 09:03:15.099 [INFO] main.cpp:353 -   总事务数:     800
2026-05-26 09:03:15.099 [INFO] main.cpp:354 -   总错误数:     780
2026-05-26 09:03:15.099 [INFO] main.cpp:355 -   发送字节数:   6400
2026-05-26 09:03:15.099 [INFO] main.cpp:356 -   接收字节数:   0
2026-05-26 09:03:15.099 [INFO] main.cpp:357 -   平均延迟:     0.00 ms
2026-05-26 09:03:15.099 [INFO] main.cpp:358 -   最大延迟:     0.00 ms
2026-05-26 09:03:15.099 [INFO] main.cpp:359 -   总线争用次数: 0
2026-05-26 09:03:15.099 [INFO] main.cpp:368 - ======== 轮询统计 ========
2026-05-26 09:03:15.099 [INFO] main.cpp:369 -   任务组数:     20
2026-05-26 09:03:15.099 [INFO] main.cpp:370 -   成功事务:     0
2026-05-26 09:03:15.099 [INFO] main.cpp:371 -   失败事务:     780
2026-05-26 09:03:15.099 [INFO] main.cpp:373 -   成功率:       0.0%
2026-05-26 09:03:15.099 [INFO] main.cpp:378 - ======== 命令队列统计 ========
2026-05-26 09:03:15.099 [INFO] main.cpp:379 -   已提交: 0  已执行: 0  成功: 0  失败: 0
2026-05-26 09:03:15.099 [INFO] main.cpp:384 -   队列大小: 0  平均耗时: 0.0ms
2026-05-26 09:03:16.101 [INFO] main.cpp:352 - ======== 总线统计 ========
2026-05-26 09:03:16.101 [INFO] main.cpp:353 -   总事务数:     800
2026-05-26 09:03:16.101 [INFO] main.cpp:354 -   总错误数:     800
2026-05-26 09:03:16.101 [INFO] main.cpp:355 -   发送字节数:   6400
2026-05-26 09:03:16.101 [INFO] main.cpp:356 -   接收字节数:   0
2026-05-26 09:03:16.101 [INFO] main.cpp:357 -   平均延迟:     0.00 ms
2026-05-26 09:03:16.101 [INFO] main.cpp:358 -   最大延迟:     0.00 ms
2026-05-26 09:03:16.101 [INFO] main.cpp:359 -   总线争用次数: 0
2026-05-26 09:03:16.101 [INFO] main.cpp:368 - ======== 轮询统计 ========
2026-05-26 09:03:16.101 [INFO] main.cpp:369 -   任务组数:     20
2026-05-26 09:03:16.101 [INFO] main.cpp:370 -   成功事务:     0
2026-05-26 09:03:16.101 [INFO] main.cpp:371 -   失败事务:     800
2026-05-26 09:03:16.101 [INFO] main.cpp:373 -   成功率:       0.0%
2026-05-26 09:03:16.101 [INFO] main.cpp:378 - ======== 命令队列统计 ========
2026-05-26 09:03:16.101 [INFO] main.cpp:379 -   已提交: 0  已执行: 0  成功: 0  失败: 0
2026-05-26 09:03:16.101 [INFO] main.cpp:384 -   队列大小: 0  平均耗时: 0.0ms
2026-05-26 09:03:17.102 [INFO] main.cpp:352 - ======== 总线统计 ========
2026-05-26 09:03:17.103 [INFO] main.cpp:353 -   总事务数:     800
2026-05-26 09:03:17.103 [INFO] main.cpp:354 -   总错误数:     800
2026-05-26 09:03:17.103 [INFO] main.cpp:355 -   发送字节数:   6400
2026-05-26 09:03:17.103 [INFO] main.cpp:356 -   接收字节数:   0
2026-05-26 09:03:17.103 [INFO] main.cpp:357 -   平均延迟:     0.00 ms
2026-05-26 09:03:17.103 [INFO] main.cpp:358 -   最大延迟:     0.00 ms
2026-05-26 09:03:17.103 [INFO] main.cpp:359 -   总线争用次数: 0
2026-05-26 09:03:17.103 [INFO] main.cpp:368 - ======== 轮询统计 ========
2026-05-26 09:03:17.103 [INFO] main.cpp:369 -   任务组数:     20
2026-05-26 09:03:17.103 [INFO] main.cpp:370 -   成功事务:     0
2026-05-26 09:03:17.103 [INFO] main.cpp:371 -   失败事务:     800
2026-05-26 09:03:17.103 [INFO] main.cpp:373 -   成功率:       0.0%
2026-05-26 09:03:17.103 [INFO] main.cpp:378 - ======== 命令队列统计 ========
2026-05-26 09:03:17.103 [INFO] main.cpp:379 -   已提交: 0  已执行: 0  成功: 0  失败: 0
2026-05-26 09:03:17.103 [INFO] main.cpp:384 -   队列大小: 0  平均耗时: 0.0ms
2026-05-26 09:03:18.104 [INFO] main.cpp:352 - ======== 总线统计 ========
2026-05-26 09:03:18.104 [INFO] main.cpp:353 -   总事务数:     800
2026-05-26 09:03:18.106 [INFO] main.cpp:354 -   总错误数:     800
2026-05-26 09:03:18.106 [INFO] main.cpp:355 -   发送字节数:   6400
2026-05-26 09:03:18.106 [INFO] main.cpp:356 -   接收字节数:   0
2026-05-26 09:03:18.106 [INFO] main.cpp:357 -   平均延迟:     0.00 ms
2026-05-26 09:03:18.106 [INFO] main.cpp:358 -   最大延迟:     0.00 ms
2026-05-26 09:03:18.106 [INFO] main.cpp:359 -   总线争用次数: 0
2026-05-26 09:03:18.106 [INFO] main.cpp:368 - ======== 轮询统计 ========
2026-05-26 09:03:18.106 [INFO] main.cpp:369 -   任务组数:     20
2026-05-26 09:03:18.106 [INFO] main.cpp:370 -   成功事务:     0
2026-05-26 09:03:18.106 [INFO] main.cpp:371 -   失败事务:     800
2026-05-26 09:03:18.106 [INFO] main.cpp:373 -   成功率:       0.0%
2026-05-26 09:03:18.106 [INFO] main.cpp:378 - ======== 命令队列统计 ========
2026-05-26 09:03:18.106 [INFO] main.cpp:379 -   已提交: 0  已执行: 0  成功: 0  失败: 0
2026-05-26 09:03:18.107 [INFO] main.cpp:384 -   队列大小: 0  平均耗时: 0.0ms
2026-05-26 09:03:19.107 [INFO] main.cpp:352 - ======== 总线统计 ========
2026-05-26 09:03:19.108 [INFO] main.cpp:353 -   总事务数:     800
2026-05-26 09:03:19.108 [INFO] main.cpp:354 -   总错误数:     800
2026-05-26 09:03:19.108 [INFO] main.cpp:355 -   发送字节数:   6400
2026-05-26 09:03:19.108 [INFO] main.cpp:356 -   接收字节数:   0
2026-05-26 09:03:19.108 [INFO] main.cpp:357 -   平均延迟:     0.00 ms
2026-05-26 09:03:19.108 [INFO] main.cpp:358 -   最大延迟:     0.00 ms
2026-05-26 09:03:19.108 [INFO] main.cpp:359 -   总线争用次数: 0
2026-05-26 09:03:19.108 [INFO] main.cpp:368 - ======== 轮询统计 ========
2026-05-26 09:03:19.108 [INFO] main.cpp:369 -   任务组数:     20
2026-05-26 09:03:19.108 [INFO] main.cpp:370 -   成功事务:     0
2026-05-26 09:03:19.108 [INFO] main.cpp:371 -   失败事务:     800
2026-05-26 09:03:19.108 [INFO] main.cpp:373 -   成功率:       0.0%
2026-05-26 09:03:19.108 [INFO] main.cpp:378 - ======== 命令队列统计 ========
2026-05-26 09:03:19.108 [INFO] main.cpp:379 -   已提交: 0  已执行: 0  成功: 0  失败: 0
2026-05-26 09:03:19.108 [INFO] main.cpp:384 -   队列大小: 0  平均耗时: 0.0ms
2026-05-26 09:03:20.109 [INFO] main.cpp:352 - ======== 总线统计 ========
2026-05-26 09:03:20.109 [INFO] main.cpp:353 -   总事务数:     820
2026-05-26 09:03:20.110 [INFO] main.cpp:354 -   总错误数:     800
2026-05-26 09:03:20.110 [INFO] main.cpp:355 -   发送字节数:   6560
2026-05-26 09:03:20.110 [INFO] main.cpp:356 -   接收字节数:   0
2026-05-26 09:03:20.110 [INFO] main.cpp:357 -   平均延迟:     0.00 ms
2026-05-26 09:03:20.110 [INFO] main.cpp:358 -   最大延迟:     0.00 ms
2026-05-26 09:03:20.110 [INFO] main.cpp:359 -   总线争用次数: 0
2026-05-26 09:03:20.110 [INFO] main.cpp:368 - ======== 轮询统计 ========
2026-05-26 09:03:20.110 [INFO] main.cpp:369 -   任务组数:     20
2026-05-26 09:03:20.110 [INFO] main.cpp:370 -   成功事务:     0
2026-05-26 09:03:20.110 [INFO] main.cpp:371 -   失败事务:     800
2026-05-26 09:03:20.110 [INFO] main.cpp:373 -   成功率:       0.0%
2026-05-26 09:03:20.110 [INFO] main.cpp:378 - ======== 命令队列统计 ========
2026-05-26 09:03:20.110 [INFO] main.cpp:379 -   已提交: 0  已执行: 0  成功: 0  失败: 0
2026-05-26 09:03:20.110 [INFO] main.cpp:384 -   队列大小: 0  平均耗时: 0.0ms
2026-05-26 09:03:21.111 [INFO] main.cpp:352 - ======== 总线统计 ========
2026-05-26 09:03:21.111 [INFO] main.cpp:353 -   总事务数:     820
2026-05-26 09:03:21.111 [INFO] main.cpp:354 -   总错误数:     820
2026-05-26 09:03:21.111 [INFO] main.cpp:355 -   发送字节数:   6560
2026-05-26 09:03:21.112 [INFO] main.cpp:356 -   接收字节数:   0
2026-05-26 09:03:21.112 [INFO] main.cpp:357 -   平均延迟:     0.00 ms
2026-05-26 09:03:21.112 [INFO] main.cpp:358 -   最大延迟:     0.00 ms
2026-05-26 09:03:21.112 [INFO] main.cpp:359 -   总线争用次数: 0
2026-05-26 09:03:21.112 [INFO] main.cpp:368 - ======== 轮询统计 ========
2026-05-26 09:03:21.112 [INFO] main.cpp:369 -   任务组数:     20
2026-05-26 09:03:21.112 [INFO] main.cpp:370 -   成功事务:     0
2026-05-26 09:03:21.112 [INFO] main.cpp:371 -   失败事务:     820
2026-05-26 09:03:21.112 [INFO] main.cpp:373 -   成功率:       0.0%
2026-05-26 09:03:21.112 [INFO] main.cpp:378 - ======== 命令队列统计 ========
2026-05-26 09:03:21.112 [INFO] main.cpp:379 -   已提交: 0  已执行: 0  成功: 0  失败: 0
2026-05-26 09:03:21.112 [INFO] main.cpp:384 -   队列大小: 0  平均耗时: 0.0ms
2026-05-26 09:03:22.113 [INFO] main.cpp:352 - ======== 总线统计 ========
2026-05-26 09:03:22.113 [INFO] main.cpp:353 -   总事务数:     820
2026-05-26 09:03:22.113 [INFO] main.cpp:354 -   总错误数:     820
2026-05-26 09:03:22.113 [INFO] main.cpp:355 -   发送字节数:   6560
2026-05-26 09:03:22.113 [INFO] main.cpp:356 -   接收字节数:   0
2026-05-26 09:03:22.113 [INFO] main.cpp:357 -   平均延迟:     0.00 ms
2026-05-26 09:03:22.113 [INFO] main.cpp:358 -   最大延迟:     0.00 ms
2026-05-26 09:03:22.113 [INFO] main.cpp:359 -   总线争用次数: 0
2026-05-26 09:03:22.113 [INFO] main.cpp:368 - ======== 轮询统计 ========
2026-05-26 09:03:22.113 [INFO] main.cpp:369 -   任务组数:     20
2026-05-26 09:03:22.113 [INFO] main.cpp:370 -   成功事务:     0
2026-05-26 09:03:22.113 [INFO] main.cpp:371 -   失败事务:     820
2026-05-26 09:03:22.113 [INFO] main.cpp:373 -   成功率:       0.0%
2026-05-26 09:03:22.113 [INFO] main.cpp:378 - ======== 命令队列统计 ========
2026-05-26 09:03:22.114 [INFO] main.cpp:379 -   已提交: 0  已执行: 0  成功: 0  失败: 0
2026-05-26 09:03:22.114 [INFO] main.cpp:384 -   队列大小: 0  平均耗时: 0.0ms
2026-05-26 09:03:23.115 [INFO] main.cpp:352 - ======== 总线统计 ========
2026-05-26 09:03:23.115 [INFO] main.cpp:353 -   总事务数:     820
2026-05-26 09:03:23.116 [INFO] main.cpp:354 -   总错误数:     820
2026-05-26 09:03:23.116 [INFO] main.cpp:355 -   发送字节数:   6560
2026-05-26 09:03:23.116 [INFO] main.cpp:356 -   接收字节数:   0
2026-05-26 09:03:23.117 [INFO] main.cpp:357 -   平均延迟:     0.00 ms
2026-05-26 09:03:23.117 [INFO] main.cpp:358 -   最大延迟:     0.00 ms
2026-05-26 09:03:23.117 [INFO] main.cpp:359 -   总线争用次数: 0
2026-05-26 09:03:23.117 [INFO] main.cpp:368 - ======== 轮询统计 ========
2026-05-26 09:03:23.117 [INFO] main.cpp:369 -   任务组数:     20
2026-05-26 09:03:23.117 [INFO] main.cpp:370 -   成功事务:     0
2026-05-26 09:03:23.117 [INFO] main.cpp:371 -   失败事务:     820
2026-05-26 09:03:23.117 [INFO] main.cpp:373 -   成功率:       0.0%
2026-05-26 09:03:23.117 [INFO] main.cpp:378 - ======== 命令队列统计 ========
2026-05-26 09:03:23.117 [INFO] main.cpp:379 -   已提交: 0  已执行: 0  成功: 0  失败: 0
2026-05-26 09:03:23.117 [INFO] main.cpp:384 -   队列大小: 0  平均耗时: 0.0ms
2026-05-26 09:03:24.118 [INFO] main.cpp:352 - ======== 总线统计 ========
2026-05-26 09:03:24.118 [INFO] main.cpp:353 -   总事务数:     820
2026-05-26 09:03:24.118 [INFO] main.cpp:354 -   总错误数:     820
2026-05-26 09:03:24.119 [INFO] main.cpp:355 -   发送字节数:   6560
2026-05-26 09:03:24.119 [INFO] main.cpp:356 -   接收字节数:   0
2026-05-26 09:03:24.119 [INFO] main.cpp:357 -   平均延迟:     0.00 ms
2026-05-26 09:03:24.119 [INFO] main.cpp:358 -   最大延迟:     0.00 ms
2026-05-26 09:03:24.119 [INFO] main.cpp:359 -   总线争用次数: 0
2026-05-26 09:03:24.119 [INFO] main.cpp:368 - ======== 轮询统计 ========
2026-05-26 09:03:24.119 [INFO] main.cpp:369 -   任务组数:     20
2026-05-26 09:03:24.119 [INFO] main.cpp:370 -   成功事务:     0
2026-05-26 09:03:24.119 [INFO] main.cpp:371 -   失败事务:     820
2026-05-26 09:03:24.119 [INFO] main.cpp:373 -   成功率:       0.0%
2026-05-26 09:03:24.119 [INFO] main.cpp:378 - ======== 命令队列统计 ========
2026-05-26 09:03:24.119 [INFO] main.cpp:379 -   已提交: 0  已执行: 0  成功: 0  失败: 0
2026-05-26 09:03:24.119 [INFO] main.cpp:384 -   队列大小: 0  平均耗时: 0.0ms
2026-05-26 09:03:25.120 [INFO] main.cpp:352 - ======== 总线统计 ========
2026-05-26 09:03:25.120 [INFO] main.cpp:353 -   总事务数:     840
2026-05-26 09:03:25.120 [INFO] main.cpp:354 -   总错误数:     820
2026-05-26 09:03:25.120 [INFO] main.cpp:355 -   发送字节数:   6720
2026-05-26 09:03:25.120 [INFO] main.cpp:356 -   接收字节数:   0
2026-05-26 09:03:25.120 [INFO] main.cpp:357 -   平均延迟:     0.00 ms
2026-05-26 09:03:25.120 [INFO] main.cpp:358 -   最大延迟:     0.00 ms
2026-05-26 09:03:25.120 [INFO] main.cpp:359 -   总线争用次数: 0
2026-05-26 09:03:25.121 [INFO] main.cpp:368 - ======== 轮询统计 ========
2026-05-26 09:03:25.121 [INFO] main.cpp:369 -   任务组数:     20
2026-05-26 09:03:25.121 [INFO] main.cpp:370 -   成功事务:     0
2026-05-26 09:03:25.121 [INFO] main.cpp:371 -   失败事务:     820
2026-05-26 09:03:25.121 [INFO] main.cpp:373 -   成功率:       0.0%
2026-05-26 09:03:25.121 [INFO] main.cpp:378 - ======== 命令队列统计 ========
2026-05-26 09:03:25.121 [INFO] main.cpp:379 -   已提交: 0  已执行: 0  成功: 0  失败: 0
2026-05-26 09:03:25.121 [INFO] main.cpp:384 -   队列大小: 0  平均耗时: 0.0ms
2026-05-26 09:03:26.122 [INFO] main.cpp:352 - ======== 总线统计 ========
2026-05-26 09:03:26.122 [INFO] main.cpp:353 -   总事务数:     840
2026-05-26 09:03:26.122 [INFO] main.cpp:354 -   总错误数:     840
2026-05-26 09:03:26.122 [INFO] main.cpp:355 -   发送字节数:   6720
2026-05-26 09:03:26.122 [INFO] main.cpp:356 -   接收字节数:   0
2026-05-26 09:03:26.122 [INFO] main.cpp:357 -   平均延迟:     0.00 ms
2026-05-26 09:03:26.122 [INFO] main.cpp:358 -   最大延迟:     0.00 ms
2026-05-26 09:03:26.122 [INFO] main.cpp:359 -   总线争用次数: 0
2026-05-26 09:03:26.122 [INFO] main.cpp:368 - ======== 轮询统计 ========
2026-05-26 09:03:26.122 [INFO] main.cpp:369 -   任务组数:     20
2026-05-26 09:03:26.123 [INFO] main.cpp:370 -   成功事务:     0
2026-05-26 09:03:26.123 [INFO] main.cpp:371 -   失败事务:     840
2026-05-26 09:03:26.123 [INFO] main.cpp:373 -   成功率:       0.0%
2026-05-26 09:03:26.123 [INFO] main.cpp:378 - ======== 命令队列统计 ========
2026-05-26 09:03:26.123 [INFO] main.cpp:379 -   已提交: 0  已执行: 0  成功: 0  失败: 0
2026-05-26 09:03:26.123 [INFO] main.cpp:384 -   队列大小: 0  平均耗时: 0.0ms
2026-05-26 09:03:27.123 [INFO] main.cpp:352 - ======== 总线统计 ========
2026-05-26 09:03:27.123 [INFO] main.cpp:353 -   总事务数:     840
2026-05-26 09:03:27.123 [INFO] main.cpp:354 -   总错误数:     840
2026-05-26 09:03:27.123 [INFO] main.cpp:355 -   发送字节数:   6720
2026-05-26 09:03:27.123 [INFO] main.cpp:356 -   接收字节数:   0
2026-05-26 09:03:27.124 [INFO] main.cpp:357 -   平均延迟:     0.00 ms
2026-05-26 09:03:27.124 [INFO] main.cpp:358 -   最大延迟:     0.00 ms
2026-05-26 09:03:27.124 [INFO] main.cpp:359 -   总线争用次数: 0
2026-05-26 09:03:27.124 [INFO] main.cpp:368 - ======== 轮询统计 ========
2026-05-26 09:03:27.124 [INFO] main.cpp:369 -   任务组数:     20
2026-05-26 09:03:27.124 [INFO] main.cpp:370 -   成功事务:     0
2026-05-26 09:03:27.124 [INFO] main.cpp:371 -   失败事务:     840
2026-05-26 09:03:27.124 [INFO] main.cpp:373 -   成功率:       0.0%
2026-05-26 09:03:27.124 [INFO] main.cpp:378 - ======== 命令队列统计 ========
2026-05-26 09:03:27.124 [INFO] main.cpp:379 -   已提交: 0  已执行: 0  成功: 0  失败: 0
2026-05-26 09:03:27.124 [INFO] main.cpp:384 -   队列大小: 0  平均耗时: 0.0ms
2026-05-26 09:03:28.125 [INFO] main.cpp:352 - ======== 总线统计 ========
2026-05-26 09:03:28.125 [INFO] main.cpp:353 -   总事务数:     840
2026-05-26 09:03:28.126 [INFO] main.cpp:354 -   总错误数:     840
2026-05-26 09:03:28.126 [INFO] main.cpp:355 -   发送字节数:   6720
2026-05-26 09:03:28.126 [INFO] main.cpp:356 -   接收字节数:   0
2026-05-26 09:03:28.126 [INFO] main.cpp:357 -   平均延迟:     0.00 ms
2026-05-26 09:03:28.126 [INFO] main.cpp:358 -   最大延迟:     0.00 ms
2026-05-26 09:03:28.126 [INFO] main.cpp:359 -   总线争用次数: 0
2026-05-26 09:03:28.127 [INFO] main.cpp:368 - ======== 轮询统计 ========
2026-05-26 09:03:28.127 [INFO] main.cpp:369 -   任务组数:     20
2026-05-26 09:03:28.127 [INFO] main.cpp:370 -   成功事务:     0
2026-05-26 09:03:28.127 [INFO] main.cpp:371 -   失败事务:     840
2026-05-26 09:03:28.127 [INFO] main.cpp:373 -   成功率:       0.0%
2026-05-26 09:03:28.127 [INFO] main.cpp:378 - ======== 命令队列统计 ========
2026-05-26 09:03:28.127 [INFO] main.cpp:379 -   已提交: 0  已执行: 0  成功: 0  失败: 0
2026-05-26 09:03:28.127 [INFO] main.cpp:384 -   队列大小: 0  平均耗时: 0.0ms
2026-05-26 09:03:29.128 [INFO] main.cpp:352 - ======== 总线统计 ========
2026-05-26 09:03:29.128 [INFO] main.cpp:353 -   总事务数:     840
2026-05-26 09:03:29.128 [INFO] main.cpp:354 -   总错误数:     840
2026-05-26 09:03:29.128 [INFO] main.cpp:355 -   发送字节数:   6720
2026-05-26 09:03:29.128 [INFO] main.cpp:356 -   接收字节数:   0
2026-05-26 09:03:29.128 [INFO] main.cpp:357 -   平均延迟:     0.00 ms
2026-05-26 09:03:29.128 [INFO] main.cpp:358 -   最大延迟:     0.00 ms
2026-05-26 09:03:29.128 [INFO] main.cpp:359 -   总线争用次数: 0
2026-05-26 09:03:29.128 [INFO] main.cpp:368 - ======== 轮询统计 ========
2026-05-26 09:03:29.128 [INFO] main.cpp:369 -   任务组数:     20
2026-05-26 09:03:29.129 [INFO] main.cpp:370 -   成功事务:     0
2026-05-26 09:03:29.129 [INFO] main.cpp:371 -   失败事务:     840
2026-05-26 09:03:29.129 [INFO] main.cpp:373 -   成功率:       0.0%
2026-05-26 09:03:29.129 [INFO] main.cpp:378 - ======== 命令队列统计 ========
2026-05-26 09:03:29.129 [INFO] main.cpp:379 -   已提交: 0  已执行: 0  成功: 0  失败: 0
2026-05-26 09:03:29.129 [INFO] main.cpp:384 -   队列大小: 0  平均耗时: 0.0ms
2026-05-26 09:03:30.130 [INFO] main.cpp:352 - ======== 总线统计 ========
2026-05-26 09:03:30.130 [INFO] main.cpp:353 -   总事务数:     860
2026-05-26 09:03:30.130 [INFO] main.cpp:354 -   总错误数:     840
2026-05-26 09:03:30.130 [INFO] main.cpp:355 -   发送字节数:   6880
2026-05-26 09:03:30.130 [INFO] main.cpp:356 -   接收字节数:   0
2026-05-26 09:03:30.130 [INFO] main.cpp:357 -   平均延迟:     0.00 ms
2026-05-26 09:03:30.130 [INFO] main.cpp:358 -   最大延迟:     0.00 ms
2026-05-26 09:03:30.130 [INFO] main.cpp:359 -   总线争用次数: 0
2026-05-26 09:03:30.130 [INFO] main.cpp:368 - ======== 轮询统计 ========
2026-05-26 09:03:30.130 [INFO] main.cpp:369 -   任务组数:     20
2026-05-26 09:03:30.130 [INFO] main.cpp:370 -   成功事务:     0
2026-05-26 09:03:30.130 [INFO] main.cpp:371 -   失败事务:     840
2026-05-26 09:03:30.130 [INFO] main.cpp:373 -   成功率:       0.0%
2026-05-26 09:03:30.130 [INFO] main.cpp:378 - ======== 命令队列统计 ========
2026-05-26 09:03:30.131 [INFO] main.cpp:379 -   已提交: 0  已执行: 0  成功: 0  失败: 0
2026-05-26 09:03:30.131 [INFO] main.cpp:384 -   队列大小: 0  平均耗时: 0.0ms
2026-05-26 09:03:31.132 [INFO] main.cpp:352 - ======== 总线统计 ========
2026-05-26 09:03:31.132 [INFO] main.cpp:353 -   总事务数:     860
2026-05-26 09:03:31.132 [INFO] main.cpp:354 -   总错误数:     860
2026-05-26 09:03:31.132 [INFO] main.cpp:355 -   发送字节数:   6880
2026-05-26 09:03:31.132 [INFO] main.cpp:356 -   接收字节数:   0
2026-05-26 09:03:31.132 [INFO] main.cpp:357 -   平均延迟:     0.00 ms
2026-05-26 09:03:31.132 [INFO] main.cpp:358 -   最大延迟:     0.00 ms
2026-05-26 09:03:31.132 [INFO] main.cpp:359 -   总线争用次数: 0
2026-05-26 09:03:31.132 [INFO] main.cpp:368 - ======== 轮询统计 ========
2026-05-26 09:03:31.132 [INFO] main.cpp:369 -   任务组数:     20
2026-05-26 09:03:31.132 [INFO] main.cpp:370 -   成功事务:     0
2026-05-26 09:03:31.132 [INFO] main.cpp:371 -   失败事务:     860
2026-05-26 09:03:31.132 [INFO] main.cpp:373 -   成功率:       0.0%
2026-05-26 09:03:31.132 [INFO] main.cpp:378 - ======== 命令队列统计 ========
2026-05-26 09:03:31.132 [INFO] main.cpp:379 -   已提交: 0  已执行: 0  成功: 0  失败: 0
2026-05-26 09:03:31.133 [INFO] main.cpp:384 -   队列大小: 0  平均耗时: 0.0ms
2026-05-26 09:03:32.134 [INFO] main.cpp:352 - ======== 总线统计 ========
2026-05-26 09:03:32.134 [INFO] main.cpp:353 -   总事务数:     860
2026-05-26 09:03:32.134 [INFO] main.cpp:354 -   总错误数:     860
2026-05-26 09:03:32.134 [INFO] main.cpp:355 -   发送字节数:   6880
2026-05-26 09:03:32.134 [INFO] main.cpp:356 -   接收字节数:   0
2026-05-26 09:03:32.134 [INFO] main.cpp:357 -   平均延迟:     0.00 ms
2026-05-26 09:03:32.134 [INFO] main.cpp:358 -   最大延迟:     0.00 ms
2026-05-26 09:03:32.134 [INFO] main.cpp:359 -   总线争用次数: 0
2026-05-26 09:03:32.134 [INFO] main.cpp:368 - ======== 轮询统计 ========
2026-05-26 09:03:32.134 [INFO] main.cpp:369 -   任务组数:     20
2026-05-26 09:03:32.134 [INFO] main.cpp:370 -   成功事务:     0
2026-05-26 09:03:32.134 [INFO] main.cpp:371 -   失败事务:     860
2026-05-26 09:03:32.134 [INFO] main.cpp:373 -   成功率:       0.0%
2026-05-26 09:03:32.134 [INFO] main.cpp:378 - ======== 命令队列统计 ========
2026-05-26 09:03:32.134 [INFO] main.cpp:379 -   已提交: 0  已执行: 0  成功: 0  失败: 0
2026-05-26 09:03:32.134 [INFO] main.cpp:384 -   队列大小: 0  平均耗时: 0.0ms
2026-05-26 09:03:33.135 [INFO] main.cpp:352 - ======== 总线统计 ========
2026-05-26 09:03:33.136 [INFO] main.cpp:353 -   总事务数:     860
2026-05-26 09:03:33.137 [INFO] main.cpp:354 -   总错误数:     860
2026-05-26 09:03:33.137 [INFO] main.cpp:355 -   发送字节数:   6880
2026-05-26 09:03:33.137 [INFO] main.cpp:356 -   接收字节数:   0
2026-05-26 09:03:33.137 [INFO] main.cpp:357 -   平均延迟:     0.00 ms
2026-05-26 09:03:33.137 [INFO] main.cpp:358 -   最大延迟:     0.00 ms
2026-05-26 09:03:33.137 [INFO] main.cpp:359 -   总线争用次数: 0
2026-05-26 09:03:33.137 [INFO] main.cpp:368 - ======== 轮询统计 ========
2026-05-26 09:03:33.137 [INFO] main.cpp:369 -   任务组数:     20
2026-05-26 09:03:33.137 [INFO] main.cpp:370 -   成功事务:     0
2026-05-26 09:03:33.137 [INFO] main.cpp:371 -   失败事务:     860
2026-05-26 09:03:33.137 [INFO] main.cpp:373 -   成功率:       0.0%
2026-05-26 09:03:33.137 [INFO] main.cpp:378 - ======== 命令队列统计 ========
2026-05-26 09:03:33.137 [INFO] main.cpp:379 -   已提交: 0  已执行: 0  成功: 0  失败: 0
2026-05-26 09:03:33.137 [INFO] main.cpp:384 -   队列大小: 0  平均耗时: 0.0ms
2026-05-26 09:03:34.139 [INFO] main.cpp:352 - ======== 总线统计 ========
2026-05-26 09:03:34.139 [INFO] main.cpp:353 -   总事务数:     860
2026-05-26 09:03:34.139 [INFO] main.cpp:354 -   总错误数:     860
2026-05-26 09:03:34.139 [INFO] main.cpp:355 -   发送字节数:   6880
2026-05-26 09:03:34.139 [INFO] main.cpp:356 -   接收字节数:   0
2026-05-26 09:03:34.139 [INFO] main.cpp:357 -   平均延迟:     0.00 ms
2026-05-26 09:03:34.139 [INFO] main.cpp:358 -   最大延迟:     0.00 ms
2026-05-26 09:03:34.139 [INFO] main.cpp:359 -   总线争用次数: 0
2026-05-26 09:03:34.139 [INFO] main.cpp:368 - ======== 轮询统计 ========
2026-05-26 09:03:34.139 [INFO] main.cpp:369 -   任务组数:     20
2026-05-26 09:03:34.139 [INFO] main.cpp:370 -   成功事务:     0
2026-05-26 09:03:34.139 [INFO] main.cpp:371 -   失败事务:     860
2026-05-26 09:03:34.139 [INFO] main.cpp:373 -   成功率:       0.0%
2026-05-26 09:03:34.139 [INFO] main.cpp:378 - ======== 命令队列统计 ========
2026-05-26 09:03:34.139 [INFO] main.cpp:379 -   已提交: 0  已执行: 0  成功: 0  失败: 0
2026-05-26 09:03:34.139 [INFO] main.cpp:384 -   队列大小: 0  平均耗时: 0.0ms
2026-05-26 09:03:35.141 [INFO] main.cpp:352 - ======== 总线统计 ========
2026-05-26 09:03:35.141 [INFO] main.cpp:353 -   总事务数:     880
2026-05-26 09:03:35.141 [INFO] main.cpp:354 -   总错误数:     860
2026-05-26 09:03:35.141 [INFO] main.cpp:355 -   发送字节数:   7040
2026-05-26 09:03:35.141 [INFO] main.cpp:356 -   接收字节数:   0
2026-05-26 09:03:35.141 [INFO] main.cpp:357 -   平均延迟:     0.00 ms
2026-05-26 09:03:35.141 [INFO] main.cpp:358 -   最大延迟:     0.00 ms
2026-05-26 09:03:35.141 [INFO] main.cpp:359 -   总线争用次数: 0
2026-05-26 09:03:35.141 [INFO] main.cpp:368 - ======== 轮询统计 ========
2026-05-26 09:03:35.141 [INFO] main.cpp:369 -   任务组数:     20
2026-05-26 09:03:35.141 [INFO] main.cpp:370 -   成功事务:     0
2026-05-26 09:03:35.141 [INFO] main.cpp:371 -   失败事务:     860
2026-05-26 09:03:35.141 [INFO] main.cpp:373 -   成功率:       0.0%
2026-05-26 09:03:35.141 [INFO] main.cpp:378 - ======== 命令队列统计 ========
2026-05-26 09:03:35.141 [INFO] main.cpp:379 -   已提交: 0  已执行: 0  成功: 0  失败: 0
2026-05-26 09:03:35.141 [INFO] main.cpp:384 -   队列大小: 0  平均耗时: 0.0ms
2026-05-26 09:03:36.142 [INFO] main.cpp:352 - ======== 总线统计 ========
2026-05-26 09:03:36.142 [INFO] main.cpp:353 -   总事务数:     880
2026-05-26 09:03:36.142 [INFO] main.cpp:354 -   总错误数:     880
2026-05-26 09:03:36.142 [INFO] main.cpp:355 -   发送字节数:   7040
2026-05-26 09:03:36.142 [INFO] main.cpp:356 -   接收字节数:   0
2026-05-26 09:03:36.142 [INFO] main.cpp:357 -   平均延迟:     0.00 ms
2026-05-26 09:03:36.143 [INFO] main.cpp:358 -   最大延迟:     0.00 ms
2026-05-26 09:03:36.143 [INFO] main.cpp:359 -   总线争用次数: 0
2026-05-26 09:03:36.143 [INFO] main.cpp:368 - ======== 轮询统计 ========
2026-05-26 09:03:36.143 [INFO] main.cpp:369 -   任务组数:     20
2026-05-26 09:03:36.143 [INFO] main.cpp:370 -   成功事务:     0
2026-05-26 09:03:36.143 [INFO] main.cpp:371 -   失败事务:     880
2026-05-26 09:03:36.143 [INFO] main.cpp:373 -   成功率:       0.0%
2026-05-26 09:03:36.143 [INFO] main.cpp:378 - ======== 命令队列统计 ========
2026-05-26 09:03:36.143 [INFO] main.cpp:379 -   已提交: 0  已执行: 0  成功: 0  失败: 0
2026-05-26 09:03:36.143 [INFO] main.cpp:384 -   队列大小: 0  平均耗时: 0.0ms
2026-05-26 09:03:37.144 [INFO] main.cpp:352 - ======== 总线统计 ========
2026-05-26 09:03:37.144 [INFO] main.cpp:353 -   总事务数:     880
2026-05-26 09:03:37.144 [INFO] main.cpp:354 -   总错误数:     880
2026-05-26 09:03:37.144 [INFO] main.cpp:355 -   发送字节数:   7040
2026-05-26 09:03:37.144 [INFO] main.cpp:356 -   接收字节数:   0
2026-05-26 09:03:37.144 [INFO] main.cpp:357 -   平均延迟:     0.00 ms
2026-05-26 09:03:37.145 [INFO] main.cpp:358 -   最大延迟:     0.00 ms
2026-05-26 09:03:37.145 [INFO] main.cpp:359 -   总线争用次数: 0
2026-05-26 09:03:37.145 [INFO] main.cpp:368 - ======== 轮询统计 ========
2026-05-26 09:03:37.145 [INFO] main.cpp:369 -   任务组数:     20
2026-05-26 09:03:37.145 [INFO] main.cpp:370 -   成功事务:     0
2026-05-26 09:03:37.145 [INFO] main.cpp:371 -   失败事务:     880
2026-05-26 09:03:37.145 [INFO] main.cpp:373 -   成功率:       0.0%
2026-05-26 09:03:37.145 [INFO] main.cpp:378 - ======== 命令队列统计 ========
2026-05-26 09:03:37.145 [INFO] main.cpp:379 -   已提交: 0  已执行: 0  成功: 0  失败: 0
2026-05-26 09:03:37.145 [INFO] main.cpp:384 -   队列大小: 0  平均耗时: 0.0ms
2026-05-26 09:03:38.146 [INFO] main.cpp:352 - ======== 总线统计 ========
2026-05-26 09:03:38.146 [INFO] main.cpp:353 -   总事务数:     880
2026-05-26 09:03:38.146 [INFO] main.cpp:354 -   总错误数:     880
2026-05-26 09:03:38.146 [INFO] main.cpp:355 -   发送字节数:   7040
2026-05-26 09:03:38.146 [INFO] main.cpp:356 -   接收字节数:   0
2026-05-26 09:03:38.146 [INFO] main.cpp:357 -   平均延迟:     0.00 ms
2026-05-26 09:03:38.146 [INFO] main.cpp:358 -   最大延迟:     0.00 ms
2026-05-26 09:03:38.146 [INFO] main.cpp:359 -   总线争用次数: 0
2026-05-26 09:03:38.147 [INFO] main.cpp:368 - ======== 轮询统计 ========
2026-05-26 09:03:38.147 [INFO] main.cpp:369 -   任务组数:     20
2026-05-26 09:03:38.147 [INFO] main.cpp:370 -   成功事务:     0
2026-05-26 09:03:38.147 [INFO] main.cpp:371 -   失败事务:     880
2026-05-26 09:03:38.147 [INFO] main.cpp:373 -   成功率:       0.0%
2026-05-26 09:03:38.147 [INFO] main.cpp:378 - ======== 命令队列统计 ========
2026-05-26 09:03:38.147 [INFO] main.cpp:379 -   已提交: 0  已执行: 0  成功: 0  失败: 0
2026-05-26 09:03:38.147 [INFO] main.cpp:384 -   队列大小: 0  平均耗时: 0.0ms
2026-05-26 09:03:39.148 [INFO] main.cpp:352 - ======== 总线统计 ========
2026-05-26 09:03:39.148 [INFO] main.cpp:353 -   总事务数:     880
2026-05-26 09:03:39.148 [INFO] main.cpp:354 -   总错误数:     880
2026-05-26 09:03:39.148 [INFO] main.cpp:355 -   发送字节数:   7040
2026-05-26 09:03:39.148 [INFO] main.cpp:356 -   接收字节数:   0
2026-05-26 09:03:39.148 [INFO] main.cpp:357 -   平均延迟:     0.00 ms
2026-05-26 09:03:39.148 [INFO] main.cpp:358 -   最大延迟:     0.00 ms
2026-05-26 09:03:39.148 [INFO] main.cpp:359 -   总线争用次数: 0
2026-05-26 09:03:39.148 [INFO] main.cpp:368 - ======== 轮询统计 ========
2026-05-26 09:03:39.148 [INFO] main.cpp:369 -   任务组数:     20
2026-05-26 09:03:39.149 [INFO] main.cpp:370 -   成功事务:     0
2026-05-26 09:03:39.149 [INFO] main.cpp:371 -   失败事务:     880
2026-05-26 09:03:39.149 [INFO] main.cpp:373 -   成功率:       0.0%
2026-05-26 09:03:39.149 [INFO] main.cpp:378 - ======== 命令队列统计 ========
2026-05-26 09:03:39.149 [INFO] main.cpp:379 -   已提交: 0  已执行: 0  成功: 0  失败: 0
2026-05-26 09:03:39.149 [INFO] main.cpp:384 -   队列大小: 0  平均耗时: 0.0ms
2026-05-26 09:03:40.150 [INFO] main.cpp:352 - ======== 总线统计 ========
2026-05-26 09:03:40.150 [INFO] main.cpp:353 -   总事务数:     900
2026-05-26 09:03:40.150 [INFO] main.cpp:354 -   总错误数:     880
2026-05-26 09:03:40.150 [INFO] main.cpp:355 -   发送字节数:   7200
2026-05-26 09:03:40.150 [INFO] main.cpp:356 -   接收字节数:   0
2026-05-26 09:03:40.150 [INFO] main.cpp:357 -   平均延迟:     0.00 ms
2026-05-26 09:03:40.150 [INFO] main.cpp:358 -   最大延迟:     0.00 ms
2026-05-26 09:03:40.150 [INFO] main.cpp:359 -   总线争用次数: 0
2026-05-26 09:03:40.150 [INFO] main.cpp:368 - ======== 轮询统计 ========
2026-05-26 09:03:40.150 [INFO] main.cpp:369 -   任务组数:     20
2026-05-26 09:03:40.150 [INFO] main.cpp:370 -   成功事务:     0
2026-05-26 09:03:40.150 [INFO] main.cpp:371 -   失败事务:     880
2026-05-26 09:03:40.150 [INFO] main.cpp:373 -   成功率:       0.0%
2026-05-26 09:03:40.150 [INFO] main.cpp:378 - ======== 命令队列统计 ========
2026-05-26 09:03:40.150 [INFO] main.cpp:379 -   已提交: 0  已执行: 0  成功: 0  失败: 0
2026-05-26 09:03:40.150 [INFO] main.cpp:384 -   队列大小: 0  平均耗时: 0.0ms
2026-05-26 09:03:41.151 [INFO] main.cpp:352 - ======== 总线统计 ========
2026-05-26 09:03:41.152 [INFO] main.cpp:353 -   总事务数:     900
2026-05-26 09:03:41.152 [INFO] main.cpp:354 -   总错误数:     900
2026-05-26 09:03:41.152 [INFO] main.cpp:355 -   发送字节数:   7200
2026-05-26 09:03:41.152 [INFO] main.cpp:356 -   接收字节数:   0
2026-05-26 09:03:41.152 [INFO] main.cpp:357 -   平均延迟:     0.00 ms
2026-05-26 09:03:41.152 [INFO] main.cpp:358 -   最大延迟:     0.00 ms
2026-05-26 09:03:41.152 [INFO] main.cpp:359 -   总线争用次数: 0
2026-05-26 09:03:41.152 [INFO] main.cpp:368 - ======== 轮询统计 ========
2026-05-26 09:03:41.152 [INFO] main.cpp:369 -   任务组数:     20
2026-05-26 09:03:41.152 [INFO] main.cpp:370 -   成功事务:     0
2026-05-26 09:03:41.152 [INFO] main.cpp:371 -   失败事务:     900
2026-05-26 09:03:41.152 [INFO] main.cpp:373 -   成功率:       0.0%
2026-05-26 09:03:41.152 [INFO] main.cpp:378 - ======== 命令队列统计 ========
2026-05-26 09:03:41.152 [INFO] main.cpp:379 -   已提交: 0  已执行: 0  成功: 0  失败: 0
2026-05-26 09:03:41.152 [INFO] main.cpp:384 -   队列大小: 0  平均耗时: 0.0ms
2026-05-26 09:03:42.153 [INFO] main.cpp:352 - ======== 总线统计 ========
2026-05-26 09:03:42.153 [INFO] main.cpp:353 -   总事务数:     900
2026-05-26 09:03:42.153 [INFO] main.cpp:354 -   总错误数:     900
2026-05-26 09:03:42.153 [INFO] main.cpp:355 -   发送字节数:   7200
2026-05-26 09:03:42.153 [INFO] main.cpp:356 -   接收字节数:   0
2026-05-26 09:03:42.153 [INFO] main.cpp:357 -   平均延迟:     0.00 ms
2026-05-26 09:03:42.153 [INFO] main.cpp:358 -   最大延迟:     0.00 ms
2026-05-26 09:03:42.153 [INFO] main.cpp:359 -   总线争用次数: 0
2026-05-26 09:03:42.153 [INFO] main.cpp:368 - ======== 轮询统计 ========
2026-05-26 09:03:42.153 [INFO] main.cpp:369 -   任务组数:     20
2026-05-26 09:03:42.153 [INFO] main.cpp:370 -   成功事务:     0
2026-05-26 09:03:42.153 [INFO] main.cpp:371 -   失败事务:     900
2026-05-26 09:03:42.153 [INFO] main.cpp:373 -   成功率:       0.0%
2026-05-26 09:03:42.153 [INFO] main.cpp:378 - ======== 命令队列统计 ========
2026-05-26 09:03:42.153 [INFO] main.cpp:379 -   已提交: 0  已执行: 0  成功: 0  失败: 0
2026-05-26 09:03:42.153 [INFO] main.cpp:384 -   队列大小: 0  平均耗时: 0.0ms
2026-05-26 09:03:43.155 [INFO] main.cpp:352 - ======== 总线统计 ========
2026-05-26 09:03:43.156 [INFO] main.cpp:353 -   总事务数:     900
2026-05-26 09:03:43.156 [INFO] main.cpp:354 -   总错误数:     900
2026-05-26 09:03:43.156 [INFO] main.cpp:355 -   发送字节数:   7200
2026-05-26 09:03:43.156 [INFO] main.cpp:356 -   接收字节数:   0
2026-05-26 09:03:43.156 [INFO] main.cpp:357 -   平均延迟:     0.00 ms
2026-05-26 09:03:43.156 [INFO] main.cpp:358 -   最大延迟:     0.00 ms
2026-05-26 09:03:43.156 [INFO] main.cpp:359 -   总线争用次数: 0
2026-05-26 09:03:43.156 [INFO] main.cpp:368 - ======== 轮询统计 ========
2026-05-26 09:03:43.156 [INFO] main.cpp:369 -   任务组数:     20
2026-05-26 09:03:43.156 [INFO] main.cpp:370 -   成功事务:     0
2026-05-26 09:03:43.156 [INFO] main.cpp:371 -   失败事务:     900
2026-05-26 09:03:43.156 [INFO] main.cpp:373 -   成功率:       0.0%
2026-05-26 09:03:43.156 [INFO] main.cpp:378 - ======== 命令队列统计 ========
2026-05-26 09:03:43.157 [INFO] main.cpp:379 -   已提交: 0  已执行: 0  成功: 0  失败: 0
2026-05-26 09:03:43.157 [INFO] main.cpp:384 -   队列大小: 0  平均耗时: 0.0ms
2026-05-26 09:03:44.158 [INFO] main.cpp:352 - ======== 总线统计 ========
2026-05-26 09:03:44.158 [INFO] main.cpp:353 -   总事务数:     900
2026-05-26 09:03:44.158 [INFO] main.cpp:354 -   总错误数:     900
2026-05-26 09:03:44.158 [INFO] main.cpp:355 -   发送字节数:   7200
2026-05-26 09:03:44.158 [INFO] main.cpp:356 -   接收字节数:   0
2026-05-26 09:03:44.158 [INFO] main.cpp:357 -   平均延迟:     0.00 ms
2026-05-26 09:03:44.158 [INFO] main.cpp:358 -   最大延迟:     0.00 ms
2026-05-26 09:03:44.158 [INFO] main.cpp:359 -   总线争用次数: 0
2026-05-26 09:03:44.158 [INFO] main.cpp:368 - ======== 轮询统计 ========
2026-05-26 09:03:44.158 [INFO] main.cpp:369 -   任务组数:     20
2026-05-26 09:03:44.158 [INFO] main.cpp:370 -   成功事务:     0
2026-05-26 09:03:44.158 [INFO] main.cpp:371 -   失败事务:     900
2026-05-26 09:03:44.158 [INFO] main.cpp:373 -   成功率:       0.0%
2026-05-26 09:03:44.158 [INFO] main.cpp:378 - ======== 命令队列统计 ========
2026-05-26 09:03:44.158 [INFO] main.cpp:379 -   已提交: 0  已执行: 0  成功: 0  失败: 0
2026-05-26 09:03:44.158 [INFO] main.cpp:384 -   队列大小: 0  平均耗时: 0.0ms
2026-05-26 09:03:45.160 [INFO] main.cpp:352 - ======== 总线统计 ========
2026-05-26 09:03:45.160 [INFO] main.cpp:353 -   总事务数:     920
2026-05-26 09:03:45.160 [INFO] main.cpp:354 -   总错误数:     900
2026-05-26 09:03:45.160 [INFO] main.cpp:355 -   发送字节数:   7360
2026-05-26 09:03:45.160 [INFO] main.cpp:356 -   接收字节数:   0
2026-05-26 09:03:45.160 [INFO] main.cpp:357 -   平均延迟:     0.00 ms
2026-05-26 09:03:45.160 [INFO] main.cpp:358 -   最大延迟:     0.00 ms
2026-05-26 09:03:45.160 [INFO] main.cpp:359 -   总线争用次数: 0
2026-05-26 09:03:45.160 [INFO] main.cpp:368 - ======== 轮询统计 ========
2026-05-26 09:03:45.160 [INFO] main.cpp:369 -   任务组数:     20
2026-05-26 09:03:45.160 [INFO] main.cpp:370 -   成功事务:     0
2026-05-26 09:03:45.160 [INFO] main.cpp:371 -   失败事务:     900
2026-05-26 09:03:45.160 [INFO] main.cpp:373 -   成功率:       0.0%
2026-05-26 09:03:45.160 [INFO] main.cpp:378 - ======== 命令队列统计 ========
2026-05-26 09:03:45.160 [INFO] main.cpp:379 -   已提交: 0  已执行: 0  成功: 0  失败: 0
2026-05-26 09:03:45.160 [INFO] main.cpp:384 -   队列大小: 0  平均耗时: 0.0ms
2026-05-26 09:03:46.161 [INFO] main.cpp:352 - ======== 总线统计 ========
2026-05-26 09:03:46.162 [INFO] main.cpp:353 -   总事务数:     920
2026-05-26 09:03:46.162 [INFO] main.cpp:354 -   总错误数:     920
2026-05-26 09:03:46.162 [INFO] main.cpp:355 -   发送字节数:   7360
2026-05-26 09:03:46.162 [INFO] main.cpp:356 -   接收字节数:   0
2026-05-26 09:03:46.162 [INFO] main.cpp:357 -   平均延迟:     0.00 ms
2026-05-26 09:03:46.162 [INFO] main.cpp:358 -   最大延迟:     0.00 ms
2026-05-26 09:03:46.162 [INFO] main.cpp:359 -   总线争用次数: 0
2026-05-26 09:03:46.162 [INFO] main.cpp:368 - ======== 轮询统计 ========
2026-05-26 09:03:46.162 [INFO] main.cpp:369 -   任务组数:     20
2026-05-26 09:03:46.162 [INFO] main.cpp:370 -   成功事务:     0
2026-05-26 09:03:46.162 [INFO] main.cpp:371 -   失败事务:     920
2026-05-26 09:03:46.162 [INFO] main.cpp:373 -   成功率:       0.0%
2026-05-26 09:03:46.162 [INFO] main.cpp:378 - ======== 命令队列统计 ========
2026-05-26 09:03:46.162 [INFO] main.cpp:379 -   已提交: 0  已执行: 0  成功: 0  失败: 0
2026-05-26 09:03:46.162 [INFO] main.cpp:384 -   队列大小: 0  平均耗时: 0.0ms
2026-05-26 09:03:47.163 [INFO] main.cpp:352 - ======== 总线统计 ========
2026-05-26 09:03:47.163 [INFO] main.cpp:353 -   总事务数:     920
2026-05-26 09:03:47.163 [INFO] main.cpp:354 -   总错误数:     920
2026-05-26 09:03:47.164 [INFO] main.cpp:355 -   发送字节数:   7360
2026-05-26 09:03:47.164 [INFO] main.cpp:356 -   接收字节数:   0
2026-05-26 09:03:47.164 [INFO] main.cpp:357 -   平均延迟:     0.00 ms
2026-05-26 09:03:47.164 [INFO] main.cpp:358 -   最大延迟:     0.00 ms
2026-05-26 09:03:47.164 [INFO] main.cpp:359 -   总线争用次数: 0
2026-05-26 09:03:47.164 [INFO] main.cpp:368 - ======== 轮询统计 ========
2026-05-26 09:03:47.164 [INFO] main.cpp:369 -   任务组数:     20
2026-05-26 09:03:47.164 [INFO] main.cpp:370 -   成功事务:     0
2026-05-26 09:03:47.164 [INFO] main.cpp:371 -   失败事务:     920
2026-05-26 09:03:47.164 [INFO] main.cpp:373 -   成功率:       0.0%
2026-05-26 09:03:47.164 [INFO] main.cpp:378 - ======== 命令队列统计 ========
2026-05-26 09:03:47.164 [INFO] main.cpp:379 -   已提交: 0  已执行: 0  成功: 0  失败: 0
2026-05-26 09:03:47.164 [INFO] main.cpp:384 -   队列大小: 0  平均耗时: 0.0ms
2026-05-26 09:03:48.165 [INFO] main.cpp:352 - ======== 总线统计 ========
2026-05-26 09:03:48.165 [INFO] main.cpp:353 -   总事务数:     920
2026-05-26 09:03:48.165 [INFO] main.cpp:354 -   总错误数:     920
2026-05-26 09:03:48.165 [INFO] main.cpp:355 -   发送字节数:   7360
2026-05-26 09:03:48.165 [INFO] main.cpp:356 -   接收字节数:   0
2026-05-26 09:03:48.165 [INFO] main.cpp:357 -   平均延迟:     0.00 ms
2026-05-26 09:03:48.165 [INFO] main.cpp:358 -   最大延迟:     0.00 ms
2026-05-26 09:03:48.165 [INFO] main.cpp:359 -   总线争用次数: 0
2026-05-26 09:03:48.165 [INFO] main.cpp:368 - ======== 轮询统计 ========
2026-05-26 09:03:48.165 [INFO] main.cpp:369 -   任务组数:     20
2026-05-26 09:03:48.165 [INFO] main.cpp:370 -   成功事务:     0
2026-05-26 09:03:48.165 [INFO] main.cpp:371 -   失败事务:     920
2026-05-26 09:03:48.165 [INFO] main.cpp:373 -   成功率:       0.0%
2026-05-26 09:03:48.165 [INFO] main.cpp:378 - ======== 命令队列统计 ========
2026-05-26 09:03:48.165 [INFO] main.cpp:379 -   已提交: 0  已执行: 0  成功: 0  失败: 0
2026-05-26 09:03:48.165 [INFO] main.cpp:384 -   队列大小: 0  平均耗时: 0.0ms
2026-05-26 09:03:49.166 [INFO] main.cpp:352 - ======== 总线统计 ========
2026-05-26 09:03:49.166 [INFO] main.cpp:353 -   总事务数:     920
2026-05-26 09:03:49.166 [INFO] main.cpp:354 -   总错误数:     920
2026-05-26 09:03:49.166 [INFO] main.cpp:355 -   发送字节数:   7360
2026-05-26 09:03:49.166 [INFO] main.cpp:356 -   接收字节数:   0
2026-05-26 09:03:49.166 [INFO] main.cpp:357 -   平均延迟:     0.00 ms
2026-05-26 09:03:49.167 [INFO] main.cpp:358 -   最大延迟:     0.00 ms
2026-05-26 09:03:49.167 [INFO] main.cpp:359 -   总线争用次数: 0
2026-05-26 09:03:49.167 [INFO] main.cpp:368 - ======== 轮询统计 ========
2026-05-26 09:03:49.167 [INFO] main.cpp:369 -   任务组数:     20
2026-05-26 09:03:49.167 [INFO] main.cpp:370 -   成功事务:     0
2026-05-26 09:03:49.167 [INFO] main.cpp:371 -   失败事务:     920
2026-05-26 09:03:49.167 [INFO] main.cpp:373 -   成功率:       0.0%
2026-05-26 09:03:49.167 [INFO] main.cpp:378 - ======== 命令队列统计 ========
2026-05-26 09:03:49.167 [INFO] main.cpp:379 -   已提交: 0  已执行: 0  成功: 0  失败: 0
2026-05-26 09:03:49.167 [INFO] main.cpp:384 -   队列大小: 0  平均耗时: 0.0ms
2026-05-26 09:03:50.168 [INFO] main.cpp:352 - ======== 总线统计 ========
2026-05-26 09:03:50.168 [INFO] main.cpp:353 -   总事务数:     940
2026-05-26 09:03:50.168 [INFO] main.cpp:354 -   总错误数:     920
2026-05-26 09:03:50.168 [INFO] main.cpp:355 -   发送字节数:   7520
2026-05-26 09:03:50.168 [INFO] main.cpp:356 -   接收字节数:   0
2026-05-26 09:03:50.168 [INFO] main.cpp:357 -   平均延迟:     0.00 ms
2026-05-26 09:03:50.168 [INFO] main.cpp:358 -   最大延迟:     0.00 ms
2026-05-26 09:03:50.168 [INFO] main.cpp:359 -   总线争用次数: 0
2026-05-26 09:03:50.169 [INFO] main.cpp:368 - ======== 轮询统计 ========
2026-05-26 09:03:50.169 [INFO] main.cpp:369 -   任务组数:     20
2026-05-26 09:03:50.169 [INFO] main.cpp:370 -   成功事务:     0
2026-05-26 09:03:50.169 [INFO] main.cpp:371 -   失败事务:     920
2026-05-26 09:03:50.169 [INFO] main.cpp:373 -   成功率:       0.0%
2026-05-26 09:03:50.169 [INFO] main.cpp:378 - ======== 命令队列统计 ========
2026-05-26 09:03:50.169 [INFO] main.cpp:379 -   已提交: 0  已执行: 0  成功: 0  失败: 0
2026-05-26 09:03:50.169 [INFO] main.cpp:384 -   队列大小: 0  平均耗时: 0.0ms
2026-05-26 09:03:51.170 [INFO] main.cpp:352 - ======== 总线统计 ========
2026-05-26 09:03:51.170 [INFO] main.cpp:353 -   总事务数:     940
2026-05-26 09:03:51.170 [INFO] main.cpp:354 -   总错误数:     940
2026-05-26 09:03:51.170 [INFO] main.cpp:355 -   发送字节数:   7520
2026-05-26 09:03:51.170 [INFO] main.cpp:356 -   接收字节数:   0
2026-05-26 09:03:51.170 [INFO] main.cpp:357 -   平均延迟:     0.00 ms
2026-05-26 09:03:51.170 [INFO] main.cpp:358 -   最大延迟:     0.00 ms
2026-05-26 09:03:51.170 [INFO] main.cpp:359 -   总线争用次数: 0
2026-05-26 09:03:51.170 [INFO] main.cpp:368 - ======== 轮询统计 ========
2026-05-26 09:03:51.171 [INFO] main.cpp:369 -   任务组数:     20
2026-05-26 09:03:51.171 [INFO] main.cpp:370 -   成功事务:     0
2026-05-26 09:03:51.171 [INFO] main.cpp:371 -   失败事务:     940
2026-05-26 09:03:51.171 [INFO] main.cpp:373 -   成功率:       0.0%
2026-05-26 09:03:51.171 [INFO] main.cpp:378 - ======== 命令队列统计 ========
2026-05-26 09:03:51.171 [INFO] main.cpp:379 -   已提交: 0  已执行: 0  成功: 0  失败: 0
2026-05-26 09:03:51.171 [INFO] main.cpp:384 -   队列大小: 0  平均耗时: 0.0ms
2026-05-26 09:03:52.171 [INFO] main.cpp:352 - ======== 总线统计 ========
2026-05-26 09:03:52.172 [INFO] main.cpp:353 -   总事务数:     940
2026-05-26 09:03:52.172 [INFO] main.cpp:354 -   总错误数:     940
2026-05-26 09:03:52.172 [INFO] main.cpp:355 -   发送字节数:   7520
2026-05-26 09:03:52.172 [INFO] main.cpp:356 -   接收字节数:   0
2026-05-26 09:03:52.172 [INFO] main.cpp:357 -   平均延迟:     0.00 ms
2026-05-26 09:03:52.172 [INFO] main.cpp:358 -   最大延迟:     0.00 ms
2026-05-26 09:03:52.172 [INFO] main.cpp:359 -   总线争用次数: 0
2026-05-26 09:03:52.172 [INFO] main.cpp:368 - ======== 轮询统计 ========
2026-05-26 09:03:52.172 [INFO] main.cpp:369 -   任务组数:     20
2026-05-26 09:03:52.172 [INFO] main.cpp:370 -   成功事务:     0
2026-05-26 09:03:52.172 [INFO] main.cpp:371 -   失败事务:     940
2026-05-26 09:03:52.172 [INFO] main.cpp:373 -   成功率:       0.0%
2026-05-26 09:03:52.172 [INFO] main.cpp:378 - ======== 命令队列统计 ========
2026-05-26 09:03:52.172 [INFO] main.cpp:379 -   已提交: 0  已执行: 0  成功: 0  失败: 0
2026-05-26 09:03:52.172 [INFO] main.cpp:384 -   队列大小: 0  平均耗时: 0.0ms
2026-05-26 09:03:53.173 [INFO] main.cpp:352 - ======== 总线统计 ========
2026-05-26 09:03:53.173 [INFO] main.cpp:353 -   总事务数:     940
2026-05-26 09:03:53.174 [INFO] main.cpp:354 -   总错误数:     940
2026-05-26 09:03:53.174 [INFO] main.cpp:355 -   发送字节数:   7520
2026-05-26 09:03:53.174 [INFO] main.cpp:356 -   接收字节数:   0
2026-05-26 09:03:53.174 [INFO] main.cpp:357 -   平均延迟:     0.00 ms
2026-05-26 09:03:53.174 [INFO] main.cpp:358 -   最大延迟:     0.00 ms
2026-05-26 09:03:53.174 [INFO] main.cpp:359 -   总线争用次数: 0
2026-05-26 09:03:53.174 [INFO] main.cpp:368 - ======== 轮询统计 ========
2026-05-26 09:03:53.174 [INFO] main.cpp:369 -   任务组数:     20
2026-05-26 09:03:53.174 [INFO] main.cpp:370 -   成功事务:     0
2026-05-26 09:03:53.175 [INFO] main.cpp:371 -   失败事务:     940
2026-05-26 09:03:53.175 [INFO] main.cpp:373 -   成功率:       0.0%
2026-05-26 09:03:53.175 [INFO] main.cpp:378 - ======== 命令队列统计 ========
2026-05-26 09:03:53.175 [INFO] main.cpp:379 -   已提交: 0  已执行: 0  成功: 0  失败: 0
2026-05-26 09:03:53.175 [INFO] main.cpp:384 -   队列大小: 0  平均耗时: 0.0ms
2026-05-26 09:03:54.176 [INFO] main.cpp:352 - ======== 总线统计 ========
2026-05-26 09:03:54.176 [INFO] main.cpp:353 -   总事务数:     940
2026-05-26 09:03:54.176 [INFO] main.cpp:354 -   总错误数:     940
2026-05-26 09:03:54.176 [INFO] main.cpp:355 -   发送字节数:   7520
2026-05-26 09:03:54.176 [INFO] main.cpp:356 -   接收字节数:   0
2026-05-26 09:03:54.176 [INFO] main.cpp:357 -   平均延迟:     0.00 ms
2026-05-26 09:03:54.176 [INFO] main.cpp:358 -   最大延迟:     0.00 ms
2026-05-26 09:03:54.176 [INFO] main.cpp:359 -   总线争用次数: 0
2026-05-26 09:03:54.176 [INFO] main.cpp:368 - ======== 轮询统计 ========
2026-05-26 09:03:54.176 [INFO] main.cpp:369 -   任务组数:     20
2026-05-26 09:03:54.176 [INFO] main.cpp:370 -   成功事务:     0
2026-05-26 09:03:54.176 [INFO] main.cpp:371 -   失败事务:     940
2026-05-26 09:03:54.177 [INFO] main.cpp:373 -   成功率:       0.0%
2026-05-26 09:03:54.177 [INFO] main.cpp:378 - ======== 命令队列统计 ========
2026-05-26 09:03:54.177 [INFO] main.cpp:379 -   已提交: 0  已执行: 0  成功: 0  失败: 0
2026-05-26 09:03:54.177 [INFO] main.cpp:384 -   队列大小: 0  平均耗时: 0.0ms
2026-05-26 09:03:55.177 [INFO] main.cpp:352 - ======== 总线统计 ========
2026-05-26 09:03:55.177 [INFO] main.cpp:353 -   总事务数:     960
2026-05-26 09:03:55.177 [INFO] main.cpp:354 -   总错误数:     940
2026-05-26 09:03:55.177 [INFO] main.cpp:355 -   发送字节数:   7680
2026-05-26 09:03:55.177 [INFO] main.cpp:356 -   接收字节数:   0
2026-05-26 09:03:55.177 [INFO] main.cpp:357 -   平均延迟:     0.00 ms
2026-05-26 09:03:55.177 [INFO] main.cpp:358 -   最大延迟:     0.00 ms
2026-05-26 09:03:55.177 [INFO] main.cpp:359 -   总线争用次数: 0
2026-05-26 09:03:55.177 [INFO] main.cpp:368 - ======== 轮询统计 ========
2026-05-26 09:03:55.178 [INFO] main.cpp:369 -   任务组数:     20
2026-05-26 09:03:55.178 [INFO] main.cpp:370 -   成功事务:     0
2026-05-26 09:03:55.178 [INFO] main.cpp:371 -   失败事务:     940
2026-05-26 09:03:55.178 [INFO] main.cpp:373 -   成功率:       0.0%
2026-05-26 09:03:55.178 [INFO] main.cpp:378 - ======== 命令队列统计 ========
2026-05-26 09:03:55.178 [INFO] main.cpp:379 -   已提交: 0  已执行: 0  成功: 0  失败: 0
2026-05-26 09:03:55.178 [INFO] main.cpp:384 -   队列大小: 0  平均耗时: 0.0ms
2026-05-26 09:03:56.179 [INFO] main.cpp:352 - ======== 总线统计 ========
2026-05-26 09:03:56.179 [INFO] main.cpp:353 -   总事务数:     960
2026-05-26 09:03:56.179 [INFO] main.cpp:354 -   总错误数:     960
2026-05-26 09:03:56.179 [INFO] main.cpp:355 -   发送字节数:   7680
2026-05-26 09:03:56.179 [INFO] main.cpp:356 -   接收字节数:   0
2026-05-26 09:03:56.179 [INFO] main.cpp:357 -   平均延迟:     0.00 ms
2026-05-26 09:03:56.179 [INFO] main.cpp:358 -   最大延迟:     0.00 ms
2026-05-26 09:03:56.179 [INFO] main.cpp:359 -   总线争用次数: 0
2026-05-26 09:03:56.179 [INFO] main.cpp:368 - ======== 轮询统计 ========
2026-05-26 09:03:56.179 [INFO] main.cpp:369 -   任务组数:     20
2026-05-26 09:03:56.179 [INFO] main.cpp:370 -   成功事务:     0
2026-05-26 09:03:56.179 [INFO] main.cpp:371 -   失败事务:     960
2026-05-26 09:03:56.180 [INFO] main.cpp:373 -   成功率:       0.0%
2026-05-26 09:03:56.180 [INFO] main.cpp:378 - ======== 命令队列统计 ========
2026-05-26 09:03:56.180 [INFO] main.cpp:379 -   已提交: 0  已执行: 0  成功: 0  失败: 0
2026-05-26 09:03:56.180 [INFO] main.cpp:384 -   队列大小: 0  平均耗时: 0.0ms
2026-05-26 09:03:57.181 [INFO] main.cpp:352 - ======== 总线统计 ========
2026-05-26 09:03:57.181 [INFO] main.cpp:353 -   总事务数:     960
2026-05-26 09:03:57.181 [INFO] main.cpp:354 -   总错误数:     960
2026-05-26 09:03:57.181 [INFO] main.cpp:355 -   发送字节数:   7680
2026-05-26 09:03:57.181 [INFO] main.cpp:356 -   接收字节数:   0
2026-05-26 09:03:57.181 [INFO] main.cpp:357 -   平均延迟:     0.00 ms
2026-05-26 09:03:57.181 [INFO] main.cpp:358 -   最大延迟:     0.00 ms
2026-05-26 09:03:57.181 [INFO] main.cpp:359 -   总线争用次数: 0
2026-05-26 09:03:57.181 [INFO] main.cpp:368 - ======== 轮询统计 ========
2026-05-26 09:03:57.181 [INFO] main.cpp:369 -   任务组数:     20
2026-05-26 09:03:57.181 [INFO] main.cpp:370 -   成功事务:     0
2026-05-26 09:03:57.181 [INFO] main.cpp:371 -   失败事务:     960
2026-05-26 09:03:57.181 [INFO] main.cpp:373 -   成功率:       0.0%
2026-05-26 09:03:57.181 [INFO] main.cpp:378 - ======== 命令队列统计 ========
2026-05-26 09:03:57.182 [INFO] main.cpp:379 -   已提交: 0  已执行: 0  成功: 0  失败: 0
2026-05-26 09:03:57.182 [INFO] main.cpp:384 -   队列大小: 0  平均耗时: 0.0ms
2026-05-26 09:03:58.182 [INFO] main.cpp:352 - ======== 总线统计 ========
2026-05-26 09:03:58.182 [INFO] main.cpp:353 -   总事务数:     960
2026-05-26 09:03:58.182 [INFO] main.cpp:354 -   总错误数:     960
2026-05-26 09:03:58.183 [INFO] main.cpp:355 -   发送字节数:   7680
2026-05-26 09:03:58.183 [INFO] main.cpp:356 -   接收字节数:   0
2026-05-26 09:03:58.183 [INFO] main.cpp:357 -   平均延迟:     0.00 ms
2026-05-26 09:03:58.183 [INFO] main.cpp:358 -   最大延迟:     0.00 ms
2026-05-26 09:03:58.183 [INFO] main.cpp:359 -   总线争用次数: 0
2026-05-26 09:03:58.183 [INFO] main.cpp:368 - ======== 轮询统计 ========
2026-05-26 09:03:58.183 [INFO] main.cpp:369 -   任务组数:     20
2026-05-26 09:03:58.183 [INFO] main.cpp:370 -   成功事务:     0
2026-05-26 09:03:58.183 [INFO] main.cpp:371 -   失败事务:     960
2026-05-26 09:03:58.183 [INFO] main.cpp:373 -   成功率:       0.0%
2026-05-26 09:03:58.183 [INFO] main.cpp:378 - ======== 命令队列统计 ========
2026-05-26 09:03:58.183 [INFO] main.cpp:379 -   已提交: 0  已执行: 0  成功: 0  失败: 0
2026-05-26 09:03:58.183 [INFO] main.cpp:384 -   队列大小: 0  平均耗时: 0.0ms
2026-05-26 09:03:59.184 [INFO] main.cpp:352 - ======== 总线统计 ========
2026-05-26 09:03:59.184 [INFO] main.cpp:353 -   总事务数:     960
2026-05-26 09:03:59.184 [INFO] main.cpp:354 -   总错误数:     960
2026-05-26 09:03:59.185 [INFO] main.cpp:355 -   发送字节数:   7680
2026-05-26 09:03:59.185 [INFO] main.cpp:356 -   接收字节数:   0
2026-05-26 09:03:59.185 [INFO] main.cpp:357 -   平均延迟:     0.00 ms
2026-05-26 09:03:59.185 [INFO] main.cpp:358 -   最大延迟:     0.00 ms
2026-05-26 09:03:59.185 [INFO] main.cpp:359 -   总线争用次数: 0
2026-05-26 09:03:59.185 [INFO] main.cpp:368 - ======== 轮询统计 ========
2026-05-26 09:03:59.185 [INFO] main.cpp:369 -   任务组数:     20
2026-05-26 09:03:59.185 [INFO] main.cpp:370 -   成功事务:     0
2026-05-26 09:03:59.185 [INFO] main.cpp:371 -   失败事务:     960
2026-05-26 09:03:59.185 [INFO] main.cpp:373 -   成功率:       0.0%
2026-05-26 09:03:59.185 [INFO] main.cpp:378 - ======== 命令队列统计 ========
2026-05-26 09:03:59.185 [INFO] main.cpp:379 -   已提交: 0  已执行: 0  成功: 0  失败: 0
2026-05-26 09:03:59.185 [INFO] main.cpp:384 -   队列大小: 0  平均耗时: 0.0ms
2026-05-26 09:04:00.186 [INFO] main.cpp:352 - ======== 总线统计 ========
2026-05-26 09:04:00.187 [INFO] main.cpp:353 -   总事务数:     980
2026-05-26 09:04:00.187 [INFO] main.cpp:354 -   总错误数:     960
2026-05-26 09:04:00.187 [INFO] main.cpp:355 -   发送字节数:   7840
2026-05-26 09:04:00.187 [INFO] main.cpp:356 -   接收字节数:   0
2026-05-26 09:04:00.187 [INFO] main.cpp:357 -   平均延迟:     0.00 ms
2026-05-26 09:04:00.187 [INFO] main.cpp:358 -   最大延迟:     0.00 ms
2026-05-26 09:04:00.187 [INFO] main.cpp:359 -   总线争用次数: 0
2026-05-26 09:04:00.187 [INFO] main.cpp:368 - ======== 轮询统计 ========
2026-05-26 09:04:00.187 [INFO] main.cpp:369 -   任务组数:     20
2026-05-26 09:04:00.187 [INFO] main.cpp:370 -   成功事务:     0
2026-05-26 09:04:00.187 [INFO] main.cpp:371 -   失败事务:     960
2026-05-26 09:04:00.187 [INFO] main.cpp:373 -   成功率:       0.0%
2026-05-26 09:04:00.187 [INFO] main.cpp:378 - ======== 命令队列统计 ========
2026-05-26 09:04:00.187 [INFO] main.cpp:379 -   已提交: 0  已执行: 0  成功: 0  失败: 0
2026-05-26 09:04:00.187 [INFO] main.cpp:384 -   队列大小: 0  平均耗时: 0.0ms
2026-05-26 09:04:01.188 [INFO] main.cpp:352 - ======== 总线统计 ========
2026-05-26 09:04:01.188 [INFO] main.cpp:353 -   总事务数:     980
2026-05-26 09:04:01.188 [INFO] main.cpp:354 -   总错误数:     980
2026-05-26 09:04:01.189 [INFO] main.cpp:355 -   发送字节数:   7840
2026-05-26 09:04:01.189 [INFO] main.cpp:356 -   接收字节数:   0
2026-05-26 09:04:01.189 [INFO] main.cpp:357 -   平均延迟:     0.00 ms
2026-05-26 09:04:01.189 [INFO] main.cpp:358 -   最大延迟:     0.00 ms
2026-05-26 09:04:01.189 [INFO] main.cpp:359 -   总线争用次数: 0
2026-05-26 09:04:01.189 [INFO] main.cpp:368 - ======== 轮询统计 ========
2026-05-26 09:04:01.189 [INFO] main.cpp:369 -   任务组数:     20
2026-05-26 09:04:01.189 [INFO] main.cpp:370 -   成功事务:     0
2026-05-26 09:04:01.189 [INFO] main.cpp:371 -   失败事务:     980
2026-05-26 09:04:01.189 [INFO] main.cpp:373 -   成功率:       0.0%
2026-05-26 09:04:01.189 [INFO] main.cpp:378 - ======== 命令队列统计 ========
2026-05-26 09:04:01.189 [INFO] main.cpp:379 -   已提交: 0  已执行: 0  成功: 0  失败: 0
2026-05-26 09:04:01.189 [INFO] main.cpp:384 -   队列大小: 0  平均耗时: 0.0ms
2026-05-26 09:04:02.190 [INFO] main.cpp:352 - ======== 总线统计 ========
2026-05-26 09:04:02.191 [INFO] main.cpp:353 -   总事务数:     980
2026-05-26 09:04:02.191 [INFO] main.cpp:354 -   总错误数:     980
2026-05-26 09:04:02.191 [INFO] main.cpp:355 -   发送字节数:   7840
2026-05-26 09:04:02.191 [INFO] main.cpp:356 -   接收字节数:   0
2026-05-26 09:04:02.191 [INFO] main.cpp:357 -   平均延迟:     0.00 ms
2026-05-26 09:04:02.191 [INFO] main.cpp:358 -   最大延迟:     0.00 ms
2026-05-26 09:04:02.191 [INFO] main.cpp:359 -   总线争用次数: 0
2026-05-26 09:04:02.191 [INFO] main.cpp:368 - ======== 轮询统计 ========
2026-05-26 09:04:02.191 [INFO] main.cpp:369 -   任务组数:     20
2026-05-26 09:04:02.191 [INFO] main.cpp:370 -   成功事务:     0
2026-05-26 09:04:02.191 [INFO] main.cpp:371 -   失败事务:     980
2026-05-26 09:04:02.191 [INFO] main.cpp:373 -   成功率:       0.0%
2026-05-26 09:04:02.191 [INFO] main.cpp:378 - ======== 命令队列统计 ========
2026-05-26 09:04:02.191 [INFO] main.cpp:379 -   已提交: 0  已执行: 0  成功: 0  失败: 0
2026-05-26 09:04:02.191 [INFO] main.cpp:384 -   队列大小: 0  平均耗时: 0.0ms
2026-05-26 09:04:03.191 [INFO] main.cpp:352 - ======== 总线统计 ========
2026-05-26 09:04:03.192 [INFO] main.cpp:353 -   总事务数:     980
2026-05-26 09:04:03.193 [INFO] main.cpp:354 -   总错误数:     980
2026-05-26 09:04:03.193 [INFO] main.cpp:355 -   发送字节数:   7840
2026-05-26 09:04:03.193 [INFO] main.cpp:356 -   接收字节数:   0
2026-05-26 09:04:03.193 [INFO] main.cpp:357 -   平均延迟:     0.00 ms
2026-05-26 09:04:03.193 [INFO] main.cpp:358 -   最大延迟:     0.00 ms
2026-05-26 09:04:03.193 [INFO] main.cpp:359 -   总线争用次数: 0
2026-05-26 09:04:03.193 [INFO] main.cpp:368 - ======== 轮询统计 ========
2026-05-26 09:04:03.193 [INFO] main.cpp:369 -   任务组数:     20
2026-05-26 09:04:03.193 [INFO] main.cpp:370 -   成功事务:     0
2026-05-26 09:04:03.193 [INFO] main.cpp:371 -   失败事务:     980
2026-05-26 09:04:03.193 [INFO] main.cpp:373 -   成功率:       0.0%
2026-05-26 09:04:03.193 [INFO] main.cpp:378 - ======== 命令队列统计 ========
2026-05-26 09:04:03.194 [INFO] main.cpp:379 -   已提交: 0  已执行: 0  成功: 0  失败: 0
2026-05-26 09:04:03.194 [INFO] main.cpp:384 -   队列大小: 0  平均耗时: 0.0ms
2026-05-26 09:04:04.195 [INFO] main.cpp:352 - ======== 总线统计 ========
2026-05-26 09:04:04.195 [INFO] main.cpp:353 -   总事务数:     980
2026-05-26 09:04:04.195 [INFO] main.cpp:354 -   总错误数:     980
2026-05-26 09:04:04.195 [INFO] main.cpp:355 -   发送字节数:   7840
2026-05-26 09:04:04.195 [INFO] main.cpp:356 -   接收字节数:   0
2026-05-26 09:04:04.195 [INFO] main.cpp:357 -   平均延迟:     0.00 ms
2026-05-26 09:04:04.195 [INFO] main.cpp:358 -   最大延迟:     0.00 ms
2026-05-26 09:04:04.195 [INFO] main.cpp:359 -   总线争用次数: 0
2026-05-26 09:04:04.195 [INFO] main.cpp:368 - ======== 轮询统计 ========
2026-05-26 09:04:04.195 [INFO] main.cpp:369 -   任务组数:     20
2026-05-26 09:04:04.195 [INFO] main.cpp:370 -   成功事务:     0
2026-05-26 09:04:04.195 [INFO] main.cpp:371 -   失败事务:     980
2026-05-26 09:04:04.195 [INFO] main.cpp:373 -   成功率:       0.0%
2026-05-26 09:04:04.195 [INFO] main.cpp:378 - ======== 命令队列统计 ========
2026-05-26 09:04:04.195 [INFO] main.cpp:379 -   已提交: 0  已执行: 0  成功: 0  失败: 0
2026-05-26 09:04:04.195 [INFO] main.cpp:384 -   队列大小: 0  平均耗时: 0.0ms
2026-05-26 09:04:05.197 [INFO] main.cpp:352 - ======== 总线统计 ========
2026-05-26 09:04:05.197 [INFO] main.cpp:353 -   总事务数:     1000
2026-05-26 09:04:05.197 [INFO] main.cpp:354 -   总错误数:     980
2026-05-26 09:04:05.197 [INFO] main.cpp:355 -   发送字节数:   8000
2026-05-26 09:04:05.197 [INFO] main.cpp:356 -   接收字节数:   0
2026-05-26 09:04:05.197 [INFO] main.cpp:357 -   平均延迟:     0.00 ms
2026-05-26 09:04:05.197 [INFO] main.cpp:358 -   最大延迟:     0.00 ms
2026-05-26 09:04:05.197 [INFO] main.cpp:359 -   总线争用次数: 0
2026-05-26 09:04:05.197 [INFO] main.cpp:368 - ======== 轮询统计 ========
2026-05-26 09:04:05.197 [INFO] main.cpp:369 -   任务组数:     20
2026-05-26 09:04:05.197 [INFO] main.cpp:370 -   成功事务:     0
2026-05-26 09:04:05.197 [INFO] main.cpp:371 -   失败事务:     980
2026-05-26 09:04:05.197 [INFO] main.cpp:373 -   成功率:       0.0%
2026-05-26 09:04:05.197 [INFO] main.cpp:378 - ======== 命令队列统计 ========
2026-05-26 09:04:05.197 [INFO] main.cpp:379 -   已提交: 0  已执行: 0  成功: 0  失败: 0
2026-05-26 09:04:05.197 [INFO] main.cpp:384 -   队列大小: 0  平均耗时: 0.0ms
2026-05-26 09:04:06.198 [INFO] main.cpp:352 - ======== 总线统计 ========
2026-05-26 09:04:06.198 [INFO] main.cpp:353 -   总事务数:     1000
2026-05-26 09:04:06.198 [INFO] main.cpp:354 -   总错误数:     1000
2026-05-26 09:04:06.198 [INFO] main.cpp:355 -   发送字节数:   8000
2026-05-26 09:04:06.198 [INFO] main.cpp:356 -   接收字节数:   0
2026-05-26 09:04:06.199 [INFO] main.cpp:357 -   平均延迟:     0.00 ms
2026-05-26 09:04:06.199 [INFO] main.cpp:358 -   最大延迟:     0.00 ms
2026-05-26 09:04:06.199 [INFO] main.cpp:359 -   总线争用次数: 0
2026-05-26 09:04:06.199 [INFO] main.cpp:368 - ======== 轮询统计 ========
2026-05-26 09:04:06.199 [INFO] main.cpp:369 -   任务组数:     20
2026-05-26 09:04:06.199 [INFO] main.cpp:370 -   成功事务:     0
2026-05-26 09:04:06.199 [INFO] main.cpp:371 -   失败事务:     1000
2026-05-26 09:04:06.199 [INFO] main.cpp:373 -   成功率:       0.0%
2026-05-26 09:04:06.199 [INFO] main.cpp:378 - ======== 命令队列统计 ========
2026-05-26 09:04:06.199 [INFO] main.cpp:379 -   已提交: 0  已执行: 0  成功: 0  失败: 0
2026-05-26 09:04:06.199 [INFO] main.cpp:384 -   队列大小: 0  平均耗时: 0.0ms
2026-05-26 09:04:07.200 [INFO] main.cpp:352 - ======== 总线统计 ========
2026-05-26 09:04:07.200 [INFO] main.cpp:353 -   总事务数:     1000
2026-05-26 09:04:07.200 [INFO] main.cpp:354 -   总错误数:     1000
2026-05-26 09:04:07.200 [INFO] main.cpp:355 -   发送字节数:   8000
2026-05-26 09:04:07.200 [INFO] main.cpp:356 -   接收字节数:   0
2026-05-26 09:04:07.200 [INFO] main.cpp:357 -   平均延迟:     0.00 ms
2026-05-26 09:04:07.200 [INFO] main.cpp:358 -   最大延迟:     0.00 ms
2026-05-26 09:04:07.201 [INFO] main.cpp:359 -   总线争用次数: 0
2026-05-26 09:04:07.201 [INFO] main.cpp:368 - ======== 轮询统计 ========
2026-05-26 09:04:07.201 [INFO] main.cpp:369 -   任务组数:     20
2026-05-26 09:04:07.201 [INFO] main.cpp:370 -   成功事务:     0
2026-05-26 09:04:07.201 [INFO] main.cpp:371 -   失败事务:     1000
2026-05-26 09:04:07.201 [INFO] main.cpp:373 -   成功率:       0.0%
2026-05-26 09:04:07.201 [INFO] main.cpp:378 - ======== 命令队列统计 ========
2026-05-26 09:04:07.201 [INFO] main.cpp:379 -   已提交: 0  已执行: 0  成功: 0  失败: 0
2026-05-26 09:04:07.201 [INFO] main.cpp:384 -   队列大小: 0  平均耗时: 0.0ms
2026-05-26 09:04:08.202 [INFO] main.cpp:352 - ======== 总线统计 ========
2026-05-26 09:04:08.202 [INFO] main.cpp:353 -   总事务数:     1000
2026-05-26 09:04:08.202 [INFO] main.cpp:354 -   总错误数:     1000
2026-05-26 09:04:08.202 [INFO] main.cpp:355 -   发送字节数:   8000
2026-05-26 09:04:08.202 [INFO] main.cpp:356 -   接收字节数:   0
2026-05-26 09:04:08.202 [INFO] main.cpp:357 -   平均延迟:     0.00 ms
2026-05-26 09:04:08.202 [INFO] main.cpp:358 -   最大延迟:     0.00 ms
2026-05-26 09:04:08.202 [INFO] main.cpp:359 -   总线争用次数: 0
2026-05-26 09:04:08.202 [INFO] main.cpp:368 - ======== 轮询统计 ========
2026-05-26 09:04:08.202 [INFO] main.cpp:369 -   任务组数:     20
2026-05-26 09:04:08.202 [INFO] main.cpp:370 -   成功事务:     0
2026-05-26 09:04:08.202 [INFO] main.cpp:371 -   失败事务:     1000
2026-05-26 09:04:08.202 [INFO] main.cpp:373 -   成功率:       0.0%
2026-05-26 09:04:08.202 [INFO] main.cpp:378 - ======== 命令队列统计 ========
2026-05-26 09:04:08.202 [INFO] main.cpp:379 -   已提交: 0  已执行: 0  成功: 0  失败: 0
2026-05-26 09:04:08.202 [INFO] main.cpp:384 -   队列大小: 0  平均耗时: 0.0ms
2026-05-26 09:04:09.203 [INFO] main.cpp:352 - ======== 总线统计 ========
2026-05-26 09:04:09.204 [INFO] main.cpp:353 -   总事务数:     1000
2026-05-26 09:04:09.204 [INFO] main.cpp:354 -   总错误数:     1000
2026-05-26 09:04:09.204 [INFO] main.cpp:355 -   发送字节数:   8000
2026-05-26 09:04:09.204 [INFO] main.cpp:356 -   接收字节数:   0
2026-05-26 09:04:09.204 [INFO] main.cpp:357 -   平均延迟:     0.00 ms
2026-05-26 09:04:09.204 [INFO] main.cpp:358 -   最大延迟:     0.00 ms
2026-05-26 09:04:09.204 [INFO] main.cpp:359 -   总线争用次数: 0
2026-05-26 09:04:09.204 [INFO] main.cpp:368 - ======== 轮询统计 ========
2026-05-26 09:04:09.204 [INFO] main.cpp:369 -   任务组数:     20
2026-05-26 09:04:09.204 [INFO] main.cpp:370 -   成功事务:     0
2026-05-26 09:04:09.204 [INFO] main.cpp:371 -   失败事务:     1000
2026-05-26 09:04:09.204 [INFO] main.cpp:373 -   成功率:       0.0%
2026-05-26 09:04:09.204 [INFO] main.cpp:378 - ======== 命令队列统计 ========
2026-05-26 09:04:09.204 [INFO] main.cpp:379 -   已提交: 0  已执行: 0  成功: 0  失败: 0
2026-05-26 09:04:09.204 [INFO] main.cpp:384 -   队列大小: 0  平均耗时: 0.0ms
2026-05-26 09:04:10.205 [INFO] main.cpp:352 - ======== 总线统计 ========
2026-05-26 09:04:10.205 [INFO] main.cpp:353 -   总事务数:     1020
2026-05-26 09:04:10.205 [INFO] main.cpp:354 -   总错误数:     1000
2026-05-26 09:04:10.205 [INFO] main.cpp:355 -   发送字节数:   8160
2026-05-26 09:04:10.205 [INFO] main.cpp:356 -   接收字节数:   0
2026-05-26 09:04:10.205 [INFO] main.cpp:357 -   平均延迟:     0.00 ms
2026-05-26 09:04:10.205 [INFO] main.cpp:358 -   最大延迟:     0.00 ms
2026-05-26 09:04:10.205 [INFO] main.cpp:359 -   总线争用次数: 0
2026-05-26 09:04:10.205 [INFO] main.cpp:368 - ======== 轮询统计 ========
2026-05-26 09:04:10.205 [INFO] main.cpp:369 -   任务组数:     20
2026-05-26 09:04:10.206 [INFO] main.cpp:370 -   成功事务:     0
2026-05-26 09:04:10.206 [INFO] main.cpp:371 -   失败事务:     1000
2026-05-26 09:04:10.206 [INFO] main.cpp:373 -   成功率:       0.0%
2026-05-26 09:04:10.206 [INFO] main.cpp:378 - ======== 命令队列统计 ========
2026-05-26 09:04:10.206 [INFO] main.cpp:379 -   已提交: 0  已执行: 0  成功: 0  失败: 0
2026-05-26 09:04:10.206 [INFO] main.cpp:384 -   队列大小: 0  平均耗时: 0.0ms
2026-05-26 09:04:11.207 [INFO] main.cpp:352 - ======== 总线统计 ========
2026-05-26 09:04:11.207 [INFO] main.cpp:353 -   总事务数:     1020
2026-05-26 09:04:11.207 [INFO] main.cpp:354 -   总错误数:     1020
2026-05-26 09:04:11.207 [INFO] main.cpp:355 -   发送字节数:   8160
2026-05-26 09:04:11.207 [INFO] main.cpp:356 -   接收字节数:   0
2026-05-26 09:04:11.207 [INFO] main.cpp:357 -   平均延迟:     0.00 ms
2026-05-26 09:04:11.207 [INFO] main.cpp:358 -   最大延迟:     0.00 ms
2026-05-26 09:04:11.207 [INFO] main.cpp:359 -   总线争用次数: 0
2026-05-26 09:04:11.207 [INFO] main.cpp:368 - ======== 轮询统计 ========
2026-05-26 09:04:11.207 [INFO] main.cpp:369 -   任务组数:     20
2026-05-26 09:04:11.207 [INFO] main.cpp:370 -   成功事务:     0
2026-05-26 09:04:11.207 [INFO] main.cpp:371 -   失败事务:     1020
2026-05-26 09:04:11.207 [INFO] main.cpp:373 -   成功率:       0.0%
2026-05-26 09:04:11.208 [INFO] main.cpp:378 - ======== 命令队列统计 ========
2026-05-26 09:04:11.208 [INFO] main.cpp:379 -   已提交: 0  已执行: 0  成功: 0  失败: 0
2026-05-26 09:04:11.208 [INFO] main.cpp:384 -   队列大小: 0  平均耗时: 0.0ms
2026-05-26 09:04:11.842 [INFO] main.cpp:392 - 正在停止 Web 服务器...
2026-05-26 09:04:12.682 [INFO] main.cpp:395 - 正在停止所有应用...
2026-05-26 09:04:12.683 [INFO] app_security.cpp:54 - [安防应用] 已停止
2026-05-26 09:04:12.683 [INFO] main.cpp:398 - 正在停止命令队列...
2026-05-26 09:04:12.683 [INFO] command_queue.cpp:307 - 命令处理线程 #0 已退出
2026-05-26 09:04:12.683 [INFO] command_queue.cpp:59 - 命令队列已停止
2026-05-26 09:04:12.683 [INFO] main.cpp:402 - 正在关闭串口...
2026-05-26 09:04:12.683 [INFO] main.cpp:405 - 正在停止轮询...
2026-05-26 09:04:12.768 [INFO] main.cpp:410 - ======== 最终统计 ========
2026-05-26 09:04:12.769 [INFO] main.cpp:411 -   总事务数:     1020
2026-05-26 09:04:12.769 [INFO] main.cpp:412 -   总错误数:     1020
2026-05-26 09:04:12.769 [INFO] main.cpp:413 -   成功率:       0.0%
2026-05-26 09:04:12.769 [INFO] main.cpp:417 -   平均延迟:     0.00 ms
2026-05-26 09:04:12.769 [INFO] main.cpp:418 -   最大延迟:     0.00 ms
2026-05-26 09:04:12.769 [INFO] main.cpp:419 - === 系统退出 ===

======================================================
  日志系统关闭: 2026-05-26 09:04:12.769
======================================================
