======================================================
  日志系统启动: 2026-05-26 10:00:54.035
  日志文件: ./logs/gateway_20260526_100054.log
  最大文件数: 50
  最低级别: INFO
======================================================
2026-05-26 10:00:54.036 [INFO] main.cpp:171 - === 系统启动 ===
2026-05-26 10:00:54.036 [INFO] main.cpp:172 - 串口: /dev/ttyS9, 波特率: 9600, 工作线程: 4
2026-05-26 10:00:54.036 [INFO] main.cpp:176 - 所有设备已初始化
2026-05-26 10:00:54.036 [INFO] main.cpp:183 - 应用管理器已启动, 注册了 1 个应用
2026-05-26 10:00:54.036 [INFO] main.cpp:188 - Web 服务器已启动
2026-05-26 10:00:54.036 [INFO] main.cpp:193 - 初始化串口总线: /dev/ttyS9 @ 9600 baud
2026-05-26 10:00:54.037 [INFO] command_queue.cpp:38 - 命令队列启动, 工作线程数: 1
2026-05-26 10:00:54.037 [INFO] main.cpp:211 - 串口总线已就绪, 工作线程数: 4
2026-05-26 10:00:54.037 [INFO] command_queue.cpp:228 - 命令处理线程 #0 已启动
2026-05-26 10:00:54.037 [INFO] main.cpp:310 - 共 20 个轮询任务:
2026-05-26 10:00:54.037 [INFO] main.cpp:313 -   [1] PM2.5传感器 - PM2.5 (间隔: 5000 ms)
2026-05-26 10:00:54.037 [INFO] main.cpp:313 -   [2] PM10传感器 - PM10 (间隔: 5000 ms)
2026-05-26 10:00:54.037 [INFO] main.cpp:313 -   [3] 湿度传感器 - 湿度 (间隔: 5000 ms)
2026-05-26 10:00:54.037 [INFO] main.cpp:313 -   [4] 温度传感器 - 温度 (间隔: 5000 ms)
2026-05-26 10:00:54.037 [INFO] main.cpp:313 -   [5] TVOC传感器 - TVOC (间隔: 5000 ms)
2026-05-26 10:00:54.037 [INFO] main.cpp:313 -   [6] 甲醛传感器 - 甲醛 (间隔: 5000 ms)
2026-05-26 10:00:54.037 [INFO] main.cpp:313 -   [7] 臭氧传感器 - 臭氧 (间隔: 5000 ms)
2026-05-26 10:00:54.037 [INFO] main.cpp:313 -   [8] CO2传感器 - CO2 (间隔: 5000 ms)
2026-05-26 10:00:54.037 [INFO] main.cpp:313 -   [9] 烟雾报警器 - 报警状态 (间隔: 5000 ms)
2026-05-26 10:00:54.037 [INFO] main.cpp:313 -   [10] 恒湿净化一体机 - 环境数据 (间隔: 5000 ms)
2026-05-26 10:00:54.037 [INFO] main.cpp:313 -   [11] 恒湿净化一体机 - 电源状态 (间隔: 5000 ms)
2026-05-26 10:00:54.037 [INFO] main.cpp:313 -   [12] 恒湿净化一体机 - 故障状态 (间隔: 5000 ms)
2026-05-26 10:00:54.037 [INFO] main.cpp:313 -   [13] 报警装置 - 状态 (间隔: 5000 ms)
2026-05-26 10:00:54.037 [INFO] main.cpp:313 -   [14] 水浸传感器 - 浸水状态 (间隔: 5000 ms)
2026-05-26 10:00:54.038 [INFO] main.cpp:313 -   [15] 红外探测器 - 红外状态 (间隔: 5000 ms)
2026-05-26 10:00:54.038 [INFO] main.cpp:313 -   [16] 红外探测器 - 雷达状态 (间隔: 5000 ms)
2026-05-26 10:00:54.038 [INFO] main.cpp:313 -   [17] 霉菌空气净化机 - 环境数据 (间隔: 5000 ms)
2026-05-26 10:00:54.038 [INFO] main.cpp:313 -   [18] 霉菌空气净化机 - 运行模式 (间隔: 5000 ms)
2026-05-26 10:00:54.038 [INFO] main.cpp:313 -   [19] 霉菌空气净化机 - 电源状态 (间隔: 5000 ms)
2026-05-26 10:00:54.038 [INFO] main.cpp:313 -   [20] 弱光检测传感器 - 光照度 (间隔: 5000 ms)
2026-05-26 10:00:54.041 [INFO] main.cpp:330 - 多线程轮询已启动, 按 Ctrl+C 退出
2026-05-26 10:00:55.043 [INFO] main.cpp:352 - ======== 总线统计 ========
2026-05-26 10:00:55.043 [INFO] main.cpp:353 -   总事务数:     20
2026-05-26 10:00:55.043 [INFO] main.cpp:354 -   总错误数:     0
2026-05-26 10:00:55.043 [INFO] main.cpp:355 -   发送字节数:   160
2026-05-26 10:00:55.043 [INFO] main.cpp:356 -   接收字节数:   0
2026-05-26 10:00:55.043 [INFO] main.cpp:357 -   平均延迟:     0.00 ms
2026-05-26 10:00:55.043 [INFO] main.cpp:358 -   最大延迟:     0.00 ms
2026-05-26 10:00:55.043 [INFO] main.cpp:359 -   总线争用次数: 0
2026-05-26 10:00:55.043 [INFO] main.cpp:368 - ======== 轮询统计 ========
2026-05-26 10:00:55.043 [INFO] main.cpp:369 -   任务组数:     20
2026-05-26 10:00:55.043 [INFO] main.cpp:370 -   成功事务:     0
2026-05-26 10:00:55.043 [INFO] main.cpp:371 -   失败事务:     0
2026-05-26 10:00:55.043 [INFO] main.cpp:378 - ======== 命令队列统计 ========
2026-05-26 10:00:55.044 [INFO] main.cpp:379 -   已提交: 0  已执行: 0  成功: 0  失败: 0
2026-05-26 10:00:55.044 [INFO] main.cpp:384 -   队列大小: 0  平均耗时: 0.0ms
2026-05-26 10:00:56.045 [INFO] main.cpp:352 - ======== 总线统计 ========
2026-05-26 10:00:56.045 [INFO] main.cpp:353 -   总事务数:     20
2026-05-26 10:00:56.045 [INFO] main.cpp:354 -   总错误数:     20
2026-05-26 10:00:56.045 [INFO] main.cpp:355 -   发送字节数:   160
2026-05-26 10:00:56.045 [INFO] main.cpp:356 -   接收字节数:   0
2026-05-26 10:00:56.045 [INFO] main.cpp:357 -   平均延迟:     0.00 ms
2026-05-26 10:00:56.045 [INFO] main.cpp:358 -   最大延迟:     0.00 ms
2026-05-26 10:00:56.045 [INFO] main.cpp:359 -   总线争用次数: 0
2026-05-26 10:00:56.045 [INFO] main.cpp:368 - ======== 轮询统计 ========
2026-05-26 10:00:56.045 [INFO] main.cpp:369 -   任务组数:     20
2026-05-26 10:00:56.045 [INFO] main.cpp:370 -   成功事务:     0
2026-05-26 10:00:56.045 [INFO] main.cpp:371 -   失败事务:     20
2026-05-26 10:00:56.045 [INFO] main.cpp:373 -   成功率:       0.0%
2026-05-26 10:00:56.045 [INFO] main.cpp:378 - ======== 命令队列统计 ========
2026-05-26 10:00:56.045 [INFO] main.cpp:379 -   已提交: 0  已执行: 0  成功: 0  失败: 0
2026-05-26 10:00:56.045 [INFO] main.cpp:384 -   队列大小: 0  平均耗时: 0.0ms
2026-05-26 10:00:57.046 [INFO] main.cpp:352 - ======== 总线统计 ========
2026-05-26 10:00:57.047 [INFO] main.cpp:353 -   总事务数:     20
2026-05-26 10:00:57.047 [INFO] main.cpp:354 -   总错误数:     20
2026-05-26 10:00:57.047 [INFO] main.cpp:355 -   发送字节数:   160
2026-05-26 10:00:57.047 [INFO] main.cpp:356 -   接收字节数:   0
2026-05-26 10:00:57.047 [INFO] main.cpp:357 -   平均延迟:     0.00 ms
2026-05-26 10:00:57.047 [INFO] main.cpp:358 -   最大延迟:     0.00 ms
2026-05-26 10:00:57.047 [INFO] main.cpp:359 -   总线争用次数: 0
2026-05-26 10:00:57.047 [INFO] main.cpp:368 - ======== 轮询统计 ========
2026-05-26 10:00:57.047 [INFO] main.cpp:369 -   任务组数:     20
2026-05-26 10:00:57.047 [INFO] main.cpp:370 -   成功事务:     0
2026-05-26 10:00:57.047 [INFO] main.cpp:371 -   失败事务:     20
2026-05-26 10:00:57.047 [INFO] main.cpp:373 -   成功率:       0.0%
2026-05-26 10:00:57.047 [INFO] main.cpp:378 - ======== 命令队列统计 ========
2026-05-26 10:00:57.047 [INFO] main.cpp:379 -   已提交: 0  已执行: 0  成功: 0  失败: 0
2026-05-26 10:00:57.047 [INFO] main.cpp:384 -   队列大小: 0  平均耗时: 0.0ms
2026-05-26 10:00:58.048 [INFO] main.cpp:352 - ======== 总线统计 ========
2026-05-26 10:00:58.048 [INFO] main.cpp:353 -   总事务数:     20
2026-05-26 10:00:58.048 [INFO] main.cpp:354 -   总错误数:     20
2026-05-26 10:00:58.048 [INFO] main.cpp:355 -   发送字节数:   160
2026-05-26 10:00:58.048 [INFO] main.cpp:356 -   接收字节数:   0
2026-05-26 10:00:58.049 [INFO] main.cpp:357 -   平均延迟:     0.00 ms
2026-05-26 10:00:58.049 [INFO] main.cpp:358 -   最大延迟:     0.00 ms
2026-05-26 10:00:58.049 [INFO] main.cpp:359 -   总线争用次数: 0
2026-05-26 10:00:58.049 [INFO] main.cpp:368 - ======== 轮询统计 ========
2026-05-26 10:00:58.049 [INFO] main.cpp:369 -   任务组数:     20
2026-05-26 10:00:58.049 [INFO] main.cpp:370 -   成功事务:     0
2026-05-26 10:00:58.049 [INFO] main.cpp:371 -   失败事务:     20
2026-05-26 10:00:58.049 [INFO] main.cpp:373 -   成功率:       0.0%
2026-05-26 10:00:58.049 [INFO] main.cpp:378 - ======== 命令队列统计 ========
2026-05-26 10:00:58.049 [INFO] main.cpp:379 -   已提交: 0  已执行: 0  成功: 0  失败: 0
2026-05-26 10:00:58.049 [INFO] main.cpp:384 -   队列大小: 0  平均耗时: 0.0ms
2026-05-26 10:00:59.049 [INFO] main.cpp:352 - ======== 总线统计 ========
2026-05-26 10:00:59.050 [INFO] main.cpp:353 -   总事务数:     40
2026-05-26 10:00:59.050 [INFO] main.cpp:354 -   总错误数:     20
2026-05-26 10:00:59.050 [INFO] main.cpp:355 -   发送字节数:   160
2026-05-26 10:00:59.050 [INFO] main.cpp:356 -   接收字节数:   0
2026-05-26 10:00:59.050 [INFO] main.cpp:357 -   平均延迟:     0.00 ms
2026-05-26 10:00:59.050 [INFO] main.cpp:358 -   最大延迟:     0.00 ms
2026-05-26 10:00:59.050 [INFO] main.cpp:359 -   总线争用次数: 0
2026-05-26 10:00:59.050 [INFO] main.cpp:368 - ======== 轮询统计 ========
2026-05-26 10:00:59.050 [INFO] main.cpp:369 -   任务组数:     20
2026-05-26 10:00:59.050 [INFO] main.cpp:370 -   成功事务:     0
2026-05-26 10:00:59.050 [INFO] main.cpp:371 -   失败事务:     20
2026-05-26 10:00:59.050 [INFO] main.cpp:373 -   成功率:       0.0%
2026-05-26 10:00:59.050 [INFO] main.cpp:378 - ======== 命令队列统计 ========
2026-05-26 10:00:59.050 [INFO] main.cpp:379 -   已提交: 0  已执行: 0  成功: 0  失败: 0
2026-05-26 10:00:59.050 [INFO] main.cpp:384 -   队列大小: 0  平均耗时: 0.0ms
2026-05-26 10:01:00.051 [INFO] main.cpp:352 - ======== 总线统计 ========
2026-05-26 10:01:00.051 [INFO] main.cpp:353 -   总事务数:     40
2026-05-26 10:01:00.051 [INFO] main.cpp:354 -   总错误数:     20
2026-05-26 10:01:00.051 [INFO] main.cpp:355 -   发送字节数:   320
2026-05-26 10:01:00.052 [INFO] main.cpp:356 -   接收字节数:   0
2026-05-26 10:01:00.052 [INFO] main.cpp:357 -   平均延迟:     0.00 ms
2026-05-26 10:01:00.052 [INFO] main.cpp:358 -   最大延迟:     0.00 ms
2026-05-26 10:01:00.052 [INFO] main.cpp:359 -   总线争用次数: 0
2026-05-26 10:01:00.052 [INFO] main.cpp:368 - ======== 轮询统计 ========
2026-05-26 10:01:00.052 [INFO] main.cpp:369 -   任务组数:     20
2026-05-26 10:01:00.052 [INFO] main.cpp:370 -   成功事务:     0
2026-05-26 10:01:00.052 [INFO] main.cpp:371 -   失败事务:     20
2026-05-26 10:01:00.052 [INFO] main.cpp:373 -   成功率:       0.0%
2026-05-26 10:01:00.052 [INFO] main.cpp:378 - ======== 命令队列统计 ========
2026-05-26 10:01:00.052 [INFO] main.cpp:379 -   已提交: 0  已执行: 0  成功: 0  失败: 0
2026-05-26 10:01:00.052 [INFO] main.cpp:384 -   队列大小: 0  平均耗时: 0.0ms
2026-05-26 10:01:01.053 [INFO] main.cpp:352 - ======== 总线统计 ========
2026-05-26 10:01:01.053 [INFO] main.cpp:353 -   总事务数:     40
2026-05-26 10:01:01.053 [INFO] main.cpp:354 -   总错误数:     40
2026-05-26 10:01:01.053 [INFO] main.cpp:355 -   发送字节数:   320
2026-05-26 10:01:01.053 [INFO] main.cpp:356 -   接收字节数:   0
2026-05-26 10:01:01.053 [INFO] main.cpp:357 -   平均延迟:     0.00 ms
2026-05-26 10:01:01.053 [INFO] main.cpp:358 -   最大延迟:     0.00 ms
2026-05-26 10:01:01.053 [INFO] main.cpp:359 -   总线争用次数: 0
2026-05-26 10:01:01.053 [INFO] main.cpp:368 - ======== 轮询统计 ========
2026-05-26 10:01:01.054 [INFO] main.cpp:369 -   任务组数:     20
2026-05-26 10:01:01.054 [INFO] main.cpp:370 -   成功事务:     0
2026-05-26 10:01:01.054 [INFO] main.cpp:371 -   失败事务:     40
2026-05-26 10:01:01.054 [INFO] main.cpp:373 -   成功率:       0.0%
2026-05-26 10:01:01.054 [INFO] main.cpp:378 - ======== 命令队列统计 ========
2026-05-26 10:01:01.054 [INFO] main.cpp:379 -   已提交: 0  已执行: 0  成功: 0  失败: 0
2026-05-26 10:01:01.054 [INFO] main.cpp:384 -   队列大小: 0  平均耗时: 0.0ms
2026-05-26 10:01:02.054 [INFO] main.cpp:352 - ======== 总线统计 ========
2026-05-26 10:01:02.054 [INFO] main.cpp:353 -   总事务数:     40
2026-05-26 10:01:02.054 [INFO] main.cpp:354 -   总错误数:     40
2026-05-26 10:01:02.054 [INFO] main.cpp:355 -   发送字节数:   320
2026-05-26 10:01:02.054 [INFO] main.cpp:356 -   接收字节数:   0
2026-05-26 10:01:02.054 [INFO] main.cpp:357 -   平均延迟:     0.00 ms
2026-05-26 10:01:02.054 [INFO] main.cpp:358 -   最大延迟:     0.00 ms
2026-05-26 10:01:02.055 [INFO] main.cpp:359 -   总线争用次数: 0
2026-05-26 10:01:02.055 [INFO] main.cpp:368 - ======== 轮询统计 ========
2026-05-26 10:01:02.055 [INFO] main.cpp:369 -   任务组数:     20
2026-05-26 10:01:02.055 [INFO] main.cpp:370 -   成功事务:     0
2026-05-26 10:01:02.055 [INFO] main.cpp:371 -   失败事务:     40
2026-05-26 10:01:02.055 [INFO] main.cpp:373 -   成功率:       0.0%
2026-05-26 10:01:02.055 [INFO] main.cpp:378 - ======== 命令队列统计 ========
2026-05-26 10:01:02.055 [INFO] main.cpp:379 -   已提交: 0  已执行: 0  成功: 0  失败: 0
2026-05-26 10:01:02.055 [INFO] main.cpp:384 -   队列大小: 0  平均耗时: 0.0ms
2026-05-26 10:01:03.056 [INFO] main.cpp:352 - ======== 总线统计 ========
2026-05-26 10:01:03.056 [INFO] main.cpp:353 -   总事务数:     40
2026-05-26 10:01:03.056 [INFO] main.cpp:354 -   总错误数:     40
2026-05-26 10:01:03.056 [INFO] main.cpp:355 -   发送字节数:   320
2026-05-26 10:01:03.056 [INFO] main.cpp:356 -   接收字节数:   0
2026-05-26 10:01:03.056 [INFO] main.cpp:357 -   平均延迟:     0.00 ms
2026-05-26 10:01:03.056 [INFO] main.cpp:358 -   最大延迟:     0.00 ms
2026-05-26 10:01:03.056 [INFO] main.cpp:359 -   总线争用次数: 0
2026-05-26 10:01:03.056 [INFO] main.cpp:368 - ======== 轮询统计 ========
2026-05-26 10:01:03.056 [INFO] main.cpp:369 -   任务组数:     20
2026-05-26 10:01:03.057 [INFO] main.cpp:370 -   成功事务:     0
2026-05-26 10:01:03.057 [INFO] main.cpp:371 -   失败事务:     40
2026-05-26 10:01:03.057 [INFO] main.cpp:373 -   成功率:       0.0%
2026-05-26 10:01:03.057 [INFO] main.cpp:378 - ======== 命令队列统计 ========
2026-05-26 10:01:03.057 [INFO] main.cpp:379 -   已提交: 0  已执行: 0  成功: 0  失败: 0
2026-05-26 10:01:03.057 [INFO] main.cpp:384 -   队列大小: 0  平均耗时: 0.0ms
2026-05-26 10:01:04.058 [INFO] main.cpp:352 - ======== 总线统计 ========
2026-05-26 10:01:04.058 [INFO] main.cpp:353 -   总事务数:     60
2026-05-26 10:01:04.058 [INFO] main.cpp:354 -   总错误数:     40
2026-05-26 10:01:04.058 [INFO] main.cpp:355 -   发送字节数:   320
2026-05-26 10:01:04.058 [INFO] main.cpp:356 -   接收字节数:   0
2026-05-26 10:01:04.058 [INFO] main.cpp:357 -   平均延迟:     0.00 ms
2026-05-26 10:01:04.058 [INFO] main.cpp:358 -   最大延迟:     0.00 ms
2026-05-26 10:01:04.058 [INFO] main.cpp:359 -   总线争用次数: 0
2026-05-26 10:01:04.058 [INFO] main.cpp:368 - ======== 轮询统计 ========
2026-05-26 10:01:04.058 [INFO] main.cpp:369 -   任务组数:     20
2026-05-26 10:01:04.058 [INFO] main.cpp:370 -   成功事务:     0
2026-05-26 10:01:04.058 [INFO] main.cpp:371 -   失败事务:     40
2026-05-26 10:01:04.058 [INFO] main.cpp:373 -   成功率:       0.0%
2026-05-26 10:01:04.058 [INFO] main.cpp:378 - ======== 命令队列统计 ========
2026-05-26 10:01:04.058 [INFO] main.cpp:379 -   已提交: 0  已执行: 0  成功: 0  失败: 0
2026-05-26 10:01:04.058 [INFO] main.cpp:384 -   队列大小: 0  平均耗时: 0.0ms
2026-05-26 10:01:05.060 [INFO] main.cpp:352 - ======== 总线统计 ========
2026-05-26 10:01:05.060 [INFO] main.cpp:353 -   总事务数:     60
2026-05-26 10:01:05.060 [INFO] main.cpp:354 -   总错误数:     40
2026-05-26 10:01:05.060 [INFO] main.cpp:355 -   发送字节数:   480
2026-05-26 10:01:05.060 [INFO] main.cpp:356 -   接收字节数:   0
2026-05-26 10:01:05.060 [INFO] main.cpp:357 -   平均延迟:     0.00 ms
2026-05-26 10:01:05.060 [INFO] main.cpp:358 -   最大延迟:     0.00 ms
2026-05-26 10:01:05.060 [INFO] main.cpp:359 -   总线争用次数: 0
2026-05-26 10:01:05.060 [INFO] main.cpp:368 - ======== 轮询统计 ========
2026-05-26 10:01:05.060 [INFO] main.cpp:369 -   任务组数:     20
2026-05-26 10:01:05.060 [INFO] main.cpp:370 -   成功事务:     0
2026-05-26 10:01:05.060 [INFO] main.cpp:371 -   失败事务:     40
2026-05-26 10:01:05.060 [INFO] main.cpp:373 -   成功率:       0.0%
2026-05-26 10:01:05.060 [INFO] main.cpp:378 - ======== 命令队列统计 ========
2026-05-26 10:01:05.060 [INFO] main.cpp:379 -   已提交: 0  已执行: 0  成功: 0  失败: 0
2026-05-26 10:01:05.060 [INFO] main.cpp:384 -   队列大小: 0  平均耗时: 0.0ms
2026-05-26 10:01:06.061 [INFO] main.cpp:352 - ======== 总线统计 ========
2026-05-26 10:01:06.061 [INFO] main.cpp:353 -   总事务数:     60
2026-05-26 10:01:06.061 [INFO] main.cpp:354 -   总错误数:     60
2026-05-26 10:01:06.061 [INFO] main.cpp:355 -   发送字节数:   480
2026-05-26 10:01:06.061 [INFO] main.cpp:356 -   接收字节数:   0
2026-05-26 10:01:06.061 [INFO] main.cpp:357 -   平均延迟:     0.00 ms
2026-05-26 10:01:06.062 [INFO] main.cpp:358 -   最大延迟:     0.00 ms
2026-05-26 10:01:06.062 [INFO] main.cpp:359 -   总线争用次数: 0
2026-05-26 10:01:06.062 [INFO] main.cpp:368 - ======== 轮询统计 ========
2026-05-26 10:01:06.062 [INFO] main.cpp:369 -   任务组数:     20
2026-05-26 10:01:06.062 [INFO] main.cpp:370 -   成功事务:     0
2026-05-26 10:01:06.062 [INFO] main.cpp:371 -   失败事务:     60
2026-05-26 10:01:06.062 [INFO] main.cpp:373 -   成功率:       0.0%
2026-05-26 10:01:06.062 [INFO] main.cpp:378 - ======== 命令队列统计 ========
2026-05-26 10:01:06.062 [INFO] main.cpp:379 -   已提交: 0  已执行: 0  成功: 0  失败: 0
2026-05-26 10:01:06.062 [INFO] main.cpp:384 -   队列大小: 0  平均耗时: 0.0ms
2026-05-26 10:01:07.063 [INFO] main.cpp:352 - ======== 总线统计 ========
2026-05-26 10:01:07.063 [INFO] main.cpp:353 -   总事务数:     60
2026-05-26 10:01:07.063 [INFO] main.cpp:354 -   总错误数:     60
2026-05-26 10:01:07.063 [INFO] main.cpp:355 -   发送字节数:   480
2026-05-26 10:01:07.063 [INFO] main.cpp:356 -   接收字节数:   0
2026-05-26 10:01:07.063 [INFO] main.cpp:357 -   平均延迟:     0.00 ms
2026-05-26 10:01:07.063 [INFO] main.cpp:358 -   最大延迟:     0.00 ms
2026-05-26 10:01:07.063 [INFO] main.cpp:359 -   总线争用次数: 0
2026-05-26 10:01:07.063 [INFO] main.cpp:368 - ======== 轮询统计 ========
2026-05-26 10:01:07.063 [INFO] main.cpp:369 -   任务组数:     20
2026-05-26 10:01:07.063 [INFO] main.cpp:370 -   成功事务:     0
2026-05-26 10:01:07.064 [INFO] main.cpp:371 -   失败事务:     60
2026-05-26 10:01:07.064 [INFO] main.cpp:373 -   成功率:       0.0%
2026-05-26 10:01:07.064 [INFO] main.cpp:378 - ======== 命令队列统计 ========
2026-05-26 10:01:07.064 [INFO] main.cpp:379 -   已提交: 0  已执行: 0  成功: 0  失败: 0
2026-05-26 10:01:07.064 [INFO] main.cpp:384 -   队列大小: 0  平均耗时: 0.0ms
2026-05-26 10:01:08.065 [INFO] main.cpp:352 - ======== 总线统计 ========
2026-05-26 10:01:08.065 [INFO] main.cpp:353 -   总事务数:     60
2026-05-26 10:01:08.065 [INFO] main.cpp:354 -   总错误数:     60
2026-05-26 10:01:08.065 [INFO] main.cpp:355 -   发送字节数:   480
2026-05-26 10:01:08.065 [INFO] main.cpp:356 -   接收字节数:   0
2026-05-26 10:01:08.065 [INFO] main.cpp:357 -   平均延迟:     0.00 ms
2026-05-26 10:01:08.065 [INFO] main.cpp:358 -   最大延迟:     0.00 ms
2026-05-26 10:01:08.065 [INFO] main.cpp:359 -   总线争用次数: 0
2026-05-26 10:01:08.065 [INFO] main.cpp:368 - ======== 轮询统计 ========
2026-05-26 10:01:08.065 [INFO] main.cpp:369 -   任务组数:     20
2026-05-26 10:01:08.065 [INFO] main.cpp:370 -   成功事务:     0
2026-05-26 10:01:08.065 [INFO] main.cpp:371 -   失败事务:     60
2026-05-26 10:01:08.065 [INFO] main.cpp:373 -   成功率:       0.0%
2026-05-26 10:01:08.065 [INFO] main.cpp:378 - ======== 命令队列统计 ========
2026-05-26 10:01:08.065 [INFO] main.cpp:379 -   已提交: 0  已执行: 0  成功: 0  失败: 0
2026-05-26 10:01:08.065 [INFO] main.cpp:384 -   队列大小: 0  平均耗时: 0.0ms
2026-05-26 10:01:09.067 [INFO] main.cpp:352 - ======== 总线统计 ========
2026-05-26 10:01:09.067 [INFO] main.cpp:353 -   总事务数:     80
2026-05-26 10:01:09.067 [INFO] main.cpp:354 -   总错误数:     60
2026-05-26 10:01:09.067 [INFO] main.cpp:355 -   发送字节数:   480
2026-05-26 10:01:09.067 [INFO] main.cpp:356 -   接收字节数:   0
2026-05-26 10:01:09.067 [INFO] main.cpp:357 -   平均延迟:     0.00 ms
2026-05-26 10:01:09.067 [INFO] main.cpp:358 -   最大延迟:     0.00 ms
2026-05-26 10:01:09.067 [INFO] main.cpp:359 -   总线争用次数: 0
2026-05-26 10:01:09.067 [INFO] main.cpp:368 - ======== 轮询统计 ========
2026-05-26 10:01:09.067 [INFO] main.cpp:369 -   任务组数:     20
2026-05-26 10:01:09.067 [INFO] main.cpp:370 -   成功事务:     0
2026-05-26 10:01:09.067 [INFO] main.cpp:371 -   失败事务:     60
2026-05-26 10:01:09.067 [INFO] main.cpp:373 -   成功率:       0.0%
2026-05-26 10:01:09.067 [INFO] main.cpp:378 - ======== 命令队列统计 ========
2026-05-26 10:01:09.067 [INFO] main.cpp:379 -   已提交: 0  已执行: 0  成功: 0  失败: 0
2026-05-26 10:01:09.067 [INFO] main.cpp:384 -   队列大小: 0  平均耗时: 0.0ms
2026-05-26 10:01:10.068 [INFO] main.cpp:352 - ======== 总线统计 ========
2026-05-26 10:01:10.068 [INFO] main.cpp:353 -   总事务数:     80
2026-05-26 10:01:10.068 [INFO] main.cpp:354 -   总错误数:     60
2026-05-26 10:01:10.068 [INFO] main.cpp:355 -   发送字节数:   640
2026-05-26 10:01:10.068 [INFO] main.cpp:356 -   接收字节数:   0
2026-05-26 10:01:10.069 [INFO] main.cpp:357 -   平均延迟:     0.00 ms
2026-05-26 10:01:10.069 [INFO] main.cpp:358 -   最大延迟:     0.00 ms
2026-05-26 10:01:10.069 [INFO] main.cpp:359 -   总线争用次数: 0
2026-05-26 10:01:10.069 [INFO] main.cpp:368 - ======== 轮询统计 ========
2026-05-26 10:01:10.069 [INFO] main.cpp:369 -   任务组数:     20
2026-05-26 10:01:10.069 [INFO] main.cpp:370 -   成功事务:     0
2026-05-26 10:01:10.069 [INFO] main.cpp:371 -   失败事务:     60
2026-05-26 10:01:10.069 [INFO] main.cpp:373 -   成功率:       0.0%
2026-05-26 10:01:10.069 [INFO] main.cpp:378 - ======== 命令队列统计 ========
2026-05-26 10:01:10.069 [INFO] main.cpp:379 -   已提交: 0  已执行: 0  成功: 0  失败: 0
2026-05-26 10:01:10.069 [INFO] main.cpp:384 -   队列大小: 0  平均耗时: 0.0ms
2026-05-26 10:01:11.070 [INFO] main.cpp:352 - ======== 总线统计 ========
2026-05-26 10:01:11.070 [INFO] main.cpp:353 -   总事务数:     80
2026-05-26 10:01:11.070 [INFO] main.cpp:354 -   总错误数:     80
2026-05-26 10:01:11.070 [INFO] main.cpp:355 -   发送字节数:   640
2026-05-26 10:01:11.070 [INFO] main.cpp:356 -   接收字节数:   0
2026-05-26 10:01:11.070 [INFO] main.cpp:357 -   平均延迟:     0.00 ms
2026-05-26 10:01:11.070 [INFO] main.cpp:358 -   最大延迟:     0.00 ms
2026-05-26 10:01:11.070 [INFO] main.cpp:359 -   总线争用次数: 0
2026-05-26 10:01:11.070 [INFO] main.cpp:368 - ======== 轮询统计 ========
2026-05-26 10:01:11.070 [INFO] main.cpp:369 -   任务组数:     20
2026-05-26 10:01:11.070 [INFO] main.cpp:370 -   成功事务:     0
2026-05-26 10:01:11.070 [INFO] main.cpp:371 -   失败事务:     80
2026-05-26 10:01:11.070 [INFO] main.cpp:373 -   成功率:       0.0%
2026-05-26 10:01:11.070 [INFO] main.cpp:378 - ======== 命令队列统计 ========
2026-05-26 10:01:11.070 [INFO] main.cpp:379 -   已提交: 0  已执行: 0  成功: 0  失败: 0
2026-05-26 10:01:11.070 [INFO] main.cpp:384 -   队列大小: 0  平均耗时: 0.0ms
2026-05-26 10:01:12.071 [INFO] main.cpp:352 - ======== 总线统计 ========
2026-05-26 10:01:12.071 [INFO] main.cpp:353 -   总事务数:     80
2026-05-26 10:01:12.071 [INFO] main.cpp:354 -   总错误数:     80
2026-05-26 10:01:12.071 [INFO] main.cpp:355 -   发送字节数:   640
2026-05-26 10:01:12.071 [INFO] main.cpp:356 -   接收字节数:   0
2026-05-26 10:01:12.071 [INFO] main.cpp:357 -   平均延迟:     0.00 ms
2026-05-26 10:01:12.071 [INFO] main.cpp:358 -   最大延迟:     0.00 ms
2026-05-26 10:01:12.072 [INFO] main.cpp:359 -   总线争用次数: 0
2026-05-26 10:01:12.072 [INFO] main.cpp:368 - ======== 轮询统计 ========
2026-05-26 10:01:12.072 [INFO] main.cpp:369 -   任务组数:     20
2026-05-26 10:01:12.072 [INFO] main.cpp:370 -   成功事务:     0
2026-05-26 10:01:12.072 [INFO] main.cpp:371 -   失败事务:     80
2026-05-26 10:01:12.072 [INFO] main.cpp:373 -   成功率:       0.0%
2026-05-26 10:01:12.072 [INFO] main.cpp:378 - ======== 命令队列统计 ========
2026-05-26 10:01:12.072 [INFO] main.cpp:379 -   已提交: 0  已执行: 0  成功: 0  失败: 0
2026-05-26 10:01:12.072 [INFO] main.cpp:384 -   队列大小: 0  平均耗时: 0.0ms
2026-05-26 10:01:13.073 [INFO] main.cpp:352 - ======== 总线统计 ========
2026-05-26 10:01:13.073 [INFO] main.cpp:353 -   总事务数:     80
2026-05-26 10:01:13.073 [INFO] main.cpp:354 -   总错误数:     80
2026-05-26 10:01:13.073 [INFO] main.cpp:355 -   发送字节数:   640
2026-05-26 10:01:13.073 [INFO] main.cpp:356 -   接收字节数:   0
2026-05-26 10:01:13.073 [INFO] main.cpp:357 -   平均延迟:     0.00 ms
2026-05-26 10:01:13.073 [INFO] main.cpp:358 -   最大延迟:     0.00 ms
2026-05-26 10:01:13.073 [INFO] main.cpp:359 -   总线争用次数: 0
2026-05-26 10:01:13.073 [INFO] main.cpp:368 - ======== 轮询统计 ========
2026-05-26 10:01:13.073 [INFO] main.cpp:369 -   任务组数:     20
2026-05-26 10:01:13.073 [INFO] main.cpp:370 -   成功事务:     0
2026-05-26 10:01:13.074 [INFO] main.cpp:371 -   失败事务:     80
2026-05-26 10:01:13.074 [INFO] main.cpp:373 -   成功率:       0.0%
2026-05-26 10:01:13.074 [INFO] main.cpp:378 - ======== 命令队列统计 ========
2026-05-26 10:01:13.074 [INFO] main.cpp:379 -   已提交: 0  已执行: 0  成功: 0  失败: 0
2026-05-26 10:01:13.074 [INFO] main.cpp:384 -   队列大小: 0  平均耗时: 0.0ms
2026-05-26 10:01:14.075 [INFO] main.cpp:352 - ======== 总线统计 ========
2026-05-26 10:01:14.075 [INFO] main.cpp:353 -   总事务数:     100
2026-05-26 10:01:14.075 [INFO] main.cpp:354 -   总错误数:     80
2026-05-26 10:01:14.075 [INFO] main.cpp:355 -   发送字节数:   640
2026-05-26 10:01:14.075 [INFO] main.cpp:356 -   接收字节数:   0
2026-05-26 10:01:14.075 [INFO] main.cpp:357 -   平均延迟:     0.00 ms
2026-05-26 10:01:14.075 [INFO] main.cpp:358 -   最大延迟:     0.00 ms
2026-05-26 10:01:14.075 [INFO] main.cpp:359 -   总线争用次数: 0
2026-05-26 10:01:14.075 [INFO] main.cpp:368 - ======== 轮询统计 ========
2026-05-26 10:01:14.075 [INFO] main.cpp:369 -   任务组数:     20
2026-05-26 10:01:14.075 [INFO] main.cpp:370 -   成功事务:     0
2026-05-26 10:01:14.075 [INFO] main.cpp:371 -   失败事务:     80
2026-05-26 10:01:14.075 [INFO] main.cpp:373 -   成功率:       0.0%
2026-05-26 10:01:14.075 [INFO] main.cpp:378 - ======== 命令队列统计 ========
2026-05-26 10:01:14.075 [INFO] main.cpp:379 -   已提交: 0  已执行: 0  成功: 0  失败: 0
2026-05-26 10:01:14.075 [INFO] main.cpp:384 -   队列大小: 0  平均耗时: 0.0ms
2026-05-26 10:01:15.076 [INFO] main.cpp:352 - ======== 总线统计 ========
2026-05-26 10:01:15.076 [INFO] main.cpp:353 -   总事务数:     100
2026-05-26 10:01:15.076 [INFO] main.cpp:354 -   总错误数:     80
2026-05-26 10:01:15.076 [INFO] main.cpp:355 -   发送字节数:   800
2026-05-26 10:01:15.077 [INFO] main.cpp:356 -   接收字节数:   0
2026-05-26 10:01:15.077 [INFO] main.cpp:357 -   平均延迟:     0.00 ms
2026-05-26 10:01:15.077 [INFO] main.cpp:358 -   最大延迟:     0.00 ms
2026-05-26 10:01:15.077 [INFO] main.cpp:359 -   总线争用次数: 0
2026-05-26 10:01:15.077 [INFO] main.cpp:368 - ======== 轮询统计 ========
2026-05-26 10:01:15.077 [INFO] main.cpp:369 -   任务组数:     20
2026-05-26 10:01:15.077 [INFO] main.cpp:370 -   成功事务:     0
2026-05-26 10:01:15.077 [INFO] main.cpp:371 -   失败事务:     80
2026-05-26 10:01:15.077 [INFO] main.cpp:373 -   成功率:       0.0%
2026-05-26 10:01:15.077 [INFO] main.cpp:378 - ======== 命令队列统计 ========
2026-05-26 10:01:15.077 [INFO] main.cpp:379 -   已提交: 0  已执行: 0  成功: 0  失败: 0
2026-05-26 10:01:15.077 [INFO] main.cpp:384 -   队列大小: 0  平均耗时: 0.0ms
2026-05-26 10:01:16.078 [INFO] main.cpp:352 - ======== 总线统计 ========
2026-05-26 10:01:16.078 [INFO] main.cpp:353 -   总事务数:     100
2026-05-26 10:01:16.078 [INFO] main.cpp:354 -   总错误数:     100
2026-05-26 10:01:16.078 [INFO] main.cpp:355 -   发送字节数:   800
2026-05-26 10:01:16.078 [INFO] main.cpp:356 -   接收字节数:   0
2026-05-26 10:01:16.078 [INFO] main.cpp:357 -   平均延迟:     0.00 ms
2026-05-26 10:01:16.078 [INFO] main.cpp:358 -   最大延迟:     0.00 ms
2026-05-26 10:01:16.078 [INFO] main.cpp:359 -   总线争用次数: 0
2026-05-26 10:01:16.078 [INFO] main.cpp:368 - ======== 轮询统计 ========
2026-05-26 10:01:16.078 [INFO] main.cpp:369 -   任务组数:     20
2026-05-26 10:01:16.078 [INFO] main.cpp:370 -   成功事务:     0
2026-05-26 10:01:16.078 [INFO] main.cpp:371 -   失败事务:     100
2026-05-26 10:01:16.078 [INFO] main.cpp:373 -   成功率:       0.0%
2026-05-26 10:01:16.078 [INFO] main.cpp:378 - ======== 命令队列统计 ========
2026-05-26 10:01:16.079 [INFO] main.cpp:379 -   已提交: 0  已执行: 0  成功: 0  失败: 0
2026-05-26 10:01:16.079 [INFO] main.cpp:384 -   队列大小: 0  平均耗时: 0.0ms
2026-05-26 10:01:17.080 [INFO] main.cpp:352 - ======== 总线统计 ========
2026-05-26 10:01:17.080 [INFO] main.cpp:353 -   总事务数:     100
2026-05-26 10:01:17.080 [INFO] main.cpp:354 -   总错误数:     100
2026-05-26 10:01:17.080 [INFO] main.cpp:355 -   发送字节数:   800
2026-05-26 10:01:17.080 [INFO] main.cpp:356 -   接收字节数:   0
2026-05-26 10:01:17.080 [INFO] main.cpp:357 -   平均延迟:     0.00 ms
2026-05-26 10:01:17.080 [INFO] main.cpp:358 -   最大延迟:     0.00 ms
2026-05-26 10:01:17.080 [INFO] main.cpp:359 -   总线争用次数: 0
2026-05-26 10:01:17.080 [INFO] main.cpp:368 - ======== 轮询统计 ========
2026-05-26 10:01:17.080 [INFO] main.cpp:369 -   任务组数:     20
2026-05-26 10:01:17.080 [INFO] main.cpp:370 -   成功事务:     0
2026-05-26 10:01:17.080 [INFO] main.cpp:371 -   失败事务:     100
2026-05-26 10:01:17.080 [INFO] main.cpp:373 -   成功率:       0.0%
2026-05-26 10:01:17.080 [INFO] main.cpp:378 - ======== 命令队列统计 ========
2026-05-26 10:01:17.080 [INFO] main.cpp:379 -   已提交: 0  已执行: 0  成功: 0  失败: 0
2026-05-26 10:01:17.080 [INFO] main.cpp:384 -   队列大小: 0  平均耗时: 0.0ms
2026-05-26 10:01:18.081 [INFO] main.cpp:352 - ======== 总线统计 ========
2026-05-26 10:01:18.082 [INFO] main.cpp:353 -   总事务数:     100
2026-05-26 10:01:18.082 [INFO] main.cpp:354 -   总错误数:     100
2026-05-26 10:01:18.082 [INFO] main.cpp:355 -   发送字节数:   800
2026-05-26 10:01:18.082 [INFO] main.cpp:356 -   接收字节数:   0
2026-05-26 10:01:18.082 [INFO] main.cpp:357 -   平均延迟:     0.00 ms
2026-05-26 10:01:18.082 [INFO] main.cpp:358 -   最大延迟:     0.00 ms
2026-05-26 10:01:18.082 [INFO] main.cpp:359 -   总线争用次数: 0
2026-05-26 10:01:18.082 [INFO] main.cpp:368 - ======== 轮询统计 ========
2026-05-26 10:01:18.082 [INFO] main.cpp:369 -   任务组数:     20
2026-05-26 10:01:18.082 [INFO] main.cpp:370 -   成功事务:     0
2026-05-26 10:01:18.082 [INFO] main.cpp:371 -   失败事务:     100
2026-05-26 10:01:18.082 [INFO] main.cpp:373 -   成功率:       0.0%
2026-05-26 10:01:18.082 [INFO] main.cpp:378 - ======== 命令队列统计 ========
2026-05-26 10:01:18.082 [INFO] main.cpp:379 -   已提交: 0  已执行: 0  成功: 0  失败: 0
2026-05-26 10:01:18.082 [INFO] main.cpp:384 -   队列大小: 0  平均耗时: 0.0ms
2026-05-26 10:01:19.083 [INFO] main.cpp:352 - ======== 总线统计 ========
2026-05-26 10:01:19.083 [INFO] main.cpp:353 -   总事务数:     120
2026-05-26 10:01:19.083 [INFO] main.cpp:354 -   总错误数:     100
2026-05-26 10:01:19.083 [INFO] main.cpp:355 -   发送字节数:   800
2026-05-26 10:01:19.083 [INFO] main.cpp:356 -   接收字节数:   0
2026-05-26 10:01:19.084 [INFO] main.cpp:357 -   平均延迟:     0.00 ms
2026-05-26 10:01:19.084 [INFO] main.cpp:358 -   最大延迟:     0.00 ms
2026-05-26 10:01:19.084 [INFO] main.cpp:359 -   总线争用次数: 0
2026-05-26 10:01:19.084 [INFO] main.cpp:368 - ======== 轮询统计 ========
2026-05-26 10:01:19.084 [INFO] main.cpp:369 -   任务组数:     20
2026-05-26 10:01:19.084 [INFO] main.cpp:370 -   成功事务:     0
2026-05-26 10:01:19.084 [INFO] main.cpp:371 -   失败事务:     100
2026-05-26 10:01:19.084 [INFO] main.cpp:373 -   成功率:       0.0%
2026-05-26 10:01:19.084 [INFO] main.cpp:378 - ======== 命令队列统计 ========
2026-05-26 10:01:19.084 [INFO] main.cpp:379 -   已提交: 0  已执行: 0  成功: 0  失败: 0
2026-05-26 10:01:19.084 [INFO] main.cpp:384 -   队列大小: 0  平均耗时: 0.0ms
2026-05-26 10:01:20.085 [INFO] main.cpp:352 - ======== 总线统计 ========
2026-05-26 10:01:20.085 [INFO] main.cpp:353 -   总事务数:     120
2026-05-26 10:01:20.085 [INFO] main.cpp:354 -   总错误数:     100
2026-05-26 10:01:20.085 [INFO] main.cpp:355 -   发送字节数:   960
2026-05-26 10:01:20.085 [INFO] main.cpp:356 -   接收字节数:   0
2026-05-26 10:01:20.085 [INFO] main.cpp:357 -   平均延迟:     0.00 ms
2026-05-26 10:01:20.085 [INFO] main.cpp:358 -   最大延迟:     0.00 ms
2026-05-26 10:01:20.085 [INFO] main.cpp:359 -   总线争用次数: 0
2026-05-26 10:01:20.085 [INFO] main.cpp:368 - ======== 轮询统计 ========
2026-05-26 10:01:20.085 [INFO] main.cpp:369 -   任务组数:     20
2026-05-26 10:01:20.085 [INFO] main.cpp:370 -   成功事务:     0
2026-05-26 10:01:20.085 [INFO] main.cpp:371 -   失败事务:     100
2026-05-26 10:01:20.085 [INFO] main.cpp:373 -   成功率:       0.0%
2026-05-26 10:01:20.085 [INFO] main.cpp:378 - ======== 命令队列统计 ========
2026-05-26 10:01:20.085 [INFO] main.cpp:379 -   已提交: 0  已执行: 0  成功: 0  失败: 0
2026-05-26 10:01:20.085 [INFO] main.cpp:384 -   队列大小: 0  平均耗时: 0.0ms
2026-05-26 10:01:21.086 [INFO] main.cpp:352 - ======== 总线统计 ========
2026-05-26 10:01:21.086 [INFO] main.cpp:353 -   总事务数:     120
2026-05-26 10:01:21.086 [INFO] main.cpp:354 -   总错误数:     120
2026-05-26 10:01:21.087 [INFO] main.cpp:355 -   发送字节数:   960
2026-05-26 10:01:21.087 [INFO] main.cpp:356 -   接收字节数:   0
2026-05-26 10:01:21.087 [INFO] main.cpp:357 -   平均延迟:     0.00 ms
2026-05-26 10:01:21.087 [INFO] main.cpp:358 -   最大延迟:     0.00 ms
2026-05-26 10:01:21.087 [INFO] main.cpp:359 -   总线争用次数: 0
2026-05-26 10:01:21.087 [INFO] main.cpp:368 - ======== 轮询统计 ========
2026-05-26 10:01:21.087 [INFO] main.cpp:369 -   任务组数:     20
2026-05-26 10:01:21.087 [INFO] main.cpp:370 -   成功事务:     0
2026-05-26 10:01:21.087 [INFO] main.cpp:371 -   失败事务:     120
2026-05-26 10:01:21.087 [INFO] main.cpp:373 -   成功率:       0.0%
2026-05-26 10:01:21.087 [INFO] main.cpp:378 - ======== 命令队列统计 ========
2026-05-26 10:01:21.087 [INFO] main.cpp:379 -   已提交: 0  已执行: 0  成功: 0  失败: 0
2026-05-26 10:01:21.087 [INFO] main.cpp:384 -   队列大小: 0  平均耗时: 0.0ms
2026-05-26 10:01:22.087 [INFO] main.cpp:352 - ======== 总线统计 ========
2026-05-26 10:01:22.087 [INFO] main.cpp:353 -   总事务数:     120
2026-05-26 10:01:22.087 [INFO] main.cpp:354 -   总错误数:     120
2026-05-26 10:01:22.087 [INFO] main.cpp:355 -   发送字节数:   960
2026-05-26 10:01:22.087 [INFO] main.cpp:356 -   接收字节数:   0
2026-05-26 10:01:22.087 [INFO] main.cpp:357 -   平均延迟:     0.00 ms
2026-05-26 10:01:22.087 [INFO] main.cpp:358 -   最大延迟:     0.00 ms
2026-05-26 10:01:22.087 [INFO] main.cpp:359 -   总线争用次数: 0
2026-05-26 10:01:22.088 [INFO] main.cpp:368 - ======== 轮询统计 ========
2026-05-26 10:01:22.088 [INFO] main.cpp:369 -   任务组数:     20
2026-05-26 10:01:22.088 [INFO] main.cpp:370 -   成功事务:     0
2026-05-26 10:01:22.088 [INFO] main.cpp:371 -   失败事务:     120
2026-05-26 10:01:22.088 [INFO] main.cpp:373 -   成功率:       0.0%
2026-05-26 10:01:22.088 [INFO] main.cpp:378 - ======== 命令队列统计 ========
2026-05-26 10:01:22.088 [INFO] main.cpp:379 -   已提交: 0  已执行: 0  成功: 0  失败: 0
2026-05-26 10:01:22.088 [INFO] main.cpp:384 -   队列大小: 0  平均耗时: 0.0ms
2026-05-26 10:01:23.089 [INFO] main.cpp:352 - ======== 总线统计 ========
2026-05-26 10:01:23.089 [INFO] main.cpp:353 -   总事务数:     120
2026-05-26 10:01:23.089 [INFO] main.cpp:354 -   总错误数:     120
2026-05-26 10:01:23.089 [INFO] main.cpp:355 -   发送字节数:   960
2026-05-26 10:01:23.089 [INFO] main.cpp:356 -   接收字节数:   0
2026-05-26 10:01:23.089 [INFO] main.cpp:357 -   平均延迟:     0.00 ms
2026-05-26 10:01:23.089 [INFO] main.cpp:358 -   最大延迟:     0.00 ms
2026-05-26 10:01:23.089 [INFO] main.cpp:359 -   总线争用次数: 0
2026-05-26 10:01:23.089 [INFO] main.cpp:368 - ======== 轮询统计 ========
2026-05-26 10:01:23.089 [INFO] main.cpp:369 -   任务组数:     20
2026-05-26 10:01:23.089 [INFO] main.cpp:370 -   成功事务:     0
2026-05-26 10:01:23.089 [INFO] main.cpp:371 -   失败事务:     120
2026-05-26 10:01:23.089 [INFO] main.cpp:373 -   成功率:       0.0%
2026-05-26 10:01:23.089 [INFO] main.cpp:378 - ======== 命令队列统计 ========
2026-05-26 10:01:23.089 [INFO] main.cpp:379 -   已提交: 0  已执行: 0  成功: 0  失败: 0
2026-05-26 10:01:23.090 [INFO] main.cpp:384 -   队列大小: 0  平均耗时: 0.0ms
2026-05-26 10:01:24.091 [INFO] main.cpp:352 - ======== 总线统计 ========
2026-05-26 10:01:24.091 [INFO] main.cpp:353 -   总事务数:     140
2026-05-26 10:01:24.091 [INFO] main.cpp:354 -   总错误数:     120
2026-05-26 10:01:24.091 [INFO] main.cpp:355 -   发送字节数:   960
2026-05-26 10:01:24.091 [INFO] main.cpp:356 -   接收字节数:   0
2026-05-26 10:01:24.091 [INFO] main.cpp:357 -   平均延迟:     0.00 ms
2026-05-26 10:01:24.091 [INFO] main.cpp:358 -   最大延迟:     0.00 ms
2026-05-26 10:01:24.091 [INFO] main.cpp:359 -   总线争用次数: 0
2026-05-26 10:01:24.091 [INFO] main.cpp:368 - ======== 轮询统计 ========
2026-05-26 10:01:24.091 [INFO] main.cpp:369 -   任务组数:     20
2026-05-26 10:01:24.091 [INFO] main.cpp:370 -   成功事务:     0
2026-05-26 10:01:24.091 [INFO] main.cpp:371 -   失败事务:     120
2026-05-26 10:01:24.091 [INFO] main.cpp:373 -   成功率:       0.0%
2026-05-26 10:01:24.091 [INFO] main.cpp:378 - ======== 命令队列统计 ========
2026-05-26 10:01:24.091 [INFO] main.cpp:379 -   已提交: 0  已执行: 0  成功: 0  失败: 0
2026-05-26 10:01:24.091 [INFO] main.cpp:384 -   队列大小: 0  平均耗时: 0.0ms
2026-05-26 10:01:25.092 [INFO] main.cpp:352 - ======== 总线统计 ========
2026-05-26 10:01:25.093 [INFO] main.cpp:353 -   总事务数:     140
2026-05-26 10:01:25.093 [INFO] main.cpp:354 -   总错误数:     120
2026-05-26 10:01:25.093 [INFO] main.cpp:355 -   发送字节数:   1120
2026-05-26 10:01:25.093 [INFO] main.cpp:356 -   接收字节数:   0
2026-05-26 10:01:25.093 [INFO] main.cpp:357 -   平均延迟:     0.00 ms
2026-05-26 10:01:25.093 [INFO] main.cpp:358 -   最大延迟:     0.00 ms
2026-05-26 10:01:25.093 [INFO] main.cpp:359 -   总线争用次数: 0
2026-05-26 10:01:25.093 [INFO] main.cpp:368 - ======== 轮询统计 ========
2026-05-26 10:01:25.093 [INFO] main.cpp:369 -   任务组数:     20
2026-05-26 10:01:25.093 [INFO] main.cpp:370 -   成功事务:     0
2026-05-26 10:01:25.093 [INFO] main.cpp:371 -   失败事务:     120
2026-05-26 10:01:25.093 [INFO] main.cpp:373 -   成功率:       0.0%
2026-05-26 10:01:25.093 [INFO] main.cpp:378 - ======== 命令队列统计 ========
2026-05-26 10:01:25.093 [INFO] main.cpp:379 -   已提交: 0  已执行: 0  成功: 0  失败: 0
2026-05-26 10:01:25.093 [INFO] main.cpp:384 -   队列大小: 0  平均耗时: 0.0ms
2026-05-26 10:01:26.093 [INFO] main.cpp:352 - ======== 总线统计 ========
2026-05-26 10:01:26.093 [INFO] main.cpp:353 -   总事务数:     140
2026-05-26 10:01:26.094 [INFO] main.cpp:354 -   总错误数:     140
2026-05-26 10:01:26.094 [INFO] main.cpp:355 -   发送字节数:   1120
2026-05-26 10:01:26.094 [INFO] main.cpp:356 -   接收字节数:   0
2026-05-26 10:01:26.094 [INFO] main.cpp:357 -   平均延迟:     0.00 ms
2026-05-26 10:01:26.094 [INFO] main.cpp:358 -   最大延迟:     0.00 ms
2026-05-26 10:01:26.094 [INFO] main.cpp:359 -   总线争用次数: 0
2026-05-26 10:01:26.094 [INFO] main.cpp:368 - ======== 轮询统计 ========
2026-05-26 10:01:26.094 [INFO] main.cpp:369 -   任务组数:     20
2026-05-26 10:01:26.094 [INFO] main.cpp:370 -   成功事务:     0
2026-05-26 10:01:26.094 [INFO] main.cpp:371 -   失败事务:     140
2026-05-26 10:01:26.094 [INFO] main.cpp:373 -   成功率:       0.0%
2026-05-26 10:01:26.094 [INFO] main.cpp:378 - ======== 命令队列统计 ========
2026-05-26 10:01:26.094 [INFO] main.cpp:379 -   已提交: 0  已执行: 0  成功: 0  失败: 0
2026-05-26 10:01:26.094 [INFO] main.cpp:384 -   队列大小: 0  平均耗时: 0.0ms
2026-05-26 10:01:27.095 [INFO] main.cpp:352 - ======== 总线统计 ========
2026-05-26 10:01:27.095 [INFO] main.cpp:353 -   总事务数:     140
2026-05-26 10:01:27.095 [INFO] main.cpp:354 -   总错误数:     140
2026-05-26 10:01:27.095 [INFO] main.cpp:355 -   发送字节数:   1120
2026-05-26 10:01:27.095 [INFO] main.cpp:356 -   接收字节数:   0
2026-05-26 10:01:27.095 [INFO] main.cpp:357 -   平均延迟:     0.00 ms
2026-05-26 10:01:27.095 [INFO] main.cpp:358 -   最大延迟:     0.00 ms
2026-05-26 10:01:27.095 [INFO] main.cpp:359 -   总线争用次数: 0
2026-05-26 10:01:27.095 [INFO] main.cpp:368 - ======== 轮询统计 ========
2026-05-26 10:01:27.096 [INFO] main.cpp:369 -   任务组数:     20
2026-05-26 10:01:27.096 [INFO] main.cpp:370 -   成功事务:     0
2026-05-26 10:01:27.096 [INFO] main.cpp:371 -   失败事务:     140
2026-05-26 10:01:27.096 [INFO] main.cpp:373 -   成功率:       0.0%
2026-05-26 10:01:27.096 [INFO] main.cpp:378 - ======== 命令队列统计 ========
2026-05-26 10:01:27.096 [INFO] main.cpp:379 -   已提交: 0  已执行: 0  成功: 0  失败: 0
2026-05-26 10:01:27.096 [INFO] main.cpp:384 -   队列大小: 0  平均耗时: 0.0ms
2026-05-26 10:01:28.097 [INFO] main.cpp:352 - ======== 总线统计 ========
2026-05-26 10:01:28.097 [INFO] main.cpp:353 -   总事务数:     140
2026-05-26 10:01:28.097 [INFO] main.cpp:354 -   总错误数:     140
2026-05-26 10:01:28.097 [INFO] main.cpp:355 -   发送字节数:   1120
2026-05-26 10:01:28.097 [INFO] main.cpp:356 -   接收字节数:   0
2026-05-26 10:01:28.097 [INFO] main.cpp:357 -   平均延迟:     0.00 ms
2026-05-26 10:01:28.097 [INFO] main.cpp:358 -   最大延迟:     0.00 ms
2026-05-26 10:01:28.097 [INFO] main.cpp:359 -   总线争用次数: 0
2026-05-26 10:01:28.097 [INFO] main.cpp:368 - ======== 轮询统计 ========
2026-05-26 10:01:28.097 [INFO] main.cpp:369 -   任务组数:     20
2026-05-26 10:01:28.097 [INFO] main.cpp:370 -   成功事务:     0
2026-05-26 10:01:28.097 [INFO] main.cpp:371 -   失败事务:     140
2026-05-26 10:01:28.097 [INFO] main.cpp:373 -   成功率:       0.0%
2026-05-26 10:01:28.097 [INFO] main.cpp:378 - ======== 命令队列统计 ========
2026-05-26 10:01:28.097 [INFO] main.cpp:379 -   已提交: 0  已执行: 0  成功: 0  失败: 0
2026-05-26 10:01:28.097 [INFO] main.cpp:384 -   队列大小: 0  平均耗时: 0.0ms
2026-05-26 10:01:29.098 [INFO] main.cpp:352 - ======== 总线统计 ========
2026-05-26 10:01:29.099 [INFO] main.cpp:353 -   总事务数:     160
2026-05-26 10:01:29.099 [INFO] main.cpp:354 -   总错误数:     140
2026-05-26 10:01:29.099 [INFO] main.cpp:355 -   发送字节数:   1120
2026-05-26 10:01:29.099 [INFO] main.cpp:356 -   接收字节数:   0
2026-05-26 10:01:29.099 [INFO] main.cpp:357 -   平均延迟:     0.00 ms
2026-05-26 10:01:29.099 [INFO] main.cpp:358 -   最大延迟:     0.00 ms
2026-05-26 10:01:29.099 [INFO] main.cpp:359 -   总线争用次数: 0
2026-05-26 10:01:29.099 [INFO] main.cpp:368 - ======== 轮询统计 ========
2026-05-26 10:01:29.099 [INFO] main.cpp:369 -   任务组数:     20
2026-05-26 10:01:29.099 [INFO] main.cpp:370 -   成功事务:     0
2026-05-26 10:01:29.099 [INFO] main.cpp:371 -   失败事务:     140
2026-05-26 10:01:29.099 [INFO] main.cpp:373 -   成功率:       0.0%
2026-05-26 10:01:29.099 [INFO] main.cpp:378 - ======== 命令队列统计 ========
2026-05-26 10:01:29.099 [INFO] main.cpp:379 -   已提交: 0  已执行: 0  成功: 0  失败: 0
2026-05-26 10:01:29.099 [INFO] main.cpp:384 -   队列大小: 0  平均耗时: 0.0ms
2026-05-26 10:01:30.100 [INFO] main.cpp:352 - ======== 总线统计 ========
2026-05-26 10:01:30.100 [INFO] main.cpp:353 -   总事务数:     160
2026-05-26 10:01:30.100 [INFO] main.cpp:354 -   总错误数:     140
2026-05-26 10:01:30.100 [INFO] main.cpp:355 -   发送字节数:   1280
2026-05-26 10:01:30.101 [INFO] main.cpp:356 -   接收字节数:   0
2026-05-26 10:01:30.101 [INFO] main.cpp:357 -   平均延迟:     0.00 ms
2026-05-26 10:01:30.101 [INFO] main.cpp:358 -   最大延迟:     0.00 ms
2026-05-26 10:01:30.101 [INFO] main.cpp:359 -   总线争用次数: 0
2026-05-26 10:01:30.101 [INFO] main.cpp:368 - ======== 轮询统计 ========
2026-05-26 10:01:30.101 [INFO] main.cpp:369 -   任务组数:     20
2026-05-26 10:01:30.101 [INFO] main.cpp:370 -   成功事务:     0
2026-05-26 10:01:30.101 [INFO] main.cpp:371 -   失败事务:     140
2026-05-26 10:01:30.101 [INFO] main.cpp:373 -   成功率:       0.0%
2026-05-26 10:01:30.101 [INFO] main.cpp:378 - ======== 命令队列统计 ========
2026-05-26 10:01:30.101 [INFO] main.cpp:379 -   已提交: 0  已执行: 0  成功: 0  失败: 0
2026-05-26 10:01:30.101 [INFO] main.cpp:384 -   队列大小: 0  平均耗时: 0.0ms
2026-05-26 10:01:31.101 [INFO] main.cpp:352 - ======== 总线统计 ========
2026-05-26 10:01:31.101 [INFO] main.cpp:353 -   总事务数:     160
2026-05-26 10:01:31.101 [INFO] main.cpp:354 -   总错误数:     160
2026-05-26 10:01:31.101 [INFO] main.cpp:355 -   发送字节数:   1280
2026-05-26 10:01:31.101 [INFO] main.cpp:356 -   接收字节数:   0
2026-05-26 10:01:31.101 [INFO] main.cpp:357 -   平均延迟:     0.00 ms
2026-05-26 10:01:31.101 [INFO] main.cpp:358 -   最大延迟:     0.00 ms
2026-05-26 10:01:31.102 [INFO] main.cpp:359 -   总线争用次数: 0
2026-05-26 10:01:31.102 [INFO] main.cpp:368 - ======== 轮询统计 ========
2026-05-26 10:01:31.102 [INFO] main.cpp:369 -   任务组数:     20
2026-05-26 10:01:31.102 [INFO] main.cpp:370 -   成功事务:     0
2026-05-26 10:01:31.102 [INFO] main.cpp:371 -   失败事务:     160
2026-05-26 10:01:31.102 [INFO] main.cpp:373 -   成功率:       0.0%
2026-05-26 10:01:31.102 [INFO] main.cpp:378 - ======== 命令队列统计 ========
2026-05-26 10:01:31.102 [INFO] main.cpp:379 -   已提交: 0  已执行: 0  成功: 0  失败: 0
2026-05-26 10:01:31.102 [INFO] main.cpp:384 -   队列大小: 0  平均耗时: 0.0ms
2026-05-26 10:01:32.103 [INFO] main.cpp:352 - ======== 总线统计 ========
2026-05-26 10:01:32.103 [INFO] main.cpp:353 -   总事务数:     160
2026-05-26 10:01:32.103 [INFO] main.cpp:354 -   总错误数:     160
2026-05-26 10:01:32.103 [INFO] main.cpp:355 -   发送字节数:   1280
2026-05-26 10:01:32.103 [INFO] main.cpp:356 -   接收字节数:   0
2026-05-26 10:01:32.103 [INFO] main.cpp:357 -   平均延迟:     0.00 ms
2026-05-26 10:01:32.103 [INFO] main.cpp:358 -   最大延迟:     0.00 ms
2026-05-26 10:01:32.103 [INFO] main.cpp:359 -   总线争用次数: 0
2026-05-26 10:01:32.103 [INFO] main.cpp:368 - ======== 轮询统计 ========
2026-05-26 10:01:32.103 [INFO] main.cpp:369 -   任务组数:     20
2026-05-26 10:01:32.103 [INFO] main.cpp:370 -   成功事务:     0
2026-05-26 10:01:32.103 [INFO] main.cpp:371 -   失败事务:     160
2026-05-26 10:01:32.104 [INFO] main.cpp:373 -   成功率:       0.0%
2026-05-26 10:01:32.104 [INFO] main.cpp:378 - ======== 命令队列统计 ========
2026-05-26 10:01:32.104 [INFO] main.cpp:379 -   已提交: 0  已执行: 0  成功: 0  失败: 0
2026-05-26 10:01:32.104 [INFO] main.cpp:384 -   队列大小: 0  平均耗时: 0.0ms
2026-05-26 10:01:33.105 [INFO] main.cpp:352 - ======== 总线统计 ========
2026-05-26 10:01:33.105 [INFO] main.cpp:353 -   总事务数:     160
2026-05-26 10:01:33.105 [INFO] main.cpp:354 -   总错误数:     160
2026-05-26 10:01:33.105 [INFO] main.cpp:355 -   发送字节数:   1280
2026-05-26 10:01:33.105 [INFO] main.cpp:356 -   接收字节数:   0
2026-05-26 10:01:33.105 [INFO] main.cpp:357 -   平均延迟:     0.00 ms
2026-05-26 10:01:33.105 [INFO] main.cpp:358 -   最大延迟:     0.00 ms
2026-05-26 10:01:33.105 [INFO] main.cpp:359 -   总线争用次数: 0
2026-05-26 10:01:33.105 [INFO] main.cpp:368 - ======== 轮询统计 ========
2026-05-26 10:01:33.105 [INFO] main.cpp:369 -   任务组数:     20
2026-05-26 10:01:33.105 [INFO] main.cpp:370 -   成功事务:     0
2026-05-26 10:01:33.105 [INFO] main.cpp:371 -   失败事务:     160
2026-05-26 10:01:33.105 [INFO] main.cpp:373 -   成功率:       0.0%
2026-05-26 10:01:33.105 [INFO] main.cpp:378 - ======== 命令队列统计 ========
2026-05-26 10:01:33.105 [INFO] main.cpp:379 -   已提交: 0  已执行: 0  成功: 0  失败: 0
2026-05-26 10:01:33.105 [INFO] main.cpp:384 -   队列大小: 0  平均耗时: 0.0ms
2026-05-26 10:01:34.106 [INFO] main.cpp:352 - ======== 总线统计 ========
2026-05-26 10:01:34.106 [INFO] main.cpp:353 -   总事务数:     180
2026-05-26 10:01:34.106 [INFO] main.cpp:354 -   总错误数:     160
2026-05-26 10:01:34.106 [INFO] main.cpp:355 -   发送字节数:   1280
2026-05-26 10:01:34.106 [INFO] main.cpp:356 -   接收字节数:   0
2026-05-26 10:01:34.106 [INFO] main.cpp:357 -   平均延迟:     0.00 ms
2026-05-26 10:01:34.106 [INFO] main.cpp:358 -   最大延迟:     0.00 ms
2026-05-26 10:01:34.106 [INFO] main.cpp:359 -   总线争用次数: 0
2026-05-26 10:01:34.106 [INFO] main.cpp:368 - ======== 轮询统计 ========
2026-05-26 10:01:34.106 [INFO] main.cpp:369 -   任务组数:     20
2026-05-26 10:01:34.106 [INFO] main.cpp:370 -   成功事务:     0
2026-05-26 10:01:34.106 [INFO] main.cpp:371 -   失败事务:     160
2026-05-26 10:01:34.106 [INFO] main.cpp:373 -   成功率:       0.0%
2026-05-26 10:01:34.106 [INFO] main.cpp:378 - ======== 命令队列统计 ========
2026-05-26 10:01:34.106 [INFO] main.cpp:379 -   已提交: 0  已执行: 0  成功: 0  失败: 0
2026-05-26 10:01:34.106 [INFO] main.cpp:384 -   队列大小: 0  平均耗时: 0.0ms
2026-05-26 10:01:35.107 [INFO] main.cpp:352 - ======== 总线统计 ========
2026-05-26 10:01:35.107 [INFO] main.cpp:353 -   总事务数:     180
2026-05-26 10:01:35.107 [INFO] main.cpp:354 -   总错误数:     160
2026-05-26 10:01:35.107 [INFO] main.cpp:355 -   发送字节数:   1440
2026-05-26 10:01:35.107 [INFO] main.cpp:356 -   接收字节数:   0
2026-05-26 10:01:35.107 [INFO] main.cpp:357 -   平均延迟:     0.00 ms
2026-05-26 10:01:35.107 [INFO] main.cpp:358 -   最大延迟:     0.00 ms
2026-05-26 10:01:35.108 [INFO] main.cpp:359 -   总线争用次数: 0
2026-05-26 10:01:35.108 [INFO] main.cpp:368 - ======== 轮询统计 ========
2026-05-26 10:01:35.108 [INFO] main.cpp:369 -   任务组数:     20
2026-05-26 10:01:35.108 [INFO] main.cpp:370 -   成功事务:     0
2026-05-26 10:01:35.108 [INFO] main.cpp:371 -   失败事务:     160
2026-05-26 10:01:35.108 [INFO] main.cpp:373 -   成功率:       0.0%
2026-05-26 10:01:35.108 [INFO] main.cpp:378 - ======== 命令队列统计 ========
2026-05-26 10:01:35.108 [INFO] main.cpp:379 -   已提交: 0  已执行: 0  成功: 0  失败: 0
2026-05-26 10:01:35.108 [INFO] main.cpp:384 -   队列大小: 0  平均耗时: 0.0ms
2026-05-26 10:01:36.109 [INFO] main.cpp:352 - ======== 总线统计 ========
2026-05-26 10:01:36.109 [INFO] main.cpp:353 -   总事务数:     180
2026-05-26 10:01:36.109 [INFO] main.cpp:354 -   总错误数:     180
2026-05-26 10:01:36.109 [INFO] main.cpp:355 -   发送字节数:   1440
2026-05-26 10:01:36.109 [INFO] main.cpp:356 -   接收字节数:   0
2026-05-26 10:01:36.109 [INFO] main.cpp:357 -   平均延迟:     0.00 ms
2026-05-26 10:01:36.109 [INFO] main.cpp:358 -   最大延迟:     0.00 ms
2026-05-26 10:01:36.109 [INFO] main.cpp:359 -   总线争用次数: 0
2026-05-26 10:01:36.109 [INFO] main.cpp:368 - ======== 轮询统计 ========
2026-05-26 10:01:36.109 [INFO] main.cpp:369 -   任务组数:     20
2026-05-26 10:01:36.109 [INFO] main.cpp:370 -   成功事务:     0
2026-05-26 10:01:36.109 [INFO] main.cpp:371 -   失败事务:     180
2026-05-26 10:01:36.109 [INFO] main.cpp:373 -   成功率:       0.0%
2026-05-26 10:01:36.109 [INFO] main.cpp:378 - ======== 命令队列统计 ========
2026-05-26 10:01:36.109 [INFO] main.cpp:379 -   已提交: 0  已执行: 0  成功: 0  失败: 0
2026-05-26 10:01:36.109 [INFO] main.cpp:384 -   队列大小: 0  平均耗时: 0.0ms
2026-05-26 10:01:37.111 [INFO] main.cpp:352 - ======== 总线统计 ========
2026-05-26 10:01:37.111 [INFO] main.cpp:353 -   总事务数:     180
2026-05-26 10:01:37.111 [INFO] main.cpp:354 -   总错误数:     180
2026-05-26 10:01:37.111 [INFO] main.cpp:355 -   发送字节数:   1440
2026-05-26 10:01:37.111 [INFO] main.cpp:356 -   接收字节数:   0
2026-05-26 10:01:37.111 [INFO] main.cpp:357 -   平均延迟:     0.00 ms
2026-05-26 10:01:37.111 [INFO] main.cpp:358 -   最大延迟:     0.00 ms
2026-05-26 10:01:37.111 [INFO] main.cpp:359 -   总线争用次数: 0
2026-05-26 10:01:37.111 [INFO] main.cpp:368 - ======== 轮询统计 ========
2026-05-26 10:01:37.111 [INFO] main.cpp:369 -   任务组数:     20
2026-05-26 10:01:37.111 [INFO] main.cpp:370 -   成功事务:     0
2026-05-26 10:01:37.111 [INFO] main.cpp:371 -   失败事务:     180
2026-05-26 10:01:37.111 [INFO] main.cpp:373 -   成功率:       0.0%
2026-05-26 10:01:37.111 [INFO] main.cpp:378 - ======== 命令队列统计 ========
2026-05-26 10:01:37.111 [INFO] main.cpp:379 -   已提交: 0  已执行: 0  成功: 0  失败: 0
2026-05-26 10:01:37.111 [INFO] main.cpp:384 -   队列大小: 0  平均耗时: 0.0ms
2026-05-26 10:01:38.112 [INFO] main.cpp:352 - ======== 总线统计 ========
2026-05-26 10:01:38.112 [INFO] main.cpp:353 -   总事务数:     180
2026-05-26 10:01:38.113 [INFO] main.cpp:354 -   总错误数:     180
2026-05-26 10:01:38.113 [INFO] main.cpp:355 -   发送字节数:   1440
2026-05-26 10:01:38.113 [INFO] main.cpp:356 -   接收字节数:   0
2026-05-26 10:01:38.113 [INFO] main.cpp:357 -   平均延迟:     0.00 ms
2026-05-26 10:01:38.113 [INFO] main.cpp:358 -   最大延迟:     0.00 ms
2026-05-26 10:01:38.113 [INFO] main.cpp:359 -   总线争用次数: 0
2026-05-26 10:01:38.113 [INFO] main.cpp:368 - ======== 轮询统计 ========
2026-05-26 10:01:38.113 [INFO] main.cpp:369 -   任务组数:     20
2026-05-26 10:01:38.113 [INFO] main.cpp:370 -   成功事务:     0
2026-05-26 10:01:38.113 [INFO] main.cpp:371 -   失败事务:     180
2026-05-26 10:01:38.113 [INFO] main.cpp:373 -   成功率:       0.0%
2026-05-26 10:01:38.113 [INFO] main.cpp:378 - ======== 命令队列统计 ========
2026-05-26 10:01:38.113 [INFO] main.cpp:379 -   已提交: 0  已执行: 0  成功: 0  失败: 0
2026-05-26 10:01:38.113 [INFO] main.cpp:384 -   队列大小: 0  平均耗时: 0.0ms
2026-05-26 10:01:39.114 [INFO] main.cpp:352 - ======== 总线统计 ========
2026-05-26 10:01:39.114 [INFO] main.cpp:353 -   总事务数:     200
2026-05-26 10:01:39.114 [INFO] main.cpp:354 -   总错误数:     180
2026-05-26 10:01:39.114 [INFO] main.cpp:355 -   发送字节数:   1440
2026-05-26 10:01:39.114 [INFO] main.cpp:356 -   接收字节数:   0
2026-05-26 10:01:39.114 [INFO] main.cpp:357 -   平均延迟:     0.00 ms
2026-05-26 10:01:39.114 [INFO] main.cpp:358 -   最大延迟:     0.00 ms
2026-05-26 10:01:39.114 [INFO] main.cpp:359 -   总线争用次数: 0
2026-05-26 10:01:39.115 [INFO] main.cpp:368 - ======== 轮询统计 ========
2026-05-26 10:01:39.115 [INFO] main.cpp:369 -   任务组数:     20
2026-05-26 10:01:39.115 [INFO] main.cpp:370 -   成功事务:     0
2026-05-26 10:01:39.115 [INFO] main.cpp:371 -   失败事务:     180
2026-05-26 10:01:39.115 [INFO] main.cpp:373 -   成功率:       0.0%
2026-05-26 10:01:39.115 [INFO] main.cpp:378 - ======== 命令队列统计 ========
2026-05-26 10:01:39.115 [INFO] main.cpp:379 -   已提交: 0  已执行: 0  成功: 0  失败: 0
2026-05-26 10:01:39.115 [INFO] main.cpp:384 -   队列大小: 0  平均耗时: 0.0ms
2026-05-26 10:01:40.116 [INFO] main.cpp:352 - ======== 总线统计 ========
2026-05-26 10:01:40.116 [INFO] main.cpp:353 -   总事务数:     200
2026-05-26 10:01:40.116 [INFO] main.cpp:354 -   总错误数:     180
2026-05-26 10:01:40.116 [INFO] main.cpp:355 -   发送字节数:   1600
2026-05-26 10:01:40.116 [INFO] main.cpp:356 -   接收字节数:   0
2026-05-26 10:01:40.116 [INFO] main.cpp:357 -   平均延迟:     0.00 ms
2026-05-26 10:01:40.116 [INFO] main.cpp:358 -   最大延迟:     0.00 ms
2026-05-26 10:01:40.116 [INFO] main.cpp:359 -   总线争用次数: 0
2026-05-26 10:01:40.116 [INFO] main.cpp:368 - ======== 轮询统计 ========
2026-05-26 10:01:40.116 [INFO] main.cpp:369 -   任务组数:     20
2026-05-26 10:01:40.116 [INFO] main.cpp:370 -   成功事务:     0
2026-05-26 10:01:40.116 [INFO] main.cpp:371 -   失败事务:     180
2026-05-26 10:01:40.116 [INFO] main.cpp:373 -   成功率:       0.0%
2026-05-26 10:01:40.116 [INFO] main.cpp:378 - ======== 命令队列统计 ========
2026-05-26 10:01:40.117 [INFO] main.cpp:379 -   已提交: 0  已执行: 0  成功: 0  失败: 0
2026-05-26 10:01:40.117 [INFO] main.cpp:384 -   队列大小: 0  平均耗时: 0.0ms
2026-05-26 10:01:41.118 [INFO] main.cpp:352 - ======== 总线统计 ========
2026-05-26 10:01:41.118 [INFO] main.cpp:353 -   总事务数:     200
2026-05-26 10:01:41.118 [INFO] main.cpp:354 -   总错误数:     200
2026-05-26 10:01:41.118 [INFO] main.cpp:355 -   发送字节数:   1600
2026-05-26 10:01:41.118 [INFO] main.cpp:356 -   接收字节数:   0
2026-05-26 10:01:41.118 [INFO] main.cpp:357 -   平均延迟:     0.00 ms
2026-05-26 10:01:41.118 [INFO] main.cpp:358 -   最大延迟:     0.00 ms
2026-05-26 10:01:41.118 [INFO] main.cpp:359 -   总线争用次数: 0
2026-05-26 10:01:41.118 [INFO] main.cpp:368 - ======== 轮询统计 ========
2026-05-26 10:01:41.118 [INFO] main.cpp:369 -   任务组数:     20
2026-05-26 10:01:41.118 [INFO] main.cpp:370 -   成功事务:     0
2026-05-26 10:01:41.118 [INFO] main.cpp:371 -   失败事务:     200
2026-05-26 10:01:41.118 [INFO] main.cpp:373 -   成功率:       0.0%
2026-05-26 10:01:41.118 [INFO] main.cpp:378 - ======== 命令队列统计 ========
2026-05-26 10:01:41.118 [INFO] main.cpp:379 -   已提交: 0  已执行: 0  成功: 0  失败: 0
2026-05-26 10:01:41.118 [INFO] main.cpp:384 -   队列大小: 0  平均耗时: 0.0ms
2026-05-26 10:01:42.119 [INFO] main.cpp:352 - ======== 总线统计 ========
2026-05-26 10:01:42.120 [INFO] main.cpp:353 -   总事务数:     200
2026-05-26 10:01:42.120 [INFO] main.cpp:354 -   总错误数:     200
2026-05-26 10:01:42.120 [INFO] main.cpp:355 -   发送字节数:   1600
2026-05-26 10:01:42.120 [INFO] main.cpp:356 -   接收字节数:   0
2026-05-26 10:01:42.120 [INFO] main.cpp:357 -   平均延迟:     0.00 ms
2026-05-26 10:01:42.120 [INFO] main.cpp:358 -   最大延迟:     0.00 ms
2026-05-26 10:01:42.120 [INFO] main.cpp:359 -   总线争用次数: 0
2026-05-26 10:01:42.120 [INFO] main.cpp:368 - ======== 轮询统计 ========
2026-05-26 10:01:42.120 [INFO] main.cpp:369 -   任务组数:     20
2026-05-26 10:01:42.120 [INFO] main.cpp:370 -   成功事务:     0
2026-05-26 10:01:42.120 [INFO] main.cpp:371 -   失败事务:     200
2026-05-26 10:01:42.120 [INFO] main.cpp:373 -   成功率:       0.0%
2026-05-26 10:01:42.120 [INFO] main.cpp:378 - ======== 命令队列统计 ========
2026-05-26 10:01:42.120 [INFO] main.cpp:379 -   已提交: 0  已执行: 0  成功: 0  失败: 0
2026-05-26 10:01:42.120 [INFO] main.cpp:384 -   队列大小: 0  平均耗时: 0.0ms
2026-05-26 10:01:43.121 [INFO] main.cpp:352 - ======== 总线统计 ========
2026-05-26 10:01:43.121 [INFO] main.cpp:353 -   总事务数:     200
2026-05-26 10:01:43.122 [INFO] main.cpp:354 -   总错误数:     200
2026-05-26 10:01:43.122 [INFO] main.cpp:355 -   发送字节数:   1600
2026-05-26 10:01:43.122 [INFO] main.cpp:356 -   接收字节数:   0
2026-05-26 10:01:43.122 [INFO] main.cpp:357 -   平均延迟:     0.00 ms
2026-05-26 10:01:43.122 [INFO] main.cpp:358 -   最大延迟:     0.00 ms
2026-05-26 10:01:43.122 [INFO] main.cpp:359 -   总线争用次数: 0
2026-05-26 10:01:43.122 [INFO] main.cpp:368 - ======== 轮询统计 ========
2026-05-26 10:01:43.122 [INFO] main.cpp:369 -   任务组数:     20
2026-05-26 10:01:43.122 [INFO] main.cpp:370 -   成功事务:     0
2026-05-26 10:01:43.122 [INFO] main.cpp:371 -   失败事务:     200
2026-05-26 10:01:43.122 [INFO] main.cpp:373 -   成功率:       0.0%
2026-05-26 10:01:43.122 [INFO] main.cpp:378 - ======== 命令队列统计 ========
2026-05-26 10:01:43.122 [INFO] main.cpp:379 -   已提交: 0  已执行: 0  成功: 0  失败: 0
2026-05-26 10:01:43.122 [INFO] main.cpp:384 -   队列大小: 0  平均耗时: 0.0ms
2026-05-26 10:01:44.123 [INFO] main.cpp:352 - ======== 总线统计 ========
2026-05-26 10:01:44.123 [INFO] main.cpp:353 -   总事务数:     220
2026-05-26 10:01:44.123 [INFO] main.cpp:354 -   总错误数:     200
2026-05-26 10:01:44.123 [INFO] main.cpp:355 -   发送字节数:   1600
2026-05-26 10:01:44.123 [INFO] main.cpp:356 -   接收字节数:   0
2026-05-26 10:01:44.123 [INFO] main.cpp:357 -   平均延迟:     0.00 ms
2026-05-26 10:01:44.123 [INFO] main.cpp:358 -   最大延迟:     0.00 ms
2026-05-26 10:01:44.123 [INFO] main.cpp:359 -   总线争用次数: 0
2026-05-26 10:01:44.124 [INFO] main.cpp:368 - ======== 轮询统计 ========
2026-05-26 10:01:44.124 [INFO] main.cpp:369 -   任务组数:     20
2026-05-26 10:01:44.124 [INFO] main.cpp:370 -   成功事务:     0
2026-05-26 10:01:44.124 [INFO] main.cpp:371 -   失败事务:     200
2026-05-26 10:01:44.124 [INFO] main.cpp:373 -   成功率:       0.0%
2026-05-26 10:01:44.124 [INFO] main.cpp:378 - ======== 命令队列统计 ========
2026-05-26 10:01:44.124 [INFO] main.cpp:379 -   已提交: 0  已执行: 0  成功: 0  失败: 0
2026-05-26 10:01:44.124 [INFO] main.cpp:384 -   队列大小: 0  平均耗时: 0.0ms
2026-05-26 10:01:45.125 [INFO] main.cpp:352 - ======== 总线统计 ========
2026-05-26 10:01:45.125 [INFO] main.cpp:353 -   总事务数:     220
2026-05-26 10:01:45.125 [INFO] main.cpp:354 -   总错误数:     200
2026-05-26 10:01:45.125 [INFO] main.cpp:355 -   发送字节数:   1760
2026-05-26 10:01:45.125 [INFO] main.cpp:356 -   接收字节数:   0
2026-05-26 10:01:45.125 [INFO] main.cpp:357 -   平均延迟:     0.00 ms
2026-05-26 10:01:45.125 [INFO] main.cpp:358 -   最大延迟:     0.00 ms
2026-05-26 10:01:45.125 [INFO] main.cpp:359 -   总线争用次数: 0
2026-05-26 10:01:45.125 [INFO] main.cpp:368 - ======== 轮询统计 ========
2026-05-26 10:01:45.125 [INFO] main.cpp:369 -   任务组数:     20
2026-05-26 10:01:45.125 [INFO] main.cpp:370 -   成功事务:     0
2026-05-26 10:01:45.125 [INFO] main.cpp:371 -   失败事务:     200
2026-05-26 10:01:45.125 [INFO] main.cpp:373 -   成功率:       0.0%
2026-05-26 10:01:45.125 [INFO] main.cpp:378 - ======== 命令队列统计 ========
2026-05-26 10:01:45.125 [INFO] main.cpp:379 -   已提交: 0  已执行: 0  成功: 0  失败: 0
2026-05-26 10:01:45.126 [INFO] main.cpp:384 -   队列大小: 0  平均耗时: 0.0ms
2026-05-26 10:01:46.126 [INFO] main.cpp:352 - ======== 总线统计 ========
2026-05-26 10:01:46.126 [INFO] main.cpp:353 -   总事务数:     220
2026-05-26 10:01:46.126 [INFO] main.cpp:354 -   总错误数:     220
2026-05-26 10:01:46.126 [INFO] main.cpp:355 -   发送字节数:   1760
2026-05-26 10:01:46.126 [INFO] main.cpp:356 -   接收字节数:   0
2026-05-26 10:01:46.126 [INFO] main.cpp:357 -   平均延迟:     0.00 ms
2026-05-26 10:01:46.126 [INFO] main.cpp:358 -   最大延迟:     0.00 ms
2026-05-26 10:01:46.126 [INFO] main.cpp:359 -   总线争用次数: 0
2026-05-26 10:01:46.126 [INFO] main.cpp:368 - ======== 轮询统计 ========
2026-05-26 10:01:46.126 [INFO] main.cpp:369 -   任务组数:     20
2026-05-26 10:01:46.126 [INFO] main.cpp:370 -   成功事务:     0
2026-05-26 10:01:46.126 [INFO] main.cpp:371 -   失败事务:     220
2026-05-26 10:01:46.126 [INFO] main.cpp:373 -   成功率:       0.0%
2026-05-26 10:01:46.126 [INFO] main.cpp:378 - ======== 命令队列统计 ========
2026-05-26 10:01:46.126 [INFO] main.cpp:379 -   已提交: 0  已执行: 0  成功: 0  失败: 0
2026-05-26 10:01:46.126 [INFO] main.cpp:384 -   队列大小: 0  平均耗时: 0.0ms
2026-05-26 10:01:47.127 [INFO] main.cpp:352 - ======== 总线统计 ========
2026-05-26 10:01:47.128 [INFO] main.cpp:353 -   总事务数:     220
2026-05-26 10:01:47.128 [INFO] main.cpp:354 -   总错误数:     220
2026-05-26 10:01:47.128 [INFO] main.cpp:355 -   发送字节数:   1760
2026-05-26 10:01:47.128 [INFO] main.cpp:356 -   接收字节数:   0
2026-05-26 10:01:47.128 [INFO] main.cpp:357 -   平均延迟:     0.00 ms
2026-05-26 10:01:47.128 [INFO] main.cpp:358 -   最大延迟:     0.00 ms
2026-05-26 10:01:47.128 [INFO] main.cpp:359 -   总线争用次数: 0
2026-05-26 10:01:47.128 [INFO] main.cpp:368 - ======== 轮询统计 ========
2026-05-26 10:01:47.128 [INFO] main.cpp:369 -   任务组数:     20
2026-05-26 10:01:47.128 [INFO] main.cpp:370 -   成功事务:     0
2026-05-26 10:01:47.128 [INFO] main.cpp:371 -   失败事务:     220
2026-05-26 10:01:47.128 [INFO] main.cpp:373 -   成功率:       0.0%
2026-05-26 10:01:47.128 [INFO] main.cpp:378 - ======== 命令队列统计 ========
2026-05-26 10:01:47.128 [INFO] main.cpp:379 -   已提交: 0  已执行: 0  成功: 0  失败: 0
2026-05-26 10:01:47.128 [INFO] main.cpp:384 -   队列大小: 0  平均耗时: 0.0ms
2026-05-26 10:01:48.129 [INFO] main.cpp:352 - ======== 总线统计 ========
2026-05-26 10:01:48.129 [INFO] main.cpp:353 -   总事务数:     220
2026-05-26 10:01:48.129 [INFO] main.cpp:354 -   总错误数:     220
2026-05-26 10:01:48.129 [INFO] main.cpp:355 -   发送字节数:   1760
2026-05-26 10:01:48.129 [INFO] main.cpp:356 -   接收字节数:   0
2026-05-26 10:01:48.129 [INFO] main.cpp:357 -   平均延迟:     0.00 ms
2026-05-26 10:01:48.129 [INFO] main.cpp:358 -   最大延迟:     0.00 ms
2026-05-26 10:01:48.129 [INFO] main.cpp:359 -   总线争用次数: 0
2026-05-26 10:01:48.129 [INFO] main.cpp:368 - ======== 轮询统计 ========
2026-05-26 10:01:48.129 [INFO] main.cpp:369 -   任务组数:     20
2026-05-26 10:01:48.129 [INFO] main.cpp:370 -   成功事务:     0
2026-05-26 10:01:48.129 [INFO] main.cpp:371 -   失败事务:     220
2026-05-26 10:01:48.130 [INFO] main.cpp:373 -   成功率:       0.0%
2026-05-26 10:01:48.130 [INFO] main.cpp:378 - ======== 命令队列统计 ========
2026-05-26 10:01:48.130 [INFO] main.cpp:379 -   已提交: 0  已执行: 0  成功: 0  失败: 0
2026-05-26 10:01:48.130 [INFO] main.cpp:384 -   队列大小: 0  平均耗时: 0.0ms
2026-05-26 10:01:49.131 [INFO] main.cpp:352 - ======== 总线统计 ========
2026-05-26 10:01:49.131 [INFO] main.cpp:353 -   总事务数:     240
2026-05-26 10:01:49.131 [INFO] main.cpp:354 -   总错误数:     220
2026-05-26 10:01:49.131 [INFO] main.cpp:355 -   发送字节数:   1760
2026-05-26 10:01:49.131 [INFO] main.cpp:356 -   接收字节数:   0
2026-05-26 10:01:49.131 [INFO] main.cpp:357 -   平均延迟:     0.00 ms
2026-05-26 10:01:49.131 [INFO] main.cpp:358 -   最大延迟:     0.00 ms
2026-05-26 10:01:49.131 [INFO] main.cpp:359 -   总线争用次数: 0
2026-05-26 10:01:49.131 [INFO] main.cpp:368 - ======== 轮询统计 ========
2026-05-26 10:01:49.131 [INFO] main.cpp:369 -   任务组数:     20
2026-05-26 10:01:49.131 [INFO] main.cpp:370 -   成功事务:     0
2026-05-26 10:01:49.131 [INFO] main.cpp:371 -   失败事务:     220
2026-05-26 10:01:49.131 [INFO] main.cpp:373 -   成功率:       0.0%
2026-05-26 10:01:49.131 [INFO] main.cpp:378 - ======== 命令队列统计 ========
2026-05-26 10:01:49.131 [INFO] main.cpp:379 -   已提交: 0  已执行: 0  成功: 0  失败: 0
2026-05-26 10:01:49.131 [INFO] main.cpp:384 -   队列大小: 0  平均耗时: 0.0ms
2026-05-26 10:01:50.132 [INFO] main.cpp:352 - ======== 总线统计 ========
2026-05-26 10:01:50.132 [INFO] main.cpp:353 -   总事务数:     240
2026-05-26 10:01:50.132 [INFO] main.cpp:354 -   总错误数:     220
2026-05-26 10:01:50.132 [INFO] main.cpp:355 -   发送字节数:   1920
2026-05-26 10:01:50.132 [INFO] main.cpp:356 -   接收字节数:   0
2026-05-26 10:01:50.132 [INFO] main.cpp:357 -   平均延迟:     0.00 ms
2026-05-26 10:01:50.132 [INFO] main.cpp:358 -   最大延迟:     0.00 ms
2026-05-26 10:01:50.132 [INFO] main.cpp:359 -   总线争用次数: 0
2026-05-26 10:01:50.132 [INFO] main.cpp:368 - ======== 轮询统计 ========
2026-05-26 10:01:50.132 [INFO] main.cpp:369 -   任务组数:     20
2026-05-26 10:01:50.132 [INFO] main.cpp:370 -   成功事务:     0
2026-05-26 10:01:50.132 [INFO] main.cpp:371 -   失败事务:     220
2026-05-26 10:01:50.132 [INFO] main.cpp:373 -   成功率:       0.0%
2026-05-26 10:01:50.132 [INFO] main.cpp:378 - ======== 命令队列统计 ========
2026-05-26 10:01:50.132 [INFO] main.cpp:379 -   已提交: 0  已执行: 0  成功: 0  失败: 0
2026-05-26 10:01:50.132 [INFO] main.cpp:384 -   队列大小: 0  平均耗时: 0.0ms
2026-05-26 10:01:51.133 [INFO] main.cpp:352 - ======== 总线统计 ========
2026-05-26 10:01:51.134 [INFO] main.cpp:353 -   总事务数:     240
2026-05-26 10:01:51.134 [INFO] main.cpp:354 -   总错误数:     240
2026-05-26 10:01:51.134 [INFO] main.cpp:355 -   发送字节数:   1920
2026-05-26 10:01:51.134 [INFO] main.cpp:356 -   接收字节数:   0
2026-05-26 10:01:51.134 [INFO] main.cpp:357 -   平均延迟:     0.00 ms
2026-05-26 10:01:51.134 [INFO] main.cpp:358 -   最大延迟:     0.00 ms
2026-05-26 10:01:51.134 [INFO] main.cpp:359 -   总线争用次数: 0
2026-05-26 10:01:51.134 [INFO] main.cpp:368 - ======== 轮询统计 ========
2026-05-26 10:01:51.134 [INFO] main.cpp:369 -   任务组数:     20
2026-05-26 10:01:51.134 [INFO] main.cpp:370 -   成功事务:     0
2026-05-26 10:01:51.134 [INFO] main.cpp:371 -   失败事务:     240
2026-05-26 10:01:51.134 [INFO] main.cpp:373 -   成功率:       0.0%
2026-05-26 10:01:51.134 [INFO] main.cpp:378 - ======== 命令队列统计 ========
2026-05-26 10:01:51.134 [INFO] main.cpp:379 -   已提交: 0  已执行: 0  成功: 0  失败: 0
2026-05-26 10:01:51.134 [INFO] main.cpp:384 -   队列大小: 0  平均耗时: 0.0ms
2026-05-26 10:01:52.135 [INFO] main.cpp:352 - ======== 总线统计 ========
2026-05-26 10:01:52.135 [INFO] main.cpp:353 -   总事务数:     240
2026-05-26 10:01:52.135 [INFO] main.cpp:354 -   总错误数:     240
2026-05-26 10:01:52.135 [INFO] main.cpp:355 -   发送字节数:   1920
2026-05-26 10:01:52.135 [INFO] main.cpp:356 -   接收字节数:   0
2026-05-26 10:01:52.135 [INFO] main.cpp:357 -   平均延迟:     0.00 ms
2026-05-26 10:01:52.135 [INFO] main.cpp:358 -   最大延迟:     0.00 ms
2026-05-26 10:01:52.135 [INFO] main.cpp:359 -   总线争用次数: 0
2026-05-26 10:01:52.135 [INFO] main.cpp:368 - ======== 轮询统计 ========
2026-05-26 10:01:52.135 [INFO] main.cpp:369 -   任务组数:     20
2026-05-26 10:01:52.136 [INFO] main.cpp:370 -   成功事务:     0
2026-05-26 10:01:52.136 [INFO] main.cpp:371 -   失败事务:     240
2026-05-26 10:01:52.136 [INFO] main.cpp:373 -   成功率:       0.0%
2026-05-26 10:01:52.136 [INFO] main.cpp:378 - ======== 命令队列统计 ========
2026-05-26 10:01:52.136 [INFO] main.cpp:379 -   已提交: 0  已执行: 0  成功: 0  失败: 0
2026-05-26 10:01:52.136 [INFO] main.cpp:384 -   队列大小: 0  平均耗时: 0.0ms
2026-05-26 10:01:53.137 [INFO] main.cpp:352 - ======== 总线统计 ========
2026-05-26 10:01:53.137 [INFO] main.cpp:353 -   总事务数:     240
2026-05-26 10:01:53.137 [INFO] main.cpp:354 -   总错误数:     240
2026-05-26 10:01:53.137 [INFO] main.cpp:355 -   发送字节数:   1920
2026-05-26 10:01:53.137 [INFO] main.cpp:356 -   接收字节数:   0
2026-05-26 10:01:53.137 [INFO] main.cpp:357 -   平均延迟:     0.00 ms
2026-05-26 10:01:53.137 [INFO] main.cpp:358 -   最大延迟:     0.00 ms
2026-05-26 10:01:53.137 [INFO] main.cpp:359 -   总线争用次数: 0
2026-05-26 10:01:53.137 [INFO] main.cpp:368 - ======== 轮询统计 ========
2026-05-26 10:01:53.137 [INFO] main.cpp:369 -   任务组数:     20
2026-05-26 10:01:53.137 [INFO] main.cpp:370 -   成功事务:     0
2026-05-26 10:01:53.137 [INFO] main.cpp:371 -   失败事务:     240
2026-05-26 10:01:53.137 [INFO] main.cpp:373 -   成功率:       0.0%
2026-05-26 10:01:53.137 [INFO] main.cpp:378 - ======== 命令队列统计 ========
2026-05-26 10:01:53.137 [INFO] main.cpp:379 -   已提交: 0  已执行: 0  成功: 0  失败: 0
2026-05-26 10:01:53.137 [INFO] main.cpp:384 -   队列大小: 0  平均耗时: 0.0ms
2026-05-26 10:01:54.138 [INFO] main.cpp:352 - ======== 总线统计 ========
2026-05-26 10:01:54.138 [INFO] main.cpp:353 -   总事务数:     260
2026-05-26 10:01:54.138 [INFO] main.cpp:354 -   总错误数:     240
2026-05-26 10:01:54.138 [INFO] main.cpp:355 -   发送字节数:   2016
2026-05-26 10:01:54.138 [INFO] main.cpp:356 -   接收字节数:   0
2026-05-26 10:01:54.138 [INFO] main.cpp:357 -   平均延迟:     0.00 ms
2026-05-26 10:01:54.138 [INFO] main.cpp:358 -   最大延迟:     0.00 ms
2026-05-26 10:01:54.138 [INFO] main.cpp:359 -   总线争用次数: 0
2026-05-26 10:01:54.139 [INFO] main.cpp:368 - ======== 轮询统计 ========
2026-05-26 10:01:54.139 [INFO] main.cpp:369 -   任务组数:     20
2026-05-26 10:01:54.139 [INFO] main.cpp:370 -   成功事务:     0
2026-05-26 10:01:54.139 [INFO] main.cpp:371 -   失败事务:     240
2026-05-26 10:01:54.139 [INFO] main.cpp:373 -   成功率:       0.0%
2026-05-26 10:01:54.139 [INFO] main.cpp:378 - ======== 命令队列统计 ========
2026-05-26 10:01:54.139 [INFO] main.cpp:379 -   已提交: 0  已执行: 0  成功: 0  失败: 0
2026-05-26 10:01:54.139 [INFO] main.cpp:384 -   队列大小: 0  平均耗时: 0.0ms
2026-05-26 10:01:55.139 [INFO] main.cpp:352 - ======== 总线统计 ========
2026-05-26 10:01:55.139 [INFO] main.cpp:353 -   总事务数:     260
2026-05-26 10:01:55.139 [INFO] main.cpp:354 -   总错误数:     252
2026-05-26 10:01:55.139 [INFO] main.cpp:355 -   发送字节数:   2080
2026-05-26 10:01:55.139 [INFO] main.cpp:356 -   接收字节数:   0
2026-05-26 10:01:55.139 [INFO] main.cpp:357 -   平均延迟:     0.00 ms
2026-05-26 10:01:55.139 [INFO] main.cpp:358 -   最大延迟:     0.00 ms
2026-05-26 10:01:55.139 [INFO] main.cpp:359 -   总线争用次数: 0
2026-05-26 10:01:55.139 [INFO] main.cpp:368 - ======== 轮询统计 ========
2026-05-26 10:01:55.140 [INFO] main.cpp:369 -   任务组数:     20
2026-05-26 10:01:55.140 [INFO] main.cpp:370 -   成功事务:     0
2026-05-26 10:01:55.140 [INFO] main.cpp:371 -   失败事务:     252
2026-05-26 10:01:55.140 [INFO] main.cpp:373 -   成功率:       0.0%
2026-05-26 10:01:55.140 [INFO] main.cpp:378 - ======== 命令队列统计 ========
2026-05-26 10:01:55.140 [INFO] main.cpp:379 -   已提交: 0  已执行: 0  成功: 0  失败: 0
2026-05-26 10:01:55.140 [INFO] main.cpp:384 -   队列大小: 0  平均耗时: 0.0ms
2026-05-26 10:01:56.140 [INFO] main.cpp:352 - ======== 总线统计 ========
2026-05-26 10:01:56.141 [INFO] main.cpp:353 -   总事务数:     260
2026-05-26 10:01:56.141 [INFO] main.cpp:354 -   总错误数:     260
2026-05-26 10:01:56.141 [INFO] main.cpp:355 -   发送字节数:   2080
2026-05-26 10:01:56.141 [INFO] main.cpp:356 -   接收字节数:   0
2026-05-26 10:01:56.141 [INFO] main.cpp:357 -   平均延迟:     0.00 ms
2026-05-26 10:01:56.141 [INFO] main.cpp:358 -   最大延迟:     0.00 ms
2026-05-26 10:01:56.141 [INFO] main.cpp:359 -   总线争用次数: 0
2026-05-26 10:01:56.141 [INFO] main.cpp:368 - ======== 轮询统计 ========
2026-05-26 10:01:56.141 [INFO] main.cpp:369 -   任务组数:     20
2026-05-26 10:01:56.141 [INFO] main.cpp:370 -   成功事务:     0
2026-05-26 10:01:56.141 [INFO] main.cpp:371 -   失败事务:     260
2026-05-26 10:01:56.141 [INFO] main.cpp:373 -   成功率:       0.0%
2026-05-26 10:01:56.141 [INFO] main.cpp:378 - ======== 命令队列统计 ========
2026-05-26 10:01:56.141 [INFO] main.cpp:379 -   已提交: 0  已执行: 0  成功: 0  失败: 0
2026-05-26 10:01:56.141 [INFO] main.cpp:384 -   队列大小: 0  平均耗时: 0.0ms
2026-05-26 10:01:57.142 [INFO] main.cpp:352 - ======== 总线统计 ========
2026-05-26 10:01:57.142 [INFO] main.cpp:353 -   总事务数:     260
2026-05-26 10:01:57.142 [INFO] main.cpp:354 -   总错误数:     260
2026-05-26 10:01:57.142 [INFO] main.cpp:355 -   发送字节数:   2080
2026-05-26 10:01:57.142 [INFO] main.cpp:356 -   接收字节数:   0
2026-05-26 10:01:57.142 [INFO] main.cpp:357 -   平均延迟:     0.00 ms
2026-05-26 10:01:57.142 [INFO] main.cpp:358 -   最大延迟:     0.00 ms
2026-05-26 10:01:57.142 [INFO] main.cpp:359 -   总线争用次数: 0
2026-05-26 10:01:57.142 [INFO] main.cpp:368 - ======== 轮询统计 ========
2026-05-26 10:01:57.142 [INFO] main.cpp:369 -   任务组数:     20
2026-05-26 10:01:57.142 [INFO] main.cpp:370 -   成功事务:     0
2026-05-26 10:01:57.142 [INFO] main.cpp:371 -   失败事务:     260
2026-05-26 10:01:57.142 [INFO] main.cpp:373 -   成功率:       0.0%
2026-05-26 10:01:57.142 [INFO] main.cpp:378 - ======== 命令队列统计 ========
2026-05-26 10:01:57.142 [INFO] main.cpp:379 -   已提交: 0  已执行: 0  成功: 0  失败: 0
2026-05-26 10:01:57.142 [INFO] main.cpp:384 -   队列大小: 0  平均耗时: 0.0ms
2026-05-26 10:01:58.143 [INFO] main.cpp:352 - ======== 总线统计 ========
2026-05-26 10:01:58.143 [INFO] main.cpp:353 -   总事务数:     260
2026-05-26 10:01:58.143 [INFO] main.cpp:354 -   总错误数:     260
2026-05-26 10:01:58.144 [INFO] main.cpp:355 -   发送字节数:   2080
2026-05-26 10:01:58.144 [INFO] main.cpp:356 -   接收字节数:   0
2026-05-26 10:01:58.144 [INFO] main.cpp:357 -   平均延迟:     0.00 ms
2026-05-26 10:01:58.144 [INFO] main.cpp:358 -   最大延迟:     0.00 ms
2026-05-26 10:01:58.144 [INFO] main.cpp:359 -   总线争用次数: 0
2026-05-26 10:01:58.144 [INFO] main.cpp:368 - ======== 轮询统计 ========
2026-05-26 10:01:58.144 [INFO] main.cpp:369 -   任务组数:     20
2026-05-26 10:01:58.144 [INFO] main.cpp:370 -   成功事务:     0
2026-05-26 10:01:58.144 [INFO] main.cpp:371 -   失败事务:     260
2026-05-26 10:01:58.144 [INFO] main.cpp:373 -   成功率:       0.0%
2026-05-26 10:01:58.144 [INFO] main.cpp:378 - ======== 命令队列统计 ========
2026-05-26 10:01:58.144 [INFO] main.cpp:379 -   已提交: 0  已执行: 0  成功: 0  失败: 0
2026-05-26 10:01:58.144 [INFO] main.cpp:384 -   队列大小: 0  平均耗时: 0.0ms
2026-05-26 10:01:59.145 [INFO] main.cpp:352 - ======== 总线统计 ========
2026-05-26 10:01:59.145 [INFO] main.cpp:353 -   总事务数:     280
2026-05-26 10:01:59.145 [INFO] main.cpp:354 -   总错误数:     260
2026-05-26 10:01:59.145 [INFO] main.cpp:355 -   发送字节数:   2120
2026-05-26 10:01:59.145 [INFO] main.cpp:356 -   接收字节数:   0
2026-05-26 10:01:59.145 [INFO] main.cpp:357 -   平均延迟:     0.00 ms
2026-05-26 10:01:59.145 [INFO] main.cpp:358 -   最大延迟:     0.00 ms
2026-05-26 10:01:59.145 [INFO] main.cpp:359 -   总线争用次数: 0
2026-05-26 10:01:59.145 [INFO] main.cpp:368 - ======== 轮询统计 ========
2026-05-26 10:01:59.145 [INFO] main.cpp:369 -   任务组数:     20
2026-05-26 10:01:59.145 [INFO] main.cpp:370 -   成功事务:     0
2026-05-26 10:01:59.145 [INFO] main.cpp:371 -   失败事务:     260
2026-05-26 10:01:59.145 [INFO] main.cpp:373 -   成功率:       0.0%
2026-05-26 10:01:59.145 [INFO] main.cpp:378 - ======== 命令队列统计 ========
2026-05-26 10:01:59.145 [INFO] main.cpp:379 -   已提交: 0  已执行: 0  成功: 0  失败: 0
2026-05-26 10:01:59.145 [INFO] main.cpp:384 -   队列大小: 0  平均耗时: 0.0ms
2026-05-26 10:02:00.146 [INFO] main.cpp:352 - ======== 总线统计 ========
2026-05-26 10:02:00.146 [INFO] main.cpp:353 -   总事务数:     280
2026-05-26 10:02:00.146 [INFO] main.cpp:354 -   总错误数:     265
2026-05-26 10:02:00.146 [INFO] main.cpp:355 -   发送字节数:   2240
2026-05-26 10:02:00.146 [INFO] main.cpp:356 -   接收字节数:   0
2026-05-26 10:02:00.146 [INFO] main.cpp:357 -   平均延迟:     0.00 ms
2026-05-26 10:02:00.147 [INFO] main.cpp:358 -   最大延迟:     0.00 ms
2026-05-26 10:02:00.147 [INFO] main.cpp:359 -   总线争用次数: 0
2026-05-26 10:02:00.147 [INFO] main.cpp:368 - ======== 轮询统计 ========
2026-05-26 10:02:00.147 [INFO] main.cpp:369 -   任务组数:     20
2026-05-26 10:02:00.147 [INFO] main.cpp:370 -   成功事务:     0
2026-05-26 10:02:00.147 [INFO] main.cpp:371 -   失败事务:     265
2026-05-26 10:02:00.147 [INFO] main.cpp:373 -   成功率:       0.0%
2026-05-26 10:02:00.147 [INFO] main.cpp:378 - ======== 命令队列统计 ========
2026-05-26 10:02:00.147 [INFO] main.cpp:379 -   已提交: 0  已执行: 0  成功: 0  失败: 0
2026-05-26 10:02:00.147 [INFO] main.cpp:384 -   队列大小: 0  平均耗时: 0.0ms
2026-05-26 10:02:01.148 [INFO] main.cpp:352 - ======== 总线统计 ========
2026-05-26 10:02:01.148 [INFO] main.cpp:353 -   总事务数:     280
2026-05-26 10:02:01.148 [INFO] main.cpp:354 -   总错误数:     280
2026-05-26 10:02:01.148 [INFO] main.cpp:355 -   发送字节数:   2240
2026-05-26 10:02:01.148 [INFO] main.cpp:356 -   接收字节数:   0
2026-05-26 10:02:01.148 [INFO] main.cpp:357 -   平均延迟:     0.00 ms
2026-05-26 10:02:01.148 [INFO] main.cpp:358 -   最大延迟:     0.00 ms
2026-05-26 10:02:01.148 [INFO] main.cpp:359 -   总线争用次数: 0
2026-05-26 10:02:01.148 [INFO] main.cpp:368 - ======== 轮询统计 ========
2026-05-26 10:02:01.148 [INFO] main.cpp:369 -   任务组数:     20
2026-05-26 10:02:01.148 [INFO] main.cpp:370 -   成功事务:     0
2026-05-26 10:02:01.148 [INFO] main.cpp:371 -   失败事务:     280
2026-05-26 10:02:01.148 [INFO] main.cpp:373 -   成功率:       0.0%
2026-05-26 10:02:01.148 [INFO] main.cpp:378 - ======== 命令队列统计 ========
2026-05-26 10:02:01.148 [INFO] main.cpp:379 -   已提交: 0  已执行: 0  成功: 0  失败: 0
2026-05-26 10:02:01.148 [INFO] main.cpp:384 -   队列大小: 0  平均耗时: 0.0ms
2026-05-26 10:02:02.149 [INFO] main.cpp:352 - ======== 总线统计 ========
2026-05-26 10:02:02.150 [INFO] main.cpp:353 -   总事务数:     280
2026-05-26 10:02:02.150 [INFO] main.cpp:354 -   总错误数:     280
2026-05-26 10:02:02.150 [INFO] main.cpp:355 -   发送字节数:   2240
2026-05-26 10:02:02.150 [INFO] main.cpp:356 -   接收字节数:   0
2026-05-26 10:02:02.150 [INFO] main.cpp:357 -   平均延迟:     0.00 ms
2026-05-26 10:02:02.150 [INFO] main.cpp:358 -   最大延迟:     0.00 ms
2026-05-26 10:02:02.150 [INFO] main.cpp:359 -   总线争用次数: 0
2026-05-26 10:02:02.150 [INFO] main.cpp:368 - ======== 轮询统计 ========
2026-05-26 10:02:02.150 [INFO] main.cpp:369 -   任务组数:     20
2026-05-26 10:02:02.150 [INFO] main.cpp:370 -   成功事务:     0
2026-05-26 10:02:02.150 [INFO] main.cpp:371 -   失败事务:     280
2026-05-26 10:02:02.150 [INFO] main.cpp:373 -   成功率:       0.0%
2026-05-26 10:02:02.150 [INFO] main.cpp:378 - ======== 命令队列统计 ========
2026-05-26 10:02:02.150 [INFO] main.cpp:379 -   已提交: 0  已执行: 0  成功: 0  失败: 0
2026-05-26 10:02:02.150 [INFO] main.cpp:384 -   队列大小: 0  平均耗时: 0.0ms
2026-05-26 10:02:03.151 [INFO] main.cpp:352 - ======== 总线统计 ========
2026-05-26 10:02:03.151 [INFO] main.cpp:353 -   总事务数:     280
2026-05-26 10:02:03.151 [INFO] main.cpp:354 -   总错误数:     280
2026-05-26 10:02:03.151 [INFO] main.cpp:355 -   发送字节数:   2240
2026-05-26 10:02:03.151 [INFO] main.cpp:356 -   接收字节数:   0
2026-05-26 10:02:03.151 [INFO] main.cpp:357 -   平均延迟:     0.00 ms
2026-05-26 10:02:03.151 [INFO] main.cpp:358 -   最大延迟:     0.00 ms
2026-05-26 10:02:03.152 [INFO] main.cpp:359 -   总线争用次数: 0
2026-05-26 10:02:03.152 [INFO] main.cpp:368 - ======== 轮询统计 ========
2026-05-26 10:02:03.152 [INFO] main.cpp:369 -   任务组数:     20
2026-05-26 10:02:03.152 [INFO] main.cpp:370 -   成功事务:     0
2026-05-26 10:02:03.152 [INFO] main.cpp:371 -   失败事务:     280
2026-05-26 10:02:03.152 [INFO] main.cpp:373 -   成功率:       0.0%
2026-05-26 10:02:03.152 [INFO] main.cpp:378 - ======== 命令队列统计 ========
2026-05-26 10:02:03.152 [INFO] main.cpp:379 -   已提交: 0  已执行: 0  成功: 0  失败: 0
2026-05-26 10:02:03.152 [INFO] main.cpp:384 -   队列大小: 0  平均耗时: 0.0ms
2026-05-26 10:02:04.152 [INFO] main.cpp:352 - ======== 总线统计 ========
2026-05-26 10:02:04.153 [INFO] main.cpp:353 -   总事务数:     300
2026-05-26 10:02:04.153 [INFO] main.cpp:354 -   总错误数:     280
2026-05-26 10:02:04.153 [INFO] main.cpp:355 -   发送字节数:   2312
2026-05-26 10:02:04.153 [INFO] main.cpp:356 -   接收字节数:   0
2026-05-26 10:02:04.153 [INFO] main.cpp:357 -   平均延迟:     0.00 ms
2026-05-26 10:02:04.153 [INFO] main.cpp:358 -   最大延迟:     0.00 ms
2026-05-26 10:02:04.153 [INFO] main.cpp:359 -   总线争用次数: 0
2026-05-26 10:02:04.153 [INFO] main.cpp:368 - ======== 轮询统计 ========
2026-05-26 10:02:04.153 [INFO] main.cpp:369 -   任务组数:     20
2026-05-26 10:02:04.153 [INFO] main.cpp:370 -   成功事务:     0
2026-05-26 10:02:04.153 [INFO] main.cpp:371 -   失败事务:     280
2026-05-26 10:02:04.153 [INFO] main.cpp:373 -   成功率:       0.0%
2026-05-26 10:02:04.153 [INFO] main.cpp:378 - ======== 命令队列统计 ========
2026-05-26 10:02:04.153 [INFO] main.cpp:379 -   已提交: 0  已执行: 0  成功: 0  失败: 0
2026-05-26 10:02:04.153 [INFO] main.cpp:384 -   队列大小: 0  平均耗时: 0.0ms
2026-05-26 10:02:05.154 [INFO] main.cpp:352 - ======== 总线统计 ========
2026-05-26 10:02:05.154 [INFO] main.cpp:353 -   总事务数:     300
2026-05-26 10:02:05.154 [INFO] main.cpp:354 -   总错误数:     289
2026-05-26 10:02:05.155 [INFO] main.cpp:355 -   发送字节数:   2400
2026-05-26 10:02:05.155 [INFO] main.cpp:356 -   接收字节数:   0
2026-05-26 10:02:05.155 [INFO] main.cpp:357 -   平均延迟:     0.00 ms
2026-05-26 10:02:05.155 [INFO] main.cpp:358 -   最大延迟:     0.00 ms
2026-05-26 10:02:05.155 [INFO] main.cpp:359 -   总线争用次数: 0
2026-05-26 10:02:05.155 [INFO] main.cpp:368 - ======== 轮询统计 ========
2026-05-26 10:02:05.155 [INFO] main.cpp:369 -   任务组数:     20
2026-05-26 10:02:05.155 [INFO] main.cpp:370 -   成功事务:     0
2026-05-26 10:02:05.155 [INFO] main.cpp:371 -   失败事务:     289
2026-05-26 10:02:05.155 [INFO] main.cpp:373 -   成功率:       0.0%
2026-05-26 10:02:05.155 [INFO] main.cpp:378 - ======== 命令队列统计 ========
2026-05-26 10:02:05.155 [INFO] main.cpp:379 -   已提交: 0  已执行: 0  成功: 0  失败: 0
2026-05-26 10:02:05.155 [INFO] main.cpp:384 -   队列大小: 0  平均耗时: 0.0ms
2026-05-26 10:02:06.156 [INFO] main.cpp:352 - ======== 总线统计 ========
2026-05-26 10:02:06.156 [INFO] main.cpp:353 -   总事务数:     300
2026-05-26 10:02:06.156 [INFO] main.cpp:354 -   总错误数:     300
2026-05-26 10:02:06.156 [INFO] main.cpp:355 -   发送字节数:   2400
2026-05-26 10:02:06.156 [INFO] main.cpp:356 -   接收字节数:   0
2026-05-26 10:02:06.156 [INFO] main.cpp:357 -   平均延迟:     0.00 ms
2026-05-26 10:02:06.156 [INFO] main.cpp:358 -   最大延迟:     0.00 ms
2026-05-26 10:02:06.156 [INFO] main.cpp:359 -   总线争用次数: 0
2026-05-26 10:02:06.157 [INFO] main.cpp:368 - ======== 轮询统计 ========
2026-05-26 10:02:06.157 [INFO] main.cpp:369 -   任务组数:     20
2026-05-26 10:02:06.157 [INFO] main.cpp:370 -   成功事务:     0
2026-05-26 10:02:06.157 [INFO] main.cpp:371 -   失败事务:     300
2026-05-26 10:02:06.157 [INFO] main.cpp:373 -   成功率:       0.0%
2026-05-26 10:02:06.157 [INFO] main.cpp:378 - ======== 命令队列统计 ========
2026-05-26 10:02:06.157 [INFO] main.cpp:379 -   已提交: 0  已执行: 0  成功: 0  失败: 0
2026-05-26 10:02:06.157 [INFO] main.cpp:384 -   队列大小: 0  平均耗时: 0.0ms
2026-05-26 10:02:07.158 [INFO] main.cpp:352 - ======== 总线统计 ========
2026-05-26 10:02:07.158 [INFO] main.cpp:353 -   总事务数:     300
2026-05-26 10:02:07.158 [INFO] main.cpp:354 -   总错误数:     300
2026-05-26 10:02:07.158 [INFO] main.cpp:355 -   发送字节数:   2400
2026-05-26 10:02:07.158 [INFO] main.cpp:356 -   接收字节数:   0
2026-05-26 10:02:07.158 [INFO] main.cpp:357 -   平均延迟:     0.00 ms
2026-05-26 10:02:07.158 [INFO] main.cpp:358 -   最大延迟:     0.00 ms
2026-05-26 10:02:07.158 [INFO] main.cpp:359 -   总线争用次数: 0
2026-05-26 10:02:07.158 [INFO] main.cpp:368 - ======== 轮询统计 ========
2026-05-26 10:02:07.158 [INFO] main.cpp:369 -   任务组数:     20
2026-05-26 10:02:07.158 [INFO] main.cpp:370 -   成功事务:     0
2026-05-26 10:02:07.158 [INFO] main.cpp:371 -   失败事务:     300
2026-05-26 10:02:07.158 [INFO] main.cpp:373 -   成功率:       0.0%
2026-05-26 10:02:07.158 [INFO] main.cpp:378 - ======== 命令队列统计 ========
2026-05-26 10:02:07.158 [INFO] main.cpp:379 -   已提交: 0  已执行: 0  成功: 0  失败: 0
2026-05-26 10:02:07.159 [INFO] main.cpp:384 -   队列大小: 0  平均耗时: 0.0ms
2026-05-26 10:02:08.159 [INFO] main.cpp:352 - ======== 总线统计 ========
2026-05-26 10:02:08.159 [INFO] main.cpp:353 -   总事务数:     300
2026-05-26 10:02:08.159 [INFO] main.cpp:354 -   总错误数:     300
2026-05-26 10:02:08.159 [INFO] main.cpp:355 -   发送字节数:   2400
2026-05-26 10:02:08.159 [INFO] main.cpp:356 -   接收字节数:   0
2026-05-26 10:02:08.159 [INFO] main.cpp:357 -   平均延迟:     0.00 ms
2026-05-26 10:02:08.159 [INFO] main.cpp:358 -   最大延迟:     0.00 ms
2026-05-26 10:02:08.159 [INFO] main.cpp:359 -   总线争用次数: 0
2026-05-26 10:02:08.159 [INFO] main.cpp:368 - ======== 轮询统计 ========
2026-05-26 10:02:08.159 [INFO] main.cpp:369 -   任务组数:     20
2026-05-26 10:02:08.159 [INFO] main.cpp:370 -   成功事务:     0
2026-05-26 10:02:08.159 [INFO] main.cpp:371 -   失败事务:     300
2026-05-26 10:02:08.159 [INFO] main.cpp:373 -   成功率:       0.0%
2026-05-26 10:02:08.159 [INFO] main.cpp:378 - ======== 命令队列统计 ========
2026-05-26 10:02:08.159 [INFO] main.cpp:379 -   已提交: 0  已执行: 0  成功: 0  失败: 0
2026-05-26 10:02:08.159 [INFO] main.cpp:384 -   队列大小: 0  平均耗时: 0.0ms
2026-05-26 10:02:09.161 [INFO] main.cpp:352 - ======== 总线统计 ========
2026-05-26 10:02:09.161 [INFO] main.cpp:353 -   总事务数:     320
2026-05-26 10:02:09.161 [INFO] main.cpp:354 -   总错误数:     300
2026-05-26 10:02:09.161 [INFO] main.cpp:355 -   发送字节数:   2544
2026-05-26 10:02:09.161 [INFO] main.cpp:356 -   接收字节数:   0
2026-05-26 10:02:09.161 [INFO] main.cpp:357 -   平均延迟:     0.00 ms
2026-05-26 10:02:09.161 [INFO] main.cpp:358 -   最大延迟:     0.00 ms
2026-05-26 10:02:09.161 [INFO] main.cpp:359 -   总线争用次数: 0
2026-05-26 10:02:09.161 [INFO] main.cpp:368 - ======== 轮询统计 ========
2026-05-26 10:02:09.161 [INFO] main.cpp:369 -   任务组数:     20
2026-05-26 10:02:09.161 [INFO] main.cpp:370 -   成功事务:     0
2026-05-26 10:02:09.161 [INFO] main.cpp:371 -   失败事务:     300
2026-05-26 10:02:09.161 [INFO] main.cpp:373 -   成功率:       0.0%
2026-05-26 10:02:09.161 [INFO] main.cpp:378 - ======== 命令队列统计 ========
2026-05-26 10:02:09.161 [INFO] main.cpp:379 -   已提交: 0  已执行: 0  成功: 0  失败: 0
2026-05-26 10:02:09.161 [INFO] main.cpp:384 -   队列大小: 0  平均耗时: 0.0ms
2026-05-26 10:02:10.162 [INFO] main.cpp:352 - ======== 总线统计 ========
2026-05-26 10:02:10.162 [INFO] main.cpp:353 -   总事务数:     320
2026-05-26 10:02:10.163 [INFO] main.cpp:354 -   总错误数:     320
2026-05-26 10:02:10.163 [INFO] main.cpp:355 -   发送字节数:   2560
2026-05-26 10:02:10.163 [INFO] main.cpp:356 -   接收字节数:   0
2026-05-26 10:02:10.163 [INFO] main.cpp:357 -   平均延迟:     0.00 ms
2026-05-26 10:02:10.163 [INFO] main.cpp:358 -   最大延迟:     0.00 ms
2026-05-26 10:02:10.163 [INFO] main.cpp:359 -   总线争用次数: 0
2026-05-26 10:02:10.163 [INFO] main.cpp:368 - ======== 轮询统计 ========
2026-05-26 10:02:10.163 [INFO] main.cpp:369 -   任务组数:     20
2026-05-26 10:02:10.163 [INFO] main.cpp:370 -   成功事务:     0
2026-05-26 10:02:10.163 [INFO] main.cpp:371 -   失败事务:     320
2026-05-26 10:02:10.163 [INFO] main.cpp:373 -   成功率:       0.0%
2026-05-26 10:02:10.163 [INFO] main.cpp:378 - ======== 命令队列统计 ========
2026-05-26 10:02:10.163 [INFO] main.cpp:379 -   已提交: 0  已执行: 0  成功: 0  失败: 0
2026-05-26 10:02:10.163 [INFO] main.cpp:384 -   队列大小: 0  平均耗时: 0.0ms
2026-05-26 10:02:11.164 [INFO] main.cpp:352 - ======== 总线统计 ========
2026-05-26 10:02:11.164 [INFO] main.cpp:353 -   总事务数:     320
2026-05-26 10:02:11.164 [INFO] main.cpp:354 -   总错误数:     320
2026-05-26 10:02:11.164 [INFO] main.cpp:355 -   发送字节数:   2560
2026-05-26 10:02:11.164 [INFO] main.cpp:356 -   接收字节数:   0
2026-05-26 10:02:11.164 [INFO] main.cpp:357 -   平均延迟:     0.00 ms
2026-05-26 10:02:11.164 [INFO] main.cpp:358 -   最大延迟:     0.00 ms
2026-05-26 10:02:11.164 [INFO] main.cpp:359 -   总线争用次数: 0
2026-05-26 10:02:11.165 [INFO] main.cpp:368 - ======== 轮询统计 ========
2026-05-26 10:02:11.165 [INFO] main.cpp:369 -   任务组数:     20
2026-05-26 10:02:11.165 [INFO] main.cpp:370 -   成功事务:     0
2026-05-26 10:02:11.165 [INFO] main.cpp:371 -   失败事务:     320
2026-05-26 10:02:11.165 [INFO] main.cpp:373 -   成功率:       0.0%
2026-05-26 10:02:11.165 [INFO] main.cpp:378 - ======== 命令队列统计 ========
2026-05-26 10:02:11.165 [INFO] main.cpp:379 -   已提交: 0  已执行: 0  成功: 0  失败: 0
2026-05-26 10:02:11.165 [INFO] main.cpp:384 -   队列大小: 0  平均耗时: 0.0ms
2026-05-26 10:02:12.166 [INFO] main.cpp:352 - ======== 总线统计 ========
2026-05-26 10:02:12.166 [INFO] main.cpp:353 -   总事务数:     320
2026-05-26 10:02:12.166 [INFO] main.cpp:354 -   总错误数:     320
2026-05-26 10:02:12.166 [INFO] main.cpp:355 -   发送字节数:   2560
2026-05-26 10:02:12.166 [INFO] main.cpp:356 -   接收字节数:   0
2026-05-26 10:02:12.166 [INFO] main.cpp:357 -   平均延迟:     0.00 ms
2026-05-26 10:02:12.166 [INFO] main.cpp:358 -   最大延迟:     0.00 ms
2026-05-26 10:02:12.166 [INFO] main.cpp:359 -   总线争用次数: 0
2026-05-26 10:02:12.166 [INFO] main.cpp:368 - ======== 轮询统计 ========
2026-05-26 10:02:12.166 [INFO] main.cpp:369 -   任务组数:     20
2026-05-26 10:02:12.166 [INFO] main.cpp:370 -   成功事务:     0
2026-05-26 10:02:12.166 [INFO] main.cpp:371 -   失败事务:     320
2026-05-26 10:02:12.166 [INFO] main.cpp:373 -   成功率:       0.0%
2026-05-26 10:02:12.167 [INFO] main.cpp:378 - ======== 命令队列统计 ========
2026-05-26 10:02:12.167 [INFO] main.cpp:379 -   已提交: 0  已执行: 0  成功: 0  失败: 0
2026-05-26 10:02:12.167 [INFO] main.cpp:384 -   队列大小: 0  平均耗时: 0.0ms
2026-05-26 10:02:13.167 [INFO] main.cpp:352 - ======== 总线统计 ========
2026-05-26 10:02:13.167 [INFO] main.cpp:353 -   总事务数:     320
2026-05-26 10:02:13.167 [INFO] main.cpp:354 -   总错误数:     320
2026-05-26 10:02:13.167 [INFO] main.cpp:355 -   发送字节数:   2560
2026-05-26 10:02:13.167 [INFO] main.cpp:356 -   接收字节数:   0
2026-05-26 10:02:13.167 [INFO] main.cpp:357 -   平均延迟:     0.00 ms
2026-05-26 10:02:13.167 [INFO] main.cpp:358 -   最大延迟:     0.00 ms
2026-05-26 10:02:13.167 [INFO] main.cpp:359 -   总线争用次数: 0
2026-05-26 10:02:13.168 [INFO] main.cpp:368 - ======== 轮询统计 ========
2026-05-26 10:02:13.168 [INFO] main.cpp:369 -   任务组数:     20
2026-05-26 10:02:13.168 [INFO] main.cpp:370 -   成功事务:     0
2026-05-26 10:02:13.168 [INFO] main.cpp:371 -   失败事务:     320
2026-05-26 10:02:13.168 [INFO] main.cpp:373 -   成功率:       0.0%
2026-05-26 10:02:13.168 [INFO] main.cpp:378 - ======== 命令队列统计 ========
2026-05-26 10:02:13.168 [INFO] main.cpp:379 -   已提交: 0  已执行: 0  成功: 0  失败: 0
2026-05-26 10:02:13.168 [INFO] main.cpp:384 -   队列大小: 0  平均耗时: 0.0ms
2026-05-26 10:02:14.169 [INFO] main.cpp:352 - ======== 总线统计 ========
2026-05-26 10:02:14.169 [INFO] main.cpp:353 -   总事务数:     340
2026-05-26 10:02:14.169 [INFO] main.cpp:354 -   总错误数:     320
2026-05-26 10:02:14.169 [INFO] main.cpp:355 -   发送字节数:   2720
2026-05-26 10:02:14.169 [INFO] main.cpp:356 -   接收字节数:   0
2026-05-26 10:02:14.169 [INFO] main.cpp:357 -   平均延迟:     0.00 ms
2026-05-26 10:02:14.169 [INFO] main.cpp:358 -   最大延迟:     0.00 ms
2026-05-26 10:02:14.169 [INFO] main.cpp:359 -   总线争用次数: 0
2026-05-26 10:02:14.169 [INFO] main.cpp:368 - ======== 轮询统计 ========
2026-05-26 10:02:14.169 [INFO] main.cpp:369 -   任务组数:     20
2026-05-26 10:02:14.169 [INFO] main.cpp:370 -   成功事务:     0
2026-05-26 10:02:14.169 [INFO] main.cpp:371 -   失败事务:     320
2026-05-26 10:02:14.169 [INFO] main.cpp:373 -   成功率:       0.0%
2026-05-26 10:02:14.169 [INFO] main.cpp:378 - ======== 命令队列统计 ========
2026-05-26 10:02:14.170 [INFO] main.cpp:379 -   已提交: 0  已执行: 0  成功: 0  失败: 0
2026-05-26 10:02:14.170 [INFO] main.cpp:384 -   队列大小: 0  平均耗时: 0.0ms
2026-05-26 10:02:15.170 [INFO] main.cpp:352 - ======== 总线统计 ========
2026-05-26 10:02:15.170 [INFO] main.cpp:353 -   总事务数:     340
2026-05-26 10:02:15.170 [INFO] main.cpp:354 -   总错误数:     340
2026-05-26 10:02:15.170 [INFO] main.cpp:355 -   发送字节数:   2720
2026-05-26 10:02:15.170 [INFO] main.cpp:356 -   接收字节数:   0
2026-05-26 10:02:15.170 [INFO] main.cpp:357 -   平均延迟:     0.00 ms
2026-05-26 10:02:15.170 [INFO] main.cpp:358 -   最大延迟:     0.00 ms
2026-05-26 10:02:15.170 [INFO] main.cpp:359 -   总线争用次数: 0
2026-05-26 10:02:15.170 [INFO] main.cpp:368 - ======== 轮询统计 ========
2026-05-26 10:02:15.170 [INFO] main.cpp:369 -   任务组数:     20
2026-05-26 10:02:15.170 [INFO] main.cpp:370 -   成功事务:     0
2026-05-26 10:02:15.170 [INFO] main.cpp:371 -   失败事务:     340
2026-05-26 10:02:15.170 [INFO] main.cpp:373 -   成功率:       0.0%
2026-05-26 10:02:15.171 [INFO] main.cpp:378 - ======== 命令队列统计 ========
2026-05-26 10:02:15.171 [INFO] main.cpp:379 -   已提交: 0  已执行: 0  成功: 0  失败: 0
2026-05-26 10:02:15.171 [INFO] main.cpp:384 -   队列大小: 0  平均耗时: 0.0ms
2026-05-26 10:02:16.172 [INFO] main.cpp:352 - ======== 总线统计 ========
2026-05-26 10:02:16.172 [INFO] main.cpp:353 -   总事务数:     340
2026-05-26 10:02:16.172 [INFO] main.cpp:354 -   总错误数:     340
2026-05-26 10:02:16.172 [INFO] main.cpp:355 -   发送字节数:   2720
2026-05-26 10:02:16.172 [INFO] main.cpp:356 -   接收字节数:   0
2026-05-26 10:02:16.172 [INFO] main.cpp:357 -   平均延迟:     0.00 ms
2026-05-26 10:02:16.172 [INFO] main.cpp:358 -   最大延迟:     0.00 ms
2026-05-26 10:02:16.172 [INFO] main.cpp:359 -   总线争用次数: 0
2026-05-26 10:02:16.172 [INFO] main.cpp:368 - ======== 轮询统计 ========
2026-05-26 10:02:16.172 [INFO] main.cpp:369 -   任务组数:     20
2026-05-26 10:02:16.172 [INFO] main.cpp:370 -   成功事务:     0
2026-05-26 10:02:16.172 [INFO] main.cpp:371 -   失败事务:     340
2026-05-26 10:02:16.172 [INFO] main.cpp:373 -   成功率:       0.0%
2026-05-26 10:02:16.172 [INFO] main.cpp:378 - ======== 命令队列统计 ========
2026-05-26 10:02:16.172 [INFO] main.cpp:379 -   已提交: 0  已执行: 0  成功: 0  失败: 0
2026-05-26 10:02:16.172 [INFO] main.cpp:384 -   队列大小: 0  平均耗时: 0.0ms
2026-05-26 10:02:17.173 [INFO] main.cpp:352 - ======== 总线统计 ========
2026-05-26 10:02:17.173 [INFO] main.cpp:353 -   总事务数:     340
2026-05-26 10:02:17.173 [INFO] main.cpp:354 -   总错误数:     340
2026-05-26 10:02:17.173 [INFO] main.cpp:355 -   发送字节数:   2720
2026-05-26 10:02:17.173 [INFO] main.cpp:356 -   接收字节数:   0
2026-05-26 10:02:17.173 [INFO] main.cpp:357 -   平均延迟:     0.00 ms
2026-05-26 10:02:17.173 [INFO] main.cpp:358 -   最大延迟:     0.00 ms
2026-05-26 10:02:17.173 [INFO] main.cpp:359 -   总线争用次数: 0
2026-05-26 10:02:17.173 [INFO] main.cpp:368 - ======== 轮询统计 ========
2026-05-26 10:02:17.173 [INFO] main.cpp:369 -   任务组数:     20
2026-05-26 10:02:17.173 [INFO] main.cpp:370 -   成功事务:     0
2026-05-26 10:02:17.173 [INFO] main.cpp:371 -   失败事务:     340
2026-05-26 10:02:17.173 [INFO] main.cpp:373 -   成功率:       0.0%
2026-05-26 10:02:17.173 [INFO] main.cpp:378 - ======== 命令队列统计 ========
2026-05-26 10:02:17.173 [INFO] main.cpp:379 -   已提交: 0  已执行: 0  成功: 0  失败: 0
2026-05-26 10:02:17.173 [INFO] main.cpp:384 -   队列大小: 0  平均耗时: 0.0ms
2026-05-26 10:02:18.174 [INFO] main.cpp:352 - ======== 总线统计 ========
2026-05-26 10:02:18.175 [INFO] main.cpp:353 -   总事务数:     340
2026-05-26 10:02:18.175 [INFO] main.cpp:354 -   总错误数:     340
2026-05-26 10:02:18.175 [INFO] main.cpp:355 -   发送字节数:   2720
2026-05-26 10:02:18.175 [INFO] main.cpp:356 -   接收字节数:   0
2026-05-26 10:02:18.175 [INFO] main.cpp:357 -   平均延迟:     0.00 ms
2026-05-26 10:02:18.175 [INFO] main.cpp:358 -   最大延迟:     0.00 ms
2026-05-26 10:02:18.175 [INFO] main.cpp:359 -   总线争用次数: 0
2026-05-26 10:02:18.175 [INFO] main.cpp:368 - ======== 轮询统计 ========
2026-05-26 10:02:18.175 [INFO] main.cpp:369 -   任务组数:     20
2026-05-26 10:02:18.175 [INFO] main.cpp:370 -   成功事务:     0
2026-05-26 10:02:18.175 [INFO] main.cpp:371 -   失败事务:     340
2026-05-26 10:02:18.175 [INFO] main.cpp:373 -   成功率:       0.0%
2026-05-26 10:02:18.175 [INFO] main.cpp:378 - ======== 命令队列统计 ========
2026-05-26 10:02:18.175 [INFO] main.cpp:379 -   已提交: 0  已执行: 0  成功: 0  失败: 0
2026-05-26 10:02:18.175 [INFO] main.cpp:384 -   队列大小: 0  平均耗时: 0.0ms
2026-05-26 10:02:19.176 [INFO] main.cpp:352 - ======== 总线统计 ========
2026-05-26 10:02:19.176 [INFO] main.cpp:353 -   总事务数:     360
2026-05-26 10:02:19.176 [INFO] main.cpp:354 -   总错误数:     340
2026-05-26 10:02:19.176 [INFO] main.cpp:355 -   发送字节数:   2880
2026-05-26 10:02:19.176 [INFO] main.cpp:356 -   接收字节数:   0
2026-05-26 10:02:19.176 [INFO] main.cpp:357 -   平均延迟:     0.00 ms
2026-05-26 10:02:19.176 [INFO] main.cpp:358 -   最大延迟:     0.00 ms
2026-05-26 10:02:19.176 [INFO] main.cpp:359 -   总线争用次数: 0
2026-05-26 10:02:19.176 [INFO] main.cpp:368 - ======== 轮询统计 ========
2026-05-26 10:02:19.176 [INFO] main.cpp:369 -   任务组数:     20
2026-05-26 10:02:19.176 [INFO] main.cpp:370 -   成功事务:     0
2026-05-26 10:02:19.176 [INFO] main.cpp:371 -   失败事务:     340
2026-05-26 10:02:19.176 [INFO] main.cpp:373 -   成功率:       0.0%
2026-05-26 10:02:19.176 [INFO] main.cpp:378 - ======== 命令队列统计 ========
2026-05-26 10:02:19.176 [INFO] main.cpp:379 -   已提交: 0  已执行: 0  成功: 0  失败: 0
2026-05-26 10:02:19.176 [INFO] main.cpp:384 -   队列大小: 0  平均耗时: 0.0ms
2026-05-26 10:02:20.177 [INFO] main.cpp:352 - ======== 总线统计 ========
2026-05-26 10:02:20.178 [INFO] main.cpp:353 -   总事务数:     360
2026-05-26 10:02:20.178 [INFO] main.cpp:354 -   总错误数:     360
2026-05-26 10:02:20.178 [INFO] main.cpp:355 -   发送字节数:   2880
2026-05-26 10:02:20.178 [INFO] main.cpp:356 -   接收字节数:   0
2026-05-26 10:02:20.178 [INFO] main.cpp:357 -   平均延迟:     0.00 ms
2026-05-26 10:02:20.178 [INFO] main.cpp:358 -   最大延迟:     0.00 ms
2026-05-26 10:02:20.178 [INFO] main.cpp:359 -   总线争用次数: 0
2026-05-26 10:02:20.178 [INFO] main.cpp:368 - ======== 轮询统计 ========
2026-05-26 10:02:20.178 [INFO] main.cpp:369 -   任务组数:     20
2026-05-26 10:02:20.178 [INFO] main.cpp:370 -   成功事务:     0
2026-05-26 10:02:20.178 [INFO] main.cpp:371 -   失败事务:     360
2026-05-26 10:02:20.178 [INFO] main.cpp:373 -   成功率:       0.0%
2026-05-26 10:02:20.178 [INFO] main.cpp:378 - ======== 命令队列统计 ========
2026-05-26 10:02:20.178 [INFO] main.cpp:379 -   已提交: 0  已执行: 0  成功: 0  失败: 0
2026-05-26 10:02:20.178 [INFO] main.cpp:384 -   队列大小: 0  平均耗时: 0.0ms
2026-05-26 10:02:21.179 [INFO] main.cpp:352 - ======== 总线统计 ========
2026-05-26 10:02:21.179 [INFO] main.cpp:353 -   总事务数:     360
2026-05-26 10:02:21.179 [INFO] main.cpp:354 -   总错误数:     360
2026-05-26 10:02:21.179 [INFO] main.cpp:355 -   发送字节数:   2880
2026-05-26 10:02:21.179 [INFO] main.cpp:356 -   接收字节数:   0
2026-05-26 10:02:21.179 [INFO] main.cpp:357 -   平均延迟:     0.00 ms
2026-05-26 10:02:21.179 [INFO] main.cpp:358 -   最大延迟:     0.00 ms
2026-05-26 10:02:21.179 [INFO] main.cpp:359 -   总线争用次数: 0
2026-05-26 10:02:21.180 [INFO] main.cpp:368 - ======== 轮询统计 ========
2026-05-26 10:02:21.180 [INFO] main.cpp:369 -   任务组数:     20
2026-05-26 10:02:21.180 [INFO] main.cpp:370 -   成功事务:     0
2026-05-26 10:02:21.180 [INFO] main.cpp:371 -   失败事务:     360
2026-05-26 10:02:21.180 [INFO] main.cpp:373 -   成功率:       0.0%
2026-05-26 10:02:21.180 [INFO] main.cpp:378 - ======== 命令队列统计 ========
2026-05-26 10:02:21.180 [INFO] main.cpp:379 -   已提交: 0  已执行: 0  成功: 0  失败: 0
2026-05-26 10:02:21.180 [INFO] main.cpp:384 -   队列大小: 0  平均耗时: 0.0ms
2026-05-26 10:02:22.181 [INFO] main.cpp:352 - ======== 总线统计 ========
2026-05-26 10:02:22.181 [INFO] main.cpp:353 -   总事务数:     360
2026-05-26 10:02:22.181 [INFO] main.cpp:354 -   总错误数:     360
2026-05-26 10:02:22.181 [INFO] main.cpp:355 -   发送字节数:   2880
2026-05-26 10:02:22.181 [INFO] main.cpp:356 -   接收字节数:   0
2026-05-26 10:02:22.181 [INFO] main.cpp:357 -   平均延迟:     0.00 ms
2026-05-26 10:02:22.181 [INFO] main.cpp:358 -   最大延迟:     0.00 ms
2026-05-26 10:02:22.181 [INFO] main.cpp:359 -   总线争用次数: 0
2026-05-26 10:02:22.181 [INFO] main.cpp:368 - ======== 轮询统计 ========
2026-05-26 10:02:22.181 [INFO] main.cpp:369 -   任务组数:     20
2026-05-26 10:02:22.181 [INFO] main.cpp:370 -   成功事务:     0
2026-05-26 10:02:22.181 [INFO] main.cpp:371 -   失败事务:     360
2026-05-26 10:02:22.181 [INFO] main.cpp:373 -   成功率:       0.0%
2026-05-26 10:02:22.181 [INFO] main.cpp:378 - ======== 命令队列统计 ========
2026-05-26 10:02:22.181 [INFO] main.cpp:379 -   已提交: 0  已执行: 0  成功: 0  失败: 0
2026-05-26 10:02:22.181 [INFO] main.cpp:384 -   队列大小: 0  平均耗时: 0.0ms
2026-05-26 10:02:23.183 [INFO] main.cpp:352 - ======== 总线统计 ========
2026-05-26 10:02:23.183 [INFO] main.cpp:353 -   总事务数:     360
2026-05-26 10:02:23.183 [INFO] main.cpp:354 -   总错误数:     360
2026-05-26 10:02:23.183 [INFO] main.cpp:355 -   发送字节数:   2880
2026-05-26 10:02:23.183 [INFO] main.cpp:356 -   接收字节数:   0
2026-05-26 10:02:23.183 [INFO] main.cpp:357 -   平均延迟:     0.00 ms
2026-05-26 10:02:23.183 [INFO] main.cpp:358 -   最大延迟:     0.00 ms
2026-05-26 10:02:23.183 [INFO] main.cpp:359 -   总线争用次数: 0
2026-05-26 10:02:23.183 [INFO] main.cpp:368 - ======== 轮询统计 ========
2026-05-26 10:02:23.183 [INFO] main.cpp:369 -   任务组数:     20
2026-05-26 10:02:23.183 [INFO] main.cpp:370 -   成功事务:     0
2026-05-26 10:02:23.183 [INFO] main.cpp:371 -   失败事务:     360
2026-05-26 10:02:23.183 [INFO] main.cpp:373 -   成功率:       0.0%
2026-05-26 10:02:23.183 [INFO] main.cpp:378 - ======== 命令队列统计 ========
2026-05-26 10:02:23.183 [INFO] main.cpp:379 -   已提交: 0  已执行: 0  成功: 0  失败: 0
2026-05-26 10:02:23.183 [INFO] main.cpp:384 -   队列大小: 0  平均耗时: 0.0ms
2026-05-26 10:02:24.184 [INFO] main.cpp:352 - ======== 总线统计 ========
2026-05-26 10:02:24.184 [INFO] main.cpp:353 -   总事务数:     380
2026-05-26 10:02:24.184 [INFO] main.cpp:354 -   总错误数:     360
2026-05-26 10:02:24.185 [INFO] main.cpp:355 -   发送字节数:   3040
2026-05-26 10:02:24.185 [INFO] main.cpp:356 -   接收字节数:   0
2026-05-26 10:02:24.185 [INFO] main.cpp:357 -   平均延迟:     0.00 ms
2026-05-26 10:02:24.185 [INFO] main.cpp:358 -   最大延迟:     0.00 ms
2026-05-26 10:02:24.185 [INFO] main.cpp:359 -   总线争用次数: 0
2026-05-26 10:02:24.185 [INFO] main.cpp:368 - ======== 轮询统计 ========
2026-05-26 10:02:24.185 [INFO] main.cpp:369 -   任务组数:     20
2026-05-26 10:02:24.185 [INFO] main.cpp:370 -   成功事务:     0
2026-05-26 10:02:24.185 [INFO] main.cpp:371 -   失败事务:     360
2026-05-26 10:02:24.185 [INFO] main.cpp:373 -   成功率:       0.0%
2026-05-26 10:02:24.185 [INFO] main.cpp:378 - ======== 命令队列统计 ========
2026-05-26 10:02:24.185 [INFO] main.cpp:379 -   已提交: 0  已执行: 0  成功: 0  失败: 0
2026-05-26 10:02:24.185 [INFO] main.cpp:384 -   队列大小: 0  平均耗时: 0.0ms
2026-05-26 10:02:25.185 [INFO] main.cpp:352 - ======== 总线统计 ========
2026-05-26 10:02:25.186 [INFO] main.cpp:353 -   总事务数:     380
2026-05-26 10:02:25.186 [INFO] main.cpp:354 -   总错误数:     380
2026-05-26 10:02:25.186 [INFO] main.cpp:355 -   发送字节数:   3040
2026-05-26 10:02:25.186 [INFO] main.cpp:356 -   接收字节数:   0
2026-05-26 10:02:25.186 [INFO] main.cpp:357 -   平均延迟:     0.00 ms
2026-05-26 10:02:25.186 [INFO] main.cpp:358 -   最大延迟:     0.00 ms
2026-05-26 10:02:25.186 [INFO] main.cpp:359 -   总线争用次数: 0
2026-05-26 10:02:25.186 [INFO] main.cpp:368 - ======== 轮询统计 ========
2026-05-26 10:02:25.186 [INFO] main.cpp:369 -   任务组数:     20
2026-05-26 10:02:25.186 [INFO] main.cpp:370 -   成功事务:     0
2026-05-26 10:02:25.186 [INFO] main.cpp:371 -   失败事务:     380
2026-05-26 10:02:25.186 [INFO] main.cpp:373 -   成功率:       0.0%
2026-05-26 10:02:25.186 [INFO] main.cpp:378 - ======== 命令队列统计 ========
2026-05-26 10:02:25.186 [INFO] main.cpp:379 -   已提交: 0  已执行: 0  成功: 0  失败: 0
2026-05-26 10:02:25.186 [INFO] main.cpp:384 -   队列大小: 0  平均耗时: 0.0ms
2026-05-26 10:02:26.187 [INFO] main.cpp:352 - ======== 总线统计 ========
2026-05-26 10:02:26.187 [INFO] main.cpp:353 -   总事务数:     380
2026-05-26 10:02:26.187 [INFO] main.cpp:354 -   总错误数:     380
2026-05-26 10:02:26.187 [INFO] main.cpp:355 -   发送字节数:   3040
2026-05-26 10:02:26.187 [INFO] main.cpp:356 -   接收字节数:   0
2026-05-26 10:02:26.187 [INFO] main.cpp:357 -   平均延迟:     0.00 ms
2026-05-26 10:02:26.187 [INFO] main.cpp:358 -   最大延迟:     0.00 ms
2026-05-26 10:02:26.187 [INFO] main.cpp:359 -   总线争用次数: 0
2026-05-26 10:02:26.187 [INFO] main.cpp:368 - ======== 轮询统计 ========
2026-05-26 10:02:26.187 [INFO] main.cpp:369 -   任务组数:     20
2026-05-26 10:02:26.187 [INFO] main.cpp:370 -   成功事务:     0
2026-05-26 10:02:26.187 [INFO] main.cpp:371 -   失败事务:     380
2026-05-26 10:02:26.187 [INFO] main.cpp:373 -   成功率:       0.0%
2026-05-26 10:02:26.187 [INFO] main.cpp:378 - ======== 命令队列统计 ========
2026-05-26 10:02:26.187 [INFO] main.cpp:379 -   已提交: 0  已执行: 0  成功: 0  失败: 0
2026-05-26 10:02:26.187 [INFO] main.cpp:384 -   队列大小: 0  平均耗时: 0.0ms
2026-05-26 10:02:27.188 [INFO] main.cpp:352 - ======== 总线统计 ========
2026-05-26 10:02:27.189 [INFO] main.cpp:353 -   总事务数:     380
2026-05-26 10:02:27.189 [INFO] main.cpp:354 -   总错误数:     380
2026-05-26 10:02:27.189 [INFO] main.cpp:355 -   发送字节数:   3040
2026-05-26 10:02:27.189 [INFO] main.cpp:356 -   接收字节数:   0
2026-05-26 10:02:27.189 [INFO] main.cpp:357 -   平均延迟:     0.00 ms
2026-05-26 10:02:27.189 [INFO] main.cpp:358 -   最大延迟:     0.00 ms
2026-05-26 10:02:27.189 [INFO] main.cpp:359 -   总线争用次数: 0
2026-05-26 10:02:27.189 [INFO] main.cpp:368 - ======== 轮询统计 ========
2026-05-26 10:02:27.189 [INFO] main.cpp:369 -   任务组数:     20
2026-05-26 10:02:27.189 [INFO] main.cpp:370 -   成功事务:     0
2026-05-26 10:02:27.189 [INFO] main.cpp:371 -   失败事务:     380
2026-05-26 10:02:27.189 [INFO] main.cpp:373 -   成功率:       0.0%
2026-05-26 10:02:27.189 [INFO] main.cpp:378 - ======== 命令队列统计 ========
2026-05-26 10:02:27.189 [INFO] main.cpp:379 -   已提交: 0  已执行: 0  成功: 0  失败: 0
2026-05-26 10:02:27.189 [INFO] main.cpp:384 -   队列大小: 0  平均耗时: 0.0ms
2026-05-26 10:02:28.190 [INFO] main.cpp:352 - ======== 总线统计 ========
2026-05-26 10:02:28.190 [INFO] main.cpp:353 -   总事务数:     380
2026-05-26 10:02:28.190 [INFO] main.cpp:354 -   总错误数:     380
2026-05-26 10:02:28.190 [INFO] main.cpp:355 -   发送字节数:   3040
2026-05-26 10:02:28.190 [INFO] main.cpp:356 -   接收字节数:   0
2026-05-26 10:02:28.190 [INFO] main.cpp:357 -   平均延迟:     0.00 ms
2026-05-26 10:02:28.190 [INFO] main.cpp:358 -   最大延迟:     0.00 ms
2026-05-26 10:02:28.190 [INFO] main.cpp:359 -   总线争用次数: 0
2026-05-26 10:02:28.190 [INFO] main.cpp:368 - ======== 轮询统计 ========
2026-05-26 10:02:28.190 [INFO] main.cpp:369 -   任务组数:     20
2026-05-26 10:02:28.190 [INFO] main.cpp:370 -   成功事务:     0
2026-05-26 10:02:28.190 [INFO] main.cpp:371 -   失败事务:     380
2026-05-26 10:02:28.190 [INFO] main.cpp:373 -   成功率:       0.0%
2026-05-26 10:02:28.190 [INFO] main.cpp:378 - ======== 命令队列统计 ========
2026-05-26 10:02:28.190 [INFO] main.cpp:379 -   已提交: 0  已执行: 0  成功: 0  失败: 0
2026-05-26 10:02:28.190 [INFO] main.cpp:384 -   队列大小: 0  平均耗时: 0.0ms
2026-05-26 10:02:29.191 [INFO] main.cpp:352 - ======== 总线统计 ========
2026-05-26 10:02:29.191 [INFO] main.cpp:353 -   总事务数:     400
2026-05-26 10:02:29.191 [INFO] main.cpp:354 -   总错误数:     380
2026-05-26 10:02:29.191 [INFO] main.cpp:355 -   发送字节数:   3200
2026-05-26 10:02:29.191 [INFO] main.cpp:356 -   接收字节数:   0
2026-05-26 10:02:29.191 [INFO] main.cpp:357 -   平均延迟:     0.00 ms
2026-05-26 10:02:29.191 [INFO] main.cpp:358 -   最大延迟:     0.00 ms
2026-05-26 10:02:29.192 [INFO] main.cpp:359 -   总线争用次数: 0
2026-05-26 10:02:29.192 [INFO] main.cpp:368 - ======== 轮询统计 ========
2026-05-26 10:02:29.192 [INFO] main.cpp:369 -   任务组数:     20
2026-05-26 10:02:29.192 [INFO] main.cpp:370 -   成功事务:     0
2026-05-26 10:02:29.192 [INFO] main.cpp:371 -   失败事务:     380
2026-05-26 10:02:29.192 [INFO] main.cpp:373 -   成功率:       0.0%
2026-05-26 10:02:29.192 [INFO] main.cpp:378 - ======== 命令队列统计 ========
2026-05-26 10:02:29.192 [INFO] main.cpp:379 -   已提交: 0  已执行: 0  成功: 0  失败: 0
2026-05-26 10:02:29.192 [INFO] main.cpp:384 -   队列大小: 0  平均耗时: 0.0ms
2026-05-26 10:02:30.193 [INFO] main.cpp:352 - ======== 总线统计 ========
2026-05-26 10:02:30.193 [INFO] main.cpp:353 -   总事务数:     400
2026-05-26 10:02:30.193 [INFO] main.cpp:354 -   总错误数:     400
2026-05-26 10:02:30.193 [INFO] main.cpp:355 -   发送字节数:   3200
2026-05-26 10:02:30.193 [INFO] main.cpp:356 -   接收字节数:   0
2026-05-26 10:02:30.193 [INFO] main.cpp:357 -   平均延迟:     0.00 ms
2026-05-26 10:02:30.193 [INFO] main.cpp:358 -   最大延迟:     0.00 ms
2026-05-26 10:02:30.193 [INFO] main.cpp:359 -   总线争用次数: 0
2026-05-26 10:02:30.193 [INFO] main.cpp:368 - ======== 轮询统计 ========
2026-05-26 10:02:30.193 [INFO] main.cpp:369 -   任务组数:     20
2026-05-26 10:02:30.193 [INFO] main.cpp:370 -   成功事务:     0
2026-05-26 10:02:30.193 [INFO] main.cpp:371 -   失败事务:     400
2026-05-26 10:02:30.193 [INFO] main.cpp:373 -   成功率:       0.0%
2026-05-26 10:02:30.193 [INFO] main.cpp:378 - ======== 命令队列统计 ========
2026-05-26 10:02:30.193 [INFO] main.cpp:379 -   已提交: 0  已执行: 0  成功: 0  失败: 0
2026-05-26 10:02:30.194 [INFO] main.cpp:384 -   队列大小: 0  平均耗时: 0.0ms
2026-05-26 10:02:31.195 [INFO] main.cpp:352 - ======== 总线统计 ========
2026-05-26 10:02:31.195 [INFO] main.cpp:353 -   总事务数:     400
2026-05-26 10:02:31.195 [INFO] main.cpp:354 -   总错误数:     400
2026-05-26 10:02:31.195 [INFO] main.cpp:355 -   发送字节数:   3200
2026-05-26 10:02:31.195 [INFO] main.cpp:356 -   接收字节数:   0
2026-05-26 10:02:31.195 [INFO] main.cpp:357 -   平均延迟:     0.00 ms
2026-05-26 10:02:31.195 [INFO] main.cpp:358 -   最大延迟:     0.00 ms
2026-05-26 10:02:31.195 [INFO] main.cpp:359 -   总线争用次数: 0
2026-05-26 10:02:31.195 [INFO] main.cpp:368 - ======== 轮询统计 ========
2026-05-26 10:02:31.195 [INFO] main.cpp:369 -   任务组数:     20
2026-05-26 10:02:31.195 [INFO] main.cpp:370 -   成功事务:     0
2026-05-26 10:02:31.195 [INFO] main.cpp:371 -   失败事务:     400
2026-05-26 10:02:31.195 [INFO] main.cpp:373 -   成功率:       0.0%
2026-05-26 10:02:31.195 [INFO] main.cpp:378 - ======== 命令队列统计 ========
2026-05-26 10:02:31.195 [INFO] main.cpp:379 -   已提交: 0  已执行: 0  成功: 0  失败: 0
2026-05-26 10:02:31.195 [INFO] main.cpp:384 -   队列大小: 0  平均耗时: 0.0ms
2026-05-26 10:02:32.196 [INFO] main.cpp:352 - ======== 总线统计 ========
2026-05-26 10:02:32.196 [INFO] main.cpp:353 -   总事务数:     400
2026-05-26 10:02:32.196 [INFO] main.cpp:354 -   总错误数:     400
2026-05-26 10:02:32.196 [INFO] main.cpp:355 -   发送字节数:   3200
2026-05-26 10:02:32.196 [INFO] main.cpp:356 -   接收字节数:   0
2026-05-26 10:02:32.196 [INFO] main.cpp:357 -   平均延迟:     0.00 ms
2026-05-26 10:02:32.196 [INFO] main.cpp:358 -   最大延迟:     0.00 ms
2026-05-26 10:02:32.196 [INFO] main.cpp:359 -   总线争用次数: 0
2026-05-26 10:02:32.196 [INFO] main.cpp:368 - ======== 轮询统计 ========
2026-05-26 10:02:32.196 [INFO] main.cpp:369 -   任务组数:     20
2026-05-26 10:02:32.196 [INFO] main.cpp:370 -   成功事务:     0
2026-05-26 10:02:32.196 [INFO] main.cpp:371 -   失败事务:     400
2026-05-26 10:02:32.196 [INFO] main.cpp:373 -   成功率:       0.0%
2026-05-26 10:02:32.196 [INFO] main.cpp:378 - ======== 命令队列统计 ========
2026-05-26 10:02:32.196 [INFO] main.cpp:379 -   已提交: 0  已执行: 0  成功: 0  失败: 0
2026-05-26 10:02:32.196 [INFO] main.cpp:384 -   队列大小: 0  平均耗时: 0.0ms
2026-05-26 10:02:33.197 [INFO] main.cpp:352 - ======== 总线统计 ========
2026-05-26 10:02:33.198 [INFO] main.cpp:353 -   总事务数:     400
2026-05-26 10:02:33.198 [INFO] main.cpp:354 -   总错误数:     400
2026-05-26 10:02:33.198 [INFO] main.cpp:355 -   发送字节数:   3200
2026-05-26 10:02:33.198 [INFO] main.cpp:356 -   接收字节数:   0
2026-05-26 10:02:33.198 [INFO] main.cpp:357 -   平均延迟:     0.00 ms
2026-05-26 10:02:33.198 [INFO] main.cpp:358 -   最大延迟:     0.00 ms
2026-05-26 10:02:33.198 [INFO] main.cpp:359 -   总线争用次数: 0
2026-05-26 10:02:33.198 [INFO] main.cpp:368 - ======== 轮询统计 ========
2026-05-26 10:02:33.198 [INFO] main.cpp:369 -   任务组数:     20
2026-05-26 10:02:33.198 [INFO] main.cpp:370 -   成功事务:     0
2026-05-26 10:02:33.198 [INFO] main.cpp:371 -   失败事务:     400
2026-05-26 10:02:33.198 [INFO] main.cpp:373 -   成功率:       0.0%
2026-05-26 10:02:33.198 [INFO] main.cpp:378 - ======== 命令队列统计 ========
2026-05-26 10:02:33.198 [INFO] main.cpp:379 -   已提交: 0  已执行: 0  成功: 0  失败: 0
2026-05-26 10:02:33.198 [INFO] main.cpp:384 -   队列大小: 0  平均耗时: 0.0ms
2026-05-26 10:02:34.199 [INFO] main.cpp:352 - ======== 总线统计 ========
2026-05-26 10:02:34.199 [INFO] main.cpp:353 -   总事务数:     420
2026-05-26 10:02:34.199 [INFO] main.cpp:354 -   总错误数:     400
2026-05-26 10:02:34.199 [INFO] main.cpp:355 -   发送字节数:   3360
2026-05-26 10:02:34.199 [INFO] main.cpp:356 -   接收字节数:   0
2026-05-26 10:02:34.199 [INFO] main.cpp:357 -   平均延迟:     0.00 ms
2026-05-26 10:02:34.199 [INFO] main.cpp:358 -   最大延迟:     0.00 ms
2026-05-26 10:02:34.200 [INFO] main.cpp:359 -   总线争用次数: 0
2026-05-26 10:02:34.200 [INFO] main.cpp:368 - ======== 轮询统计 ========
2026-05-26 10:02:34.200 [INFO] main.cpp:369 -   任务组数:     20
2026-05-26 10:02:34.200 [INFO] main.cpp:370 -   成功事务:     0
2026-05-26 10:02:34.200 [INFO] main.cpp:371 -   失败事务:     400
2026-05-26 10:02:34.200 [INFO] main.cpp:373 -   成功率:       0.0%
2026-05-26 10:02:34.200 [INFO] main.cpp:378 - ======== 命令队列统计 ========
2026-05-26 10:02:34.200 [INFO] main.cpp:379 -   已提交: 0  已执行: 0  成功: 0  失败: 0
2026-05-26 10:02:34.200 [INFO] main.cpp:384 -   队列大小: 0  平均耗时: 0.0ms
2026-05-26 10:02:35.201 [INFO] main.cpp:352 - ======== 总线统计 ========
2026-05-26 10:02:35.201 [INFO] main.cpp:353 -   总事务数:     420
2026-05-26 10:02:35.201 [INFO] main.cpp:354 -   总错误数:     420
2026-05-26 10:02:35.201 [INFO] main.cpp:355 -   发送字节数:   3360
2026-05-26 10:02:35.201 [INFO] main.cpp:356 -   接收字节数:   0
2026-05-26 10:02:35.201 [INFO] main.cpp:357 -   平均延迟:     0.00 ms
2026-05-26 10:02:35.201 [INFO] main.cpp:358 -   最大延迟:     0.00 ms
2026-05-26 10:02:35.201 [INFO] main.cpp:359 -   总线争用次数: 0
2026-05-26 10:02:35.201 [INFO] main.cpp:368 - ======== 轮询统计 ========
2026-05-26 10:02:35.201 [INFO] main.cpp:369 -   任务组数:     20
2026-05-26 10:02:35.201 [INFO] main.cpp:370 -   成功事务:     0
2026-05-26 10:02:35.201 [INFO] main.cpp:371 -   失败事务:     420
2026-05-26 10:02:35.202 [INFO] main.cpp:373 -   成功率:       0.0%
2026-05-26 10:02:35.202 [INFO] main.cpp:378 - ======== 命令队列统计 ========
2026-05-26 10:02:35.202 [INFO] main.cpp:379 -   已提交: 0  已执行: 0  成功: 0  失败: 0
2026-05-26 10:02:35.202 [INFO] main.cpp:384 -   队列大小: 0  平均耗时: 0.0ms
2026-05-26 10:02:36.203 [INFO] main.cpp:352 - ======== 总线统计 ========
2026-05-26 10:02:36.203 [INFO] main.cpp:353 -   总事务数:     420
2026-05-26 10:02:36.203 [INFO] main.cpp:354 -   总错误数:     420
2026-05-26 10:02:36.203 [INFO] main.cpp:355 -   发送字节数:   3360
2026-05-26 10:02:36.203 [INFO] main.cpp:356 -   接收字节数:   0
2026-05-26 10:02:36.203 [INFO] main.cpp:357 -   平均延迟:     0.00 ms
2026-05-26 10:02:36.203 [INFO] main.cpp:358 -   最大延迟:     0.00 ms
2026-05-26 10:02:36.203 [INFO] main.cpp:359 -   总线争用次数: 0
2026-05-26 10:02:36.203 [INFO] main.cpp:368 - ======== 轮询统计 ========
2026-05-26 10:02:36.203 [INFO] main.cpp:369 -   任务组数:     20
2026-05-26 10:02:36.203 [INFO] main.cpp:370 -   成功事务:     0
2026-05-26 10:02:36.203 [INFO] main.cpp:371 -   失败事务:     420
2026-05-26 10:02:36.203 [INFO] main.cpp:373 -   成功率:       0.0%
2026-05-26 10:02:36.203 [INFO] main.cpp:378 - ======== 命令队列统计 ========
2026-05-26 10:02:36.203 [INFO] main.cpp:379 -   已提交: 0  已执行: 0  成功: 0  失败: 0
2026-05-26 10:02:36.203 [INFO] main.cpp:384 -   队列大小: 0  平均耗时: 0.0ms
2026-05-26 10:02:37.204 [INFO] main.cpp:352 - ======== 总线统计 ========
2026-05-26 10:02:37.205 [INFO] main.cpp:353 -   总事务数:     420
2026-05-26 10:02:37.205 [INFO] main.cpp:354 -   总错误数:     420
2026-05-26 10:02:37.205 [INFO] main.cpp:355 -   发送字节数:   3360
2026-05-26 10:02:37.205 [INFO] main.cpp:356 -   接收字节数:   0
2026-05-26 10:02:37.205 [INFO] main.cpp:357 -   平均延迟:     0.00 ms
2026-05-26 10:02:37.205 [INFO] main.cpp:358 -   最大延迟:     0.00 ms
2026-05-26 10:02:37.205 [INFO] main.cpp:359 -   总线争用次数: 0
2026-05-26 10:02:37.205 [INFO] main.cpp:368 - ======== 轮询统计 ========
2026-05-26 10:02:37.205 [INFO] main.cpp:369 -   任务组数:     20
2026-05-26 10:02:37.205 [INFO] main.cpp:370 -   成功事务:     0
2026-05-26 10:02:37.205 [INFO] main.cpp:371 -   失败事务:     420
2026-05-26 10:02:37.205 [INFO] main.cpp:373 -   成功率:       0.0%
2026-05-26 10:02:37.205 [INFO] main.cpp:378 - ======== 命令队列统计 ========
2026-05-26 10:02:37.205 [INFO] main.cpp:379 -   已提交: 0  已执行: 0  成功: 0  失败: 0
2026-05-26 10:02:37.205 [INFO] main.cpp:384 -   队列大小: 0  平均耗时: 0.0ms
2026-05-26 10:02:38.206 [INFO] main.cpp:352 - ======== 总线统计 ========
2026-05-26 10:02:38.206 [INFO] main.cpp:353 -   总事务数:     420
2026-05-26 10:02:38.206 [INFO] main.cpp:354 -   总错误数:     420
2026-05-26 10:02:38.206 [INFO] main.cpp:355 -   发送字节数:   3360
2026-05-26 10:02:38.206 [INFO] main.cpp:356 -   接收字节数:   0
2026-05-26 10:02:38.206 [INFO] main.cpp:357 -   平均延迟:     0.00 ms
2026-05-26 10:02:38.207 [INFO] main.cpp:358 -   最大延迟:     0.00 ms
2026-05-26 10:02:38.207 [INFO] main.cpp:359 -   总线争用次数: 0
2026-05-26 10:02:38.207 [INFO] main.cpp:368 - ======== 轮询统计 ========
2026-05-26 10:02:38.207 [INFO] main.cpp:369 -   任务组数:     20
2026-05-26 10:02:38.207 [INFO] main.cpp:370 -   成功事务:     0
2026-05-26 10:02:38.207 [INFO] main.cpp:371 -   失败事务:     420
2026-05-26 10:02:38.207 [INFO] main.cpp:373 -   成功率:       0.0%
2026-05-26 10:02:38.207 [INFO] main.cpp:378 - ======== 命令队列统计 ========
2026-05-26 10:02:38.207 [INFO] main.cpp:379 -   已提交: 0  已执行: 0  成功: 0  失败: 0
2026-05-26 10:02:38.207 [INFO] main.cpp:384 -   队列大小: 0  平均耗时: 0.0ms
2026-05-26 10:02:39.208 [INFO] main.cpp:352 - ======== 总线统计 ========
2026-05-26 10:02:39.208 [INFO] main.cpp:353 -   总事务数:     440
2026-05-26 10:02:39.208 [INFO] main.cpp:354 -   总错误数:     420
2026-05-26 10:02:39.208 [INFO] main.cpp:355 -   发送字节数:   3520
2026-05-26 10:02:39.208 [INFO] main.cpp:356 -   接收字节数:   0
2026-05-26 10:02:39.208 [INFO] main.cpp:357 -   平均延迟:     0.00 ms
2026-05-26 10:02:39.208 [INFO] main.cpp:358 -   最大延迟:     0.00 ms
2026-05-26 10:02:39.208 [INFO] main.cpp:359 -   总线争用次数: 0
2026-05-26 10:02:39.208 [INFO] main.cpp:368 - ======== 轮询统计 ========
2026-05-26 10:02:39.208 [INFO] main.cpp:369 -   任务组数:     20
2026-05-26 10:02:39.208 [INFO] main.cpp:370 -   成功事务:     0
2026-05-26 10:02:39.208 [INFO] main.cpp:371 -   失败事务:     420
2026-05-26 10:02:39.208 [INFO] main.cpp:373 -   成功率:       0.0%
2026-05-26 10:02:39.208 [INFO] main.cpp:378 - ======== 命令队列统计 ========
2026-05-26 10:02:39.208 [INFO] main.cpp:379 -   已提交: 0  已执行: 0  成功: 0  失败: 0
2026-05-26 10:02:39.208 [INFO] main.cpp:384 -   队列大小: 0  平均耗时: 0.0ms
2026-05-26 10:02:40.210 [INFO] main.cpp:352 - ======== 总线统计 ========
2026-05-26 10:02:40.210 [INFO] main.cpp:353 -   总事务数:     440
2026-05-26 10:02:40.210 [INFO] main.cpp:354 -   总错误数:     440
2026-05-26 10:02:40.210 [INFO] main.cpp:355 -   发送字节数:   3520
2026-05-26 10:02:40.210 [INFO] main.cpp:356 -   接收字节数:   0
2026-05-26 10:02:40.210 [INFO] main.cpp:357 -   平均延迟:     0.00 ms
2026-05-26 10:02:40.210 [INFO] main.cpp:358 -   最大延迟:     0.00 ms
2026-05-26 10:02:40.210 [INFO] main.cpp:359 -   总线争用次数: 0
2026-05-26 10:02:40.210 [INFO] main.cpp:368 - ======== 轮询统计 ========
2026-05-26 10:02:40.210 [INFO] main.cpp:369 -   任务组数:     20
2026-05-26 10:02:40.210 [INFO] main.cpp:370 -   成功事务:     0
2026-05-26 10:02:40.210 [INFO] main.cpp:371 -   失败事务:     440
2026-05-26 10:02:40.210 [INFO] main.cpp:373 -   成功率:       0.0%
2026-05-26 10:02:40.210 [INFO] main.cpp:378 - ======== 命令队列统计 ========
2026-05-26 10:02:40.210 [INFO] main.cpp:379 -   已提交: 0  已执行: 0  成功: 0  失败: 0
2026-05-26 10:02:40.210 [INFO] main.cpp:384 -   队列大小: 0  平均耗时: 0.0ms
2026-05-26 10:02:41.211 [INFO] main.cpp:352 - ======== 总线统计 ========
2026-05-26 10:02:41.211 [INFO] main.cpp:353 -   总事务数:     440
2026-05-26 10:02:41.211 [INFO] main.cpp:354 -   总错误数:     440
2026-05-26 10:02:41.211 [INFO] main.cpp:355 -   发送字节数:   3520
2026-05-26 10:02:41.211 [INFO] main.cpp:356 -   接收字节数:   0
2026-05-26 10:02:41.211 [INFO] main.cpp:357 -   平均延迟:     0.00 ms
2026-05-26 10:02:41.211 [INFO] main.cpp:358 -   最大延迟:     0.00 ms
2026-05-26 10:02:41.211 [INFO] main.cpp:359 -   总线争用次数: 0
2026-05-26 10:02:41.212 [INFO] main.cpp:368 - ======== 轮询统计 ========
2026-05-26 10:02:41.212 [INFO] main.cpp:369 -   任务组数:     20
2026-05-26 10:02:41.212 [INFO] main.cpp:370 -   成功事务:     0
2026-05-26 10:02:41.212 [INFO] main.cpp:371 -   失败事务:     440
2026-05-26 10:02:41.212 [INFO] main.cpp:373 -   成功率:       0.0%
2026-05-26 10:02:41.212 [INFO] main.cpp:378 - ======== 命令队列统计 ========
2026-05-26 10:02:41.212 [INFO] main.cpp:379 -   已提交: 0  已执行: 0  成功: 0  失败: 0
2026-05-26 10:02:41.212 [INFO] main.cpp:384 -   队列大小: 0  平均耗时: 0.0ms
2026-05-26 10:02:42.213 [INFO] main.cpp:352 - ======== 总线统计 ========
2026-05-26 10:02:42.213 [INFO] main.cpp:353 -   总事务数:     440
2026-05-26 10:02:42.213 [INFO] main.cpp:354 -   总错误数:     440
2026-05-26 10:02:42.213 [INFO] main.cpp:355 -   发送字节数:   3520
2026-05-26 10:02:42.213 [INFO] main.cpp:356 -   接收字节数:   0
2026-05-26 10:02:42.213 [INFO] main.cpp:357 -   平均延迟:     0.00 ms
2026-05-26 10:02:42.213 [INFO] main.cpp:358 -   最大延迟:     0.00 ms
2026-05-26 10:02:42.213 [INFO] main.cpp:359 -   总线争用次数: 0
2026-05-26 10:02:42.213 [INFO] main.cpp:368 - ======== 轮询统计 ========
2026-05-26 10:02:42.213 [INFO] main.cpp:369 -   任务组数:     20
2026-05-26 10:02:42.213 [INFO] main.cpp:370 -   成功事务:     0
2026-05-26 10:02:42.213 [INFO] main.cpp:371 -   失败事务:     440
2026-05-26 10:02:42.213 [INFO] main.cpp:373 -   成功率:       0.0%
2026-05-26 10:02:42.214 [INFO] main.cpp:378 - ======== 命令队列统计 ========
2026-05-26 10:02:42.214 [INFO] main.cpp:379 -   已提交: 0  已执行: 0  成功: 0  失败: 0
2026-05-26 10:02:42.214 [INFO] main.cpp:384 -   队列大小: 0  平均耗时: 0.0ms
2026-05-26 10:02:43.215 [INFO] main.cpp:352 - ======== 总线统计 ========
2026-05-26 10:02:43.215 [INFO] main.cpp:353 -   总事务数:     440
2026-05-26 10:02:43.215 [INFO] main.cpp:354 -   总错误数:     440
2026-05-26 10:02:43.215 [INFO] main.cpp:355 -   发送字节数:   3520
2026-05-26 10:02:43.215 [INFO] main.cpp:356 -   接收字节数:   0
2026-05-26 10:02:43.215 [INFO] main.cpp:357 -   平均延迟:     0.00 ms
2026-05-26 10:02:43.215 [INFO] main.cpp:358 -   最大延迟:     0.00 ms
2026-05-26 10:02:43.215 [INFO] main.cpp:359 -   总线争用次数: 0
2026-05-26 10:02:43.215 [INFO] main.cpp:368 - ======== 轮询统计 ========
2026-05-26 10:02:43.215 [INFO] main.cpp:369 -   任务组数:     20
2026-05-26 10:02:43.215 [INFO] main.cpp:370 -   成功事务:     0
2026-05-26 10:02:43.215 [INFO] main.cpp:371 -   失败事务:     440
2026-05-26 10:02:43.215 [INFO] main.cpp:373 -   成功率:       0.0%
2026-05-26 10:02:43.215 [INFO] main.cpp:378 - ======== 命令队列统计 ========
2026-05-26 10:02:43.215 [INFO] main.cpp:379 -   已提交: 0  已执行: 0  成功: 0  失败: 0
2026-05-26 10:02:43.215 [INFO] main.cpp:384 -   队列大小: 0  平均耗时: 0.0ms
2026-05-26 10:02:44.216 [INFO] main.cpp:352 - ======== 总线统计 ========
2026-05-26 10:02:44.216 [INFO] main.cpp:353 -   总事务数:     460
2026-05-26 10:02:44.216 [INFO] main.cpp:354 -   总错误数:     440
2026-05-26 10:02:44.216 [INFO] main.cpp:355 -   发送字节数:   3680
2026-05-26 10:02:44.216 [INFO] main.cpp:356 -   接收字节数:   0
2026-05-26 10:02:44.217 [INFO] main.cpp:357 -   平均延迟:     0.00 ms
2026-05-26 10:02:44.217 [INFO] main.cpp:358 -   最大延迟:     0.00 ms
2026-05-26 10:02:44.217 [INFO] main.cpp:359 -   总线争用次数: 0
2026-05-26 10:02:44.217 [INFO] main.cpp:368 - ======== 轮询统计 ========
2026-05-26 10:02:44.217 [INFO] main.cpp:369 -   任务组数:     20
2026-05-26 10:02:44.217 [INFO] main.cpp:370 -   成功事务:     0
2026-05-26 10:02:44.217 [INFO] main.cpp:371 -   失败事务:     440
2026-05-26 10:02:44.217 [INFO] main.cpp:373 -   成功率:       0.0%
2026-05-26 10:02:44.217 [INFO] main.cpp:378 - ======== 命令队列统计 ========
2026-05-26 10:02:44.217 [INFO] main.cpp:379 -   已提交: 0  已执行: 0  成功: 0  失败: 0
2026-05-26 10:02:44.217 [INFO] main.cpp:384 -   队列大小: 0  平均耗时: 0.0ms
2026-05-26 10:02:45.218 [INFO] main.cpp:352 - ======== 总线统计 ========
2026-05-26 10:02:45.218 [INFO] main.cpp:353 -   总事务数:     460
2026-05-26 10:02:45.218 [INFO] main.cpp:354 -   总错误数:     460
2026-05-26 10:02:45.218 [INFO] main.cpp:355 -   发送字节数:   3680
2026-05-26 10:02:45.218 [INFO] main.cpp:356 -   接收字节数:   0
2026-05-26 10:02:45.218 [INFO] main.cpp:357 -   平均延迟:     0.00 ms
2026-05-26 10:02:45.218 [INFO] main.cpp:358 -   最大延迟:     0.00 ms
2026-05-26 10:02:45.218 [INFO] main.cpp:359 -   总线争用次数: 0
2026-05-26 10:02:45.218 [INFO] main.cpp:368 - ======== 轮询统计 ========
2026-05-26 10:02:45.218 [INFO] main.cpp:369 -   任务组数:     20
2026-05-26 10:02:45.218 [INFO] main.cpp:370 -   成功事务:     0
2026-05-26 10:02:45.218 [INFO] main.cpp:371 -   失败事务:     460
2026-05-26 10:02:45.218 [INFO] main.cpp:373 -   成功率:       0.0%
2026-05-26 10:02:45.218 [INFO] main.cpp:378 - ======== 命令队列统计 ========
2026-05-26 10:02:45.218 [INFO] main.cpp:379 -   已提交: 0  已执行: 0  成功: 0  失败: 0
2026-05-26 10:02:45.218 [INFO] main.cpp:384 -   队列大小: 0  平均耗时: 0.0ms
2026-05-26 10:02:46.219 [INFO] main.cpp:352 - ======== 总线统计 ========
2026-05-26 10:02:46.219 [INFO] main.cpp:353 -   总事务数:     460
2026-05-26 10:02:46.219 [INFO] main.cpp:354 -   总错误数:     460
2026-05-26 10:02:46.219 [INFO] main.cpp:355 -   发送字节数:   3680
2026-05-26 10:02:46.220 [INFO] main.cpp:356 -   接收字节数:   0
2026-05-26 10:02:46.220 [INFO] main.cpp:357 -   平均延迟:     0.00 ms
2026-05-26 10:02:46.220 [INFO] main.cpp:358 -   最大延迟:     0.00 ms
2026-05-26 10:02:46.220 [INFO] main.cpp:359 -   总线争用次数: 0
2026-05-26 10:02:46.220 [INFO] main.cpp:368 - ======== 轮询统计 ========
2026-05-26 10:02:46.220 [INFO] main.cpp:369 -   任务组数:     20
2026-05-26 10:02:46.220 [INFO] main.cpp:370 -   成功事务:     0
2026-05-26 10:02:46.220 [INFO] main.cpp:371 -   失败事务:     460
2026-05-26 10:02:46.220 [INFO] main.cpp:373 -   成功率:       0.0%
2026-05-26 10:02:46.220 [INFO] main.cpp:378 - ======== 命令队列统计 ========
2026-05-26 10:02:46.220 [INFO] main.cpp:379 -   已提交: 0  已执行: 0  成功: 0  失败: 0
2026-05-26 10:02:46.220 [INFO] main.cpp:384 -   队列大小: 0  平均耗时: 0.0ms
2026-05-26 10:02:47.221 [INFO] main.cpp:352 - ======== 总线统计 ========
2026-05-26 10:02:47.221 [INFO] main.cpp:353 -   总事务数:     460
2026-05-26 10:02:47.221 [INFO] main.cpp:354 -   总错误数:     460
2026-05-26 10:02:47.221 [INFO] main.cpp:355 -   发送字节数:   3680
2026-05-26 10:02:47.221 [INFO] main.cpp:356 -   接收字节数:   0
2026-05-26 10:02:47.221 [INFO] main.cpp:357 -   平均延迟:     0.00 ms
2026-05-26 10:02:47.221 [INFO] main.cpp:358 -   最大延迟:     0.00 ms
2026-05-26 10:02:47.221 [INFO] main.cpp:359 -   总线争用次数: 0
2026-05-26 10:02:47.221 [INFO] main.cpp:368 - ======== 轮询统计 ========
2026-05-26 10:02:47.222 [INFO] main.cpp:369 -   任务组数:     20
2026-05-26 10:02:47.222 [INFO] main.cpp:370 -   成功事务:     0
2026-05-26 10:02:47.222 [INFO] main.cpp:371 -   失败事务:     460
2026-05-26 10:02:47.222 [INFO] main.cpp:373 -   成功率:       0.0%
2026-05-26 10:02:47.222 [INFO] main.cpp:378 - ======== 命令队列统计 ========
2026-05-26 10:02:47.222 [INFO] main.cpp:379 -   已提交: 0  已执行: 0  成功: 0  失败: 0
2026-05-26 10:02:47.222 [INFO] main.cpp:384 -   队列大小: 0  平均耗时: 0.0ms
2026-05-26 10:02:48.223 [INFO] main.cpp:352 - ======== 总线统计 ========
2026-05-26 10:02:48.223 [INFO] main.cpp:353 -   总事务数:     460
2026-05-26 10:02:48.223 [INFO] main.cpp:354 -   总错误数:     460
2026-05-26 10:02:48.223 [INFO] main.cpp:355 -   发送字节数:   3680
2026-05-26 10:02:48.223 [INFO] main.cpp:356 -   接收字节数:   0
2026-05-26 10:02:48.223 [INFO] main.cpp:357 -   平均延迟:     0.00 ms
2026-05-26 10:02:48.223 [INFO] main.cpp:358 -   最大延迟:     0.00 ms
2026-05-26 10:02:48.223 [INFO] main.cpp:359 -   总线争用次数: 0
2026-05-26 10:02:48.223 [INFO] main.cpp:368 - ======== 轮询统计 ========
2026-05-26 10:02:48.223 [INFO] main.cpp:369 -   任务组数:     20
2026-05-26 10:02:48.223 [INFO] main.cpp:370 -   成功事务:     0
2026-05-26 10:02:48.223 [INFO] main.cpp:371 -   失败事务:     460
2026-05-26 10:02:48.223 [INFO] main.cpp:373 -   成功率:       0.0%
2026-05-26 10:02:48.223 [INFO] main.cpp:378 - ======== 命令队列统计 ========
2026-05-26 10:02:48.223 [INFO] main.cpp:379 -   已提交: 0  已执行: 0  成功: 0  失败: 0
2026-05-26 10:02:48.223 [INFO] main.cpp:384 -   队列大小: 0  平均耗时: 0.0ms
2026-05-26 10:02:49.224 [INFO] main.cpp:352 - ======== 总线统计 ========
2026-05-26 10:02:49.225 [INFO] main.cpp:353 -   总事务数:     480
2026-05-26 10:02:49.225 [INFO] main.cpp:354 -   总错误数:     460
2026-05-26 10:02:49.225 [INFO] main.cpp:355 -   发送字节数:   3840
2026-05-26 10:02:49.225 [INFO] main.cpp:356 -   接收字节数:   0
2026-05-26 10:02:49.225 [INFO] main.cpp:357 -   平均延迟:     0.00 ms
2026-05-26 10:02:49.225 [INFO] main.cpp:358 -   最大延迟:     0.00 ms
2026-05-26 10:02:49.225 [INFO] main.cpp:359 -   总线争用次数: 0
2026-05-26 10:02:49.225 [INFO] main.cpp:368 - ======== 轮询统计 ========
2026-05-26 10:02:49.225 [INFO] main.cpp:369 -   任务组数:     20
2026-05-26 10:02:49.225 [INFO] main.cpp:370 -   成功事务:     0
2026-05-26 10:02:49.225 [INFO] main.cpp:371 -   失败事务:     460
2026-05-26 10:02:49.225 [INFO] main.cpp:373 -   成功率:       0.0%
2026-05-26 10:02:49.225 [INFO] main.cpp:378 - ======== 命令队列统计 ========
2026-05-26 10:02:49.225 [INFO] main.cpp:379 -   已提交: 0  已执行: 0  成功: 0  失败: 0
2026-05-26 10:02:49.225 [INFO] main.cpp:384 -   队列大小: 0  平均耗时: 0.0ms
2026-05-26 10:02:50.226 [INFO] main.cpp:352 - ======== 总线统计 ========
2026-05-26 10:02:50.226 [INFO] main.cpp:353 -   总事务数:     480
2026-05-26 10:02:50.226 [INFO] main.cpp:354 -   总错误数:     480
2026-05-26 10:02:50.226 [INFO] main.cpp:355 -   发送字节数:   3840
2026-05-26 10:02:50.226 [INFO] main.cpp:356 -   接收字节数:   0
2026-05-26 10:02:50.226 [INFO] main.cpp:357 -   平均延迟:     0.00 ms
2026-05-26 10:02:50.226 [INFO] main.cpp:358 -   最大延迟:     0.00 ms
2026-05-26 10:02:50.226 [INFO] main.cpp:359 -   总线争用次数: 0
2026-05-26 10:02:50.227 [INFO] main.cpp:368 - ======== 轮询统计 ========
2026-05-26 10:02:50.227 [INFO] main.cpp:369 -   任务组数:     20
2026-05-26 10:02:50.227 [INFO] main.cpp:370 -   成功事务:     0
2026-05-26 10:02:50.227 [INFO] main.cpp:371 -   失败事务:     480
2026-05-26 10:02:50.227 [INFO] main.cpp:373 -   成功率:       0.0%
2026-05-26 10:02:50.227 [INFO] main.cpp:378 - ======== 命令队列统计 ========
2026-05-26 10:02:50.227 [INFO] main.cpp:379 -   已提交: 0  已执行: 0  成功: 0  失败: 0
2026-05-26 10:02:50.227 [INFO] main.cpp:384 -   队列大小: 0  平均耗时: 0.0ms
2026-05-26 10:02:51.228 [INFO] main.cpp:352 - ======== 总线统计 ========
2026-05-26 10:02:51.228 [INFO] main.cpp:353 -   总事务数:     480
2026-05-26 10:02:51.228 [INFO] main.cpp:354 -   总错误数:     480
2026-05-26 10:02:51.228 [INFO] main.cpp:355 -   发送字节数:   3840
2026-05-26 10:02:51.228 [INFO] main.cpp:356 -   接收字节数:   0
2026-05-26 10:02:51.228 [INFO] main.cpp:357 -   平均延迟:     0.00 ms
2026-05-26 10:02:51.228 [INFO] main.cpp:358 -   最大延迟:     0.00 ms
2026-05-26 10:02:51.228 [INFO] main.cpp:359 -   总线争用次数: 0
2026-05-26 10:02:51.228 [INFO] main.cpp:368 - ======== 轮询统计 ========
2026-05-26 10:02:51.228 [INFO] main.cpp:369 -   任务组数:     20
2026-05-26 10:02:51.228 [INFO] main.cpp:370 -   成功事务:     0
2026-05-26 10:02:51.228 [INFO] main.cpp:371 -   失败事务:     480
2026-05-26 10:02:51.228 [INFO] main.cpp:373 -   成功率:       0.0%
2026-05-26 10:02:51.228 [INFO] main.cpp:378 - ======== 命令队列统计 ========
2026-05-26 10:02:51.229 [INFO] main.cpp:379 -   已提交: 0  已执行: 0  成功: 0  失败: 0
2026-05-26 10:02:51.229 [INFO] main.cpp:384 -   队列大小: 0  平均耗时: 0.0ms
2026-05-26 10:02:52.230 [INFO] main.cpp:352 - ======== 总线统计 ========
2026-05-26 10:02:52.230 [INFO] main.cpp:353 -   总事务数:     480
2026-05-26 10:02:52.230 [INFO] main.cpp:354 -   总错误数:     480
2026-05-26 10:02:52.230 [INFO] main.cpp:355 -   发送字节数:   3840
2026-05-26 10:02:52.230 [INFO] main.cpp:356 -   接收字节数:   0
2026-05-26 10:02:52.230 [INFO] main.cpp:357 -   平均延迟:     0.00 ms
2026-05-26 10:02:52.230 [INFO] main.cpp:358 -   最大延迟:     0.00 ms
2026-05-26 10:02:52.230 [INFO] main.cpp:359 -   总线争用次数: 0
2026-05-26 10:02:52.230 [INFO] main.cpp:368 - ======== 轮询统计 ========
2026-05-26 10:02:52.230 [INFO] main.cpp:369 -   任务组数:     20
2026-05-26 10:02:52.230 [INFO] main.cpp:370 -   成功事务:     0
2026-05-26 10:02:52.230 [INFO] main.cpp:371 -   失败事务:     480
2026-05-26 10:02:52.230 [INFO] main.cpp:373 -   成功率:       0.0%
2026-05-26 10:02:52.230 [INFO] main.cpp:378 - ======== 命令队列统计 ========
2026-05-26 10:02:52.230 [INFO] main.cpp:379 -   已提交: 0  已执行: 0  成功: 0  失败: 0
2026-05-26 10:02:52.230 [INFO] main.cpp:384 -   队列大小: 0  平均耗时: 0.0ms
2026-05-26 10:02:53.231 [INFO] main.cpp:352 - ======== 总线统计 ========
2026-05-26 10:02:53.231 [INFO] main.cpp:353 -   总事务数:     480
2026-05-26 10:02:53.231 [INFO] main.cpp:354 -   总错误数:     480
2026-05-26 10:02:53.231 [INFO] main.cpp:355 -   发送字节数:   3840
2026-05-26 10:02:53.231 [INFO] main.cpp:356 -   接收字节数:   0
2026-05-26 10:02:53.231 [INFO] main.cpp:357 -   平均延迟:     0.00 ms
2026-05-26 10:02:53.231 [INFO] main.cpp:358 -   最大延迟:     0.00 ms
2026-05-26 10:02:53.232 [INFO] main.cpp:359 -   总线争用次数: 0
2026-05-26 10:02:53.232 [INFO] main.cpp:368 - ======== 轮询统计 ========
2026-05-26 10:02:53.232 [INFO] main.cpp:369 -   任务组数:     20
2026-05-26 10:02:53.232 [INFO] main.cpp:370 -   成功事务:     0
2026-05-26 10:02:53.232 [INFO] main.cpp:371 -   失败事务:     480
2026-05-26 10:02:53.232 [INFO] main.cpp:373 -   成功率:       0.0%
2026-05-26 10:02:53.232 [INFO] main.cpp:378 - ======== 命令队列统计 ========
2026-05-26 10:02:53.232 [INFO] main.cpp:379 -   已提交: 0  已执行: 0  成功: 0  失败: 0
2026-05-26 10:02:53.232 [INFO] main.cpp:384 -   队列大小: 0  平均耗时: 0.0ms
2026-05-26 10:02:54.233 [INFO] main.cpp:352 - ======== 总线统计 ========
2026-05-26 10:02:54.233 [INFO] main.cpp:353 -   总事务数:     500
2026-05-26 10:02:54.233 [INFO] main.cpp:354 -   总错误数:     480
2026-05-26 10:02:54.233 [INFO] main.cpp:355 -   发送字节数:   4000
2026-05-26 10:02:54.233 [INFO] main.cpp:356 -   接收字节数:   0
2026-05-26 10:02:54.233 [INFO] main.cpp:357 -   平均延迟:     0.00 ms
2026-05-26 10:02:54.233 [INFO] main.cpp:358 -   最大延迟:     0.00 ms
2026-05-26 10:02:54.233 [INFO] main.cpp:359 -   总线争用次数: 0
2026-05-26 10:02:54.233 [INFO] main.cpp:368 - ======== 轮询统计 ========
2026-05-26 10:02:54.233 [INFO] main.cpp:369 -   任务组数:     20
2026-05-26 10:02:54.233 [INFO] main.cpp:370 -   成功事务:     0
2026-05-26 10:02:54.233 [INFO] main.cpp:371 -   失败事务:     480
2026-05-26 10:02:54.233 [INFO] main.cpp:373 -   成功率:       0.0%
2026-05-26 10:02:54.233 [INFO] main.cpp:378 - ======== 命令队列统计 ========
2026-05-26 10:02:54.233 [INFO] main.cpp:379 -   已提交: 0  已执行: 0  成功: 0  失败: 0
2026-05-26 10:02:54.234 [INFO] main.cpp:384 -   队列大小: 0  平均耗时: 0.0ms
2026-05-26 10:02:55.235 [INFO] main.cpp:352 - ======== 总线统计 ========
2026-05-26 10:02:55.235 [INFO] main.cpp:353 -   总事务数:     500
2026-05-26 10:02:55.235 [INFO] main.cpp:354 -   总错误数:     500
2026-05-26 10:02:55.235 [INFO] main.cpp:355 -   发送字节数:   4000
2026-05-26 10:02:55.235 [INFO] main.cpp:356 -   接收字节数:   0
2026-05-26 10:02:55.235 [INFO] main.cpp:357 -   平均延迟:     0.00 ms
2026-05-26 10:02:55.235 [INFO] main.cpp:358 -   最大延迟:     0.00 ms
2026-05-26 10:02:55.235 [INFO] main.cpp:359 -   总线争用次数: 0
2026-05-26 10:02:55.235 [INFO] main.cpp:368 - ======== 轮询统计 ========
2026-05-26 10:02:55.235 [INFO] main.cpp:369 -   任务组数:     20
2026-05-26 10:02:55.235 [INFO] main.cpp:370 -   成功事务:     0
2026-05-26 10:02:55.235 [INFO] main.cpp:371 -   失败事务:     500
2026-05-26 10:02:55.235 [INFO] main.cpp:373 -   成功率:       0.0%
2026-05-26 10:02:55.235 [INFO] main.cpp:378 - ======== 命令队列统计 ========
2026-05-26 10:02:55.235 [INFO] main.cpp:379 -   已提交: 0  已执行: 0  成功: 0  失败: 0
2026-05-26 10:02:55.235 [INFO] main.cpp:384 -   队列大小: 0  平均耗时: 0.0ms
2026-05-26 10:02:56.236 [INFO] main.cpp:352 - ======== 总线统计 ========
2026-05-26 10:02:56.236 [INFO] main.cpp:353 -   总事务数:     500
2026-05-26 10:02:56.236 [INFO] main.cpp:354 -   总错误数:     500
2026-05-26 10:02:56.237 [INFO] main.cpp:355 -   发送字节数:   4000
2026-05-26 10:02:56.237 [INFO] main.cpp:356 -   接收字节数:   0
2026-05-26 10:02:56.237 [INFO] main.cpp:357 -   平均延迟:     0.00 ms
2026-05-26 10:02:56.237 [INFO] main.cpp:358 -   最大延迟:     0.00 ms
2026-05-26 10:02:56.237 [INFO] main.cpp:359 -   总线争用次数: 0
2026-05-26 10:02:56.237 [INFO] main.cpp:368 - ======== 轮询统计 ========
2026-05-26 10:02:56.237 [INFO] main.cpp:369 -   任务组数:     20
2026-05-26 10:02:56.237 [INFO] main.cpp:370 -   成功事务:     0
2026-05-26 10:02:56.237 [INFO] main.cpp:371 -   失败事务:     500
2026-05-26 10:02:56.237 [INFO] main.cpp:373 -   成功率:       0.0%
2026-05-26 10:02:56.237 [INFO] main.cpp:378 - ======== 命令队列统计 ========
2026-05-26 10:02:56.237 [INFO] main.cpp:379 -   已提交: 0  已执行: 0  成功: 0  失败: 0
2026-05-26 10:02:56.237 [INFO] main.cpp:384 -   队列大小: 0  平均耗时: 0.0ms
2026-05-26 10:02:57.238 [INFO] main.cpp:352 - ======== 总线统计 ========
2026-05-26 10:02:57.238 [INFO] main.cpp:353 -   总事务数:     500
2026-05-26 10:02:57.238 [INFO] main.cpp:354 -   总错误数:     500
2026-05-26 10:02:57.238 [INFO] main.cpp:355 -   发送字节数:   4000
2026-05-26 10:02:57.238 [INFO] main.cpp:356 -   接收字节数:   0
2026-05-26 10:02:57.238 [INFO] main.cpp:357 -   平均延迟:     0.00 ms
2026-05-26 10:02:57.238 [INFO] main.cpp:358 -   最大延迟:     0.00 ms
2026-05-26 10:02:57.238 [INFO] main.cpp:359 -   总线争用次数: 0
2026-05-26 10:02:57.238 [INFO] main.cpp:368 - ======== 轮询统计 ========
2026-05-26 10:02:57.238 [INFO] main.cpp:369 -   任务组数:     20
2026-05-26 10:02:57.238 [INFO] main.cpp:370 -   成功事务:     0
2026-05-26 10:02:57.238 [INFO] main.cpp:371 -   失败事务:     500
2026-05-26 10:02:57.238 [INFO] main.cpp:373 -   成功率:       0.0%
2026-05-26 10:02:57.238 [INFO] main.cpp:378 - ======== 命令队列统计 ========
2026-05-26 10:02:57.238 [INFO] main.cpp:379 -   已提交: 0  已执行: 0  成功: 0  失败: 0
2026-05-26 10:02:57.238 [INFO] main.cpp:384 -   队列大小: 0  平均耗时: 0.0ms
2026-05-26 10:02:58.240 [INFO] main.cpp:352 - ======== 总线统计 ========
2026-05-26 10:02:58.240 [INFO] main.cpp:353 -   总事务数:     500
2026-05-26 10:02:58.240 [INFO] main.cpp:354 -   总错误数:     500
2026-05-26 10:02:58.240 [INFO] main.cpp:355 -   发送字节数:   4000
2026-05-26 10:02:58.240 [INFO] main.cpp:356 -   接收字节数:   0
2026-05-26 10:02:58.240 [INFO] main.cpp:357 -   平均延迟:     0.00 ms
2026-05-26 10:02:58.240 [INFO] main.cpp:358 -   最大延迟:     0.00 ms
2026-05-26 10:02:58.240 [INFO] main.cpp:359 -   总线争用次数: 0
2026-05-26 10:02:58.240 [INFO] main.cpp:368 - ======== 轮询统计 ========
2026-05-26 10:02:58.240 [INFO] main.cpp:369 -   任务组数:     20
2026-05-26 10:02:58.240 [INFO] main.cpp:370 -   成功事务:     0
2026-05-26 10:02:58.240 [INFO] main.cpp:371 -   失败事务:     500
2026-05-26 10:02:58.240 [INFO] main.cpp:373 -   成功率:       0.0%
2026-05-26 10:02:58.240 [INFO] main.cpp:378 - ======== 命令队列统计 ========
2026-05-26 10:02:58.240 [INFO] main.cpp:379 -   已提交: 0  已执行: 0  成功: 0  失败: 0
2026-05-26 10:02:58.240 [INFO] main.cpp:384 -   队列大小: 0  平均耗时: 0.0ms
2026-05-26 10:02:59.241 [INFO] main.cpp:352 - ======== 总线统计 ========
2026-05-26 10:02:59.241 [INFO] main.cpp:353 -   总事务数:     520
2026-05-26 10:02:59.241 [INFO] main.cpp:354 -   总错误数:     500
2026-05-26 10:02:59.241 [INFO] main.cpp:355 -   发送字节数:   4160
2026-05-26 10:02:59.241 [INFO] main.cpp:356 -   接收字节数:   0
2026-05-26 10:02:59.241 [INFO] main.cpp:357 -   平均延迟:     0.00 ms
2026-05-26 10:02:59.242 [INFO] main.cpp:358 -   最大延迟:     0.00 ms
2026-05-26 10:02:59.242 [INFO] main.cpp:359 -   总线争用次数: 0
2026-05-26 10:02:59.242 [INFO] main.cpp:368 - ======== 轮询统计 ========
2026-05-26 10:02:59.242 [INFO] main.cpp:369 -   任务组数:     20
2026-05-26 10:02:59.242 [INFO] main.cpp:370 -   成功事务:     0
2026-05-26 10:02:59.242 [INFO] main.cpp:371 -   失败事务:     500
2026-05-26 10:02:59.242 [INFO] main.cpp:373 -   成功率:       0.0%
2026-05-26 10:02:59.242 [INFO] main.cpp:378 - ======== 命令队列统计 ========
2026-05-26 10:02:59.242 [INFO] main.cpp:379 -   已提交: 0  已执行: 0  成功: 0  失败: 0
2026-05-26 10:02:59.242 [INFO] main.cpp:384 -   队列大小: 0  平均耗时: 0.0ms
2026-05-26 10:03:00.243 [INFO] main.cpp:352 - ======== 总线统计 ========
2026-05-26 10:03:00.243 [INFO] main.cpp:353 -   总事务数:     520
2026-05-26 10:03:00.243 [INFO] main.cpp:354 -   总错误数:     520
2026-05-26 10:03:00.243 [INFO] main.cpp:355 -   发送字节数:   4160
2026-05-26 10:03:00.243 [INFO] main.cpp:356 -   接收字节数:   0
2026-05-26 10:03:00.243 [INFO] main.cpp:357 -   平均延迟:     0.00 ms
2026-05-26 10:03:00.243 [INFO] main.cpp:358 -   最大延迟:     0.00 ms
2026-05-26 10:03:00.243 [INFO] main.cpp:359 -   总线争用次数: 0
2026-05-26 10:03:00.243 [INFO] main.cpp:368 - ======== 轮询统计 ========
2026-05-26 10:03:00.243 [INFO] main.cpp:369 -   任务组数:     20
2026-05-26 10:03:00.243 [INFO] main.cpp:370 -   成功事务:     0
2026-05-26 10:03:00.243 [INFO] main.cpp:371 -   失败事务:     520
2026-05-26 10:03:00.244 [INFO] main.cpp:373 -   成功率:       0.0%
2026-05-26 10:03:00.244 [INFO] main.cpp:378 - ======== 命令队列统计 ========
2026-05-26 10:03:00.244 [INFO] main.cpp:379 -   已提交: 0  已执行: 0  成功: 0  失败: 0
2026-05-26 10:03:00.244 [INFO] main.cpp:384 -   队列大小: 0  平均耗时: 0.0ms
2026-05-26 10:03:01.245 [INFO] main.cpp:352 - ======== 总线统计 ========
2026-05-26 10:03:01.245 [INFO] main.cpp:353 -   总事务数:     520
2026-05-26 10:03:01.245 [INFO] main.cpp:354 -   总错误数:     520
2026-05-26 10:03:01.245 [INFO] main.cpp:355 -   发送字节数:   4160
2026-05-26 10:03:01.245 [INFO] main.cpp:356 -   接收字节数:   0
2026-05-26 10:03:01.245 [INFO] main.cpp:357 -   平均延迟:     0.00 ms
2026-05-26 10:03:01.245 [INFO] main.cpp:358 -   最大延迟:     0.00 ms
2026-05-26 10:03:01.245 [INFO] main.cpp:359 -   总线争用次数: 0
2026-05-26 10:03:01.245 [INFO] main.cpp:368 - ======== 轮询统计 ========
2026-05-26 10:03:01.245 [INFO] main.cpp:369 -   任务组数:     20
2026-05-26 10:03:01.245 [INFO] main.cpp:370 -   成功事务:     0
2026-05-26 10:03:01.245 [INFO] main.cpp:371 -   失败事务:     520
2026-05-26 10:03:01.245 [INFO] main.cpp:373 -   成功率:       0.0%
2026-05-26 10:03:01.245 [INFO] main.cpp:378 - ======== 命令队列统计 ========
2026-05-26 10:03:01.245 [INFO] main.cpp:379 -   已提交: 0  已执行: 0  成功: 0  失败: 0
2026-05-26 10:03:01.245 [INFO] main.cpp:384 -   队列大小: 0  平均耗时: 0.0ms
2026-05-26 10:03:02.246 [INFO] main.cpp:352 - ======== 总线统计 ========
2026-05-26 10:03:02.246 [INFO] main.cpp:353 -   总事务数:     520
2026-05-26 10:03:02.246 [INFO] main.cpp:354 -   总错误数:     520
2026-05-26 10:03:02.246 [INFO] main.cpp:355 -   发送字节数:   4160
2026-05-26 10:03:02.247 [INFO] main.cpp:356 -   接收字节数:   0
2026-05-26 10:03:02.247 [INFO] main.cpp:357 -   平均延迟:     0.00 ms
2026-05-26 10:03:02.247 [INFO] main.cpp:358 -   最大延迟:     0.00 ms
2026-05-26 10:03:02.247 [INFO] main.cpp:359 -   总线争用次数: 0
2026-05-26 10:03:02.247 [INFO] main.cpp:368 - ======== 轮询统计 ========
2026-05-26 10:03:02.247 [INFO] main.cpp:369 -   任务组数:     20
2026-05-26 10:03:02.247 [INFO] main.cpp:370 -   成功事务:     0
2026-05-26 10:03:02.247 [INFO] main.cpp:371 -   失败事务:     520
2026-05-26 10:03:02.247 [INFO] main.cpp:373 -   成功率:       0.0%
2026-05-26 10:03:02.247 [INFO] main.cpp:378 - ======== 命令队列统计 ========
2026-05-26 10:03:02.247 [INFO] main.cpp:379 -   已提交: 0  已执行: 0  成功: 0  失败: 0
2026-05-26 10:03:02.247 [INFO] main.cpp:384 -   队列大小: 0  平均耗时: 0.0ms
2026-05-26 10:03:03.248 [INFO] main.cpp:352 - ======== 总线统计 ========
2026-05-26 10:03:03.248 [INFO] main.cpp:353 -   总事务数:     520
2026-05-26 10:03:03.248 [INFO] main.cpp:354 -   总错误数:     520
2026-05-26 10:03:03.248 [INFO] main.cpp:355 -   发送字节数:   4160
2026-05-26 10:03:03.248 [INFO] main.cpp:356 -   接收字节数:   0
2026-05-26 10:03:03.248 [INFO] main.cpp:357 -   平均延迟:     0.00 ms
2026-05-26 10:03:03.248 [INFO] main.cpp:358 -   最大延迟:     0.00 ms
2026-05-26 10:03:03.248 [INFO] main.cpp:359 -   总线争用次数: 0
2026-05-26 10:03:03.248 [INFO] main.cpp:368 - ======== 轮询统计 ========
2026-05-26 10:03:03.248 [INFO] main.cpp:369 -   任务组数:     20
2026-05-26 10:03:03.248 [INFO] main.cpp:370 -   成功事务:     0
2026-05-26 10:03:03.248 [INFO] main.cpp:371 -   失败事务:     520
2026-05-26 10:03:03.248 [INFO] main.cpp:373 -   成功率:       0.0%
2026-05-26 10:03:03.248 [INFO] main.cpp:378 - ======== 命令队列统计 ========
2026-05-26 10:03:03.248 [INFO] main.cpp:379 -   已提交: 0  已执行: 0  成功: 0  失败: 0
2026-05-26 10:03:03.248 [INFO] main.cpp:384 -   队列大小: 0  平均耗时: 0.0ms
2026-05-26 10:03:04.250 [INFO] main.cpp:352 - ======== 总线统计 ========
2026-05-26 10:03:04.250 [INFO] main.cpp:353 -   总事务数:     540
2026-05-26 10:03:04.250 [INFO] main.cpp:354 -   总错误数:     520
2026-05-26 10:03:04.250 [INFO] main.cpp:355 -   发送字节数:   4320
2026-05-26 10:03:04.250 [INFO] main.cpp:356 -   接收字节数:   0
2026-05-26 10:03:04.250 [INFO] main.cpp:357 -   平均延迟:     0.00 ms
2026-05-26 10:03:04.250 [INFO] main.cpp:358 -   最大延迟:     0.00 ms
2026-05-26 10:03:04.250 [INFO] main.cpp:359 -   总线争用次数: 0
2026-05-26 10:03:04.250 [INFO] main.cpp:368 - ======== 轮询统计 ========
2026-05-26 10:03:04.250 [INFO] main.cpp:369 -   任务组数:     20
2026-05-26 10:03:04.250 [INFO] main.cpp:370 -   成功事务:     0
2026-05-26 10:03:04.250 [INFO] main.cpp:371 -   失败事务:     520
2026-05-26 10:03:04.250 [INFO] main.cpp:373 -   成功率:       0.0%
2026-05-26 10:03:04.250 [INFO] main.cpp:378 - ======== 命令队列统计 ========
2026-05-26 10:03:04.250 [INFO] main.cpp:379 -   已提交: 0  已执行: 0  成功: 0  失败: 0
2026-05-26 10:03:04.250 [INFO] main.cpp:384 -   队列大小: 0  平均耗时: 0.0ms
2026-05-26 10:03:05.251 [INFO] main.cpp:352 - ======== 总线统计 ========
2026-05-26 10:03:05.251 [INFO] main.cpp:353 -   总事务数:     540
2026-05-26 10:03:05.251 [INFO] main.cpp:354 -   总错误数:     540
2026-05-26 10:03:05.251 [INFO] main.cpp:355 -   发送字节数:   4320
2026-05-26 10:03:05.251 [INFO] main.cpp:356 -   接收字节数:   0
2026-05-26 10:03:05.251 [INFO] main.cpp:357 -   平均延迟:     0.00 ms
2026-05-26 10:03:05.251 [INFO] main.cpp:358 -   最大延迟:     0.00 ms
2026-05-26 10:03:05.251 [INFO] main.cpp:359 -   总线争用次数: 0
2026-05-26 10:03:05.252 [INFO] main.cpp:368 - ======== 轮询统计 ========
2026-05-26 10:03:05.252 [INFO] main.cpp:369 -   任务组数:     20
2026-05-26 10:03:05.252 [INFO] main.cpp:370 -   成功事务:     0
2026-05-26 10:03:05.252 [INFO] main.cpp:371 -   失败事务:     540
2026-05-26 10:03:05.252 [INFO] main.cpp:373 -   成功率:       0.0%
2026-05-26 10:03:05.252 [INFO] main.cpp:378 - ======== 命令队列统计 ========
2026-05-26 10:03:05.252 [INFO] main.cpp:379 -   已提交: 0  已执行: 0  成功: 0  失败: 0
2026-05-26 10:03:05.252 [INFO] main.cpp:384 -   队列大小: 0  平均耗时: 0.0ms
2026-05-26 10:03:06.253 [INFO] main.cpp:352 - ======== 总线统计 ========
2026-05-26 10:03:06.253 [INFO] main.cpp:353 -   总事务数:     540
2026-05-26 10:03:06.253 [INFO] main.cpp:354 -   总错误数:     540
2026-05-26 10:03:06.253 [INFO] main.cpp:355 -   发送字节数:   4320
2026-05-26 10:03:06.253 [INFO] main.cpp:356 -   接收字节数:   0
2026-05-26 10:03:06.253 [INFO] main.cpp:357 -   平均延迟:     0.00 ms
2026-05-26 10:03:06.253 [INFO] main.cpp:358 -   最大延迟:     0.00 ms
2026-05-26 10:03:06.253 [INFO] main.cpp:359 -   总线争用次数: 0
2026-05-26 10:03:06.253 [INFO] main.cpp:368 - ======== 轮询统计 ========
2026-05-26 10:03:06.253 [INFO] main.cpp:369 -   任务组数:     20
2026-05-26 10:03:06.253 [INFO] main.cpp:370 -   成功事务:     0
2026-05-26 10:03:06.253 [INFO] main.cpp:371 -   失败事务:     540
2026-05-26 10:03:06.253 [INFO] main.cpp:373 -   成功率:       0.0%
2026-05-26 10:03:06.253 [INFO] main.cpp:378 - ======== 命令队列统计 ========
2026-05-26 10:03:06.254 [INFO] main.cpp:379 -   已提交: 0  已执行: 0  成功: 0  失败: 0
2026-05-26 10:03:06.254 [INFO] main.cpp:384 -   队列大小: 0  平均耗时: 0.0ms
2026-05-26 10:03:07.255 [INFO] main.cpp:352 - ======== 总线统计 ========
2026-05-26 10:03:07.255 [INFO] main.cpp:353 -   总事务数:     540
2026-05-26 10:03:07.255 [INFO] main.cpp:354 -   总错误数:     540
2026-05-26 10:03:07.255 [INFO] main.cpp:355 -   发送字节数:   4320
2026-05-26 10:03:07.255 [INFO] main.cpp:356 -   接收字节数:   0
2026-05-26 10:03:07.255 [INFO] main.cpp:357 -   平均延迟:     0.00 ms
2026-05-26 10:03:07.255 [INFO] main.cpp:358 -   最大延迟:     0.00 ms
2026-05-26 10:03:07.255 [INFO] main.cpp:359 -   总线争用次数: 0
2026-05-26 10:03:07.255 [INFO] main.cpp:368 - ======== 轮询统计 ========
2026-05-26 10:03:07.255 [INFO] main.cpp:369 -   任务组数:     20
2026-05-26 10:03:07.255 [INFO] main.cpp:370 -   成功事务:     0
2026-05-26 10:03:07.255 [INFO] main.cpp:371 -   失败事务:     540
2026-05-26 10:03:07.255 [INFO] main.cpp:373 -   成功率:       0.0%
2026-05-26 10:03:07.255 [INFO] main.cpp:378 - ======== 命令队列统计 ========
2026-05-26 10:03:07.255 [INFO] main.cpp:379 -   已提交: 0  已执行: 0  成功: 0  失败: 0
2026-05-26 10:03:07.255 [INFO] main.cpp:384 -   队列大小: 0  平均耗时: 0.0ms
2026-05-26 10:03:08.256 [INFO] main.cpp:352 - ======== 总线统计 ========
2026-05-26 10:03:08.257 [INFO] main.cpp:353 -   总事务数:     540
2026-05-26 10:03:08.257 [INFO] main.cpp:354 -   总错误数:     540
2026-05-26 10:03:08.257 [INFO] main.cpp:355 -   发送字节数:   4320
2026-05-26 10:03:08.257 [INFO] main.cpp:356 -   接收字节数:   0
2026-05-26 10:03:08.257 [INFO] main.cpp:357 -   平均延迟:     0.00 ms
2026-05-26 10:03:08.257 [INFO] main.cpp:358 -   最大延迟:     0.00 ms
2026-05-26 10:03:08.257 [INFO] main.cpp:359 -   总线争用次数: 0
2026-05-26 10:03:08.257 [INFO] main.cpp:368 - ======== 轮询统计 ========
2026-05-26 10:03:08.257 [INFO] main.cpp:369 -   任务组数:     20
2026-05-26 10:03:08.257 [INFO] main.cpp:370 -   成功事务:     0
2026-05-26 10:03:08.257 [INFO] main.cpp:371 -   失败事务:     540
2026-05-26 10:03:08.257 [INFO] main.cpp:373 -   成功率:       0.0%
2026-05-26 10:03:08.257 [INFO] main.cpp:378 - ======== 命令队列统计 ========
2026-05-26 10:03:08.257 [INFO] main.cpp:379 -   已提交: 0  已执行: 0  成功: 0  失败: 0
2026-05-26 10:03:08.257 [INFO] main.cpp:384 -   队列大小: 0  平均耗时: 0.0ms
2026-05-26 10:03:09.258 [INFO] main.cpp:352 - ======== 总线统计 ========
2026-05-26 10:03:09.258 [INFO] main.cpp:353 -   总事务数:     560
2026-05-26 10:03:09.258 [INFO] main.cpp:354 -   总错误数:     540
2026-05-26 10:03:09.258 [INFO] main.cpp:355 -   发送字节数:   4480
2026-05-26 10:03:09.258 [INFO] main.cpp:356 -   接收字节数:   0
2026-05-26 10:03:09.258 [INFO] main.cpp:357 -   平均延迟:     0.00 ms
2026-05-26 10:03:09.258 [INFO] main.cpp:358 -   最大延迟:     0.00 ms
2026-05-26 10:03:09.258 [INFO] main.cpp:359 -   总线争用次数: 0
2026-05-26 10:03:09.258 [INFO] main.cpp:368 - ======== 轮询统计 ========
2026-05-26 10:03:09.258 [INFO] main.cpp:369 -   任务组数:     20
2026-05-26 10:03:09.258 [INFO] main.cpp:370 -   成功事务:     0
2026-05-26 10:03:09.258 [INFO] main.cpp:371 -   失败事务:     540
2026-05-26 10:03:09.258 [INFO] main.cpp:373 -   成功率:       0.0%
2026-05-26 10:03:09.258 [INFO] main.cpp:378 - ======== 命令队列统计 ========
2026-05-26 10:03:09.258 [INFO] main.cpp:379 -   已提交: 0  已执行: 0  成功: 0  失败: 0
2026-05-26 10:03:09.259 [INFO] main.cpp:384 -   队列大小: 0  平均耗时: 0.0ms
2026-05-26 10:03:10.260 [INFO] main.cpp:352 - ======== 总线统计 ========
2026-05-26 10:03:10.260 [INFO] main.cpp:353 -   总事务数:     560
2026-05-26 10:03:10.260 [INFO] main.cpp:354 -   总错误数:     560
2026-05-26 10:03:10.260 [INFO] main.cpp:355 -   发送字节数:   4480
2026-05-26 10:03:10.260 [INFO] main.cpp:356 -   接收字节数:   0
2026-05-26 10:03:10.260 [INFO] main.cpp:357 -   平均延迟:     0.00 ms
2026-05-26 10:03:10.260 [INFO] main.cpp:358 -   最大延迟:     0.00 ms
2026-05-26 10:03:10.260 [INFO] main.cpp:359 -   总线争用次数: 0
2026-05-26 10:03:10.260 [INFO] main.cpp:368 - ======== 轮询统计 ========
2026-05-26 10:03:10.260 [INFO] main.cpp:369 -   任务组数:     20
2026-05-26 10:03:10.260 [INFO] main.cpp:370 -   成功事务:     0
2026-05-26 10:03:10.260 [INFO] main.cpp:371 -   失败事务:     560
2026-05-26 10:03:10.260 [INFO] main.cpp:373 -   成功率:       0.0%
2026-05-26 10:03:10.260 [INFO] main.cpp:378 - ======== 命令队列统计 ========
2026-05-26 10:03:10.260 [INFO] main.cpp:379 -   已提交: 0  已执行: 0  成功: 0  失败: 0
2026-05-26 10:03:10.260 [INFO] main.cpp:384 -   队列大小: 0  平均耗时: 0.0ms
2026-05-26 10:03:11.261 [INFO] main.cpp:352 - ======== 总线统计 ========
2026-05-26 10:03:11.262 [INFO] main.cpp:353 -   总事务数:     560
2026-05-26 10:03:11.262 [INFO] main.cpp:354 -   总错误数:     560
2026-05-26 10:03:11.262 [INFO] main.cpp:355 -   发送字节数:   4480
2026-05-26 10:03:11.262 [INFO] main.cpp:356 -   接收字节数:   0
2026-05-26 10:03:11.262 [INFO] main.cpp:357 -   平均延迟:     0.00 ms
2026-05-26 10:03:11.262 [INFO] main.cpp:358 -   最大延迟:     0.00 ms
2026-05-26 10:03:11.262 [INFO] main.cpp:359 -   总线争用次数: 0
2026-05-26 10:03:11.262 [INFO] main.cpp:368 - ======== 轮询统计 ========
2026-05-26 10:03:11.262 [INFO] main.cpp:369 -   任务组数:     20
2026-05-26 10:03:11.262 [INFO] main.cpp:370 -   成功事务:     0
2026-05-26 10:03:11.262 [INFO] main.cpp:371 -   失败事务:     560
2026-05-26 10:03:11.262 [INFO] main.cpp:373 -   成功率:       0.0%
2026-05-26 10:03:11.262 [INFO] main.cpp:378 - ======== 命令队列统计 ========
2026-05-26 10:03:11.262 [INFO] main.cpp:379 -   已提交: 0  已执行: 0  成功: 0  失败: 0
2026-05-26 10:03:11.262 [INFO] main.cpp:384 -   队列大小: 0  平均耗时: 0.0ms
2026-05-26 10:03:12.263 [INFO] main.cpp:352 - ======== 总线统计 ========
2026-05-26 10:03:12.263 [INFO] main.cpp:353 -   总事务数:     560
2026-05-26 10:03:12.264 [INFO] main.cpp:354 -   总错误数:     560
2026-05-26 10:03:12.264 [INFO] main.cpp:355 -   发送字节数:   4480
2026-05-26 10:03:12.264 [INFO] main.cpp:356 -   接收字节数:   0
2026-05-26 10:03:12.264 [INFO] main.cpp:357 -   平均延迟:     0.00 ms
2026-05-26 10:03:12.264 [INFO] main.cpp:358 -   最大延迟:     0.00 ms
2026-05-26 10:03:12.264 [INFO] main.cpp:359 -   总线争用次数: 0
2026-05-26 10:03:12.264 [INFO] main.cpp:368 - ======== 轮询统计 ========
2026-05-26 10:03:12.264 [INFO] main.cpp:369 -   任务组数:     20
2026-05-26 10:03:12.264 [INFO] main.cpp:370 -   成功事务:     0
2026-05-26 10:03:12.264 [INFO] main.cpp:371 -   失败事务:     560
2026-05-26 10:03:12.264 [INFO] main.cpp:373 -   成功率:       0.0%
2026-05-26 10:03:12.264 [INFO] main.cpp:378 - ======== 命令队列统计 ========
2026-05-26 10:03:12.264 [INFO] main.cpp:379 -   已提交: 0  已执行: 0  成功: 0  失败: 0
2026-05-26 10:03:12.264 [INFO] main.cpp:384 -   队列大小: 0  平均耗时: 0.0ms
2026-05-26 10:03:13.265 [INFO] main.cpp:352 - ======== 总线统计 ========
2026-05-26 10:03:13.265 [INFO] main.cpp:353 -   总事务数:     560
2026-05-26 10:03:13.265 [INFO] main.cpp:354 -   总错误数:     560
2026-05-26 10:03:13.265 [INFO] main.cpp:355 -   发送字节数:   4480
2026-05-26 10:03:13.265 [INFO] main.cpp:356 -   接收字节数:   0
2026-05-26 10:03:13.265 [INFO] main.cpp:357 -   平均延迟:     0.00 ms
2026-05-26 10:03:13.265 [INFO] main.cpp:358 -   最大延迟:     0.00 ms
2026-05-26 10:03:13.265 [INFO] main.cpp:359 -   总线争用次数: 0
2026-05-26 10:03:13.265 [INFO] main.cpp:368 - ======== 轮询统计 ========
2026-05-26 10:03:13.265 [INFO] main.cpp:369 -   任务组数:     20
2026-05-26 10:03:13.265 [INFO] main.cpp:370 -   成功事务:     0
2026-05-26 10:03:13.265 [INFO] main.cpp:371 -   失败事务:     560
2026-05-26 10:03:13.265 [INFO] main.cpp:373 -   成功率:       0.0%
2026-05-26 10:03:13.265 [INFO] main.cpp:378 - ======== 命令队列统计 ========
2026-05-26 10:03:13.265 [INFO] main.cpp:379 -   已提交: 0  已执行: 0  成功: 0  失败: 0
2026-05-26 10:03:13.265 [INFO] main.cpp:384 -   队列大小: 0  平均耗时: 0.0ms
2026-05-26 10:03:14.266 [INFO] main.cpp:352 - ======== 总线统计 ========
2026-05-26 10:03:14.266 [INFO] main.cpp:353 -   总事务数:     580
2026-05-26 10:03:14.266 [INFO] main.cpp:354 -   总错误数:     560
2026-05-26 10:03:14.267 [INFO] main.cpp:355 -   发送字节数:   4640
2026-05-26 10:03:14.267 [INFO] main.cpp:356 -   接收字节数:   0
2026-05-26 10:03:14.267 [INFO] main.cpp:357 -   平均延迟:     0.00 ms
2026-05-26 10:03:14.267 [INFO] main.cpp:358 -   最大延迟:     0.00 ms
2026-05-26 10:03:14.267 [INFO] main.cpp:359 -   总线争用次数: 0
2026-05-26 10:03:14.267 [INFO] main.cpp:368 - ======== 轮询统计 ========
2026-05-26 10:03:14.267 [INFO] main.cpp:369 -   任务组数:     20
2026-05-26 10:03:14.267 [INFO] main.cpp:370 -   成功事务:     0
2026-05-26 10:03:14.267 [INFO] main.cpp:371 -   失败事务:     560
2026-05-26 10:03:14.267 [INFO] main.cpp:373 -   成功率:       0.0%
2026-05-26 10:03:14.267 [INFO] main.cpp:378 - ======== 命令队列统计 ========
2026-05-26 10:03:14.267 [INFO] main.cpp:379 -   已提交: 0  已执行: 0  成功: 0  失败: 0
2026-05-26 10:03:14.267 [INFO] main.cpp:384 -   队列大小: 0  平均耗时: 0.0ms
2026-05-26 10:03:15.268 [INFO] main.cpp:352 - ======== 总线统计 ========
2026-05-26 10:03:15.268 [INFO] main.cpp:353 -   总事务数:     580
2026-05-26 10:03:15.268 [INFO] main.cpp:354 -   总错误数:     580
2026-05-26 10:03:15.268 [INFO] main.cpp:355 -   发送字节数:   4640
2026-05-26 10:03:15.268 [INFO] main.cpp:356 -   接收字节数:   0
2026-05-26 10:03:15.268 [INFO] main.cpp:357 -   平均延迟:     0.00 ms
2026-05-26 10:03:15.268 [INFO] main.cpp:358 -   最大延迟:     0.00 ms
2026-05-26 10:03:15.268 [INFO] main.cpp:359 -   总线争用次数: 0
2026-05-26 10:03:15.268 [INFO] main.cpp:368 - ======== 轮询统计 ========
2026-05-26 10:03:15.268 [INFO] main.cpp:369 -   任务组数:     20
2026-05-26 10:03:15.268 [INFO] main.cpp:370 -   成功事务:     0
2026-05-26 10:03:15.268 [INFO] main.cpp:371 -   失败事务:     580
2026-05-26 10:03:15.268 [INFO] main.cpp:373 -   成功率:       0.0%
2026-05-26 10:03:15.268 [INFO] main.cpp:378 - ======== 命令队列统计 ========
2026-05-26 10:03:15.268 [INFO] main.cpp:379 -   已提交: 0  已执行: 0  成功: 0  失败: 0
2026-05-26 10:03:15.268 [INFO] main.cpp:384 -   队列大小: 0  平均耗时: 0.0ms
2026-05-26 10:03:16.270 [INFO] main.cpp:352 - ======== 总线统计 ========
2026-05-26 10:03:16.270 [INFO] main.cpp:353 -   总事务数:     580
2026-05-26 10:03:16.270 [INFO] main.cpp:354 -   总错误数:     580
2026-05-26 10:03:16.270 [INFO] main.cpp:355 -   发送字节数:   4640
2026-05-26 10:03:16.270 [INFO] main.cpp:356 -   接收字节数:   0
2026-05-26 10:03:16.270 [INFO] main.cpp:357 -   平均延迟:     0.00 ms
2026-05-26 10:03:16.270 [INFO] main.cpp:358 -   最大延迟:     0.00 ms
2026-05-26 10:03:16.270 [INFO] main.cpp:359 -   总线争用次数: 0
2026-05-26 10:03:16.270 [INFO] main.cpp:368 - ======== 轮询统计 ========
2026-05-26 10:03:16.270 [INFO] main.cpp:369 -   任务组数:     20
2026-05-26 10:03:16.270 [INFO] main.cpp:370 -   成功事务:     0
2026-05-26 10:03:16.270 [INFO] main.cpp:371 -   失败事务:     580
2026-05-26 10:03:16.270 [INFO] main.cpp:373 -   成功率:       0.0%
2026-05-26 10:03:16.270 [INFO] main.cpp:378 - ======== 命令队列统计 ========
2026-05-26 10:03:16.270 [INFO] main.cpp:379 -   已提交: 0  已执行: 0  成功: 0  失败: 0
2026-05-26 10:03:16.270 [INFO] main.cpp:384 -   队列大小: 0  平均耗时: 0.0ms
2026-05-26 10:03:17.271 [INFO] main.cpp:352 - ======== 总线统计 ========
2026-05-26 10:03:17.271 [INFO] main.cpp:353 -   总事务数:     580
2026-05-26 10:03:17.273 [INFO] main.cpp:354 -   总错误数:     580
2026-05-26 10:03:17.273 [INFO] main.cpp:355 -   发送字节数:   4640
2026-05-26 10:03:17.273 [INFO] main.cpp:356 -   接收字节数:   0
2026-05-26 10:03:17.273 [INFO] main.cpp:357 -   平均延迟:     0.00 ms
2026-05-26 10:03:17.273 [INFO] main.cpp:358 -   最大延迟:     0.00 ms
2026-05-26 10:03:17.273 [INFO] main.cpp:359 -   总线争用次数: 0
2026-05-26 10:03:17.273 [INFO] main.cpp:368 - ======== 轮询统计 ========
2026-05-26 10:03:17.273 [INFO] main.cpp:369 -   任务组数:     20
2026-05-26 10:03:17.273 [INFO] main.cpp:370 -   成功事务:     0
2026-05-26 10:03:17.273 [INFO] main.cpp:371 -   失败事务:     580
2026-05-26 10:03:17.273 [INFO] main.cpp:373 -   成功率:       0.0%
2026-05-26 10:03:17.273 [INFO] main.cpp:378 - ======== 命令队列统计 ========
2026-05-26 10:03:17.273 [INFO] main.cpp:379 -   已提交: 0  已执行: 0  成功: 0  失败: 0
2026-05-26 10:03:17.274 [INFO] main.cpp:384 -   队列大小: 0  平均耗时: 0.0ms
2026-05-26 10:03:18.274 [INFO] main.cpp:352 - ======== 总线统计 ========
2026-05-26 10:03:18.274 [INFO] main.cpp:353 -   总事务数:     580
2026-05-26 10:03:18.274 [INFO] main.cpp:354 -   总错误数:     580
2026-05-26 10:03:18.274 [INFO] main.cpp:355 -   发送字节数:   4640
2026-05-26 10:03:18.274 [INFO] main.cpp:356 -   接收字节数:   0
2026-05-26 10:03:18.274 [INFO] main.cpp:357 -   平均延迟:     0.00 ms
2026-05-26 10:03:18.274 [INFO] main.cpp:358 -   最大延迟:     0.00 ms
2026-05-26 10:03:18.274 [INFO] main.cpp:359 -   总线争用次数: 0
2026-05-26 10:03:18.275 [INFO] main.cpp:368 - ======== 轮询统计 ========
2026-05-26 10:03:18.275 [INFO] main.cpp:369 -   任务组数:     20
2026-05-26 10:03:18.275 [INFO] main.cpp:370 -   成功事务:     0
2026-05-26 10:03:18.275 [INFO] main.cpp:371 -   失败事务:     580
2026-05-26 10:03:18.275 [INFO] main.cpp:373 -   成功率:       0.0%
2026-05-26 10:03:18.275 [INFO] main.cpp:378 - ======== 命令队列统计 ========
2026-05-26 10:03:18.275 [INFO] main.cpp:379 -   已提交: 0  已执行: 0  成功: 0  失败: 0
2026-05-26 10:03:18.275 [INFO] main.cpp:384 -   队列大小: 0  平均耗时: 0.0ms
2026-05-26 10:03:19.276 [INFO] main.cpp:352 - ======== 总线统计 ========
2026-05-26 10:03:19.276 [INFO] main.cpp:353 -   总事务数:     600
2026-05-26 10:03:19.276 [INFO] main.cpp:354 -   总错误数:     580
2026-05-26 10:03:19.276 [INFO] main.cpp:355 -   发送字节数:   4800
2026-05-26 10:03:19.276 [INFO] main.cpp:356 -   接收字节数:   0
2026-05-26 10:03:19.276 [INFO] main.cpp:357 -   平均延迟:     0.00 ms
2026-05-26 10:03:19.276 [INFO] main.cpp:358 -   最大延迟:     0.00 ms
2026-05-26 10:03:19.276 [INFO] main.cpp:359 -   总线争用次数: 0
2026-05-26 10:03:19.276 [INFO] main.cpp:368 - ======== 轮询统计 ========
2026-05-26 10:03:19.276 [INFO] main.cpp:369 -   任务组数:     20
2026-05-26 10:03:19.276 [INFO] main.cpp:370 -   成功事务:     0
2026-05-26 10:03:19.276 [INFO] main.cpp:371 -   失败事务:     580
2026-05-26 10:03:19.276 [INFO] main.cpp:373 -   成功率:       0.0%
2026-05-26 10:03:19.276 [INFO] main.cpp:378 - ======== 命令队列统计 ========
2026-05-26 10:03:19.276 [INFO] main.cpp:379 -   已提交: 0  已执行: 0  成功: 0  失败: 0
2026-05-26 10:03:19.276 [INFO] main.cpp:384 -   队列大小: 0  平均耗时: 0.0ms
2026-05-26 10:03:20.278 [INFO] main.cpp:352 - ======== 总线统计 ========
2026-05-26 10:03:20.278 [INFO] main.cpp:353 -   总事务数:     600
2026-05-26 10:03:20.278 [INFO] main.cpp:354 -   总错误数:     600
2026-05-26 10:03:20.278 [INFO] main.cpp:355 -   发送字节数:   4800
2026-05-26 10:03:20.278 [INFO] main.cpp:356 -   接收字节数:   0
2026-05-26 10:03:20.278 [INFO] main.cpp:357 -   平均延迟:     0.00 ms
2026-05-26 10:03:20.278 [INFO] main.cpp:358 -   最大延迟:     0.00 ms
2026-05-26 10:03:20.278 [INFO] main.cpp:359 -   总线争用次数: 0
2026-05-26 10:03:20.278 [INFO] main.cpp:368 - ======== 轮询统计 ========
2026-05-26 10:03:20.278 [INFO] main.cpp:369 -   任务组数:     20
2026-05-26 10:03:20.278 [INFO] main.cpp:370 -   成功事务:     0
2026-05-26 10:03:20.278 [INFO] main.cpp:371 -   失败事务:     600
2026-05-26 10:03:20.278 [INFO] main.cpp:373 -   成功率:       0.0%
2026-05-26 10:03:20.278 [INFO] main.cpp:378 - ======== 命令队列统计 ========
2026-05-26 10:03:20.278 [INFO] main.cpp:379 -   已提交: 0  已执行: 0  成功: 0  失败: 0
2026-05-26 10:03:20.278 [INFO] main.cpp:384 -   队列大小: 0  平均耗时: 0.0ms
2026-05-26 10:03:21.279 [INFO] main.cpp:352 - ======== 总线统计 ========
2026-05-26 10:03:21.279 [INFO] main.cpp:353 -   总事务数:     600
2026-05-26 10:03:21.279 [INFO] main.cpp:354 -   总错误数:     600
2026-05-26 10:03:21.279 [INFO] main.cpp:355 -   发送字节数:   4800
2026-05-26 10:03:21.280 [INFO] main.cpp:356 -   接收字节数:   0
2026-05-26 10:03:21.280 [INFO] main.cpp:357 -   平均延迟:     0.00 ms
2026-05-26 10:03:21.280 [INFO] main.cpp:358 -   最大延迟:     0.00 ms
2026-05-26 10:03:21.280 [INFO] main.cpp:359 -   总线争用次数: 0
2026-05-26 10:03:21.280 [INFO] main.cpp:368 - ======== 轮询统计 ========
2026-05-26 10:03:21.280 [INFO] main.cpp:369 -   任务组数:     20
2026-05-26 10:03:21.280 [INFO] main.cpp:370 -   成功事务:     0
2026-05-26 10:03:21.280 [INFO] main.cpp:371 -   失败事务:     600
2026-05-26 10:03:21.280 [INFO] main.cpp:373 -   成功率:       0.0%
2026-05-26 10:03:21.280 [INFO] main.cpp:378 - ======== 命令队列统计 ========
2026-05-26 10:03:21.280 [INFO] main.cpp:379 -   已提交: 0  已执行: 0  成功: 0  失败: 0
2026-05-26 10:03:21.280 [INFO] main.cpp:384 -   队列大小: 0  平均耗时: 0.0ms
2026-05-26 10:03:22.281 [INFO] main.cpp:352 - ======== 总线统计 ========
2026-05-26 10:03:22.281 [INFO] main.cpp:353 -   总事务数:     600
2026-05-26 10:03:22.281 [INFO] main.cpp:354 -   总错误数:     600
2026-05-26 10:03:22.281 [INFO] main.cpp:355 -   发送字节数:   4800
2026-05-26 10:03:22.281 [INFO] main.cpp:356 -   接收字节数:   0
2026-05-26 10:03:22.281 [INFO] main.cpp:357 -   平均延迟:     0.00 ms
2026-05-26 10:03:22.281 [INFO] main.cpp:358 -   最大延迟:     0.00 ms
2026-05-26 10:03:22.281 [INFO] main.cpp:359 -   总线争用次数: 0
2026-05-26 10:03:22.282 [INFO] main.cpp:368 - ======== 轮询统计 ========
2026-05-26 10:03:22.282 [INFO] main.cpp:369 -   任务组数:     20
2026-05-26 10:03:22.282 [INFO] main.cpp:370 -   成功事务:     0
2026-05-26 10:03:22.282 [INFO] main.cpp:371 -   失败事务:     600
2026-05-26 10:03:22.282 [INFO] main.cpp:373 -   成功率:       0.0%
2026-05-26 10:03:22.282 [INFO] main.cpp:378 - ======== 命令队列统计 ========
2026-05-26 10:03:22.282 [INFO] main.cpp:379 -   已提交: 0  已执行: 0  成功: 0  失败: 0
2026-05-26 10:03:22.282 [INFO] main.cpp:384 -   队列大小: 0  平均耗时: 0.0ms
2026-05-26 10:03:23.283 [INFO] main.cpp:352 - ======== 总线统计 ========
2026-05-26 10:03:23.283 [INFO] main.cpp:353 -   总事务数:     600
2026-05-26 10:03:23.283 [INFO] main.cpp:354 -   总错误数:     600
2026-05-26 10:03:23.283 [INFO] main.cpp:355 -   发送字节数:   4800
2026-05-26 10:03:23.283 [INFO] main.cpp:356 -   接收字节数:   0
2026-05-26 10:03:23.283 [INFO] main.cpp:357 -   平均延迟:     0.00 ms
2026-05-26 10:03:23.283 [INFO] main.cpp:358 -   最大延迟:     0.00 ms
2026-05-26 10:03:23.283 [INFO] main.cpp:359 -   总线争用次数: 0
2026-05-26 10:03:23.283 [INFO] main.cpp:368 - ======== 轮询统计 ========
2026-05-26 10:03:23.283 [INFO] main.cpp:369 -   任务组数:     20
2026-05-26 10:03:23.283 [INFO] main.cpp:370 -   成功事务:     0
2026-05-26 10:03:23.283 [INFO] main.cpp:371 -   失败事务:     600
2026-05-26 10:03:23.283 [INFO] main.cpp:373 -   成功率:       0.0%
2026-05-26 10:03:23.283 [INFO] main.cpp:378 - ======== 命令队列统计 ========
2026-05-26 10:03:23.283 [INFO] main.cpp:379 -   已提交: 0  已执行: 0  成功: 0  失败: 0
2026-05-26 10:03:23.284 [INFO] main.cpp:384 -   队列大小: 0  平均耗时: 0.0ms
2026-05-26 10:03:24.285 [INFO] main.cpp:352 - ======== 总线统计 ========
2026-05-26 10:03:24.285 [INFO] main.cpp:353 -   总事务数:     620
2026-05-26 10:03:24.285 [INFO] main.cpp:354 -   总错误数:     600
2026-05-26 10:03:24.285 [INFO] main.cpp:355 -   发送字节数:   4960
2026-05-26 10:03:24.285 [INFO] main.cpp:356 -   接收字节数:   0
2026-05-26 10:03:24.285 [INFO] main.cpp:357 -   平均延迟:     0.00 ms
2026-05-26 10:03:24.285 [INFO] main.cpp:358 -   最大延迟:     0.00 ms
2026-05-26 10:03:24.285 [INFO] main.cpp:359 -   总线争用次数: 0
2026-05-26 10:03:24.285 [INFO] main.cpp:368 - ======== 轮询统计 ========
2026-05-26 10:03:24.285 [INFO] main.cpp:369 -   任务组数:     20
2026-05-26 10:03:24.285 [INFO] main.cpp:370 -   成功事务:     0
2026-05-26 10:03:24.285 [INFO] main.cpp:371 -   失败事务:     600
2026-05-26 10:03:24.285 [INFO] main.cpp:373 -   成功率:       0.0%
2026-05-26 10:03:24.285 [INFO] main.cpp:378 - ======== 命令队列统计 ========
2026-05-26 10:03:24.285 [INFO] main.cpp:379 -   已提交: 0  已执行: 0  成功: 0  失败: 0
2026-05-26 10:03:24.285 [INFO] main.cpp:384 -   队列大小: 0  平均耗时: 0.0ms
2026-05-26 10:03:25.286 [INFO] main.cpp:352 - ======== 总线统计 ========
2026-05-26 10:03:25.286 [INFO] main.cpp:353 -   总事务数:     620
2026-05-26 10:03:25.286 [INFO] main.cpp:354 -   总错误数:     620
2026-05-26 10:03:25.286 [INFO] main.cpp:355 -   发送字节数:   4960
2026-05-26 10:03:25.286 [INFO] main.cpp:356 -   接收字节数:   0
2026-05-26 10:03:25.286 [INFO] main.cpp:357 -   平均延迟:     0.00 ms
2026-05-26 10:03:25.286 [INFO] main.cpp:358 -   最大延迟:     0.00 ms
2026-05-26 10:03:25.287 [INFO] main.cpp:359 -   总线争用次数: 0
2026-05-26 10:03:25.287 [INFO] main.cpp:368 - ======== 轮询统计 ========
2026-05-26 10:03:25.287 [INFO] main.cpp:369 -   任务组数:     20
2026-05-26 10:03:25.287 [INFO] main.cpp:370 -   成功事务:     0
2026-05-26 10:03:25.287 [INFO] main.cpp:371 -   失败事务:     620
2026-05-26 10:03:25.287 [INFO] main.cpp:373 -   成功率:       0.0%
2026-05-26 10:03:25.287 [INFO] main.cpp:378 - ======== 命令队列统计 ========
2026-05-26 10:03:25.287 [INFO] main.cpp:379 -   已提交: 0  已执行: 0  成功: 0  失败: 0
2026-05-26 10:03:25.287 [INFO] main.cpp:384 -   队列大小: 0  平均耗时: 0.0ms
2026-05-26 10:03:26.288 [INFO] main.cpp:352 - ======== 总线统计 ========
2026-05-26 10:03:26.288 [INFO] main.cpp:353 -   总事务数:     620
2026-05-26 10:03:26.288 [INFO] main.cpp:354 -   总错误数:     620
2026-05-26 10:03:26.288 [INFO] main.cpp:355 -   发送字节数:   4960
2026-05-26 10:03:26.288 [INFO] main.cpp:356 -   接收字节数:   0
2026-05-26 10:03:26.288 [INFO] main.cpp:357 -   平均延迟:     0.00 ms
2026-05-26 10:03:26.288 [INFO] main.cpp:358 -   最大延迟:     0.00 ms
2026-05-26 10:03:26.288 [INFO] main.cpp:359 -   总线争用次数: 0
2026-05-26 10:03:26.288 [INFO] main.cpp:368 - ======== 轮询统计 ========
2026-05-26 10:03:26.288 [INFO] main.cpp:369 -   任务组数:     20
2026-05-26 10:03:26.288 [INFO] main.cpp:370 -   成功事务:     0
2026-05-26 10:03:26.288 [INFO] main.cpp:371 -   失败事务:     620
2026-05-26 10:03:26.288 [INFO] main.cpp:373 -   成功率:       0.0%
2026-05-26 10:03:26.289 [INFO] main.cpp:378 - ======== 命令队列统计 ========
2026-05-26 10:03:26.289 [INFO] main.cpp:379 -   已提交: 0  已执行: 0  成功: 0  失败: 0
2026-05-26 10:03:26.289 [INFO] main.cpp:384 -   队列大小: 0  平均耗时: 0.0ms
2026-05-26 10:03:27.290 [INFO] main.cpp:352 - ======== 总线统计 ========
2026-05-26 10:03:27.290 [INFO] main.cpp:353 -   总事务数:     620
2026-05-26 10:03:27.291 [INFO] main.cpp:354 -   总错误数:     620
2026-05-26 10:03:27.291 [INFO] main.cpp:355 -   发送字节数:   4960
2026-05-26 10:03:27.291 [INFO] main.cpp:356 -   接收字节数:   0
2026-05-26 10:03:27.291 [INFO] main.cpp:357 -   平均延迟:     0.00 ms
2026-05-26 10:03:27.291 [INFO] main.cpp:358 -   最大延迟:     0.00 ms
2026-05-26 10:03:27.291 [INFO] main.cpp:359 -   总线争用次数: 0
2026-05-26 10:03:27.291 [INFO] main.cpp:368 - ======== 轮询统计 ========
2026-05-26 10:03:27.291 [INFO] main.cpp:369 -   任务组数:     20
2026-05-26 10:03:27.291 [INFO] main.cpp:370 -   成功事务:     0
2026-05-26 10:03:27.292 [INFO] main.cpp:371 -   失败事务:     620
2026-05-26 10:03:27.292 [INFO] main.cpp:373 -   成功率:       0.0%
2026-05-26 10:03:27.292 [INFO] main.cpp:378 - ======== 命令队列统计 ========
2026-05-26 10:03:27.292 [INFO] main.cpp:379 -   已提交: 0  已执行: 0  成功: 0  失败: 0
2026-05-26 10:03:27.292 [INFO] main.cpp:384 -   队列大小: 0  平均耗时: 0.0ms
2026-05-26 10:03:28.292 [INFO] main.cpp:352 - ======== 总线统计 ========
2026-05-26 10:03:28.292 [INFO] main.cpp:353 -   总事务数:     620
2026-05-26 10:03:28.292 [INFO] main.cpp:354 -   总错误数:     620
2026-05-26 10:03:28.292 [INFO] main.cpp:355 -   发送字节数:   4960
2026-05-26 10:03:28.292 [INFO] main.cpp:356 -   接收字节数:   0
2026-05-26 10:03:28.292 [INFO] main.cpp:357 -   平均延迟:     0.00 ms
2026-05-26 10:03:28.292 [INFO] main.cpp:358 -   最大延迟:     0.00 ms
2026-05-26 10:03:28.292 [INFO] main.cpp:359 -   总线争用次数: 0
2026-05-26 10:03:28.292 [INFO] main.cpp:368 - ======== 轮询统计 ========
2026-05-26 10:03:28.292 [INFO] main.cpp:369 -   任务组数:     20
2026-05-26 10:03:28.292 [INFO] main.cpp:370 -   成功事务:     0
2026-05-26 10:03:28.292 [INFO] main.cpp:371 -   失败事务:     620
2026-05-26 10:03:28.292 [INFO] main.cpp:373 -   成功率:       0.0%
2026-05-26 10:03:28.292 [INFO] main.cpp:378 - ======== 命令队列统计 ========
2026-05-26 10:03:28.293 [INFO] main.cpp:379 -   已提交: 0  已执行: 0  成功: 0  失败: 0
2026-05-26 10:03:28.293 [INFO] main.cpp:384 -   队列大小: 0  平均耗时: 0.0ms
2026-05-26 10:03:29.294 [INFO] main.cpp:352 - ======== 总线统计 ========
2026-05-26 10:03:29.294 [INFO] main.cpp:353 -   总事务数:     640
2026-05-26 10:03:29.294 [INFO] main.cpp:354 -   总错误数:     620
2026-05-26 10:03:29.294 [INFO] main.cpp:355 -   发送字节数:   5120
2026-05-26 10:03:29.294 [INFO] main.cpp:356 -   接收字节数:   0
2026-05-26 10:03:29.294 [INFO] main.cpp:357 -   平均延迟:     0.00 ms
2026-05-26 10:03:29.294 [INFO] main.cpp:358 -   最大延迟:     0.00 ms
2026-05-26 10:03:29.294 [INFO] main.cpp:359 -   总线争用次数: 0
2026-05-26 10:03:29.294 [INFO] main.cpp:368 - ======== 轮询统计 ========
2026-05-26 10:03:29.294 [INFO] main.cpp:369 -   任务组数:     20
2026-05-26 10:03:29.294 [INFO] main.cpp:370 -   成功事务:     0
2026-05-26 10:03:29.294 [INFO] main.cpp:371 -   失败事务:     620
2026-05-26 10:03:29.294 [INFO] main.cpp:373 -   成功率:       0.0%
2026-05-26 10:03:29.294 [INFO] main.cpp:378 - ======== 命令队列统计 ========
2026-05-26 10:03:29.294 [INFO] main.cpp:379 -   已提交: 0  已执行: 0  成功: 0  失败: 0
2026-05-26 10:03:29.294 [INFO] main.cpp:384 -   队列大小: 0  平均耗时: 0.0ms
2026-05-26 10:03:30.295 [INFO] main.cpp:352 - ======== 总线统计 ========
2026-05-26 10:03:30.296 [INFO] main.cpp:353 -   总事务数:     640
2026-05-26 10:03:30.296 [INFO] main.cpp:354 -   总错误数:     640
2026-05-26 10:03:30.296 [INFO] main.cpp:355 -   发送字节数:   5120
2026-05-26 10:03:30.296 [INFO] main.cpp:356 -   接收字节数:   0
2026-05-26 10:03:30.296 [INFO] main.cpp:357 -   平均延迟:     0.00 ms
2026-05-26 10:03:30.296 [INFO] main.cpp:358 -   最大延迟:     0.00 ms
2026-05-26 10:03:30.296 [INFO] main.cpp:359 -   总线争用次数: 0
2026-05-26 10:03:30.296 [INFO] main.cpp:368 - ======== 轮询统计 ========
2026-05-26 10:03:30.296 [INFO] main.cpp:369 -   任务组数:     20
2026-05-26 10:03:30.296 [INFO] main.cpp:370 -   成功事务:     0
2026-05-26 10:03:30.296 [INFO] main.cpp:371 -   失败事务:     640
2026-05-26 10:03:30.296 [INFO] main.cpp:373 -   成功率:       0.0%
2026-05-26 10:03:30.296 [INFO] main.cpp:378 - ======== 命令队列统计 ========
2026-05-26 10:03:30.296 [INFO] main.cpp:379 -   已提交: 0  已执行: 0  成功: 0  失败: 0
2026-05-26 10:03:30.296 [INFO] main.cpp:384 -   队列大小: 0  平均耗时: 0.0ms
2026-05-26 10:03:31.297 [INFO] main.cpp:352 - ======== 总线统计 ========
2026-05-26 10:03:31.297 [INFO] main.cpp:353 -   总事务数:     640
2026-05-26 10:03:31.297 [INFO] main.cpp:354 -   总错误数:     640
2026-05-26 10:03:31.297 [INFO] main.cpp:355 -   发送字节数:   5120
2026-05-26 10:03:31.297 [INFO] main.cpp:356 -   接收字节数:   0
2026-05-26 10:03:31.297 [INFO] main.cpp:357 -   平均延迟:     0.00 ms
2026-05-26 10:03:31.298 [INFO] main.cpp:358 -   最大延迟:     0.00 ms
2026-05-26 10:03:31.298 [INFO] main.cpp:359 -   总线争用次数: 0
2026-05-26 10:03:31.298 [INFO] main.cpp:368 - ======== 轮询统计 ========
2026-05-26 10:03:31.298 [INFO] main.cpp:369 -   任务组数:     20
2026-05-26 10:03:31.298 [INFO] main.cpp:370 -   成功事务:     0
2026-05-26 10:03:31.298 [INFO] main.cpp:371 -   失败事务:     640
2026-05-26 10:03:31.298 [INFO] main.cpp:373 -   成功率:       0.0%
2026-05-26 10:03:31.298 [INFO] main.cpp:378 - ======== 命令队列统计 ========
2026-05-26 10:03:31.298 [INFO] main.cpp:379 -   已提交: 0  已执行: 0  成功: 0  失败: 0
2026-05-26 10:03:31.298 [INFO] main.cpp:384 -   队列大小: 0  平均耗时: 0.0ms
2026-05-26 10:03:32.299 [INFO] main.cpp:352 - ======== 总线统计 ========
2026-05-26 10:03:32.299 [INFO] main.cpp:353 -   总事务数:     640
2026-05-26 10:03:32.299 [INFO] main.cpp:354 -   总错误数:     640
2026-05-26 10:03:32.299 [INFO] main.cpp:355 -   发送字节数:   5120
2026-05-26 10:03:32.299 [INFO] main.cpp:356 -   接收字节数:   0
2026-05-26 10:03:32.299 [INFO] main.cpp:357 -   平均延迟:     0.00 ms
2026-05-26 10:03:32.299 [INFO] main.cpp:358 -   最大延迟:     0.00 ms
2026-05-26 10:03:32.299 [INFO] main.cpp:359 -   总线争用次数: 0
2026-05-26 10:03:32.299 [INFO] main.cpp:368 - ======== 轮询统计 ========
2026-05-26 10:03:32.299 [INFO] main.cpp:369 -   任务组数:     20
2026-05-26 10:03:32.299 [INFO] main.cpp:370 -   成功事务:     0
2026-05-26 10:03:32.299 [INFO] main.cpp:371 -   失败事务:     640
2026-05-26 10:03:32.300 [INFO] main.cpp:373 -   成功率:       0.0%
2026-05-26 10:03:32.300 [INFO] main.cpp:378 - ======== 命令队列统计 ========
2026-05-26 10:03:32.300 [INFO] main.cpp:379 -   已提交: 0  已执行: 0  成功: 0  失败: 0
2026-05-26 10:03:32.300 [INFO] main.cpp:384 -   队列大小: 0  平均耗时: 0.0ms
2026-05-26 10:03:33.301 [INFO] main.cpp:352 - ======== 总线统计 ========
2026-05-26 10:03:33.301 [INFO] main.cpp:353 -   总事务数:     640
2026-05-26 10:03:33.301 [INFO] main.cpp:354 -   总错误数:     640
2026-05-26 10:03:33.301 [INFO] main.cpp:355 -   发送字节数:   5120
2026-05-26 10:03:33.301 [INFO] main.cpp:356 -   接收字节数:   0
2026-05-26 10:03:33.301 [INFO] main.cpp:357 -   平均延迟:     0.00 ms
2026-05-26 10:03:33.301 [INFO] main.cpp:358 -   最大延迟:     0.00 ms
2026-05-26 10:03:33.301 [INFO] main.cpp:359 -   总线争用次数: 0
2026-05-26 10:03:33.301 [INFO] main.cpp:368 - ======== 轮询统计 ========
2026-05-26 10:03:33.301 [INFO] main.cpp:369 -   任务组数:     20
2026-05-26 10:03:33.301 [INFO] main.cpp:370 -   成功事务:     0
2026-05-26 10:03:33.301 [INFO] main.cpp:371 -   失败事务:     640
2026-05-26 10:03:33.301 [INFO] main.cpp:373 -   成功率:       0.0%
2026-05-26 10:03:33.301 [INFO] main.cpp:378 - ======== 命令队列统计 ========
2026-05-26 10:03:33.301 [INFO] main.cpp:379 -   已提交: 0  已执行: 0  成功: 0  失败: 0
2026-05-26 10:03:33.301 [INFO] main.cpp:384 -   队列大小: 0  平均耗时: 0.0ms
2026-05-26 10:03:34.303 [INFO] main.cpp:352 - ======== 总线统计 ========
2026-05-26 10:03:34.303 [INFO] main.cpp:353 -   总事务数:     660
2026-05-26 10:03:34.303 [INFO] main.cpp:354 -   总错误数:     640
2026-05-26 10:03:34.303 [INFO] main.cpp:355 -   发送字节数:   5280
2026-05-26 10:03:34.303 [INFO] main.cpp:356 -   接收字节数:   0
2026-05-26 10:03:34.303 [INFO] main.cpp:357 -   平均延迟:     0.00 ms
2026-05-26 10:03:34.303 [INFO] main.cpp:358 -   最大延迟:     0.00 ms
2026-05-26 10:03:34.303 [INFO] main.cpp:359 -   总线争用次数: 0
2026-05-26 10:03:34.303 [INFO] main.cpp:368 - ======== 轮询统计 ========
2026-05-26 10:03:34.303 [INFO] main.cpp:369 -   任务组数:     20
2026-05-26 10:03:34.303 [INFO] main.cpp:370 -   成功事务:     0
2026-05-26 10:03:34.303 [INFO] main.cpp:371 -   失败事务:     640
2026-05-26 10:03:34.303 [INFO] main.cpp:373 -   成功率:       0.0%
2026-05-26 10:03:34.303 [INFO] main.cpp:378 - ======== 命令队列统计 ========
2026-05-26 10:03:34.303 [INFO] main.cpp:379 -   已提交: 0  已执行: 0  成功: 0  失败: 0
2026-05-26 10:03:34.303 [INFO] main.cpp:384 -   队列大小: 0  平均耗时: 0.0ms
2026-05-26 10:03:35.304 [INFO] main.cpp:352 - ======== 总线统计 ========
2026-05-26 10:03:35.304 [INFO] main.cpp:353 -   总事务数:     660
2026-05-26 10:03:35.304 [INFO] main.cpp:354 -   总错误数:     660
2026-05-26 10:03:35.304 [INFO] main.cpp:355 -   发送字节数:   5280
2026-05-26 10:03:35.304 [INFO] main.cpp:356 -   接收字节数:   0
2026-05-26 10:03:35.304 [INFO] main.cpp:357 -   平均延迟:     0.00 ms
2026-05-26 10:03:35.304 [INFO] main.cpp:358 -   最大延迟:     0.00 ms
2026-05-26 10:03:35.304 [INFO] main.cpp:359 -   总线争用次数: 0
2026-05-26 10:03:35.305 [INFO] main.cpp:368 - ======== 轮询统计 ========
2026-05-26 10:03:35.305 [INFO] main.cpp:369 -   任务组数:     20
2026-05-26 10:03:35.305 [INFO] main.cpp:370 -   成功事务:     0
2026-05-26 10:03:35.305 [INFO] main.cpp:371 -   失败事务:     660
2026-05-26 10:03:35.305 [INFO] main.cpp:373 -   成功率:       0.0%
2026-05-26 10:03:35.305 [INFO] main.cpp:378 - ======== 命令队列统计 ========
2026-05-26 10:03:35.305 [INFO] main.cpp:379 -   已提交: 0  已执行: 0  成功: 0  失败: 0
2026-05-26 10:03:35.305 [INFO] main.cpp:384 -   队列大小: 0  平均耗时: 0.0ms
2026-05-26 10:03:36.306 [INFO] main.cpp:352 - ======== 总线统计 ========
2026-05-26 10:03:36.306 [INFO] main.cpp:353 -   总事务数:     660
2026-05-26 10:03:36.306 [INFO] main.cpp:354 -   总错误数:     660
2026-05-26 10:03:36.306 [INFO] main.cpp:355 -   发送字节数:   5280
2026-05-26 10:03:36.306 [INFO] main.cpp:356 -   接收字节数:   0
2026-05-26 10:03:36.306 [INFO] main.cpp:357 -   平均延迟:     0.00 ms
2026-05-26 10:03:36.306 [INFO] main.cpp:358 -   最大延迟:     0.00 ms
2026-05-26 10:03:36.306 [INFO] main.cpp:359 -   总线争用次数: 0
2026-05-26 10:03:36.306 [INFO] main.cpp:368 - ======== 轮询统计 ========
2026-05-26 10:03:36.306 [INFO] main.cpp:369 -   任务组数:     20
2026-05-26 10:03:36.306 [INFO] main.cpp:370 -   成功事务:     0
2026-05-26 10:03:36.306 [INFO] main.cpp:371 -   失败事务:     660
2026-05-26 10:03:36.306 [INFO] main.cpp:373 -   成功率:       0.0%
2026-05-26 10:03:36.306 [INFO] main.cpp:378 - ======== 命令队列统计 ========
2026-05-26 10:03:36.306 [INFO] main.cpp:379 -   已提交: 0  已执行: 0  成功: 0  失败: 0
2026-05-26 10:03:36.307 [INFO] main.cpp:384 -   队列大小: 0  平均耗时: 0.0ms
2026-05-26 10:03:37.308 [INFO] main.cpp:352 - ======== 总线统计 ========
2026-05-26 10:03:37.308 [INFO] main.cpp:353 -   总事务数:     660
2026-05-26 10:03:37.309 [INFO] main.cpp:354 -   总错误数:     660
2026-05-26 10:03:37.309 [INFO] main.cpp:355 -   发送字节数:   5280
2026-05-26 10:03:37.309 [INFO] main.cpp:356 -   接收字节数:   0
2026-05-26 10:03:37.310 [INFO] main.cpp:357 -   平均延迟:     0.00 ms
2026-05-26 10:03:37.310 [INFO] main.cpp:358 -   最大延迟:     0.00 ms
2026-05-26 10:03:37.310 [INFO] main.cpp:359 -   总线争用次数: 0
2026-05-26 10:03:37.310 [INFO] main.cpp:368 - ======== 轮询统计 ========
2026-05-26 10:03:37.310 [INFO] main.cpp:369 -   任务组数:     20
2026-05-26 10:03:37.310 [INFO] main.cpp:370 -   成功事务:     0
2026-05-26 10:03:37.310 [INFO] main.cpp:371 -   失败事务:     660
2026-05-26 10:03:37.310 [INFO] main.cpp:373 -   成功率:       0.0%
2026-05-26 10:03:37.310 [INFO] main.cpp:378 - ======== 命令队列统计 ========
2026-05-26 10:03:37.310 [INFO] main.cpp:379 -   已提交: 0  已执行: 0  成功: 0  失败: 0
2026-05-26 10:03:37.310 [INFO] main.cpp:384 -   队列大小: 0  平均耗时: 0.0ms
2026-05-26 10:03:38.311 [INFO] main.cpp:352 - ======== 总线统计 ========
2026-05-26 10:03:38.311 [INFO] main.cpp:353 -   总事务数:     660
2026-05-26 10:03:38.311 [INFO] main.cpp:354 -   总错误数:     660
2026-05-26 10:03:38.311 [INFO] main.cpp:355 -   发送字节数:   5280
2026-05-26 10:03:38.311 [INFO] main.cpp:356 -   接收字节数:   0
2026-05-26 10:03:38.311 [INFO] main.cpp:357 -   平均延迟:     0.00 ms
2026-05-26 10:03:38.311 [INFO] main.cpp:358 -   最大延迟:     0.00 ms
2026-05-26 10:03:38.311 [INFO] main.cpp:359 -   总线争用次数: 0
2026-05-26 10:03:38.311 [INFO] main.cpp:368 - ======== 轮询统计 ========
2026-05-26 10:03:38.311 [INFO] main.cpp:369 -   任务组数:     20
2026-05-26 10:03:38.311 [INFO] main.cpp:370 -   成功事务:     0
2026-05-26 10:03:38.311 [INFO] main.cpp:371 -   失败事务:     660
2026-05-26 10:03:38.311 [INFO] main.cpp:373 -   成功率:       0.0%
2026-05-26 10:03:38.311 [INFO] main.cpp:378 - ======== 命令队列统计 ========
2026-05-26 10:03:38.311 [INFO] main.cpp:379 -   已提交: 0  已执行: 0  成功: 0  失败: 0
2026-05-26 10:03:38.311 [INFO] main.cpp:384 -   队列大小: 0  平均耗时: 0.0ms
2026-05-26 10:03:39.313 [INFO] main.cpp:352 - ======== 总线统计 ========
2026-05-26 10:03:39.313 [INFO] main.cpp:353 -   总事务数:     680
2026-05-26 10:03:39.313 [INFO] main.cpp:354 -   总错误数:     660
2026-05-26 10:03:39.313 [INFO] main.cpp:355 -   发送字节数:   5440
2026-05-26 10:03:39.313 [INFO] main.cpp:356 -   接收字节数:   0
2026-05-26 10:03:39.313 [INFO] main.cpp:357 -   平均延迟:     0.00 ms
2026-05-26 10:03:39.313 [INFO] main.cpp:358 -   最大延迟:     0.00 ms
2026-05-26 10:03:39.313 [INFO] main.cpp:359 -   总线争用次数: 0
2026-05-26 10:03:39.313 [INFO] main.cpp:368 - ======== 轮询统计 ========
2026-05-26 10:03:39.313 [INFO] main.cpp:369 -   任务组数:     20
2026-05-26 10:03:39.313 [INFO] main.cpp:370 -   成功事务:     0
2026-05-26 10:03:39.313 [INFO] main.cpp:371 -   失败事务:     660
2026-05-26 10:03:39.313 [INFO] main.cpp:373 -   成功率:       0.0%
2026-05-26 10:03:39.313 [INFO] main.cpp:378 - ======== 命令队列统计 ========
2026-05-26 10:03:39.313 [INFO] main.cpp:379 -   已提交: 0  已执行: 0  成功: 0  失败: 0
2026-05-26 10:03:39.313 [INFO] main.cpp:384 -   队列大小: 0  平均耗时: 0.0ms
2026-05-26 10:03:40.314 [INFO] main.cpp:352 - ======== 总线统计 ========
2026-05-26 10:03:40.314 [INFO] main.cpp:353 -   总事务数:     680
2026-05-26 10:03:40.314 [INFO] main.cpp:354 -   总错误数:     680
2026-05-26 10:03:40.314 [INFO] main.cpp:355 -   发送字节数:   5440
2026-05-26 10:03:40.315 [INFO] main.cpp:356 -   接收字节数:   0
2026-05-26 10:03:40.315 [INFO] main.cpp:357 -   平均延迟:     0.00 ms
2026-05-26 10:03:40.315 [INFO] main.cpp:358 -   最大延迟:     0.00 ms
2026-05-26 10:03:40.315 [INFO] main.cpp:359 -   总线争用次数: 0
2026-05-26 10:03:40.315 [INFO] main.cpp:368 - ======== 轮询统计 ========
2026-05-26 10:03:40.315 [INFO] main.cpp:369 -   任务组数:     20
2026-05-26 10:03:40.315 [INFO] main.cpp:370 -   成功事务:     0
2026-05-26 10:03:40.315 [INFO] main.cpp:371 -   失败事务:     680
2026-05-26 10:03:40.315 [INFO] main.cpp:373 -   成功率:       0.0%
2026-05-26 10:03:40.315 [INFO] main.cpp:378 - ======== 命令队列统计 ========
2026-05-26 10:03:40.315 [INFO] main.cpp:379 -   已提交: 0  已执行: 0  成功: 0  失败: 0
2026-05-26 10:03:40.315 [INFO] main.cpp:384 -   队列大小: 0  平均耗时: 0.0ms
2026-05-26 10:03:41.316 [INFO] main.cpp:352 - ======== 总线统计 ========
2026-05-26 10:03:41.316 [INFO] main.cpp:353 -   总事务数:     680
2026-05-26 10:03:41.316 [INFO] main.cpp:354 -   总错误数:     680
2026-05-26 10:03:41.316 [INFO] main.cpp:355 -   发送字节数:   5440
2026-05-26 10:03:41.316 [INFO] main.cpp:356 -   接收字节数:   0
2026-05-26 10:03:41.316 [INFO] main.cpp:357 -   平均延迟:     0.00 ms
2026-05-26 10:03:41.316 [INFO] main.cpp:358 -   最大延迟:     0.00 ms
2026-05-26 10:03:41.316 [INFO] main.cpp:359 -   总线争用次数: 0
2026-05-26 10:03:41.316 [INFO] main.cpp:368 - ======== 轮询统计 ========
2026-05-26 10:03:41.316 [INFO] main.cpp:369 -   任务组数:     20
2026-05-26 10:03:41.316 [INFO] main.cpp:370 -   成功事务:     0
2026-05-26 10:03:41.317 [INFO] main.cpp:371 -   失败事务:     680
2026-05-26 10:03:41.317 [INFO] main.cpp:373 -   成功率:       0.0%
2026-05-26 10:03:41.317 [INFO] main.cpp:378 - ======== 命令队列统计 ========
2026-05-26 10:03:41.317 [INFO] main.cpp:379 -   已提交: 0  已执行: 0  成功: 0  失败: 0
2026-05-26 10:03:41.317 [INFO] main.cpp:384 -   队列大小: 0  平均耗时: 0.0ms
2026-05-26 10:03:42.318 [INFO] main.cpp:352 - ======== 总线统计 ========
2026-05-26 10:03:42.318 [INFO] main.cpp:353 -   总事务数:     680
2026-05-26 10:03:42.318 [INFO] main.cpp:354 -   总错误数:     680
2026-05-26 10:03:42.318 [INFO] main.cpp:355 -   发送字节数:   5440
2026-05-26 10:03:42.318 [INFO] main.cpp:356 -   接收字节数:   0
2026-05-26 10:03:42.318 [INFO] main.cpp:357 -   平均延迟:     0.00 ms
2026-05-26 10:03:42.318 [INFO] main.cpp:358 -   最大延迟:     0.00 ms
2026-05-26 10:03:42.318 [INFO] main.cpp:359 -   总线争用次数: 0
2026-05-26 10:03:42.318 [INFO] main.cpp:368 - ======== 轮询统计 ========
2026-05-26 10:03:42.318 [INFO] main.cpp:369 -   任务组数:     20
2026-05-26 10:03:42.318 [INFO] main.cpp:370 -   成功事务:     0
2026-05-26 10:03:42.318 [INFO] main.cpp:371 -   失败事务:     680
2026-05-26 10:03:42.318 [INFO] main.cpp:373 -   成功率:       0.0%
2026-05-26 10:03:42.318 [INFO] main.cpp:378 - ======== 命令队列统计 ========
2026-05-26 10:03:42.318 [INFO] main.cpp:379 -   已提交: 0  已执行: 0  成功: 0  失败: 0
2026-05-26 10:03:42.318 [INFO] main.cpp:384 -   队列大小: 0  平均耗时: 0.0ms
2026-05-26 10:03:43.320 [INFO] main.cpp:352 - ======== 总线统计 ========
2026-05-26 10:03:43.320 [INFO] main.cpp:353 -   总事务数:     680
2026-05-26 10:03:43.320 [INFO] main.cpp:354 -   总错误数:     680
2026-05-26 10:03:43.320 [INFO] main.cpp:355 -   发送字节数:   5440
2026-05-26 10:03:43.320 [INFO] main.cpp:356 -   接收字节数:   0
2026-05-26 10:03:43.320 [INFO] main.cpp:357 -   平均延迟:     0.00 ms
2026-05-26 10:03:43.320 [INFO] main.cpp:358 -   最大延迟:     0.00 ms
2026-05-26 10:03:43.320 [INFO] main.cpp:359 -   总线争用次数: 0
2026-05-26 10:03:43.320 [INFO] main.cpp:368 - ======== 轮询统计 ========
2026-05-26 10:03:43.320 [INFO] main.cpp:369 -   任务组数:     20
2026-05-26 10:03:43.320 [INFO] main.cpp:370 -   成功事务:     0
2026-05-26 10:03:43.320 [INFO] main.cpp:371 -   失败事务:     680
2026-05-26 10:03:43.320 [INFO] main.cpp:373 -   成功率:       0.0%
2026-05-26 10:03:43.320 [INFO] main.cpp:378 - ======== 命令队列统计 ========
2026-05-26 10:03:43.320 [INFO] main.cpp:379 -   已提交: 0  已执行: 0  成功: 0  失败: 0
2026-05-26 10:03:43.320 [INFO] main.cpp:384 -   队列大小: 0  平均耗时: 0.0ms
2026-05-26 10:03:44.321 [INFO] main.cpp:352 - ======== 总线统计 ========
2026-05-26 10:03:44.321 [INFO] main.cpp:353 -   总事务数:     700
2026-05-26 10:03:44.321 [INFO] main.cpp:354 -   总错误数:     680
2026-05-26 10:03:44.321 [INFO] main.cpp:355 -   发送字节数:   5600
2026-05-26 10:03:44.321 [INFO] main.cpp:356 -   接收字节数:   0
2026-05-26 10:03:44.321 [INFO] main.cpp:357 -   平均延迟:     0.00 ms
2026-05-26 10:03:44.321 [INFO] main.cpp:358 -   最大延迟:     0.00 ms
2026-05-26 10:03:44.322 [INFO] main.cpp:359 -   总线争用次数: 0
2026-05-26 10:03:44.322 [INFO] main.cpp:368 - ======== 轮询统计 ========
2026-05-26 10:03:44.322 [INFO] main.cpp:369 -   任务组数:     20
2026-05-26 10:03:44.322 [INFO] main.cpp:370 -   成功事务:     0
2026-05-26 10:03:44.322 [INFO] main.cpp:371 -   失败事务:     680
2026-05-26 10:03:44.322 [INFO] main.cpp:373 -   成功率:       0.0%
2026-05-26 10:03:44.322 [INFO] main.cpp:378 - ======== 命令队列统计 ========
2026-05-26 10:03:44.322 [INFO] main.cpp:379 -   已提交: 0  已执行: 0  成功: 0  失败: 0
2026-05-26 10:03:44.322 [INFO] main.cpp:384 -   队列大小: 0  平均耗时: 0.0ms
2026-05-26 10:03:45.323 [INFO] main.cpp:352 - ======== 总线统计 ========
2026-05-26 10:03:45.323 [INFO] main.cpp:353 -   总事务数:     700
2026-05-26 10:03:45.323 [INFO] main.cpp:354 -   总错误数:     700
2026-05-26 10:03:45.323 [INFO] main.cpp:355 -   发送字节数:   5600
2026-05-26 10:03:45.323 [INFO] main.cpp:356 -   接收字节数:   0
2026-05-26 10:03:45.323 [INFO] main.cpp:357 -   平均延迟:     0.00 ms
2026-05-26 10:03:45.323 [INFO] main.cpp:358 -   最大延迟:     0.00 ms
2026-05-26 10:03:45.323 [INFO] main.cpp:359 -   总线争用次数: 0
2026-05-26 10:03:45.323 [INFO] main.cpp:368 - ======== 轮询统计 ========
2026-05-26 10:03:45.323 [INFO] main.cpp:369 -   任务组数:     20
2026-05-26 10:03:45.323 [INFO] main.cpp:370 -   成功事务:     0
2026-05-26 10:03:45.323 [INFO] main.cpp:371 -   失败事务:     700
2026-05-26 10:03:45.323 [INFO] main.cpp:373 -   成功率:       0.0%
2026-05-26 10:03:45.324 [INFO] main.cpp:378 - ======== 命令队列统计 ========
2026-05-26 10:03:45.324 [INFO] main.cpp:379 -   已提交: 0  已执行: 0  成功: 0  失败: 0
2026-05-26 10:03:45.324 [INFO] main.cpp:384 -   队列大小: 0  平均耗时: 0.0ms
2026-05-26 10:03:46.324 [INFO] main.cpp:352 - ======== 总线统计 ========
2026-05-26 10:03:46.325 [INFO] main.cpp:353 -   总事务数:     700
2026-05-26 10:03:46.325 [INFO] main.cpp:354 -   总错误数:     700
2026-05-26 10:03:46.325 [INFO] main.cpp:355 -   发送字节数:   5600
2026-05-26 10:03:46.325 [INFO] main.cpp:356 -   接收字节数:   0
2026-05-26 10:03:46.325 [INFO] main.cpp:357 -   平均延迟:     0.00 ms
2026-05-26 10:03:46.325 [INFO] main.cpp:358 -   最大延迟:     0.00 ms
2026-05-26 10:03:46.325 [INFO] main.cpp:359 -   总线争用次数: 0
2026-05-26 10:03:46.325 [INFO] main.cpp:368 - ======== 轮询统计 ========
2026-05-26 10:03:46.325 [INFO] main.cpp:369 -   任务组数:     20
2026-05-26 10:03:46.325 [INFO] main.cpp:370 -   成功事务:     0
2026-05-26 10:03:46.325 [INFO] main.cpp:371 -   失败事务:     700
2026-05-26 10:03:46.325 [INFO] main.cpp:373 -   成功率:       0.0%
2026-05-26 10:03:46.325 [INFO] main.cpp:378 - ======== 命令队列统计 ========
2026-05-26 10:03:46.325 [INFO] main.cpp:379 -   已提交: 0  已执行: 0  成功: 0  失败: 0
2026-05-26 10:03:46.325 [INFO] main.cpp:384 -   队列大小: 0  平均耗时: 0.0ms
2026-05-26 10:03:47.326 [INFO] main.cpp:352 - ======== 总线统计 ========
2026-05-26 10:03:47.326 [INFO] main.cpp:353 -   总事务数:     700
2026-05-26 10:03:47.326 [INFO] main.cpp:354 -   总错误数:     700
2026-05-26 10:03:47.326 [INFO] main.cpp:355 -   发送字节数:   5600
2026-05-26 10:03:47.326 [INFO] main.cpp:356 -   接收字节数:   0
2026-05-26 10:03:47.326 [INFO] main.cpp:357 -   平均延迟:     0.00 ms
2026-05-26 10:03:47.326 [INFO] main.cpp:358 -   最大延迟:     0.00 ms
2026-05-26 10:03:47.327 [INFO] main.cpp:359 -   总线争用次数: 0
2026-05-26 10:03:47.327 [INFO] main.cpp:368 - ======== 轮询统计 ========
2026-05-26 10:03:47.327 [INFO] main.cpp:369 -   任务组数:     20
2026-05-26 10:03:47.327 [INFO] main.cpp:370 -   成功事务:     0
2026-05-26 10:03:47.327 [INFO] main.cpp:371 -   失败事务:     700
2026-05-26 10:03:47.327 [INFO] main.cpp:373 -   成功率:       0.0%
2026-05-26 10:03:47.327 [INFO] main.cpp:378 - ======== 命令队列统计 ========
2026-05-26 10:03:47.327 [INFO] main.cpp:379 -   已提交: 0  已执行: 0  成功: 0  失败: 0
2026-05-26 10:03:47.327 [INFO] main.cpp:384 -   队列大小: 0  平均耗时: 0.0ms
2026-05-26 10:03:48.328 [INFO] main.cpp:352 - ======== 总线统计 ========
2026-05-26 10:03:48.328 [INFO] main.cpp:353 -   总事务数:     700
2026-05-26 10:03:48.328 [INFO] main.cpp:354 -   总错误数:     700
2026-05-26 10:03:48.328 [INFO] main.cpp:355 -   发送字节数:   5600
2026-05-26 10:03:48.328 [INFO] main.cpp:356 -   接收字节数:   0
2026-05-26 10:03:48.328 [INFO] main.cpp:357 -   平均延迟:     0.00 ms
2026-05-26 10:03:48.328 [INFO] main.cpp:358 -   最大延迟:     0.00 ms
2026-05-26 10:03:48.328 [INFO] main.cpp:359 -   总线争用次数: 0
2026-05-26 10:03:48.328 [INFO] main.cpp:368 - ======== 轮询统计 ========
2026-05-26 10:03:48.328 [INFO] main.cpp:369 -   任务组数:     20
2026-05-26 10:03:48.328 [INFO] main.cpp:370 -   成功事务:     0
2026-05-26 10:03:48.328 [INFO] main.cpp:371 -   失败事务:     700
2026-05-26 10:03:48.328 [INFO] main.cpp:373 -   成功率:       0.0%
2026-05-26 10:03:48.328 [INFO] main.cpp:378 - ======== 命令队列统计 ========
2026-05-26 10:03:48.328 [INFO] main.cpp:379 -   已提交: 0  已执行: 0  成功: 0  失败: 0
2026-05-26 10:03:48.328 [INFO] main.cpp:384 -   队列大小: 0  平均耗时: 0.0ms
2026-05-26 10:03:49.330 [INFO] main.cpp:352 - ======== 总线统计 ========
2026-05-26 10:03:49.330 [INFO] main.cpp:353 -   总事务数:     720
2026-05-26 10:03:49.330 [INFO] main.cpp:354 -   总错误数:     700
2026-05-26 10:03:49.330 [INFO] main.cpp:355 -   发送字节数:   5760
2026-05-26 10:03:49.330 [INFO] main.cpp:356 -   接收字节数:   0
2026-05-26 10:03:49.330 [INFO] main.cpp:357 -   平均延迟:     0.00 ms
2026-05-26 10:03:49.330 [INFO] main.cpp:358 -   最大延迟:     0.00 ms
2026-05-26 10:03:49.330 [INFO] main.cpp:359 -   总线争用次数: 0
2026-05-26 10:03:49.330 [INFO] main.cpp:368 - ======== 轮询统计 ========
2026-05-26 10:03:49.330 [INFO] main.cpp:369 -   任务组数:     20
2026-05-26 10:03:49.330 [INFO] main.cpp:370 -   成功事务:     0
2026-05-26 10:03:49.330 [INFO] main.cpp:371 -   失败事务:     700
2026-05-26 10:03:49.330 [INFO] main.cpp:373 -   成功率:       0.0%
2026-05-26 10:03:49.330 [INFO] main.cpp:378 - ======== 命令队列统计 ========
2026-05-26 10:03:49.330 [INFO] main.cpp:379 -   已提交: 0  已执行: 0  成功: 0  失败: 0
2026-05-26 10:03:49.330 [INFO] main.cpp:384 -   队列大小: 0  平均耗时: 0.0ms
2026-05-26 10:03:50.331 [INFO] main.cpp:352 - ======== 总线统计 ========
2026-05-26 10:03:50.331 [INFO] main.cpp:353 -   总事务数:     720
2026-05-26 10:03:50.332 [INFO] main.cpp:354 -   总错误数:     720
2026-05-26 10:03:50.332 [INFO] main.cpp:355 -   发送字节数:   5760
2026-05-26 10:03:50.332 [INFO] main.cpp:356 -   接收字节数:   0
2026-05-26 10:03:50.332 [INFO] main.cpp:357 -   平均延迟:     0.00 ms
2026-05-26 10:03:50.332 [INFO] main.cpp:358 -   最大延迟:     0.00 ms
2026-05-26 10:03:50.332 [INFO] main.cpp:359 -   总线争用次数: 0
2026-05-26 10:03:50.332 [INFO] main.cpp:368 - ======== 轮询统计 ========
2026-05-26 10:03:50.332 [INFO] main.cpp:369 -   任务组数:     20
2026-05-26 10:03:50.332 [INFO] main.cpp:370 -   成功事务:     0
2026-05-26 10:03:50.332 [INFO] main.cpp:371 -   失败事务:     720
2026-05-26 10:03:50.332 [INFO] main.cpp:373 -   成功率:       0.0%
2026-05-26 10:03:50.332 [INFO] main.cpp:378 - ======== 命令队列统计 ========
2026-05-26 10:03:50.332 [INFO] main.cpp:379 -   已提交: 0  已执行: 0  成功: 0  失败: 0
2026-05-26 10:03:50.332 [INFO] main.cpp:384 -   队列大小: 0  平均耗时: 0.0ms
2026-05-26 10:03:51.333 [INFO] main.cpp:352 - ======== 总线统计 ========
2026-05-26 10:03:51.333 [INFO] main.cpp:353 -   总事务数:     720
2026-05-26 10:03:51.333 [INFO] main.cpp:354 -   总错误数:     720
2026-05-26 10:03:51.333 [INFO] main.cpp:355 -   发送字节数:   5760
2026-05-26 10:03:51.333 [INFO] main.cpp:356 -   接收字节数:   0
2026-05-26 10:03:51.333 [INFO] main.cpp:357 -   平均延迟:     0.00 ms
2026-05-26 10:03:51.333 [INFO] main.cpp:358 -   最大延迟:     0.00 ms
2026-05-26 10:03:51.333 [INFO] main.cpp:359 -   总线争用次数: 0
2026-05-26 10:03:51.334 [INFO] main.cpp:368 - ======== 轮询统计 ========
2026-05-26 10:03:51.334 [INFO] main.cpp:369 -   任务组数:     20
2026-05-26 10:03:51.334 [INFO] main.cpp:370 -   成功事务:     0
2026-05-26 10:03:51.334 [INFO] main.cpp:371 -   失败事务:     720
2026-05-26 10:03:51.334 [INFO] main.cpp:373 -   成功率:       0.0%
2026-05-26 10:03:51.334 [INFO] main.cpp:378 - ======== 命令队列统计 ========
2026-05-26 10:03:51.334 [INFO] main.cpp:379 -   已提交: 0  已执行: 0  成功: 0  失败: 0
2026-05-26 10:03:51.334 [INFO] main.cpp:384 -   队列大小: 0  平均耗时: 0.0ms
2026-05-26 10:03:52.334 [INFO] main.cpp:352 - ======== 总线统计 ========
2026-05-26 10:03:52.335 [INFO] main.cpp:353 -   总事务数:     720
2026-05-26 10:03:52.335 [INFO] main.cpp:354 -   总错误数:     720
2026-05-26 10:03:52.335 [INFO] main.cpp:355 -   发送字节数:   5760
2026-05-26 10:03:52.335 [INFO] main.cpp:356 -   接收字节数:   0
2026-05-26 10:03:52.335 [INFO] main.cpp:357 -   平均延迟:     0.00 ms
2026-05-26 10:03:52.335 [INFO] main.cpp:358 -   最大延迟:     0.00 ms
2026-05-26 10:03:52.335 [INFO] main.cpp:359 -   总线争用次数: 0
2026-05-26 10:03:52.335 [INFO] main.cpp:368 - ======== 轮询统计 ========
2026-05-26 10:03:52.335 [INFO] main.cpp:369 -   任务组数:     20
2026-05-26 10:03:52.335 [INFO] main.cpp:370 -   成功事务:     0
2026-05-26 10:03:52.335 [INFO] main.cpp:371 -   失败事务:     720
2026-05-26 10:03:52.335 [INFO] main.cpp:373 -   成功率:       0.0%
2026-05-26 10:03:52.335 [INFO] main.cpp:378 - ======== 命令队列统计 ========
2026-05-26 10:03:52.335 [INFO] main.cpp:379 -   已提交: 0  已执行: 0  成功: 0  失败: 0
2026-05-26 10:03:52.335 [INFO] main.cpp:384 -   队列大小: 0  平均耗时: 0.0ms
2026-05-26 10:03:53.336 [INFO] main.cpp:352 - ======== 总线统计 ========
2026-05-26 10:03:53.336 [INFO] main.cpp:353 -   总事务数:     720
2026-05-26 10:03:53.336 [INFO] main.cpp:354 -   总错误数:     720
2026-05-26 10:03:53.336 [INFO] main.cpp:355 -   发送字节数:   5760
2026-05-26 10:03:53.336 [INFO] main.cpp:356 -   接收字节数:   0
2026-05-26 10:03:53.336 [INFO] main.cpp:357 -   平均延迟:     0.00 ms
2026-05-26 10:03:53.336 [INFO] main.cpp:358 -   最大延迟:     0.00 ms
2026-05-26 10:03:53.337 [INFO] main.cpp:359 -   总线争用次数: 0
2026-05-26 10:03:53.337 [INFO] main.cpp:368 - ======== 轮询统计 ========
2026-05-26 10:03:53.337 [INFO] main.cpp:369 -   任务组数:     20
2026-05-26 10:03:53.337 [INFO] main.cpp:370 -   成功事务:     0
2026-05-26 10:03:53.337 [INFO] main.cpp:371 -   失败事务:     720
2026-05-26 10:03:53.337 [INFO] main.cpp:373 -   成功率:       0.0%
2026-05-26 10:03:53.337 [INFO] main.cpp:378 - ======== 命令队列统计 ========
2026-05-26 10:03:53.337 [INFO] main.cpp:379 -   已提交: 0  已执行: 0  成功: 0  失败: 0
2026-05-26 10:03:53.337 [INFO] main.cpp:384 -   队列大小: 0  平均耗时: 0.0ms
2026-05-26 10:03:54.338 [INFO] main.cpp:352 - ======== 总线统计 ========
2026-05-26 10:03:54.338 [INFO] main.cpp:353 -   总事务数:     740
2026-05-26 10:03:54.338 [INFO] main.cpp:354 -   总错误数:     720
2026-05-26 10:03:54.338 [INFO] main.cpp:355 -   发送字节数:   5920
2026-05-26 10:03:54.338 [INFO] main.cpp:356 -   接收字节数:   0
2026-05-26 10:03:54.338 [INFO] main.cpp:357 -   平均延迟:     0.00 ms
2026-05-26 10:03:54.338 [INFO] main.cpp:358 -   最大延迟:     0.00 ms
2026-05-26 10:03:54.338 [INFO] main.cpp:359 -   总线争用次数: 0
2026-05-26 10:03:54.338 [INFO] main.cpp:368 - ======== 轮询统计 ========
2026-05-26 10:03:54.338 [INFO] main.cpp:369 -   任务组数:     20
2026-05-26 10:03:54.338 [INFO] main.cpp:370 -   成功事务:     0
2026-05-26 10:03:54.338 [INFO] main.cpp:371 -   失败事务:     720
2026-05-26 10:03:54.338 [INFO] main.cpp:373 -   成功率:       0.0%
2026-05-26 10:03:54.338 [INFO] main.cpp:378 - ======== 命令队列统计 ========
2026-05-26 10:03:54.338 [INFO] main.cpp:379 -   已提交: 0  已执行: 0  成功: 0  失败: 0
2026-05-26 10:03:54.339 [INFO] main.cpp:384 -   队列大小: 0  平均耗时: 0.0ms
2026-05-26 10:03:55.340 [INFO] main.cpp:352 - ======== 总线统计 ========
2026-05-26 10:03:55.340 [INFO] main.cpp:353 -   总事务数:     740
2026-05-26 10:03:55.340 [INFO] main.cpp:354 -   总错误数:     740
2026-05-26 10:03:55.340 [INFO] main.cpp:355 -   发送字节数:   5920
2026-05-26 10:03:55.340 [INFO] main.cpp:356 -   接收字节数:   0
2026-05-26 10:03:55.340 [INFO] main.cpp:357 -   平均延迟:     0.00 ms
2026-05-26 10:03:55.340 [INFO] main.cpp:358 -   最大延迟:     0.00 ms
2026-05-26 10:03:55.340 [INFO] main.cpp:359 -   总线争用次数: 0
2026-05-26 10:03:55.340 [INFO] main.cpp:368 - ======== 轮询统计 ========
2026-05-26 10:03:55.340 [INFO] main.cpp:369 -   任务组数:     20
2026-05-26 10:03:55.340 [INFO] main.cpp:370 -   成功事务:     0
2026-05-26 10:03:55.340 [INFO] main.cpp:371 -   失败事务:     740
2026-05-26 10:03:55.340 [INFO] main.cpp:373 -   成功率:       0.0%
2026-05-26 10:03:55.340 [INFO] main.cpp:378 - ======== 命令队列统计 ========
2026-05-26 10:03:55.340 [INFO] main.cpp:379 -   已提交: 0  已执行: 0  成功: 0  失败: 0
2026-05-26 10:03:55.340 [INFO] main.cpp:384 -   队列大小: 0  平均耗时: 0.0ms
2026-05-26 10:03:56.341 [INFO] main.cpp:352 - ======== 总线统计 ========
2026-05-26 10:03:56.341 [INFO] main.cpp:353 -   总事务数:     740
2026-05-26 10:03:56.341 [INFO] main.cpp:354 -   总错误数:     740
2026-05-26 10:03:56.341 [INFO] main.cpp:355 -   发送字节数:   5920
2026-05-26 10:03:56.341 [INFO] main.cpp:356 -   接收字节数:   0
2026-05-26 10:03:56.341 [INFO] main.cpp:357 -   平均延迟:     0.00 ms
2026-05-26 10:03:56.341 [INFO] main.cpp:358 -   最大延迟:     0.00 ms
2026-05-26 10:03:56.342 [INFO] main.cpp:359 -   总线争用次数: 0
2026-05-26 10:03:56.342 [INFO] main.cpp:368 - ======== 轮询统计 ========
2026-05-26 10:03:56.342 [INFO] main.cpp:369 -   任务组数:     20
2026-05-26 10:03:56.342 [INFO] main.cpp:370 -   成功事务:     0
2026-05-26 10:03:56.342 [INFO] main.cpp:371 -   失败事务:     740
2026-05-26 10:03:56.342 [INFO] main.cpp:373 -   成功率:       0.0%
2026-05-26 10:03:56.342 [INFO] main.cpp:378 - ======== 命令队列统计 ========
2026-05-26 10:03:56.342 [INFO] main.cpp:379 -   已提交: 0  已执行: 0  成功: 0  失败: 0
2026-05-26 10:03:56.342 [INFO] main.cpp:384 -   队列大小: 0  平均耗时: 0.0ms
