======================================================
  日志系统启动: 2026-05-26 10:25:07.168
  日志文件: ./logs/gateway_20260526_102507.log
  最大文件数: 50
  最低级别: INFO
======================================================
2026-05-26 10:25:07.168 [INFO] main.cpp:171 - === 系统启动 ===
2026-05-26 10:25:07.168 [INFO] main.cpp:172 - 串口: /dev/ttyS9, 波特率: 9600, 工作线程: 4
2026-05-26 10:25:07.168 [INFO] main.cpp:176 - 所有设备已初始化
2026-05-26 10:25:07.168 [INFO] main.cpp:183 - 应用管理器已启动, 注册了 1 个应用
2026-05-26 10:25:07.169 [INFO] main.cpp:188 - Web 服务器已启动
2026-05-26 10:25:07.169 [INFO] main.cpp:193 - 初始化串口总线: /dev/ttyS9 @ 9600 baud
2026-05-26 10:25:07.169 [INFO] command_queue.cpp:38 - 命令队列启动, 工作线程数: 1
2026-05-26 10:25:07.169 [INFO] main.cpp:211 - 串口总线已就绪, 工作线程数: 4
2026-05-26 10:25:07.169 [INFO] command_queue.cpp:228 - 命令处理线程 #0 已启动
2026-05-26 10:25:07.169 [INFO] main.cpp:310 - 共 20 个轮询任务:
2026-05-26 10:25:07.169 [INFO] main.cpp:313 -   [1] PM2.5传感器 - PM2.5 (间隔: 5000 ms)
2026-05-26 10:25:07.169 [INFO] main.cpp:313 -   [2] PM10传感器 - PM10 (间隔: 5000 ms)
2026-05-26 10:25:07.170 [INFO] main.cpp:313 -   [3] 湿度传感器 - 湿度 (间隔: 5000 ms)
2026-05-26 10:25:07.170 [INFO] main.cpp:313 -   [4] 温度传感器 - 温度 (间隔: 5000 ms)
2026-05-26 10:25:07.170 [INFO] main.cpp:313 -   [5] TVOC传感器 - TVOC (间隔: 5000 ms)
2026-05-26 10:25:07.170 [INFO] main.cpp:313 -   [6] 甲醛传感器 - 甲醛 (间隔: 5000 ms)
2026-05-26 10:25:07.170 [INFO] main.cpp:313 -   [7] 臭氧传感器 - 臭氧 (间隔: 5000 ms)
2026-05-26 10:25:07.170 [INFO] main.cpp:313 -   [8] CO2传感器 - CO2 (间隔: 5000 ms)
2026-05-26 10:25:07.170 [INFO] main.cpp:313 -   [9] 烟雾报警器 - 报警状态 (间隔: 5000 ms)
2026-05-26 10:25:07.170 [INFO] main.cpp:313 -   [10] 恒湿净化一体机 - 环境数据 (间隔: 5000 ms)
2026-05-26 10:25:07.170 [INFO] main.cpp:313 -   [11] 恒湿净化一体机 - 电源状态 (间隔: 5000 ms)
2026-05-26 10:25:07.170 [INFO] main.cpp:313 -   [12] 恒湿净化一体机 - 故障状态 (间隔: 5000 ms)
2026-05-26 10:25:07.170 [INFO] main.cpp:313 -   [13] 报警装置 - 状态 (间隔: 5000 ms)
2026-05-26 10:25:07.170 [INFO] main.cpp:313 -   [14] 水浸传感器 - 浸水状态 (间隔: 5000 ms)
2026-05-26 10:25:07.170 [INFO] main.cpp:313 -   [15] 红外探测器 - 红外状态 (间隔: 5000 ms)
2026-05-26 10:25:07.170 [INFO] main.cpp:313 -   [16] 红外探测器 - 雷达状态 (间隔: 5000 ms)
2026-05-26 10:25:07.170 [INFO] main.cpp:313 -   [17] 霉菌空气净化机 - 环境数据 (间隔: 5000 ms)
2026-05-26 10:25:07.170 [INFO] main.cpp:313 -   [18] 霉菌空气净化机 - 运行模式 (间隔: 5000 ms)
2026-05-26 10:25:07.170 [INFO] main.cpp:313 -   [19] 霉菌空气净化机 - 电源状态 (间隔: 5000 ms)
2026-05-26 10:25:07.170 [INFO] main.cpp:313 -   [20] 弱光检测传感器 - 光照度 (间隔: 5000 ms)
2026-05-26 10:25:07.172 [INFO] main.cpp:330 - 多线程轮询已启动, 按 Ctrl+C 退出
2026-05-26 10:25:08.173 [INFO] main.cpp:352 - ======== 总线统计 ========
2026-05-26 10:25:08.174 [INFO] main.cpp:353 -   总事务数:     20
2026-05-26 10:25:08.174 [INFO] main.cpp:354 -   总错误数:     0
2026-05-26 10:25:08.174 [INFO] main.cpp:355 -   发送字节数:   160
2026-05-26 10:25:08.174 [INFO] main.cpp:356 -   接收字节数:   0
2026-05-26 10:25:08.174 [INFO] main.cpp:357 -   平均延迟:     0.00 ms
2026-05-26 10:25:08.174 [INFO] main.cpp:358 -   最大延迟:     0.00 ms
2026-05-26 10:25:08.174 [INFO] main.cpp:359 -   总线争用次数: 0
2026-05-26 10:25:08.174 [INFO] main.cpp:368 - ======== 轮询统计 ========
2026-05-26 10:25:08.174 [INFO] main.cpp:369 -   任务组数:     20
2026-05-26 10:25:08.174 [INFO] main.cpp:370 -   成功事务:     0
2026-05-26 10:25:08.174 [INFO] main.cpp:371 -   失败事务:     0
2026-05-26 10:25:08.174 [INFO] main.cpp:378 - ======== 命令队列统计 ========
2026-05-26 10:25:08.174 [INFO] main.cpp:379 -   已提交: 0  已执行: 0  成功: 0  失败: 0
2026-05-26 10:25:08.174 [INFO] main.cpp:384 -   队列大小: 0  平均耗时: 0.0ms
2026-05-26 10:25:09.176 [INFO] main.cpp:352 - ======== 总线统计 ========
2026-05-26 10:25:09.176 [INFO] main.cpp:353 -   总事务数:     20
2026-05-26 10:25:09.176 [INFO] main.cpp:354 -   总错误数:     20
2026-05-26 10:25:09.176 [INFO] main.cpp:355 -   发送字节数:   160
2026-05-26 10:25:09.176 [INFO] main.cpp:356 -   接收字节数:   0
2026-05-26 10:25:09.176 [INFO] main.cpp:357 -   平均延迟:     0.00 ms
2026-05-26 10:25:09.176 [INFO] main.cpp:358 -   最大延迟:     0.00 ms
2026-05-26 10:25:09.176 [INFO] main.cpp:359 -   总线争用次数: 0
2026-05-26 10:25:09.176 [INFO] main.cpp:368 - ======== 轮询统计 ========
2026-05-26 10:25:09.176 [INFO] main.cpp:369 -   任务组数:     20
2026-05-26 10:25:09.176 [INFO] main.cpp:370 -   成功事务:     0
2026-05-26 10:25:09.176 [INFO] main.cpp:371 -   失败事务:     20
2026-05-26 10:25:09.176 [INFO] main.cpp:373 -   成功率:       0.0%
2026-05-26 10:25:09.176 [INFO] main.cpp:378 - ======== 命令队列统计 ========
2026-05-26 10:25:09.176 [INFO] main.cpp:379 -   已提交: 0  已执行: 0  成功: 0  失败: 0
2026-05-26 10:25:09.176 [INFO] main.cpp:384 -   队列大小: 0  平均耗时: 0.0ms
2026-05-26 10:25:10.177 [INFO] main.cpp:352 - ======== 总线统计 ========
2026-05-26 10:25:10.178 [INFO] main.cpp:353 -   总事务数:     20
2026-05-26 10:25:10.178 [INFO] main.cpp:354 -   总错误数:     20
2026-05-26 10:25:10.178 [INFO] main.cpp:355 -   发送字节数:   160
2026-05-26 10:25:10.178 [INFO] main.cpp:356 -   接收字节数:   0
2026-05-26 10:25:10.178 [INFO] main.cpp:357 -   平均延迟:     0.00 ms
2026-05-26 10:25:10.178 [INFO] main.cpp:358 -   最大延迟:     0.00 ms
2026-05-26 10:25:10.178 [INFO] main.cpp:359 -   总线争用次数: 0
2026-05-26 10:25:10.178 [INFO] main.cpp:368 - ======== 轮询统计 ========
2026-05-26 10:25:10.178 [INFO] main.cpp:369 -   任务组数:     20
2026-05-26 10:25:10.178 [INFO] main.cpp:370 -   成功事务:     0
2026-05-26 10:25:10.178 [INFO] main.cpp:371 -   失败事务:     20
2026-05-26 10:25:10.178 [INFO] main.cpp:373 -   成功率:       0.0%
2026-05-26 10:25:10.178 [INFO] main.cpp:378 - ======== 命令队列统计 ========
2026-05-26 10:25:10.178 [INFO] main.cpp:379 -   已提交: 0  已执行: 0  成功: 0  失败: 0
2026-05-26 10:25:10.178 [INFO] main.cpp:384 -   队列大小: 0  平均耗时: 0.0ms
2026-05-26 10:25:11.180 [INFO] main.cpp:352 - ======== 总线统计 ========
2026-05-26 10:25:11.180 [INFO] main.cpp:353 -   总事务数:     20
2026-05-26 10:25:11.180 [INFO] main.cpp:354 -   总错误数:     20
2026-05-26 10:25:11.180 [INFO] main.cpp:355 -   发送字节数:   160
2026-05-26 10:25:11.180 [INFO] main.cpp:356 -   接收字节数:   0
2026-05-26 10:25:11.180 [INFO] main.cpp:357 -   平均延迟:     0.00 ms
2026-05-26 10:25:11.180 [INFO] main.cpp:358 -   最大延迟:     0.00 ms
2026-05-26 10:25:11.180 [INFO] main.cpp:359 -   总线争用次数: 0
2026-05-26 10:25:11.180 [INFO] main.cpp:368 - ======== 轮询统计 ========
2026-05-26 10:25:11.180 [INFO] main.cpp:369 -   任务组数:     20
2026-05-26 10:25:11.180 [INFO] main.cpp:370 -   成功事务:     0
2026-05-26 10:25:11.180 [INFO] main.cpp:371 -   失败事务:     20
2026-05-26 10:25:11.180 [INFO] main.cpp:373 -   成功率:       0.0%
2026-05-26 10:25:11.180 [INFO] main.cpp:378 - ======== 命令队列统计 ========
2026-05-26 10:25:11.180 [INFO] main.cpp:379 -   已提交: 0  已执行: 0  成功: 0  失败: 0
2026-05-26 10:25:11.180 [INFO] main.cpp:384 -   队列大小: 0  平均耗时: 0.0ms
2026-05-26 10:25:12.181 [INFO] main.cpp:352 - ======== 总线统计 ========
2026-05-26 10:25:12.182 [INFO] main.cpp:353 -   总事务数:     40
2026-05-26 10:25:12.182 [INFO] main.cpp:354 -   总错误数:     20
2026-05-26 10:25:12.182 [INFO] main.cpp:355 -   发送字节数:   160
2026-05-26 10:25:12.182 [INFO] main.cpp:356 -   接收字节数:   0
2026-05-26 10:25:12.182 [INFO] main.cpp:357 -   平均延迟:     0.00 ms
2026-05-26 10:25:12.182 [INFO] main.cpp:358 -   最大延迟:     0.00 ms
2026-05-26 10:25:12.182 [INFO] main.cpp:359 -   总线争用次数: 0
2026-05-26 10:25:12.182 [INFO] main.cpp:368 - ======== 轮询统计 ========
2026-05-26 10:25:12.182 [INFO] main.cpp:369 -   任务组数:     20
2026-05-26 10:25:12.182 [INFO] main.cpp:370 -   成功事务:     0
2026-05-26 10:25:12.182 [INFO] main.cpp:371 -   失败事务:     20
2026-05-26 10:25:12.182 [INFO] main.cpp:373 -   成功率:       0.0%
2026-05-26 10:25:12.182 [INFO] main.cpp:378 - ======== 命令队列统计 ========
2026-05-26 10:25:12.182 [INFO] main.cpp:379 -   已提交: 0  已执行: 0  成功: 0  失败: 0
2026-05-26 10:25:12.182 [INFO] main.cpp:384 -   队列大小: 0  平均耗时: 0.0ms
2026-05-26 10:25:13.184 [INFO] main.cpp:352 - ======== 总线统计 ========
2026-05-26 10:25:13.184 [INFO] main.cpp:353 -   总事务数:     40
2026-05-26 10:25:13.184 [INFO] main.cpp:354 -   总错误数:     20
2026-05-26 10:25:13.184 [INFO] main.cpp:355 -   发送字节数:   320
2026-05-26 10:25:13.184 [INFO] main.cpp:356 -   接收字节数:   0
2026-05-26 10:25:13.184 [INFO] main.cpp:357 -   平均延迟:     0.00 ms
2026-05-26 10:25:13.184 [INFO] main.cpp:358 -   最大延迟:     0.00 ms
2026-05-26 10:25:13.184 [INFO] main.cpp:359 -   总线争用次数: 0
2026-05-26 10:25:13.184 [INFO] main.cpp:368 - ======== 轮询统计 ========
2026-05-26 10:25:13.184 [INFO] main.cpp:369 -   任务组数:     20
2026-05-26 10:25:13.184 [INFO] main.cpp:370 -   成功事务:     0
2026-05-26 10:25:13.184 [INFO] main.cpp:371 -   失败事务:     20
2026-05-26 10:25:13.184 [INFO] main.cpp:373 -   成功率:       0.0%
2026-05-26 10:25:13.184 [INFO] main.cpp:378 - ======== 命令队列统计 ========
2026-05-26 10:25:13.184 [INFO] main.cpp:379 -   已提交: 0  已执行: 0  成功: 0  失败: 0
2026-05-26 10:25:13.184 [INFO] main.cpp:384 -   队列大小: 0  平均耗时: 0.0ms
2026-05-26 10:25:14.184 [INFO] main.cpp:352 - ======== 总线统计 ========
2026-05-26 10:25:14.185 [INFO] main.cpp:353 -   总事务数:     40
2026-05-26 10:25:14.185 [INFO] main.cpp:354 -   总错误数:     40
2026-05-26 10:25:14.185 [INFO] main.cpp:355 -   发送字节数:   320
2026-05-26 10:25:14.185 [INFO] main.cpp:356 -   接收字节数:   0
2026-05-26 10:25:14.185 [INFO] main.cpp:357 -   平均延迟:     0.00 ms
2026-05-26 10:25:14.185 [INFO] main.cpp:358 -   最大延迟:     0.00 ms
2026-05-26 10:25:14.185 [INFO] main.cpp:359 -   总线争用次数: 0
2026-05-26 10:25:14.185 [INFO] main.cpp:368 - ======== 轮询统计 ========
2026-05-26 10:25:14.185 [INFO] main.cpp:369 -   任务组数:     20
2026-05-26 10:25:14.185 [INFO] main.cpp:370 -   成功事务:     0
2026-05-26 10:25:14.185 [INFO] main.cpp:371 -   失败事务:     40
2026-05-26 10:25:14.185 [INFO] main.cpp:373 -   成功率:       0.0%
2026-05-26 10:25:14.185 [INFO] main.cpp:378 - ======== 命令队列统计 ========
2026-05-26 10:25:14.185 [INFO] main.cpp:379 -   已提交: 0  已执行: 0  成功: 0  失败: 0
2026-05-26 10:25:14.185 [INFO] main.cpp:384 -   队列大小: 0  平均耗时: 0.0ms
2026-05-26 10:25:15.186 [INFO] main.cpp:352 - ======== 总线统计 ========
2026-05-26 10:25:15.186 [INFO] main.cpp:353 -   总事务数:     40
2026-05-26 10:25:15.186 [INFO] main.cpp:354 -   总错误数:     40
2026-05-26 10:25:15.187 [INFO] main.cpp:355 -   发送字节数:   320
2026-05-26 10:25:15.187 [INFO] main.cpp:356 -   接收字节数:   0
2026-05-26 10:25:15.187 [INFO] main.cpp:357 -   平均延迟:     0.00 ms
2026-05-26 10:25:15.187 [INFO] main.cpp:358 -   最大延迟:     0.00 ms
2026-05-26 10:25:15.187 [INFO] main.cpp:359 -   总线争用次数: 0
2026-05-26 10:25:15.187 [INFO] main.cpp:368 - ======== 轮询统计 ========
2026-05-26 10:25:15.187 [INFO] main.cpp:369 -   任务组数:     20
2026-05-26 10:25:15.187 [INFO] main.cpp:370 -   成功事务:     0
2026-05-26 10:25:15.187 [INFO] main.cpp:371 -   失败事务:     40
2026-05-26 10:25:15.187 [INFO] main.cpp:373 -   成功率:       0.0%
2026-05-26 10:25:15.187 [INFO] main.cpp:378 - ======== 命令队列统计 ========
2026-05-26 10:25:15.187 [INFO] main.cpp:379 -   已提交: 0  已执行: 0  成功: 0  失败: 0
2026-05-26 10:25:15.187 [INFO] main.cpp:384 -   队列大小: 0  平均耗时: 0.0ms
2026-05-26 10:25:16.188 [INFO] main.cpp:352 - ======== 总线统计 ========
2026-05-26 10:25:16.188 [INFO] main.cpp:353 -   总事务数:     40
2026-05-26 10:25:16.188 [INFO] main.cpp:354 -   总错误数:     40
2026-05-26 10:25:16.188 [INFO] main.cpp:355 -   发送字节数:   320
2026-05-26 10:25:16.188 [INFO] main.cpp:356 -   接收字节数:   0
2026-05-26 10:25:16.188 [INFO] main.cpp:357 -   平均延迟:     0.00 ms
2026-05-26 10:25:16.188 [INFO] main.cpp:358 -   最大延迟:     0.00 ms
2026-05-26 10:25:16.188 [INFO] main.cpp:359 -   总线争用次数: 0
2026-05-26 10:25:16.188 [INFO] main.cpp:368 - ======== 轮询统计 ========
2026-05-26 10:25:16.188 [INFO] main.cpp:369 -   任务组数:     20
2026-05-26 10:25:16.188 [INFO] main.cpp:370 -   成功事务:     0
2026-05-26 10:25:16.188 [INFO] main.cpp:371 -   失败事务:     40
2026-05-26 10:25:16.188 [INFO] main.cpp:373 -   成功率:       0.0%
2026-05-26 10:25:16.189 [INFO] main.cpp:378 - ======== 命令队列统计 ========
2026-05-26 10:25:16.189 [INFO] main.cpp:379 -   已提交: 0  已执行: 0  成功: 0  失败: 0
2026-05-26 10:25:16.189 [INFO] main.cpp:384 -   队列大小: 0  平均耗时: 0.0ms
2026-05-26 10:25:17.190 [INFO] main.cpp:352 - ======== 总线统计 ========
2026-05-26 10:25:17.190 [INFO] main.cpp:353 -   总事务数:     60
2026-05-26 10:25:17.190 [INFO] main.cpp:354 -   总错误数:     40
2026-05-26 10:25:17.190 [INFO] main.cpp:355 -   发送字节数:   320
2026-05-26 10:25:17.190 [INFO] main.cpp:356 -   接收字节数:   0
2026-05-26 10:25:17.190 [INFO] main.cpp:357 -   平均延迟:     0.00 ms
2026-05-26 10:25:17.190 [INFO] main.cpp:358 -   最大延迟:     0.00 ms
2026-05-26 10:25:17.190 [INFO] main.cpp:359 -   总线争用次数: 0
2026-05-26 10:25:17.190 [INFO] main.cpp:368 - ======== 轮询统计 ========
2026-05-26 10:25:17.190 [INFO] main.cpp:369 -   任务组数:     20
2026-05-26 10:25:17.190 [INFO] main.cpp:370 -   成功事务:     0
2026-05-26 10:25:17.190 [INFO] main.cpp:371 -   失败事务:     40
2026-05-26 10:25:17.190 [INFO] main.cpp:373 -   成功率:       0.0%
2026-05-26 10:25:17.190 [INFO] main.cpp:378 - ======== 命令队列统计 ========
2026-05-26 10:25:17.190 [INFO] main.cpp:379 -   已提交: 0  已执行: 0  成功: 0  失败: 0
2026-05-26 10:25:17.191 [INFO] main.cpp:384 -   队列大小: 0  平均耗时: 0.0ms
2026-05-26 10:25:18.191 [INFO] main.cpp:352 - ======== 总线统计 ========
2026-05-26 10:25:18.191 [INFO] main.cpp:353 -   总事务数:     60
2026-05-26 10:25:18.191 [INFO] main.cpp:354 -   总错误数:     40
2026-05-26 10:25:18.191 [INFO] main.cpp:355 -   发送字节数:   480
2026-05-26 10:25:18.191 [INFO] main.cpp:356 -   接收字节数:   0
2026-05-26 10:25:18.191 [INFO] main.cpp:357 -   平均延迟:     0.00 ms
2026-05-26 10:25:18.191 [INFO] main.cpp:358 -   最大延迟:     0.00 ms
2026-05-26 10:25:18.191 [INFO] main.cpp:359 -   总线争用次数: 0
2026-05-26 10:25:18.191 [INFO] main.cpp:368 - ======== 轮询统计 ========
2026-05-26 10:25:18.192 [INFO] main.cpp:369 -   任务组数:     20
2026-05-26 10:25:18.192 [INFO] main.cpp:370 -   成功事务:     0
2026-05-26 10:25:18.192 [INFO] main.cpp:371 -   失败事务:     40
2026-05-26 10:25:18.192 [INFO] main.cpp:373 -   成功率:       0.0%
2026-05-26 10:25:18.192 [INFO] main.cpp:378 - ======== 命令队列统计 ========
2026-05-26 10:25:18.192 [INFO] main.cpp:379 -   已提交: 0  已执行: 0  成功: 0  失败: 0
2026-05-26 10:25:18.192 [INFO] main.cpp:384 -   队列大小: 0  平均耗时: 0.0ms
2026-05-26 10:25:19.193 [INFO] main.cpp:352 - ======== 总线统计 ========
2026-05-26 10:25:19.193 [INFO] main.cpp:353 -   总事务数:     60
2026-05-26 10:25:19.193 [INFO] main.cpp:354 -   总错误数:     60
2026-05-26 10:25:19.193 [INFO] main.cpp:355 -   发送字节数:   480
2026-05-26 10:25:19.193 [INFO] main.cpp:356 -   接收字节数:   0
2026-05-26 10:25:19.193 [INFO] main.cpp:357 -   平均延迟:     0.00 ms
2026-05-26 10:25:19.193 [INFO] main.cpp:358 -   最大延迟:     0.00 ms
2026-05-26 10:25:19.193 [INFO] main.cpp:359 -   总线争用次数: 0
2026-05-26 10:25:19.193 [INFO] main.cpp:368 - ======== 轮询统计 ========
2026-05-26 10:25:19.193 [INFO] main.cpp:369 -   任务组数:     20
2026-05-26 10:25:19.193 [INFO] main.cpp:370 -   成功事务:     0
2026-05-26 10:25:19.194 [INFO] main.cpp:371 -   失败事务:     60
2026-05-26 10:25:19.194 [INFO] main.cpp:373 -   成功率:       0.0%
2026-05-26 10:25:19.194 [INFO] main.cpp:378 - ======== 命令队列统计 ========
2026-05-26 10:25:19.194 [INFO] main.cpp:379 -   已提交: 0  已执行: 0  成功: 0  失败: 0
2026-05-26 10:25:19.194 [INFO] main.cpp:384 -   队列大小: 0  平均耗时: 0.0ms
2026-05-26 10:25:20.194 [INFO] main.cpp:352 - ======== 总线统计 ========
2026-05-26 10:25:20.195 [INFO] main.cpp:353 -   总事务数:     60
2026-05-26 10:25:20.195 [INFO] main.cpp:354 -   总错误数:     60
2026-05-26 10:25:20.195 [INFO] main.cpp:355 -   发送字节数:   480
2026-05-26 10:25:20.195 [INFO] main.cpp:356 -   接收字节数:   0
2026-05-26 10:25:20.195 [INFO] main.cpp:357 -   平均延迟:     0.00 ms
2026-05-26 10:25:20.195 [INFO] main.cpp:358 -   最大延迟:     0.00 ms
2026-05-26 10:25:20.195 [INFO] main.cpp:359 -   总线争用次数: 0
2026-05-26 10:25:20.195 [INFO] main.cpp:368 - ======== 轮询统计 ========
2026-05-26 10:25:20.195 [INFO] main.cpp:369 -   任务组数:     20
2026-05-26 10:25:20.195 [INFO] main.cpp:370 -   成功事务:     0
2026-05-26 10:25:20.195 [INFO] main.cpp:371 -   失败事务:     60
2026-05-26 10:25:20.195 [INFO] main.cpp:373 -   成功率:       0.0%
2026-05-26 10:25:20.195 [INFO] main.cpp:378 - ======== 命令队列统计 ========
2026-05-26 10:25:20.195 [INFO] main.cpp:379 -   已提交: 0  已执行: 0  成功: 0  失败: 0
2026-05-26 10:25:20.195 [INFO] main.cpp:384 -   队列大小: 0  平均耗时: 0.0ms
2026-05-26 10:25:21.196 [INFO] main.cpp:352 - ======== 总线统计 ========
2026-05-26 10:25:21.196 [INFO] main.cpp:353 -   总事务数:     60
2026-05-26 10:25:21.197 [INFO] main.cpp:354 -   总错误数:     60
2026-05-26 10:25:21.197 [INFO] main.cpp:355 -   发送字节数:   480
2026-05-26 10:25:21.197 [INFO] main.cpp:356 -   接收字节数:   0
2026-05-26 10:25:21.197 [INFO] main.cpp:357 -   平均延迟:     0.00 ms
2026-05-26 10:25:21.197 [INFO] main.cpp:358 -   最大延迟:     0.00 ms
2026-05-26 10:25:21.197 [INFO] main.cpp:359 -   总线争用次数: 0
2026-05-26 10:25:21.197 [INFO] main.cpp:368 - ======== 轮询统计 ========
2026-05-26 10:25:21.197 [INFO] main.cpp:369 -   任务组数:     20
2026-05-26 10:25:21.197 [INFO] main.cpp:370 -   成功事务:     0
2026-05-26 10:25:21.197 [INFO] main.cpp:371 -   失败事务:     60
2026-05-26 10:25:21.197 [INFO] main.cpp:373 -   成功率:       0.0%
2026-05-26 10:25:21.197 [INFO] main.cpp:378 - ======== 命令队列统计 ========
2026-05-26 10:25:21.197 [INFO] main.cpp:379 -   已提交: 0  已执行: 0  成功: 0  失败: 0
2026-05-26 10:25:21.197 [INFO] main.cpp:384 -   队列大小: 0  平均耗时: 0.0ms
2026-05-26 10:25:22.198 [INFO] main.cpp:352 - ======== 总线统计 ========
2026-05-26 10:25:22.198 [INFO] main.cpp:353 -   总事务数:     80
2026-05-26 10:25:22.198 [INFO] main.cpp:354 -   总错误数:     60
2026-05-26 10:25:22.198 [INFO] main.cpp:355 -   发送字节数:   480
2026-05-26 10:25:22.198 [INFO] main.cpp:356 -   接收字节数:   0
2026-05-26 10:25:22.198 [INFO] main.cpp:357 -   平均延迟:     0.00 ms
2026-05-26 10:25:22.198 [INFO] main.cpp:358 -   最大延迟:     0.00 ms
2026-05-26 10:25:22.198 [INFO] main.cpp:359 -   总线争用次数: 0
2026-05-26 10:25:22.199 [INFO] main.cpp:368 - ======== 轮询统计 ========
2026-05-26 10:25:22.199 [INFO] main.cpp:369 -   任务组数:     20
2026-05-26 10:25:22.199 [INFO] main.cpp:370 -   成功事务:     0
2026-05-26 10:25:22.199 [INFO] main.cpp:371 -   失败事务:     60
2026-05-26 10:25:22.199 [INFO] main.cpp:373 -   成功率:       0.0%
2026-05-26 10:25:22.199 [INFO] main.cpp:378 - ======== 命令队列统计 ========
2026-05-26 10:25:22.199 [INFO] main.cpp:379 -   已提交: 0  已执行: 0  成功: 0  失败: 0
2026-05-26 10:25:22.199 [INFO] main.cpp:384 -   队列大小: 0  平均耗时: 0.0ms
2026-05-26 10:25:23.200 [INFO] main.cpp:352 - ======== 总线统计 ========
2026-05-26 10:25:23.200 [INFO] main.cpp:353 -   总事务数:     80
2026-05-26 10:25:23.200 [INFO] main.cpp:354 -   总错误数:     60
2026-05-26 10:25:23.200 [INFO] main.cpp:355 -   发送字节数:   640
2026-05-26 10:25:23.200 [INFO] main.cpp:356 -   接收字节数:   0
2026-05-26 10:25:23.200 [INFO] main.cpp:357 -   平均延迟:     0.00 ms
2026-05-26 10:25:23.200 [INFO] main.cpp:358 -   最大延迟:     0.00 ms
2026-05-26 10:25:23.200 [INFO] main.cpp:359 -   总线争用次数: 0
2026-05-26 10:25:23.200 [INFO] main.cpp:368 - ======== 轮询统计 ========
2026-05-26 10:25:23.200 [INFO] main.cpp:369 -   任务组数:     20
2026-05-26 10:25:23.201 [INFO] main.cpp:370 -   成功事务:     0
2026-05-26 10:25:23.201 [INFO] main.cpp:371 -   失败事务:     60
2026-05-26 10:25:23.201 [INFO] main.cpp:373 -   成功率:       0.0%
2026-05-26 10:25:23.201 [INFO] main.cpp:378 - ======== 命令队列统计 ========
2026-05-26 10:25:23.201 [INFO] main.cpp:379 -   已提交: 0  已执行: 0  成功: 0  失败: 0
2026-05-26 10:25:23.201 [INFO] main.cpp:384 -   队列大小: 0  平均耗时: 0.0ms
2026-05-26 10:25:24.201 [INFO] main.cpp:352 - ======== 总线统计 ========
2026-05-26 10:25:24.201 [INFO] main.cpp:353 -   总事务数:     80
2026-05-26 10:25:24.201 [INFO] main.cpp:354 -   总错误数:     80
2026-05-26 10:25:24.201 [INFO] main.cpp:355 -   发送字节数:   640
2026-05-26 10:25:24.201 [INFO] main.cpp:356 -   接收字节数:   0
2026-05-26 10:25:24.201 [INFO] main.cpp:357 -   平均延迟:     0.00 ms
2026-05-26 10:25:24.201 [INFO] main.cpp:358 -   最大延迟:     0.00 ms
2026-05-26 10:25:24.201 [INFO] main.cpp:359 -   总线争用次数: 0
2026-05-26 10:25:24.202 [INFO] main.cpp:368 - ======== 轮询统计 ========
2026-05-26 10:25:24.202 [INFO] main.cpp:369 -   任务组数:     20
2026-05-26 10:25:24.202 [INFO] main.cpp:370 -   成功事务:     0
2026-05-26 10:25:24.202 [INFO] main.cpp:371 -   失败事务:     80
2026-05-26 10:25:24.202 [INFO] main.cpp:373 -   成功率:       0.0%
2026-05-26 10:25:24.202 [INFO] main.cpp:378 - ======== 命令队列统计 ========
2026-05-26 10:25:24.202 [INFO] main.cpp:379 -   已提交: 0  已执行: 0  成功: 0  失败: 0
2026-05-26 10:25:24.202 [INFO] main.cpp:384 -   队列大小: 0  平均耗时: 0.0ms
2026-05-26 10:25:25.203 [INFO] main.cpp:352 - ======== 总线统计 ========
2026-05-26 10:25:25.203 [INFO] main.cpp:353 -   总事务数:     80
2026-05-26 10:25:25.203 [INFO] main.cpp:354 -   总错误数:     80
2026-05-26 10:25:25.203 [INFO] main.cpp:355 -   发送字节数:   640
2026-05-26 10:25:25.203 [INFO] main.cpp:356 -   接收字节数:   0
2026-05-26 10:25:25.203 [INFO] main.cpp:357 -   平均延迟:     0.00 ms
2026-05-26 10:25:25.203 [INFO] main.cpp:358 -   最大延迟:     0.00 ms
2026-05-26 10:25:25.203 [INFO] main.cpp:359 -   总线争用次数: 0
2026-05-26 10:25:25.203 [INFO] main.cpp:368 - ======== 轮询统计 ========
2026-05-26 10:25:25.203 [INFO] main.cpp:369 -   任务组数:     20
2026-05-26 10:25:25.203 [INFO] main.cpp:370 -   成功事务:     0
2026-05-26 10:25:25.204 [INFO] main.cpp:371 -   失败事务:     80
2026-05-26 10:25:25.204 [INFO] main.cpp:373 -   成功率:       0.0%
2026-05-26 10:25:25.204 [INFO] main.cpp:378 - ======== 命令队列统计 ========
2026-05-26 10:25:25.204 [INFO] main.cpp:379 -   已提交: 0  已执行: 0  成功: 0  失败: 0
2026-05-26 10:25:25.204 [INFO] main.cpp:384 -   队列大小: 0  平均耗时: 0.0ms
2026-05-26 10:25:26.204 [INFO] main.cpp:352 - ======== 总线统计 ========
2026-05-26 10:25:26.205 [INFO] main.cpp:353 -   总事务数:     80
2026-05-26 10:25:26.205 [INFO] main.cpp:354 -   总错误数:     80
2026-05-26 10:25:26.205 [INFO] main.cpp:355 -   发送字节数:   640
2026-05-26 10:25:26.205 [INFO] main.cpp:356 -   接收字节数:   0
2026-05-26 10:25:26.205 [INFO] main.cpp:357 -   平均延迟:     0.00 ms
2026-05-26 10:25:26.205 [INFO] main.cpp:358 -   最大延迟:     0.00 ms
2026-05-26 10:25:26.205 [INFO] main.cpp:359 -   总线争用次数: 0
2026-05-26 10:25:26.205 [INFO] main.cpp:368 - ======== 轮询统计 ========
2026-05-26 10:25:26.205 [INFO] main.cpp:369 -   任务组数:     20
2026-05-26 10:25:26.205 [INFO] main.cpp:370 -   成功事务:     0
2026-05-26 10:25:26.205 [INFO] main.cpp:371 -   失败事务:     80
2026-05-26 10:25:26.205 [INFO] main.cpp:373 -   成功率:       0.0%
2026-05-26 10:25:26.205 [INFO] main.cpp:378 - ======== 命令队列统计 ========
2026-05-26 10:25:26.205 [INFO] main.cpp:379 -   已提交: 0  已执行: 0  成功: 0  失败: 0
2026-05-26 10:25:26.205 [INFO] main.cpp:384 -   队列大小: 0  平均耗时: 0.0ms
2026-05-26 10:25:27.206 [INFO] main.cpp:352 - ======== 总线统计 ========
2026-05-26 10:25:27.206 [INFO] main.cpp:353 -   总事务数:     100
2026-05-26 10:25:27.206 [INFO] main.cpp:354 -   总错误数:     80
2026-05-26 10:25:27.207 [INFO] main.cpp:355 -   发送字节数:   640
2026-05-26 10:25:27.207 [INFO] main.cpp:356 -   接收字节数:   0
2026-05-26 10:25:27.207 [INFO] main.cpp:357 -   平均延迟:     0.00 ms
2026-05-26 10:25:27.207 [INFO] main.cpp:358 -   最大延迟:     0.00 ms
2026-05-26 10:25:27.207 [INFO] main.cpp:359 -   总线争用次数: 0
2026-05-26 10:25:27.207 [INFO] main.cpp:368 - ======== 轮询统计 ========
2026-05-26 10:25:27.207 [INFO] main.cpp:369 -   任务组数:     20
2026-05-26 10:25:27.207 [INFO] main.cpp:370 -   成功事务:     0
2026-05-26 10:25:27.207 [INFO] main.cpp:371 -   失败事务:     80
2026-05-26 10:25:27.207 [INFO] main.cpp:373 -   成功率:       0.0%
2026-05-26 10:25:27.207 [INFO] main.cpp:378 - ======== 命令队列统计 ========
2026-05-26 10:25:27.207 [INFO] main.cpp:379 -   已提交: 0  已执行: 0  成功: 0  失败: 0
2026-05-26 10:25:27.207 [INFO] main.cpp:384 -   队列大小: 0  平均耗时: 0.0ms
2026-05-26 10:25:28.208 [INFO] main.cpp:352 - ======== 总线统计 ========
2026-05-26 10:25:28.208 [INFO] main.cpp:353 -   总事务数:     100
2026-05-26 10:25:28.208 [INFO] main.cpp:354 -   总错误数:     80
2026-05-26 10:25:28.208 [INFO] main.cpp:355 -   发送字节数:   800
2026-05-26 10:25:28.208 [INFO] main.cpp:356 -   接收字节数:   0
2026-05-26 10:25:28.208 [INFO] main.cpp:357 -   平均延迟:     0.00 ms
2026-05-26 10:25:28.208 [INFO] main.cpp:358 -   最大延迟:     0.00 ms
2026-05-26 10:25:28.208 [INFO] main.cpp:359 -   总线争用次数: 0
2026-05-26 10:25:28.208 [INFO] main.cpp:368 - ======== 轮询统计 ========
2026-05-26 10:25:28.208 [INFO] main.cpp:369 -   任务组数:     20
2026-05-26 10:25:28.208 [INFO] main.cpp:370 -   成功事务:     0
2026-05-26 10:25:28.208 [INFO] main.cpp:371 -   失败事务:     80
2026-05-26 10:25:28.208 [INFO] main.cpp:373 -   成功率:       0.0%
2026-05-26 10:25:28.208 [INFO] main.cpp:378 - ======== 命令队列统计 ========
2026-05-26 10:25:28.208 [INFO] main.cpp:379 -   已提交: 0  已执行: 0  成功: 0  失败: 0
2026-05-26 10:25:28.208 [INFO] main.cpp:384 -   队列大小: 0  平均耗时: 0.0ms
2026-05-26 10:25:29.210 [INFO] main.cpp:352 - ======== 总线统计 ========
2026-05-26 10:25:29.210 [INFO] main.cpp:353 -   总事务数:     100
2026-05-26 10:25:29.210 [INFO] main.cpp:354 -   总错误数:     100
2026-05-26 10:25:29.210 [INFO] main.cpp:355 -   发送字节数:   800
2026-05-26 10:25:29.210 [INFO] main.cpp:356 -   接收字节数:   0
2026-05-26 10:25:29.210 [INFO] main.cpp:357 -   平均延迟:     0.00 ms
2026-05-26 10:25:29.210 [INFO] main.cpp:358 -   最大延迟:     0.00 ms
2026-05-26 10:25:29.210 [INFO] main.cpp:359 -   总线争用次数: 0
2026-05-26 10:25:29.210 [INFO] main.cpp:368 - ======== 轮询统计 ========
2026-05-26 10:25:29.210 [INFO] main.cpp:369 -   任务组数:     20
2026-05-26 10:25:29.210 [INFO] main.cpp:370 -   成功事务:     0
2026-05-26 10:25:29.210 [INFO] main.cpp:371 -   失败事务:     100
2026-05-26 10:25:29.210 [INFO] main.cpp:373 -   成功率:       0.0%
2026-05-26 10:25:29.210 [INFO] main.cpp:378 - ======== 命令队列统计 ========
2026-05-26 10:25:29.210 [INFO] main.cpp:379 -   已提交: 0  已执行: 0  成功: 0  失败: 0
2026-05-26 10:25:29.210 [INFO] main.cpp:384 -   队列大小: 0  平均耗时: 0.0ms
2026-05-26 10:25:30.211 [INFO] main.cpp:352 - ======== 总线统计 ========
2026-05-26 10:25:30.211 [INFO] main.cpp:353 -   总事务数:     100
2026-05-26 10:25:30.211 [INFO] main.cpp:354 -   总错误数:     100
2026-05-26 10:25:30.211 [INFO] main.cpp:355 -   发送字节数:   800
2026-05-26 10:25:30.211 [INFO] main.cpp:356 -   接收字节数:   0
2026-05-26 10:25:30.211 [INFO] main.cpp:357 -   平均延迟:     0.00 ms
2026-05-26 10:25:30.211 [INFO] main.cpp:358 -   最大延迟:     0.00 ms
2026-05-26 10:25:30.211 [INFO] main.cpp:359 -   总线争用次数: 0
2026-05-26 10:25:30.212 [INFO] main.cpp:368 - ======== 轮询统计 ========
2026-05-26 10:25:30.212 [INFO] main.cpp:369 -   任务组数:     20
2026-05-26 10:25:30.212 [INFO] main.cpp:370 -   成功事务:     0
2026-05-26 10:25:30.212 [INFO] main.cpp:371 -   失败事务:     100
2026-05-26 10:25:30.212 [INFO] main.cpp:373 -   成功率:       0.0%
2026-05-26 10:25:30.212 [INFO] main.cpp:378 - ======== 命令队列统计 ========
2026-05-26 10:25:30.212 [INFO] main.cpp:379 -   已提交: 0  已执行: 0  成功: 0  失败: 0
2026-05-26 10:25:30.212 [INFO] main.cpp:384 -   队列大小: 0  平均耗时: 0.0ms
2026-05-26 10:25:31.213 [INFO] main.cpp:352 - ======== 总线统计 ========
2026-05-26 10:25:31.213 [INFO] main.cpp:353 -   总事务数:     100
2026-05-26 10:25:31.213 [INFO] main.cpp:354 -   总错误数:     100
2026-05-26 10:25:31.213 [INFO] main.cpp:355 -   发送字节数:   800
2026-05-26 10:25:31.213 [INFO] main.cpp:356 -   接收字节数:   0
2026-05-26 10:25:31.213 [INFO] main.cpp:357 -   平均延迟:     0.00 ms
2026-05-26 10:25:31.213 [INFO] main.cpp:358 -   最大延迟:     0.00 ms
2026-05-26 10:25:31.213 [INFO] main.cpp:359 -   总线争用次数: 0
2026-05-26 10:25:31.213 [INFO] main.cpp:368 - ======== 轮询统计 ========
2026-05-26 10:25:31.214 [INFO] main.cpp:369 -   任务组数:     20
2026-05-26 10:25:31.214 [INFO] main.cpp:370 -   成功事务:     0
2026-05-26 10:25:31.214 [INFO] main.cpp:371 -   失败事务:     100
2026-05-26 10:25:31.214 [INFO] main.cpp:373 -   成功率:       0.0%
2026-05-26 10:25:31.214 [INFO] main.cpp:378 - ======== 命令队列统计 ========
2026-05-26 10:25:31.214 [INFO] main.cpp:379 -   已提交: 0  已执行: 0  成功: 0  失败: 0
2026-05-26 10:25:31.214 [INFO] main.cpp:384 -   队列大小: 0  平均耗时: 0.0ms
2026-05-26 10:25:32.214 [INFO] main.cpp:352 - ======== 总线统计 ========
2026-05-26 10:25:32.215 [INFO] main.cpp:353 -   总事务数:     120
2026-05-26 10:25:32.215 [INFO] main.cpp:354 -   总错误数:     100
2026-05-26 10:25:32.215 [INFO] main.cpp:355 -   发送字节数:   800
2026-05-26 10:25:32.215 [INFO] main.cpp:356 -   接收字节数:   0
2026-05-26 10:25:32.215 [INFO] main.cpp:357 -   平均延迟:     0.00 ms
2026-05-26 10:25:32.215 [INFO] main.cpp:358 -   最大延迟:     0.00 ms
2026-05-26 10:25:32.215 [INFO] main.cpp:359 -   总线争用次数: 0
2026-05-26 10:25:32.215 [INFO] main.cpp:368 - ======== 轮询统计 ========
2026-05-26 10:25:32.215 [INFO] main.cpp:369 -   任务组数:     20
2026-05-26 10:25:32.215 [INFO] main.cpp:370 -   成功事务:     0
2026-05-26 10:25:32.215 [INFO] main.cpp:371 -   失败事务:     100
2026-05-26 10:25:32.215 [INFO] main.cpp:373 -   成功率:       0.0%
2026-05-26 10:25:32.215 [INFO] main.cpp:378 - ======== 命令队列统计 ========
2026-05-26 10:25:32.215 [INFO] main.cpp:379 -   已提交: 0  已执行: 0  成功: 0  失败: 0
2026-05-26 10:25:32.215 [INFO] main.cpp:384 -   队列大小: 0  平均耗时: 0.0ms
2026-05-26 10:25:33.216 [INFO] main.cpp:352 - ======== 总线统计 ========
2026-05-26 10:25:33.216 [INFO] main.cpp:353 -   总事务数:     120
2026-05-26 10:25:33.216 [INFO] main.cpp:354 -   总错误数:     100
2026-05-26 10:25:33.217 [INFO] main.cpp:355 -   发送字节数:   960
2026-05-26 10:25:33.217 [INFO] main.cpp:356 -   接收字节数:   0
2026-05-26 10:25:33.217 [INFO] main.cpp:357 -   平均延迟:     0.00 ms
2026-05-26 10:25:33.217 [INFO] main.cpp:358 -   最大延迟:     0.00 ms
2026-05-26 10:25:33.217 [INFO] main.cpp:359 -   总线争用次数: 0
2026-05-26 10:25:33.217 [INFO] main.cpp:368 - ======== 轮询统计 ========
2026-05-26 10:25:33.217 [INFO] main.cpp:369 -   任务组数:     20
2026-05-26 10:25:33.217 [INFO] main.cpp:370 -   成功事务:     0
2026-05-26 10:25:33.217 [INFO] main.cpp:371 -   失败事务:     100
2026-05-26 10:25:33.217 [INFO] main.cpp:373 -   成功率:       0.0%
2026-05-26 10:25:33.217 [INFO] main.cpp:378 - ======== 命令队列统计 ========
2026-05-26 10:25:33.217 [INFO] main.cpp:379 -   已提交: 0  已执行: 0  成功: 0  失败: 0
2026-05-26 10:25:33.217 [INFO] main.cpp:384 -   队列大小: 0  平均耗时: 0.0ms
2026-05-26 10:25:34.218 [INFO] main.cpp:352 - ======== 总线统计 ========
2026-05-26 10:25:34.218 [INFO] main.cpp:353 -   总事务数:     120
2026-05-26 10:25:34.218 [INFO] main.cpp:354 -   总错误数:     120
2026-05-26 10:25:34.218 [INFO] main.cpp:355 -   发送字节数:   960
2026-05-26 10:25:34.218 [INFO] main.cpp:356 -   接收字节数:   0
2026-05-26 10:25:34.218 [INFO] main.cpp:357 -   平均延迟:     0.00 ms
2026-05-26 10:25:34.219 [INFO] main.cpp:358 -   最大延迟:     0.00 ms
2026-05-26 10:25:34.219 [INFO] main.cpp:359 -   总线争用次数: 0
2026-05-26 10:25:34.219 [INFO] main.cpp:368 - ======== 轮询统计 ========
2026-05-26 10:25:34.219 [INFO] main.cpp:369 -   任务组数:     20
2026-05-26 10:25:34.219 [INFO] main.cpp:370 -   成功事务:     0
2026-05-26 10:25:34.219 [INFO] main.cpp:371 -   失败事务:     120
2026-05-26 10:25:34.219 [INFO] main.cpp:373 -   成功率:       0.0%
2026-05-26 10:25:34.219 [INFO] main.cpp:378 - ======== 命令队列统计 ========
2026-05-26 10:25:34.219 [INFO] main.cpp:379 -   已提交: 0  已执行: 0  成功: 0  失败: 0
2026-05-26 10:25:34.219 [INFO] main.cpp:384 -   队列大小: 0  平均耗时: 0.0ms
2026-05-26 10:25:35.220 [INFO] main.cpp:352 - ======== 总线统计 ========
2026-05-26 10:25:35.220 [INFO] main.cpp:353 -   总事务数:     120
2026-05-26 10:25:35.220 [INFO] main.cpp:354 -   总错误数:     120
2026-05-26 10:25:35.220 [INFO] main.cpp:355 -   发送字节数:   960
2026-05-26 10:25:35.220 [INFO] main.cpp:356 -   接收字节数:   0
2026-05-26 10:25:35.221 [INFO] main.cpp:357 -   平均延迟:     0.00 ms
2026-05-26 10:25:35.221 [INFO] main.cpp:358 -   最大延迟:     0.00 ms
2026-05-26 10:25:35.221 [INFO] main.cpp:359 -   总线争用次数: 0
2026-05-26 10:25:35.221 [INFO] main.cpp:368 - ======== 轮询统计 ========
2026-05-26 10:25:35.221 [INFO] main.cpp:369 -   任务组数:     20
2026-05-26 10:25:35.221 [INFO] main.cpp:370 -   成功事务:     0
2026-05-26 10:25:35.221 [INFO] main.cpp:371 -   失败事务:     120
2026-05-26 10:25:35.221 [INFO] main.cpp:373 -   成功率:       0.0%
2026-05-26 10:25:35.221 [INFO] main.cpp:378 - ======== 命令队列统计 ========
2026-05-26 10:25:35.221 [INFO] main.cpp:379 -   已提交: 0  已执行: 0  成功: 0  失败: 0
2026-05-26 10:25:35.221 [INFO] main.cpp:384 -   队列大小: 0  平均耗时: 0.0ms
2026-05-26 10:25:36.222 [INFO] main.cpp:352 - ======== 总线统计 ========
2026-05-26 10:25:36.222 [INFO] main.cpp:353 -   总事务数:     120
2026-05-26 10:25:36.222 [INFO] main.cpp:354 -   总错误数:     120
2026-05-26 10:25:36.222 [INFO] main.cpp:355 -   发送字节数:   960
2026-05-26 10:25:36.222 [INFO] main.cpp:356 -   接收字节数:   0
2026-05-26 10:25:36.222 [INFO] main.cpp:357 -   平均延迟:     0.00 ms
2026-05-26 10:25:36.222 [INFO] main.cpp:358 -   最大延迟:     0.00 ms
2026-05-26 10:25:36.223 [INFO] main.cpp:359 -   总线争用次数: 0
2026-05-26 10:25:36.223 [INFO] main.cpp:368 - ======== 轮询统计 ========
2026-05-26 10:25:36.223 [INFO] main.cpp:369 -   任务组数:     20
2026-05-26 10:25:36.223 [INFO] main.cpp:370 -   成功事务:     0
2026-05-26 10:25:36.223 [INFO] main.cpp:371 -   失败事务:     120
2026-05-26 10:25:36.223 [INFO] main.cpp:373 -   成功率:       0.0%
2026-05-26 10:25:36.223 [INFO] main.cpp:378 - ======== 命令队列统计 ========
2026-05-26 10:25:36.223 [INFO] main.cpp:379 -   已提交: 0  已执行: 0  成功: 0  失败: 0
2026-05-26 10:25:36.223 [INFO] main.cpp:384 -   队列大小: 0  平均耗时: 0.0ms
2026-05-26 10:25:37.224 [INFO] main.cpp:352 - ======== 总线统计 ========
2026-05-26 10:25:37.224 [INFO] main.cpp:353 -   总事务数:     140
2026-05-26 10:25:37.224 [INFO] main.cpp:354 -   总错误数:     120
2026-05-26 10:25:37.224 [INFO] main.cpp:355 -   发送字节数:   960
2026-05-26 10:25:37.224 [INFO] main.cpp:356 -   接收字节数:   0
2026-05-26 10:25:37.224 [INFO] main.cpp:357 -   平均延迟:     0.00 ms
2026-05-26 10:25:37.224 [INFO] main.cpp:358 -   最大延迟:     0.00 ms
2026-05-26 10:25:37.224 [INFO] main.cpp:359 -   总线争用次数: 0
2026-05-26 10:25:37.225 [INFO] main.cpp:368 - ======== 轮询统计 ========
2026-05-26 10:25:37.225 [INFO] main.cpp:369 -   任务组数:     20
2026-05-26 10:25:37.225 [INFO] main.cpp:370 -   成功事务:     0
2026-05-26 10:25:37.225 [INFO] main.cpp:371 -   失败事务:     120
2026-05-26 10:25:37.225 [INFO] main.cpp:373 -   成功率:       0.0%
2026-05-26 10:25:37.225 [INFO] main.cpp:378 - ======== 命令队列统计 ========
2026-05-26 10:25:37.225 [INFO] main.cpp:379 -   已提交: 0  已执行: 0  成功: 0  失败: 0
2026-05-26 10:25:37.225 [INFO] main.cpp:384 -   队列大小: 0  平均耗时: 0.0ms
2026-05-26 10:25:38.226 [INFO] main.cpp:352 - ======== 总线统计 ========
2026-05-26 10:25:38.226 [INFO] main.cpp:353 -   总事务数:     140
2026-05-26 10:25:38.226 [INFO] main.cpp:354 -   总错误数:     120
2026-05-26 10:25:38.226 [INFO] main.cpp:355 -   发送字节数:   1120
2026-05-26 10:25:38.226 [INFO] main.cpp:356 -   接收字节数:   0
2026-05-26 10:25:38.226 [INFO] main.cpp:357 -   平均延迟:     0.00 ms
2026-05-26 10:25:38.226 [INFO] main.cpp:358 -   最大延迟:     0.00 ms
2026-05-26 10:25:38.226 [INFO] main.cpp:359 -   总线争用次数: 0
2026-05-26 10:25:38.226 [INFO] main.cpp:368 - ======== 轮询统计 ========
2026-05-26 10:25:38.226 [INFO] main.cpp:369 -   任务组数:     20
2026-05-26 10:25:38.226 [INFO] main.cpp:370 -   成功事务:     0
2026-05-26 10:25:38.227 [INFO] main.cpp:371 -   失败事务:     120
2026-05-26 10:25:38.227 [INFO] main.cpp:373 -   成功率:       0.0%
2026-05-26 10:25:38.227 [INFO] main.cpp:378 - ======== 命令队列统计 ========
2026-05-26 10:25:38.227 [INFO] main.cpp:379 -   已提交: 0  已执行: 0  成功: 0  失败: 0
2026-05-26 10:25:38.227 [INFO] main.cpp:384 -   队列大小: 0  平均耗时: 0.0ms
2026-05-26 10:25:39.229 [INFO] main.cpp:352 - ======== 总线统计 ========
2026-05-26 10:25:39.229 [INFO] main.cpp:353 -   总事务数:     140
2026-05-26 10:25:39.229 [INFO] main.cpp:354 -   总错误数:     140
2026-05-26 10:25:39.229 [INFO] main.cpp:355 -   发送字节数:   1120
2026-05-26 10:25:39.229 [INFO] main.cpp:356 -   接收字节数:   0
2026-05-26 10:25:39.229 [INFO] main.cpp:357 -   平均延迟:     0.00 ms
2026-05-26 10:25:39.229 [INFO] main.cpp:358 -   最大延迟:     0.00 ms
2026-05-26 10:25:39.229 [INFO] main.cpp:359 -   总线争用次数: 0
2026-05-26 10:25:39.229 [INFO] main.cpp:368 - ======== 轮询统计 ========
2026-05-26 10:25:39.229 [INFO] main.cpp:369 -   任务组数:     20
2026-05-26 10:25:39.229 [INFO] main.cpp:370 -   成功事务:     0
2026-05-26 10:25:39.229 [INFO] main.cpp:371 -   失败事务:     140
2026-05-26 10:25:39.229 [INFO] main.cpp:373 -   成功率:       0.0%
2026-05-26 10:25:39.229 [INFO] main.cpp:378 - ======== 命令队列统计 ========
2026-05-26 10:25:39.229 [INFO] main.cpp:379 -   已提交: 0  已执行: 0  成功: 0  失败: 0
2026-05-26 10:25:39.229 [INFO] main.cpp:384 -   队列大小: 0  平均耗时: 0.0ms
2026-05-26 10:25:40.231 [INFO] main.cpp:352 - ======== 总线统计 ========
2026-05-26 10:25:40.231 [INFO] main.cpp:353 -   总事务数:     140
2026-05-26 10:25:40.231 [INFO] main.cpp:354 -   总错误数:     140
2026-05-26 10:25:40.231 [INFO] main.cpp:355 -   发送字节数:   1120
2026-05-26 10:25:40.231 [INFO] main.cpp:356 -   接收字节数:   0
2026-05-26 10:25:40.231 [INFO] main.cpp:357 -   平均延迟:     0.00 ms
2026-05-26 10:25:40.231 [INFO] main.cpp:358 -   最大延迟:     0.00 ms
2026-05-26 10:25:40.231 [INFO] main.cpp:359 -   总线争用次数: 0
2026-05-26 10:25:40.231 [INFO] main.cpp:368 - ======== 轮询统计 ========
2026-05-26 10:25:40.231 [INFO] main.cpp:369 -   任务组数:     20
2026-05-26 10:25:40.231 [INFO] main.cpp:370 -   成功事务:     0
2026-05-26 10:25:40.231 [INFO] main.cpp:371 -   失败事务:     140
2026-05-26 10:25:40.231 [INFO] main.cpp:373 -   成功率:       0.0%
2026-05-26 10:25:40.231 [INFO] main.cpp:378 - ======== 命令队列统计 ========
2026-05-26 10:25:40.231 [INFO] main.cpp:379 -   已提交: 0  已执行: 0  成功: 0  失败: 0
2026-05-26 10:25:40.231 [INFO] main.cpp:384 -   队列大小: 0  平均耗时: 0.0ms
2026-05-26 10:25:41.232 [INFO] main.cpp:352 - ======== 总线统计 ========
2026-05-26 10:25:41.233 [INFO] main.cpp:353 -   总事务数:     140
2026-05-26 10:25:41.233 [INFO] main.cpp:354 -   总错误数:     140
2026-05-26 10:25:41.233 [INFO] main.cpp:355 -   发送字节数:   1120
2026-05-26 10:25:41.233 [INFO] main.cpp:356 -   接收字节数:   0
2026-05-26 10:25:41.233 [INFO] main.cpp:357 -   平均延迟:     0.00 ms
2026-05-26 10:25:41.233 [INFO] main.cpp:358 -   最大延迟:     0.00 ms
2026-05-26 10:25:41.233 [INFO] main.cpp:359 -   总线争用次数: 0
2026-05-26 10:25:41.233 [INFO] main.cpp:368 - ======== 轮询统计 ========
2026-05-26 10:25:41.233 [INFO] main.cpp:369 -   任务组数:     20
2026-05-26 10:25:41.233 [INFO] main.cpp:370 -   成功事务:     0
2026-05-26 10:25:41.233 [INFO] main.cpp:371 -   失败事务:     140
2026-05-26 10:25:41.233 [INFO] main.cpp:373 -   成功率:       0.0%
2026-05-26 10:25:41.233 [INFO] main.cpp:378 - ======== 命令队列统计 ========
2026-05-26 10:25:41.233 [INFO] main.cpp:379 -   已提交: 0  已执行: 0  成功: 0  失败: 0
2026-05-26 10:25:41.233 [INFO] main.cpp:384 -   队列大小: 0  平均耗时: 0.0ms
2026-05-26 10:25:42.234 [INFO] main.cpp:352 - ======== 总线统计 ========
2026-05-26 10:25:42.235 [INFO] main.cpp:353 -   总事务数:     160
2026-05-26 10:25:42.235 [INFO] main.cpp:354 -   总错误数:     140
2026-05-26 10:25:42.235 [INFO] main.cpp:355 -   发送字节数:   1120
2026-05-26 10:25:42.235 [INFO] main.cpp:356 -   接收字节数:   0
2026-05-26 10:25:42.235 [INFO] main.cpp:357 -   平均延迟:     0.00 ms
2026-05-26 10:25:42.235 [INFO] main.cpp:358 -   最大延迟:     0.00 ms
2026-05-26 10:25:42.235 [INFO] main.cpp:359 -   总线争用次数: 0
2026-05-26 10:25:42.235 [INFO] main.cpp:368 - ======== 轮询统计 ========
2026-05-26 10:25:42.235 [INFO] main.cpp:369 -   任务组数:     20
2026-05-26 10:25:42.235 [INFO] main.cpp:370 -   成功事务:     0
2026-05-26 10:25:42.235 [INFO] main.cpp:371 -   失败事务:     140
2026-05-26 10:25:42.235 [INFO] main.cpp:373 -   成功率:       0.0%
2026-05-26 10:25:42.235 [INFO] main.cpp:378 - ======== 命令队列统计 ========
2026-05-26 10:25:42.235 [INFO] main.cpp:379 -   已提交: 0  已执行: 0  成功: 0  失败: 0
2026-05-26 10:25:42.235 [INFO] main.cpp:384 -   队列大小: 0  平均耗时: 0.0ms
2026-05-26 10:25:43.236 [INFO] main.cpp:352 - ======== 总线统计 ========
2026-05-26 10:25:43.236 [INFO] main.cpp:353 -   总事务数:     160
2026-05-26 10:25:43.237 [INFO] main.cpp:354 -   总错误数:     140
2026-05-26 10:25:43.237 [INFO] main.cpp:355 -   发送字节数:   1280
2026-05-26 10:25:43.237 [INFO] main.cpp:356 -   接收字节数:   0
2026-05-26 10:25:43.237 [INFO] main.cpp:357 -   平均延迟:     0.00 ms
2026-05-26 10:25:43.237 [INFO] main.cpp:358 -   最大延迟:     0.00 ms
2026-05-26 10:25:43.237 [INFO] main.cpp:359 -   总线争用次数: 0
2026-05-26 10:25:43.237 [INFO] main.cpp:368 - ======== 轮询统计 ========
2026-05-26 10:25:43.237 [INFO] main.cpp:369 -   任务组数:     20
2026-05-26 10:25:43.237 [INFO] main.cpp:370 -   成功事务:     0
2026-05-26 10:25:43.237 [INFO] main.cpp:371 -   失败事务:     140
2026-05-26 10:25:43.237 [INFO] main.cpp:373 -   成功率:       0.0%
2026-05-26 10:25:43.237 [INFO] main.cpp:378 - ======== 命令队列统计 ========
2026-05-26 10:25:43.237 [INFO] main.cpp:379 -   已提交: 0  已执行: 0  成功: 0  失败: 0
2026-05-26 10:25:43.237 [INFO] main.cpp:384 -   队列大小: 0  平均耗时: 0.0ms
2026-05-26 10:25:44.238 [INFO] main.cpp:352 - ======== 总线统计 ========
2026-05-26 10:25:44.238 [INFO] main.cpp:353 -   总事务数:     160
2026-05-26 10:25:44.238 [INFO] main.cpp:354 -   总错误数:     160
2026-05-26 10:25:44.238 [INFO] main.cpp:355 -   发送字节数:   1280
2026-05-26 10:25:44.238 [INFO] main.cpp:356 -   接收字节数:   0
2026-05-26 10:25:44.238 [INFO] main.cpp:357 -   平均延迟:     0.00 ms
2026-05-26 10:25:44.238 [INFO] main.cpp:358 -   最大延迟:     0.00 ms
2026-05-26 10:25:44.238 [INFO] main.cpp:359 -   总线争用次数: 0
2026-05-26 10:25:44.238 [INFO] main.cpp:368 - ======== 轮询统计 ========
2026-05-26 10:25:44.238 [INFO] main.cpp:369 -   任务组数:     20
2026-05-26 10:25:44.238 [INFO] main.cpp:370 -   成功事务:     0
2026-05-26 10:25:44.238 [INFO] main.cpp:371 -   失败事务:     160
2026-05-26 10:25:44.238 [INFO] main.cpp:373 -   成功率:       0.0%
2026-05-26 10:25:44.238 [INFO] main.cpp:378 - ======== 命令队列统计 ========
2026-05-26 10:25:44.238 [INFO] main.cpp:379 -   已提交: 0  已执行: 0  成功: 0  失败: 0
2026-05-26 10:25:44.239 [INFO] main.cpp:384 -   队列大小: 0  平均耗时: 0.0ms
2026-05-26 10:25:45.240 [INFO] main.cpp:352 - ======== 总线统计 ========
2026-05-26 10:25:45.240 [INFO] main.cpp:353 -   总事务数:     160
2026-05-26 10:25:45.240 [INFO] main.cpp:354 -   总错误数:     160
2026-05-26 10:25:45.240 [INFO] main.cpp:355 -   发送字节数:   1280
2026-05-26 10:25:45.240 [INFO] main.cpp:356 -   接收字节数:   0
2026-05-26 10:25:45.240 [INFO] main.cpp:357 -   平均延迟:     0.00 ms
2026-05-26 10:25:45.240 [INFO] main.cpp:358 -   最大延迟:     0.00 ms
2026-05-26 10:25:45.240 [INFO] main.cpp:359 -   总线争用次数: 0
2026-05-26 10:25:45.240 [INFO] main.cpp:368 - ======== 轮询统计 ========
2026-05-26 10:25:45.240 [INFO] main.cpp:369 -   任务组数:     20
2026-05-26 10:25:45.240 [INFO] main.cpp:370 -   成功事务:     0
2026-05-26 10:25:45.240 [INFO] main.cpp:371 -   失败事务:     160
2026-05-26 10:25:45.240 [INFO] main.cpp:373 -   成功率:       0.0%
2026-05-26 10:25:45.240 [INFO] main.cpp:378 - ======== 命令队列统计 ========
2026-05-26 10:25:45.240 [INFO] main.cpp:379 -   已提交: 0  已执行: 0  成功: 0  失败: 0
2026-05-26 10:25:45.241 [INFO] main.cpp:384 -   队列大小: 0  平均耗时: 0.0ms
2026-05-26 10:25:46.242 [INFO] main.cpp:352 - ======== 总线统计 ========
2026-05-26 10:25:46.242 [INFO] main.cpp:353 -   总事务数:     160
2026-05-26 10:25:46.242 [INFO] main.cpp:354 -   总错误数:     160
2026-05-26 10:25:46.242 [INFO] main.cpp:355 -   发送字节数:   1280
2026-05-26 10:25:46.242 [INFO] main.cpp:356 -   接收字节数:   0
2026-05-26 10:25:46.242 [INFO] main.cpp:357 -   平均延迟:     0.00 ms
2026-05-26 10:25:46.242 [INFO] main.cpp:358 -   最大延迟:     0.00 ms
2026-05-26 10:25:46.242 [INFO] main.cpp:359 -   总线争用次数: 0
2026-05-26 10:25:46.242 [INFO] main.cpp:368 - ======== 轮询统计 ========
2026-05-26 10:25:46.242 [INFO] main.cpp:369 -   任务组数:     20
2026-05-26 10:25:46.242 [INFO] main.cpp:370 -   成功事务:     0
2026-05-26 10:25:46.242 [INFO] main.cpp:371 -   失败事务:     160
2026-05-26 10:25:46.242 [INFO] main.cpp:373 -   成功率:       0.0%
2026-05-26 10:25:46.242 [INFO] main.cpp:378 - ======== 命令队列统计 ========
2026-05-26 10:25:46.242 [INFO] main.cpp:379 -   已提交: 0  已执行: 0  成功: 0  失败: 0
2026-05-26 10:25:46.242 [INFO] main.cpp:384 -   队列大小: 0  平均耗时: 0.0ms
2026-05-26 10:25:47.244 [INFO] main.cpp:352 - ======== 总线统计 ========
2026-05-26 10:25:47.244 [INFO] main.cpp:353 -   总事务数:     180
2026-05-26 10:25:47.244 [INFO] main.cpp:354 -   总错误数:     160
2026-05-26 10:25:47.244 [INFO] main.cpp:355 -   发送字节数:   1280
2026-05-26 10:25:47.244 [INFO] main.cpp:356 -   接收字节数:   0
2026-05-26 10:25:47.244 [INFO] main.cpp:357 -   平均延迟:     0.00 ms
2026-05-26 10:25:47.244 [INFO] main.cpp:358 -   最大延迟:     0.00 ms
2026-05-26 10:25:47.244 [INFO] main.cpp:359 -   总线争用次数: 0
2026-05-26 10:25:47.244 [INFO] main.cpp:368 - ======== 轮询统计 ========
2026-05-26 10:25:47.244 [INFO] main.cpp:369 -   任务组数:     20
2026-05-26 10:25:47.244 [INFO] main.cpp:370 -   成功事务:     0
2026-05-26 10:25:47.244 [INFO] main.cpp:371 -   失败事务:     160
2026-05-26 10:25:47.244 [INFO] main.cpp:373 -   成功率:       0.0%
2026-05-26 10:25:47.244 [INFO] main.cpp:378 - ======== 命令队列统计 ========
2026-05-26 10:25:47.244 [INFO] main.cpp:379 -   已提交: 0  已执行: 0  成功: 0  失败: 0
2026-05-26 10:25:47.244 [INFO] main.cpp:384 -   队列大小: 0  平均耗时: 0.0ms
2026-05-26 10:25:48.246 [INFO] main.cpp:352 - ======== 总线统计 ========
2026-05-26 10:25:48.246 [INFO] main.cpp:353 -   总事务数:     180
2026-05-26 10:25:48.246 [INFO] main.cpp:354 -   总错误数:     160
2026-05-26 10:25:48.246 [INFO] main.cpp:355 -   发送字节数:   1440
2026-05-26 10:25:48.246 [INFO] main.cpp:356 -   接收字节数:   0
2026-05-26 10:25:48.246 [INFO] main.cpp:357 -   平均延迟:     0.00 ms
2026-05-26 10:25:48.246 [INFO] main.cpp:358 -   最大延迟:     0.00 ms
2026-05-26 10:25:48.246 [INFO] main.cpp:359 -   总线争用次数: 0
2026-05-26 10:25:48.246 [INFO] main.cpp:368 - ======== 轮询统计 ========
2026-05-26 10:25:48.246 [INFO] main.cpp:369 -   任务组数:     20
2026-05-26 10:25:48.246 [INFO] main.cpp:370 -   成功事务:     0
2026-05-26 10:25:48.246 [INFO] main.cpp:371 -   失败事务:     160
2026-05-26 10:25:48.246 [INFO] main.cpp:373 -   成功率:       0.0%
2026-05-26 10:25:48.246 [INFO] main.cpp:378 - ======== 命令队列统计 ========
2026-05-26 10:25:48.246 [INFO] main.cpp:379 -   已提交: 0  已执行: 0  成功: 0  失败: 0
2026-05-26 10:25:48.246 [INFO] main.cpp:384 -   队列大小: 0  平均耗时: 0.0ms
2026-05-26 10:25:49.247 [INFO] main.cpp:352 - ======== 总线统计 ========
2026-05-26 10:25:49.247 [INFO] main.cpp:353 -   总事务数:     180
2026-05-26 10:25:49.247 [INFO] main.cpp:354 -   总错误数:     180
2026-05-26 10:25:49.247 [INFO] main.cpp:355 -   发送字节数:   1440
2026-05-26 10:25:49.247 [INFO] main.cpp:356 -   接收字节数:   0
2026-05-26 10:25:49.247 [INFO] main.cpp:357 -   平均延迟:     0.00 ms
2026-05-26 10:25:49.247 [INFO] main.cpp:358 -   最大延迟:     0.00 ms
2026-05-26 10:25:49.247 [INFO] main.cpp:359 -   总线争用次数: 0
2026-05-26 10:25:49.248 [INFO] main.cpp:368 - ======== 轮询统计 ========
2026-05-26 10:25:49.248 [INFO] main.cpp:369 -   任务组数:     20
2026-05-26 10:25:49.248 [INFO] main.cpp:370 -   成功事务:     0
2026-05-26 10:25:49.248 [INFO] main.cpp:371 -   失败事务:     180
2026-05-26 10:25:49.248 [INFO] main.cpp:373 -   成功率:       0.0%
2026-05-26 10:25:49.248 [INFO] main.cpp:378 - ======== 命令队列统计 ========
2026-05-26 10:25:49.248 [INFO] main.cpp:379 -   已提交: 0  已执行: 0  成功: 0  失败: 0
2026-05-26 10:25:49.248 [INFO] main.cpp:384 -   队列大小: 0  平均耗时: 0.0ms
2026-05-26 10:25:50.248 [INFO] main.cpp:352 - ======== 总线统计 ========
2026-05-26 10:25:50.248 [INFO] main.cpp:353 -   总事务数:     180
2026-05-26 10:25:50.248 [INFO] main.cpp:354 -   总错误数:     180
2026-05-26 10:25:50.248 [INFO] main.cpp:355 -   发送字节数:   1440
2026-05-26 10:25:50.248 [INFO] main.cpp:356 -   接收字节数:   0
2026-05-26 10:25:50.248 [INFO] main.cpp:357 -   平均延迟:     0.00 ms
2026-05-26 10:25:50.248 [INFO] main.cpp:358 -   最大延迟:     0.00 ms
2026-05-26 10:25:50.248 [INFO] main.cpp:359 -   总线争用次数: 0
2026-05-26 10:25:50.249 [INFO] main.cpp:368 - ======== 轮询统计 ========
2026-05-26 10:25:50.249 [INFO] main.cpp:369 -   任务组数:     20
2026-05-26 10:25:50.249 [INFO] main.cpp:370 -   成功事务:     0
2026-05-26 10:25:50.249 [INFO] main.cpp:371 -   失败事务:     180
2026-05-26 10:25:50.249 [INFO] main.cpp:373 -   成功率:       0.0%
2026-05-26 10:25:50.249 [INFO] main.cpp:378 - ======== 命令队列统计 ========
2026-05-26 10:25:50.249 [INFO] main.cpp:379 -   已提交: 0  已执行: 0  成功: 0  失败: 0
2026-05-26 10:25:50.249 [INFO] main.cpp:384 -   队列大小: 0  平均耗时: 0.0ms
2026-05-26 10:25:51.250 [INFO] main.cpp:352 - ======== 总线统计 ========
2026-05-26 10:25:51.250 [INFO] main.cpp:353 -   总事务数:     180
2026-05-26 10:25:51.250 [INFO] main.cpp:354 -   总错误数:     180
2026-05-26 10:25:51.250 [INFO] main.cpp:355 -   发送字节数:   1440
2026-05-26 10:25:51.250 [INFO] main.cpp:356 -   接收字节数:   0
2026-05-26 10:25:51.250 [INFO] main.cpp:357 -   平均延迟:     0.00 ms
2026-05-26 10:25:51.250 [INFO] main.cpp:358 -   最大延迟:     0.00 ms
2026-05-26 10:25:51.250 [INFO] main.cpp:359 -   总线争用次数: 0
2026-05-26 10:25:51.251 [INFO] main.cpp:368 - ======== 轮询统计 ========
2026-05-26 10:25:51.251 [INFO] main.cpp:369 -   任务组数:     20
2026-05-26 10:25:51.251 [INFO] main.cpp:370 -   成功事务:     0
2026-05-26 10:25:51.251 [INFO] main.cpp:371 -   失败事务:     180
2026-05-26 10:25:51.251 [INFO] main.cpp:373 -   成功率:       0.0%
2026-05-26 10:25:51.251 [INFO] main.cpp:378 - ======== 命令队列统计 ========
2026-05-26 10:25:51.251 [INFO] main.cpp:379 -   已提交: 0  已执行: 0  成功: 0  失败: 0
2026-05-26 10:25:51.251 [INFO] main.cpp:384 -   队列大小: 0  平均耗时: 0.0ms
2026-05-26 10:25:52.252 [INFO] main.cpp:352 - ======== 总线统计 ========
2026-05-26 10:25:52.252 [INFO] main.cpp:353 -   总事务数:     200
2026-05-26 10:25:52.252 [INFO] main.cpp:354 -   总错误数:     180
2026-05-26 10:25:52.252 [INFO] main.cpp:355 -   发送字节数:   1440
2026-05-26 10:25:52.252 [INFO] main.cpp:356 -   接收字节数:   0
2026-05-26 10:25:52.252 [INFO] main.cpp:357 -   平均延迟:     0.00 ms
2026-05-26 10:25:52.252 [INFO] main.cpp:358 -   最大延迟:     0.00 ms
2026-05-26 10:25:52.252 [INFO] main.cpp:359 -   总线争用次数: 0
2026-05-26 10:25:52.252 [INFO] main.cpp:368 - ======== 轮询统计 ========
2026-05-26 10:25:52.252 [INFO] main.cpp:369 -   任务组数:     20
2026-05-26 10:25:52.252 [INFO] main.cpp:370 -   成功事务:     0
2026-05-26 10:25:52.252 [INFO] main.cpp:371 -   失败事务:     180
2026-05-26 10:25:52.252 [INFO] main.cpp:373 -   成功率:       0.0%
2026-05-26 10:25:52.252 [INFO] main.cpp:378 - ======== 命令队列统计 ========
2026-05-26 10:25:52.253 [INFO] main.cpp:379 -   已提交: 0  已执行: 0  成功: 0  失败: 0
2026-05-26 10:25:52.253 [INFO] main.cpp:384 -   队列大小: 0  平均耗时: 0.0ms
2026-05-26 10:25:53.254 [INFO] main.cpp:352 - ======== 总线统计 ========
2026-05-26 10:25:53.254 [INFO] main.cpp:353 -   总事务数:     200
2026-05-26 10:25:53.254 [INFO] main.cpp:354 -   总错误数:     180
2026-05-26 10:25:53.254 [INFO] main.cpp:355 -   发送字节数:   1600
2026-05-26 10:25:53.254 [INFO] main.cpp:356 -   接收字节数:   0
2026-05-26 10:25:53.254 [INFO] main.cpp:357 -   平均延迟:     0.00 ms
2026-05-26 10:25:53.254 [INFO] main.cpp:358 -   最大延迟:     0.00 ms
2026-05-26 10:25:53.254 [INFO] main.cpp:359 -   总线争用次数: 0
2026-05-26 10:25:53.254 [INFO] main.cpp:368 - ======== 轮询统计 ========
2026-05-26 10:25:53.254 [INFO] main.cpp:369 -   任务组数:     20
2026-05-26 10:25:53.254 [INFO] main.cpp:370 -   成功事务:     0
2026-05-26 10:25:53.254 [INFO] main.cpp:371 -   失败事务:     180
2026-05-26 10:25:53.254 [INFO] main.cpp:373 -   成功率:       0.0%
2026-05-26 10:25:53.255 [INFO] main.cpp:378 - ======== 命令队列统计 ========
2026-05-26 10:25:53.255 [INFO] main.cpp:379 -   已提交: 0  已执行: 0  成功: 0  失败: 0
2026-05-26 10:25:53.255 [INFO] main.cpp:384 -   队列大小: 0  平均耗时: 0.0ms
2026-05-26 10:25:54.256 [INFO] main.cpp:352 - ======== 总线统计 ========
2026-05-26 10:25:54.256 [INFO] main.cpp:353 -   总事务数:     200
2026-05-26 10:25:54.256 [INFO] main.cpp:354 -   总错误数:     200
2026-05-26 10:25:54.256 [INFO] main.cpp:355 -   发送字节数:   1600
2026-05-26 10:25:54.256 [INFO] main.cpp:356 -   接收字节数:   0
2026-05-26 10:25:54.256 [INFO] main.cpp:357 -   平均延迟:     0.00 ms
2026-05-26 10:25:54.256 [INFO] main.cpp:358 -   最大延迟:     0.00 ms
2026-05-26 10:25:54.256 [INFO] main.cpp:359 -   总线争用次数: 0
2026-05-26 10:25:54.256 [INFO] main.cpp:368 - ======== 轮询统计 ========
2026-05-26 10:25:54.256 [INFO] main.cpp:369 -   任务组数:     20
2026-05-26 10:25:54.256 [INFO] main.cpp:370 -   成功事务:     0
2026-05-26 10:25:54.256 [INFO] main.cpp:371 -   失败事务:     200
2026-05-26 10:25:54.256 [INFO] main.cpp:373 -   成功率:       0.0%
2026-05-26 10:25:54.257 [INFO] main.cpp:378 - ======== 命令队列统计 ========
2026-05-26 10:25:54.257 [INFO] main.cpp:379 -   已提交: 0  已执行: 0  成功: 0  失败: 0
2026-05-26 10:25:54.257 [INFO] main.cpp:384 -   队列大小: 0  平均耗时: 0.0ms
2026-05-26 10:25:55.258 [INFO] main.cpp:352 - ======== 总线统计 ========
2026-05-26 10:25:55.258 [INFO] main.cpp:353 -   总事务数:     200
2026-05-26 10:25:55.258 [INFO] main.cpp:354 -   总错误数:     200
2026-05-26 10:25:55.258 [INFO] main.cpp:355 -   发送字节数:   1600
2026-05-26 10:25:55.258 [INFO] main.cpp:356 -   接收字节数:   0
2026-05-26 10:25:55.258 [INFO] main.cpp:357 -   平均延迟:     0.00 ms
2026-05-26 10:25:55.258 [INFO] main.cpp:358 -   最大延迟:     0.00 ms
2026-05-26 10:25:55.258 [INFO] main.cpp:359 -   总线争用次数: 0
2026-05-26 10:25:55.258 [INFO] main.cpp:368 - ======== 轮询统计 ========
2026-05-26 10:25:55.258 [INFO] main.cpp:369 -   任务组数:     20
2026-05-26 10:25:55.258 [INFO] main.cpp:370 -   成功事务:     0
2026-05-26 10:25:55.258 [INFO] main.cpp:371 -   失败事务:     200
2026-05-26 10:25:55.258 [INFO] main.cpp:373 -   成功率:       0.0%
2026-05-26 10:25:55.258 [INFO] main.cpp:378 - ======== 命令队列统计 ========
2026-05-26 10:25:55.258 [INFO] main.cpp:379 -   已提交: 0  已执行: 0  成功: 0  失败: 0
2026-05-26 10:25:55.258 [INFO] main.cpp:384 -   队列大小: 0  平均耗时: 0.0ms
2026-05-26 10:25:56.260 [INFO] main.cpp:352 - ======== 总线统计 ========
2026-05-26 10:25:56.260 [INFO] main.cpp:353 -   总事务数:     200
2026-05-26 10:25:56.260 [INFO] main.cpp:354 -   总错误数:     200
2026-05-26 10:25:56.260 [INFO] main.cpp:355 -   发送字节数:   1600
2026-05-26 10:25:56.260 [INFO] main.cpp:356 -   接收字节数:   0
2026-05-26 10:25:56.260 [INFO] main.cpp:357 -   平均延迟:     0.00 ms
2026-05-26 10:25:56.260 [INFO] main.cpp:358 -   最大延迟:     0.00 ms
2026-05-26 10:25:56.260 [INFO] main.cpp:359 -   总线争用次数: 0
2026-05-26 10:25:56.260 [INFO] main.cpp:368 - ======== 轮询统计 ========
2026-05-26 10:25:56.260 [INFO] main.cpp:369 -   任务组数:     20
2026-05-26 10:25:56.260 [INFO] main.cpp:370 -   成功事务:     0
2026-05-26 10:25:56.260 [INFO] main.cpp:371 -   失败事务:     200
2026-05-26 10:25:56.260 [INFO] main.cpp:373 -   成功率:       0.0%
2026-05-26 10:25:56.260 [INFO] main.cpp:378 - ======== 命令队列统计 ========
2026-05-26 10:25:56.260 [INFO] main.cpp:379 -   已提交: 0  已执行: 0  成功: 0  失败: 0
2026-05-26 10:25:56.261 [INFO] main.cpp:384 -   队列大小: 0  平均耗时: 0.0ms
2026-05-26 10:25:57.261 [INFO] main.cpp:352 - ======== 总线统计 ========
2026-05-26 10:25:57.261 [INFO] main.cpp:353 -   总事务数:     220
2026-05-26 10:25:57.261 [INFO] main.cpp:354 -   总错误数:     200
2026-05-26 10:25:57.261 [INFO] main.cpp:355 -   发送字节数:   1688
2026-05-26 10:25:57.261 [INFO] main.cpp:356 -   接收字节数:   0
2026-05-26 10:25:57.261 [INFO] main.cpp:357 -   平均延迟:     0.00 ms
2026-05-26 10:25:57.261 [INFO] main.cpp:358 -   最大延迟:     0.00 ms
2026-05-26 10:25:57.261 [INFO] main.cpp:359 -   总线争用次数: 0
2026-05-26 10:25:57.262 [INFO] main.cpp:368 - ======== 轮询统计 ========
2026-05-26 10:25:57.262 [INFO] main.cpp:369 -   任务组数:     20
2026-05-26 10:25:57.262 [INFO] main.cpp:370 -   成功事务:     0
2026-05-26 10:25:57.262 [INFO] main.cpp:371 -   失败事务:     200
2026-05-26 10:25:57.262 [INFO] main.cpp:373 -   成功率:       0.0%
2026-05-26 10:25:57.262 [INFO] main.cpp:378 - ======== 命令队列统计 ========
2026-05-26 10:25:57.262 [INFO] main.cpp:379 -   已提交: 0  已执行: 0  成功: 0  失败: 0
2026-05-26 10:25:57.262 [INFO] main.cpp:384 -   队列大小: 0  平均耗时: 0.0ms
2026-05-26 10:25:58.262 [INFO] main.cpp:352 - ======== 总线统计 ========
2026-05-26 10:25:58.262 [INFO] main.cpp:353 -   总事务数:     220
2026-05-26 10:25:58.262 [INFO] main.cpp:354 -   总错误数:     211
2026-05-26 10:25:58.262 [INFO] main.cpp:355 -   发送字节数:   1760
2026-05-26 10:25:58.262 [INFO] main.cpp:356 -   接收字节数:   0
2026-05-26 10:25:58.262 [INFO] main.cpp:357 -   平均延迟:     0.00 ms
2026-05-26 10:25:58.262 [INFO] main.cpp:358 -   最大延迟:     0.00 ms
2026-05-26 10:25:58.262 [INFO] main.cpp:359 -   总线争用次数: 0
2026-05-26 10:25:58.263 [INFO] main.cpp:368 - ======== 轮询统计 ========
2026-05-26 10:25:58.263 [INFO] main.cpp:369 -   任务组数:     20
2026-05-26 10:25:58.263 [INFO] main.cpp:370 -   成功事务:     0
2026-05-26 10:25:58.263 [INFO] main.cpp:371 -   失败事务:     211
2026-05-26 10:25:58.263 [INFO] main.cpp:373 -   成功率:       0.0%
2026-05-26 10:25:58.263 [INFO] main.cpp:378 - ======== 命令队列统计 ========
2026-05-26 10:25:58.263 [INFO] main.cpp:379 -   已提交: 0  已执行: 0  成功: 0  失败: 0
2026-05-26 10:25:58.263 [INFO] main.cpp:384 -   队列大小: 0  平均耗时: 0.0ms
2026-05-26 10:25:59.264 [INFO] main.cpp:352 - ======== 总线统计 ========
2026-05-26 10:25:59.264 [INFO] main.cpp:353 -   总事务数:     220
2026-05-26 10:25:59.264 [INFO] main.cpp:354 -   总错误数:     220
2026-05-26 10:25:59.264 [INFO] main.cpp:355 -   发送字节数:   1760
2026-05-26 10:25:59.264 [INFO] main.cpp:356 -   接收字节数:   0
2026-05-26 10:25:59.264 [INFO] main.cpp:357 -   平均延迟:     0.00 ms
2026-05-26 10:25:59.264 [INFO] main.cpp:358 -   最大延迟:     0.00 ms
2026-05-26 10:25:59.265 [INFO] main.cpp:359 -   总线争用次数: 0
2026-05-26 10:25:59.265 [INFO] main.cpp:368 - ======== 轮询统计 ========
2026-05-26 10:25:59.265 [INFO] main.cpp:369 -   任务组数:     20
2026-05-26 10:25:59.265 [INFO] main.cpp:370 -   成功事务:     0
2026-05-26 10:25:59.265 [INFO] main.cpp:371 -   失败事务:     220
2026-05-26 10:25:59.265 [INFO] main.cpp:373 -   成功率:       0.0%
2026-05-26 10:25:59.265 [INFO] main.cpp:378 - ======== 命令队列统计 ========
2026-05-26 10:25:59.265 [INFO] main.cpp:379 -   已提交: 0  已执行: 0  成功: 0  失败: 0
2026-05-26 10:25:59.265 [INFO] main.cpp:384 -   队列大小: 0  平均耗时: 0.0ms
2026-05-26 10:26:00.266 [INFO] main.cpp:352 - ======== 总线统计 ========
2026-05-26 10:26:00.266 [INFO] main.cpp:353 -   总事务数:     220
2026-05-26 10:26:00.266 [INFO] main.cpp:354 -   总错误数:     220
2026-05-26 10:26:00.266 [INFO] main.cpp:355 -   发送字节数:   1760
2026-05-26 10:26:00.266 [INFO] main.cpp:356 -   接收字节数:   0
2026-05-26 10:26:00.266 [INFO] main.cpp:357 -   平均延迟:     0.00 ms
2026-05-26 10:26:00.266 [INFO] main.cpp:358 -   最大延迟:     0.00 ms
2026-05-26 10:26:00.267 [INFO] main.cpp:359 -   总线争用次数: 0
2026-05-26 10:26:00.267 [INFO] main.cpp:368 - ======== 轮询统计 ========
2026-05-26 10:26:00.267 [INFO] main.cpp:369 -   任务组数:     20
2026-05-26 10:26:00.267 [INFO] main.cpp:370 -   成功事务:     0
2026-05-26 10:26:00.267 [INFO] main.cpp:371 -   失败事务:     220
2026-05-26 10:26:00.267 [INFO] main.cpp:373 -   成功率:       0.0%
2026-05-26 10:26:00.267 [INFO] main.cpp:378 - ======== 命令队列统计 ========
2026-05-26 10:26:00.267 [INFO] main.cpp:379 -   已提交: 0  已执行: 0  成功: 0  失败: 0
2026-05-26 10:26:00.267 [INFO] main.cpp:384 -   队列大小: 0  平均耗时: 0.0ms
2026-05-26 10:26:01.268 [INFO] main.cpp:352 - ======== 总线统计 ========
2026-05-26 10:26:01.268 [INFO] main.cpp:353 -   总事务数:     220
2026-05-26 10:26:01.268 [INFO] main.cpp:354 -   总错误数:     220
2026-05-26 10:26:01.268 [INFO] main.cpp:355 -   发送字节数:   1760
2026-05-26 10:26:01.268 [INFO] main.cpp:356 -   接收字节数:   0
2026-05-26 10:26:01.268 [INFO] main.cpp:357 -   平均延迟:     0.00 ms
2026-05-26 10:26:01.268 [INFO] main.cpp:358 -   最大延迟:     0.00 ms
2026-05-26 10:26:01.268 [INFO] main.cpp:359 -   总线争用次数: 0
2026-05-26 10:26:01.268 [INFO] main.cpp:368 - ======== 轮询统计 ========
2026-05-26 10:26:01.268 [INFO] main.cpp:369 -   任务组数:     20
2026-05-26 10:26:01.268 [INFO] main.cpp:370 -   成功事务:     0
2026-05-26 10:26:01.268 [INFO] main.cpp:371 -   失败事务:     220
2026-05-26 10:26:01.268 [INFO] main.cpp:373 -   成功率:       0.0%
2026-05-26 10:26:01.269 [INFO] main.cpp:378 - ======== 命令队列统计 ========
2026-05-26 10:26:01.269 [INFO] main.cpp:379 -   已提交: 0  已执行: 0  成功: 0  失败: 0
2026-05-26 10:26:01.269 [INFO] main.cpp:384 -   队列大小: 0  平均耗时: 0.0ms
2026-05-26 10:26:02.270 [INFO] main.cpp:352 - ======== 总线统计 ========
2026-05-26 10:26:02.270 [INFO] main.cpp:353 -   总事务数:     240
2026-05-26 10:26:02.270 [INFO] main.cpp:354 -   总错误数:     220
2026-05-26 10:26:02.270 [INFO] main.cpp:355 -   发送字节数:   1848
2026-05-26 10:26:02.270 [INFO] main.cpp:356 -   接收字节数:   0
2026-05-26 10:26:02.270 [INFO] main.cpp:357 -   平均延迟:     0.00 ms
2026-05-26 10:26:02.270 [INFO] main.cpp:358 -   最大延迟:     0.00 ms
2026-05-26 10:26:02.270 [INFO] main.cpp:359 -   总线争用次数: 0
2026-05-26 10:26:02.270 [INFO] main.cpp:368 - ======== 轮询统计 ========
2026-05-26 10:26:02.270 [INFO] main.cpp:369 -   任务组数:     20
2026-05-26 10:26:02.270 [INFO] main.cpp:370 -   成功事务:     0
2026-05-26 10:26:02.270 [INFO] main.cpp:371 -   失败事务:     220
2026-05-26 10:26:02.270 [INFO] main.cpp:373 -   成功率:       0.0%
2026-05-26 10:26:02.271 [INFO] main.cpp:378 - ======== 命令队列统计 ========
2026-05-26 10:26:02.271 [INFO] main.cpp:379 -   已提交: 0  已执行: 0  成功: 0  失败: 0
2026-05-26 10:26:02.271 [INFO] main.cpp:384 -   队列大小: 0  平均耗时: 0.0ms
2026-05-26 10:26:03.271 [INFO] main.cpp:352 - ======== 总线统计 ========
2026-05-26 10:26:03.271 [INFO] main.cpp:353 -   总事务数:     240
2026-05-26 10:26:03.271 [INFO] main.cpp:354 -   总错误数:     231
2026-05-26 10:26:03.271 [INFO] main.cpp:355 -   发送字节数:   1920
2026-05-26 10:26:03.271 [INFO] main.cpp:356 -   接收字节数:   0
2026-05-26 10:26:03.271 [INFO] main.cpp:357 -   平均延迟:     0.00 ms
2026-05-26 10:26:03.271 [INFO] main.cpp:358 -   最大延迟:     0.00 ms
2026-05-26 10:26:03.271 [INFO] main.cpp:359 -   总线争用次数: 0
2026-05-26 10:26:03.272 [INFO] main.cpp:368 - ======== 轮询统计 ========
2026-05-26 10:26:03.272 [INFO] main.cpp:369 -   任务组数:     20
2026-05-26 10:26:03.272 [INFO] main.cpp:370 -   成功事务:     0
2026-05-26 10:26:03.272 [INFO] main.cpp:371 -   失败事务:     231
2026-05-26 10:26:03.272 [INFO] main.cpp:373 -   成功率:       0.0%
2026-05-26 10:26:03.272 [INFO] main.cpp:378 - ======== 命令队列统计 ========
2026-05-26 10:26:03.272 [INFO] main.cpp:379 -   已提交: 0  已执行: 0  成功: 0  失败: 0
2026-05-26 10:26:03.272 [INFO] main.cpp:384 -   队列大小: 0  平均耗时: 0.0ms
2026-05-26 10:26:04.273 [INFO] main.cpp:352 - ======== 总线统计 ========
2026-05-26 10:26:04.273 [INFO] main.cpp:353 -   总事务数:     240
2026-05-26 10:26:04.273 [INFO] main.cpp:354 -   总错误数:     240
2026-05-26 10:26:04.273 [INFO] main.cpp:355 -   发送字节数:   1920
2026-05-26 10:26:04.273 [INFO] main.cpp:356 -   接收字节数:   0
2026-05-26 10:26:04.273 [INFO] main.cpp:357 -   平均延迟:     0.00 ms
2026-05-26 10:26:04.273 [INFO] main.cpp:358 -   最大延迟:     0.00 ms
2026-05-26 10:26:04.273 [INFO] main.cpp:359 -   总线争用次数: 0
2026-05-26 10:26:04.274 [INFO] main.cpp:368 - ======== 轮询统计 ========
2026-05-26 10:26:04.274 [INFO] main.cpp:369 -   任务组数:     20
2026-05-26 10:26:04.274 [INFO] main.cpp:370 -   成功事务:     0
2026-05-26 10:26:04.274 [INFO] main.cpp:371 -   失败事务:     240
2026-05-26 10:26:04.274 [INFO] main.cpp:373 -   成功率:       0.0%
2026-05-26 10:26:04.274 [INFO] main.cpp:378 - ======== 命令队列统计 ========
2026-05-26 10:26:04.274 [INFO] main.cpp:379 -   已提交: 0  已执行: 0  成功: 0  失败: 0
2026-05-26 10:26:04.274 [INFO] main.cpp:384 -   队列大小: 0  平均耗时: 0.0ms
2026-05-26 10:26:05.275 [INFO] main.cpp:352 - ======== 总线统计 ========
2026-05-26 10:26:05.275 [INFO] main.cpp:353 -   总事务数:     240
2026-05-26 10:26:05.275 [INFO] main.cpp:354 -   总错误数:     240
2026-05-26 10:26:05.275 [INFO] main.cpp:355 -   发送字节数:   1920
2026-05-26 10:26:05.275 [INFO] main.cpp:356 -   接收字节数:   0
2026-05-26 10:26:05.275 [INFO] main.cpp:357 -   平均延迟:     0.00 ms
2026-05-26 10:26:05.275 [INFO] main.cpp:358 -   最大延迟:     0.00 ms
2026-05-26 10:26:05.275 [INFO] main.cpp:359 -   总线争用次数: 0
2026-05-26 10:26:05.275 [INFO] main.cpp:368 - ======== 轮询统计 ========
2026-05-26 10:26:05.275 [INFO] main.cpp:369 -   任务组数:     20
2026-05-26 10:26:05.275 [INFO] main.cpp:370 -   成功事务:     0
2026-05-26 10:26:05.275 [INFO] main.cpp:371 -   失败事务:     240
2026-05-26 10:26:05.275 [INFO] main.cpp:373 -   成功率:       0.0%
2026-05-26 10:26:05.275 [INFO] main.cpp:378 - ======== 命令队列统计 ========
2026-05-26 10:26:05.275 [INFO] main.cpp:379 -   已提交: 0  已执行: 0  成功: 0  失败: 0
2026-05-26 10:26:05.275 [INFO] main.cpp:384 -   队列大小: 0  平均耗时: 0.0ms
2026-05-26 10:26:06.277 [INFO] main.cpp:352 - ======== 总线统计 ========
2026-05-26 10:26:06.277 [INFO] main.cpp:353 -   总事务数:     240
2026-05-26 10:26:06.277 [INFO] main.cpp:354 -   总错误数:     240
2026-05-26 10:26:06.277 [INFO] main.cpp:355 -   发送字节数:   1920
2026-05-26 10:26:06.277 [INFO] main.cpp:356 -   接收字节数:   0
2026-05-26 10:26:06.277 [INFO] main.cpp:357 -   平均延迟:     0.00 ms
2026-05-26 10:26:06.277 [INFO] main.cpp:358 -   最大延迟:     0.00 ms
2026-05-26 10:26:06.277 [INFO] main.cpp:359 -   总线争用次数: 0
2026-05-26 10:26:06.277 [INFO] main.cpp:368 - ======== 轮询统计 ========
2026-05-26 10:26:06.277 [INFO] main.cpp:369 -   任务组数:     20
2026-05-26 10:26:06.277 [INFO] main.cpp:370 -   成功事务:     0
2026-05-26 10:26:06.277 [INFO] main.cpp:371 -   失败事务:     240
2026-05-26 10:26:06.277 [INFO] main.cpp:373 -   成功率:       0.0%
2026-05-26 10:26:06.277 [INFO] main.cpp:378 - ======== 命令队列统计 ========
2026-05-26 10:26:06.277 [INFO] main.cpp:379 -   已提交: 0  已执行: 0  成功: 0  失败: 0
2026-05-26 10:26:06.277 [INFO] main.cpp:384 -   队列大小: 0  平均耗时: 0.0ms
2026-05-26 10:26:07.278 [INFO] main.cpp:352 - ======== 总线统计 ========
2026-05-26 10:26:07.278 [INFO] main.cpp:353 -   总事务数:     260
2026-05-26 10:26:07.278 [INFO] main.cpp:354 -   总错误数:     240
2026-05-26 10:26:07.278 [INFO] main.cpp:355 -   发送字节数:   2032
2026-05-26 10:26:07.278 [INFO] main.cpp:356 -   接收字节数:   0
2026-05-26 10:26:07.278 [INFO] main.cpp:357 -   平均延迟:     0.00 ms
2026-05-26 10:26:07.278 [INFO] main.cpp:358 -   最大延迟:     0.00 ms
2026-05-26 10:26:07.278 [INFO] main.cpp:359 -   总线争用次数: 0
2026-05-26 10:26:07.278 [INFO] main.cpp:368 - ======== 轮询统计 ========
2026-05-26 10:26:07.278 [INFO] main.cpp:369 -   任务组数:     20
2026-05-26 10:26:07.278 [INFO] main.cpp:370 -   成功事务:     0
2026-05-26 10:26:07.278 [INFO] main.cpp:371 -   失败事务:     240
2026-05-26 10:26:07.278 [INFO] main.cpp:373 -   成功率:       0.0%
2026-05-26 10:26:07.279 [INFO] main.cpp:378 - ======== 命令队列统计 ========
2026-05-26 10:26:07.279 [INFO] main.cpp:379 -   已提交: 0  已执行: 0  成功: 0  失败: 0
2026-05-26 10:26:07.279 [INFO] main.cpp:384 -   队列大小: 0  平均耗时: 0.0ms
2026-05-26 10:26:08.280 [INFO] main.cpp:352 - ======== 总线统计 ========
2026-05-26 10:26:08.280 [INFO] main.cpp:353 -   总事务数:     260
2026-05-26 10:26:08.280 [INFO] main.cpp:354 -   总错误数:     254
2026-05-26 10:26:08.280 [INFO] main.cpp:355 -   发送字节数:   2080
2026-05-26 10:26:08.280 [INFO] main.cpp:356 -   接收字节数:   0
2026-05-26 10:26:08.280 [INFO] main.cpp:357 -   平均延迟:     0.00 ms
2026-05-26 10:26:08.280 [INFO] main.cpp:358 -   最大延迟:     0.00 ms
2026-05-26 10:26:08.280 [INFO] main.cpp:359 -   总线争用次数: 0
2026-05-26 10:26:08.280 [INFO] main.cpp:368 - ======== 轮询统计 ========
2026-05-26 10:26:08.280 [INFO] main.cpp:369 -   任务组数:     20
2026-05-26 10:26:08.280 [INFO] main.cpp:370 -   成功事务:     0
2026-05-26 10:26:08.280 [INFO] main.cpp:371 -   失败事务:     254
2026-05-26 10:26:08.280 [INFO] main.cpp:373 -   成功率:       0.0%
2026-05-26 10:26:08.281 [INFO] main.cpp:378 - ======== 命令队列统计 ========
2026-05-26 10:26:08.281 [INFO] main.cpp:379 -   已提交: 0  已执行: 0  成功: 0  失败: 0
2026-05-26 10:26:08.281 [INFO] main.cpp:384 -   队列大小: 0  平均耗时: 0.0ms
2026-05-26 10:26:09.281 [INFO] main.cpp:352 - ======== 总线统计 ========
2026-05-26 10:26:09.281 [INFO] main.cpp:353 -   总事务数:     260
2026-05-26 10:26:09.281 [INFO] main.cpp:354 -   总错误数:     260
2026-05-26 10:26:09.281 [INFO] main.cpp:355 -   发送字节数:   2080
2026-05-26 10:26:09.281 [INFO] main.cpp:356 -   接收字节数:   0
2026-05-26 10:26:09.281 [INFO] main.cpp:357 -   平均延迟:     0.00 ms
2026-05-26 10:26:09.281 [INFO] main.cpp:358 -   最大延迟:     0.00 ms
2026-05-26 10:26:09.281 [INFO] main.cpp:359 -   总线争用次数: 0
2026-05-26 10:26:09.281 [INFO] main.cpp:368 - ======== 轮询统计 ========
2026-05-26 10:26:09.282 [INFO] main.cpp:369 -   任务组数:     20
2026-05-26 10:26:09.282 [INFO] main.cpp:370 -   成功事务:     0
2026-05-26 10:26:09.282 [INFO] main.cpp:371 -   失败事务:     260
2026-05-26 10:26:09.282 [INFO] main.cpp:373 -   成功率:       0.0%
2026-05-26 10:26:09.282 [INFO] main.cpp:378 - ======== 命令队列统计 ========
2026-05-26 10:26:09.282 [INFO] main.cpp:379 -   已提交: 0  已执行: 0  成功: 0  失败: 0
2026-05-26 10:26:09.282 [INFO] main.cpp:384 -   队列大小: 0  平均耗时: 0.0ms
2026-05-26 10:26:10.283 [INFO] main.cpp:352 - ======== 总线统计 ========
2026-05-26 10:26:10.283 [INFO] main.cpp:353 -   总事务数:     260
2026-05-26 10:26:10.283 [INFO] main.cpp:354 -   总错误数:     260
2026-05-26 10:26:10.283 [INFO] main.cpp:355 -   发送字节数:   2080
2026-05-26 10:26:10.283 [INFO] main.cpp:356 -   接收字节数:   0
2026-05-26 10:26:10.283 [INFO] main.cpp:357 -   平均延迟:     0.00 ms
2026-05-26 10:26:10.283 [INFO] main.cpp:358 -   最大延迟:     0.00 ms
2026-05-26 10:26:10.283 [INFO] main.cpp:359 -   总线争用次数: 0
2026-05-26 10:26:10.283 [INFO] main.cpp:368 - ======== 轮询统计 ========
2026-05-26 10:26:10.283 [INFO] main.cpp:369 -   任务组数:     20
2026-05-26 10:26:10.283 [INFO] main.cpp:370 -   成功事务:     0
2026-05-26 10:26:10.283 [INFO] main.cpp:371 -   失败事务:     260
2026-05-26 10:26:10.284 [INFO] main.cpp:373 -   成功率:       0.0%
2026-05-26 10:26:10.284 [INFO] main.cpp:378 - ======== 命令队列统计 ========
2026-05-26 10:26:10.284 [INFO] main.cpp:379 -   已提交: 0  已执行: 0  成功: 0  失败: 0
2026-05-26 10:26:10.284 [INFO] main.cpp:384 -   队列大小: 0  平均耗时: 0.0ms
2026-05-26 10:26:11.284 [INFO] main.cpp:352 - ======== 总线统计 ========
2026-05-26 10:26:11.284 [INFO] main.cpp:353 -   总事务数:     260
2026-05-26 10:26:11.285 [INFO] main.cpp:354 -   总错误数:     260
2026-05-26 10:26:11.285 [INFO] main.cpp:355 -   发送字节数:   2080
2026-05-26 10:26:11.285 [INFO] main.cpp:356 -   接收字节数:   0
2026-05-26 10:26:11.285 [INFO] main.cpp:357 -   平均延迟:     0.00 ms
2026-05-26 10:26:11.285 [INFO] main.cpp:358 -   最大延迟:     0.00 ms
2026-05-26 10:26:11.285 [INFO] main.cpp:359 -   总线争用次数: 0
2026-05-26 10:26:11.285 [INFO] main.cpp:368 - ======== 轮询统计 ========
2026-05-26 10:26:11.285 [INFO] main.cpp:369 -   任务组数:     20
2026-05-26 10:26:11.285 [INFO] main.cpp:370 -   成功事务:     0
2026-05-26 10:26:11.285 [INFO] main.cpp:371 -   失败事务:     260
2026-05-26 10:26:11.285 [INFO] main.cpp:373 -   成功率:       0.0%
2026-05-26 10:26:11.285 [INFO] main.cpp:378 - ======== 命令队列统计 ========
2026-05-26 10:26:11.285 [INFO] main.cpp:379 -   已提交: 0  已执行: 0  成功: 0  失败: 0
2026-05-26 10:26:11.285 [INFO] main.cpp:384 -   队列大小: 0  平均耗时: 0.0ms
2026-05-26 10:26:12.286 [INFO] main.cpp:352 - ======== 总线统计 ========
2026-05-26 10:26:12.286 [INFO] main.cpp:353 -   总事务数:     280
2026-05-26 10:26:12.286 [INFO] main.cpp:354 -   总错误数:     260
2026-05-26 10:26:12.286 [INFO] main.cpp:355 -   发送字节数:   2240
2026-05-26 10:26:12.286 [INFO] main.cpp:356 -   接收字节数:   0
2026-05-26 10:26:12.286 [INFO] main.cpp:357 -   平均延迟:     0.00 ms
2026-05-26 10:26:12.287 [INFO] main.cpp:358 -   最大延迟:     0.00 ms
2026-05-26 10:26:12.287 [INFO] main.cpp:359 -   总线争用次数: 0
2026-05-26 10:26:12.287 [INFO] main.cpp:368 - ======== 轮询统计 ========
2026-05-26 10:26:12.287 [INFO] main.cpp:369 -   任务组数:     20
2026-05-26 10:26:12.287 [INFO] main.cpp:370 -   成功事务:     0
2026-05-26 10:26:12.287 [INFO] main.cpp:371 -   失败事务:     260
2026-05-26 10:26:12.287 [INFO] main.cpp:373 -   成功率:       0.0%
2026-05-26 10:26:12.287 [INFO] main.cpp:378 - ======== 命令队列统计 ========
2026-05-26 10:26:12.287 [INFO] main.cpp:379 -   已提交: 0  已执行: 0  成功: 0  失败: 0
2026-05-26 10:26:12.287 [INFO] main.cpp:384 -   队列大小: 0  平均耗时: 0.0ms
2026-05-26 10:26:13.288 [INFO] main.cpp:352 - ======== 总线统计 ========
2026-05-26 10:26:13.288 [INFO] main.cpp:353 -   总事务数:     280
2026-05-26 10:26:13.288 [INFO] main.cpp:354 -   总错误数:     280
2026-05-26 10:26:13.288 [INFO] main.cpp:355 -   发送字节数:   2240
2026-05-26 10:26:13.288 [INFO] main.cpp:356 -   接收字节数:   0
2026-05-26 10:26:13.288 [INFO] main.cpp:357 -   平均延迟:     0.00 ms
2026-05-26 10:26:13.288 [INFO] main.cpp:358 -   最大延迟:     0.00 ms
2026-05-26 10:26:13.288 [INFO] main.cpp:359 -   总线争用次数: 0
2026-05-26 10:26:13.288 [INFO] main.cpp:368 - ======== 轮询统计 ========
2026-05-26 10:26:13.288 [INFO] main.cpp:369 -   任务组数:     20
2026-05-26 10:26:13.288 [INFO] main.cpp:370 -   成功事务:     0
2026-05-26 10:26:13.288 [INFO] main.cpp:371 -   失败事务:     280
2026-05-26 10:26:13.288 [INFO] main.cpp:373 -   成功率:       0.0%
2026-05-26 10:26:13.288 [INFO] main.cpp:378 - ======== 命令队列统计 ========
2026-05-26 10:26:13.288 [INFO] main.cpp:379 -   已提交: 0  已执行: 0  成功: 0  失败: 0
2026-05-26 10:26:13.288 [INFO] main.cpp:384 -   队列大小: 0  平均耗时: 0.0ms
2026-05-26 10:26:14.290 [INFO] main.cpp:352 - ======== 总线统计 ========
2026-05-26 10:26:14.290 [INFO] main.cpp:353 -   总事务数:     280
2026-05-26 10:26:14.290 [INFO] main.cpp:354 -   总错误数:     280
2026-05-26 10:26:14.290 [INFO] main.cpp:355 -   发送字节数:   2240
2026-05-26 10:26:14.290 [INFO] main.cpp:356 -   接收字节数:   0
2026-05-26 10:26:14.290 [INFO] main.cpp:357 -   平均延迟:     0.00 ms
2026-05-26 10:26:14.290 [INFO] main.cpp:358 -   最大延迟:     0.00 ms
2026-05-26 10:26:14.290 [INFO] main.cpp:359 -   总线争用次数: 0
2026-05-26 10:26:14.290 [INFO] main.cpp:368 - ======== 轮询统计 ========
2026-05-26 10:26:14.290 [INFO] main.cpp:369 -   任务组数:     20
2026-05-26 10:26:14.290 [INFO] main.cpp:370 -   成功事务:     0
2026-05-26 10:26:14.290 [INFO] main.cpp:371 -   失败事务:     280
2026-05-26 10:26:14.290 [INFO] main.cpp:373 -   成功率:       0.0%
2026-05-26 10:26:14.290 [INFO] main.cpp:378 - ======== 命令队列统计 ========
2026-05-26 10:26:14.290 [INFO] main.cpp:379 -   已提交: 0  已执行: 0  成功: 0  失败: 0
2026-05-26 10:26:14.290 [INFO] main.cpp:384 -   队列大小: 0  平均耗时: 0.0ms
2026-05-26 10:26:15.292 [INFO] main.cpp:352 - ======== 总线统计 ========
2026-05-26 10:26:15.292 [INFO] main.cpp:353 -   总事务数:     280
2026-05-26 10:26:15.292 [INFO] main.cpp:354 -   总错误数:     280
2026-05-26 10:26:15.292 [INFO] main.cpp:355 -   发送字节数:   2240
2026-05-26 10:26:15.292 [INFO] main.cpp:356 -   接收字节数:   0
2026-05-26 10:26:15.292 [INFO] main.cpp:357 -   平均延迟:     0.00 ms
2026-05-26 10:26:15.292 [INFO] main.cpp:358 -   最大延迟:     0.00 ms
2026-05-26 10:26:15.292 [INFO] main.cpp:359 -   总线争用次数: 0
2026-05-26 10:26:15.292 [INFO] main.cpp:368 - ======== 轮询统计 ========
2026-05-26 10:26:15.292 [INFO] main.cpp:369 -   任务组数:     20
2026-05-26 10:26:15.292 [INFO] main.cpp:370 -   成功事务:     0
2026-05-26 10:26:15.292 [INFO] main.cpp:371 -   失败事务:     280
2026-05-26 10:26:15.292 [INFO] main.cpp:373 -   成功率:       0.0%
2026-05-26 10:26:15.292 [INFO] main.cpp:378 - ======== 命令队列统计 ========
2026-05-26 10:26:15.292 [INFO] main.cpp:379 -   已提交: 0  已执行: 0  成功: 0  失败: 0
2026-05-26 10:26:15.292 [INFO] main.cpp:384 -   队列大小: 0  平均耗时: 0.0ms
2026-05-26 10:26:16.293 [INFO] main.cpp:352 - ======== 总线统计 ========
2026-05-26 10:26:16.293 [INFO] main.cpp:353 -   总事务数:     280
2026-05-26 10:26:16.293 [INFO] main.cpp:354 -   总错误数:     280
2026-05-26 10:26:16.293 [INFO] main.cpp:355 -   发送字节数:   2240
2026-05-26 10:26:16.293 [INFO] main.cpp:356 -   接收字节数:   0
2026-05-26 10:26:16.293 [INFO] main.cpp:357 -   平均延迟:     0.00 ms
2026-05-26 10:26:16.293 [INFO] main.cpp:358 -   最大延迟:     0.00 ms
2026-05-26 10:26:16.293 [INFO] main.cpp:359 -   总线争用次数: 0
2026-05-26 10:26:16.293 [INFO] main.cpp:368 - ======== 轮询统计 ========
2026-05-26 10:26:16.293 [INFO] main.cpp:369 -   任务组数:     20
2026-05-26 10:26:16.293 [INFO] main.cpp:370 -   成功事务:     0
2026-05-26 10:26:16.293 [INFO] main.cpp:371 -   失败事务:     280
2026-05-26 10:26:16.293 [INFO] main.cpp:373 -   成功率:       0.0%
2026-05-26 10:26:16.293 [INFO] main.cpp:378 - ======== 命令队列统计 ========
2026-05-26 10:26:16.294 [INFO] main.cpp:379 -   已提交: 0  已执行: 0  成功: 0  失败: 0
2026-05-26 10:26:16.294 [INFO] main.cpp:384 -   队列大小: 0  平均耗时: 0.0ms
2026-05-26 10:26:17.294 [INFO] main.cpp:352 - ======== 总线统计 ========
2026-05-26 10:26:17.295 [INFO] main.cpp:353 -   总事务数:     300
2026-05-26 10:26:17.295 [INFO] main.cpp:354 -   总错误数:     280
2026-05-26 10:26:17.295 [INFO] main.cpp:355 -   发送字节数:   2400
2026-05-26 10:26:17.295 [INFO] main.cpp:356 -   接收字节数:   0
2026-05-26 10:26:17.295 [INFO] main.cpp:357 -   平均延迟:     0.00 ms
2026-05-26 10:26:17.295 [INFO] main.cpp:358 -   最大延迟:     0.00 ms
2026-05-26 10:26:17.295 [INFO] main.cpp:359 -   总线争用次数: 0
2026-05-26 10:26:17.295 [INFO] main.cpp:368 - ======== 轮询统计 ========
2026-05-26 10:26:17.295 [INFO] main.cpp:369 -   任务组数:     20
2026-05-26 10:26:17.295 [INFO] main.cpp:370 -   成功事务:     0
2026-05-26 10:26:17.295 [INFO] main.cpp:371 -   失败事务:     280
2026-05-26 10:26:17.295 [INFO] main.cpp:373 -   成功率:       0.0%
2026-05-26 10:26:17.295 [INFO] main.cpp:378 - ======== 命令队列统计 ========
2026-05-26 10:26:17.295 [INFO] main.cpp:379 -   已提交: 0  已执行: 0  成功: 0  失败: 0
2026-05-26 10:26:17.295 [INFO] main.cpp:384 -   队列大小: 0  平均耗时: 0.0ms
2026-05-26 10:26:18.296 [INFO] main.cpp:352 - ======== 总线统计 ========
2026-05-26 10:26:18.296 [INFO] main.cpp:353 -   总事务数:     300
2026-05-26 10:26:18.297 [INFO] main.cpp:354 -   总错误数:     300
2026-05-26 10:26:18.297 [INFO] main.cpp:355 -   发送字节数:   2400
2026-05-26 10:26:18.297 [INFO] main.cpp:356 -   接收字节数:   0
2026-05-26 10:26:18.297 [INFO] main.cpp:357 -   平均延迟:     0.00 ms
2026-05-26 10:26:18.297 [INFO] main.cpp:358 -   最大延迟:     0.00 ms
2026-05-26 10:26:18.297 [INFO] main.cpp:359 -   总线争用次数: 0
2026-05-26 10:26:18.297 [INFO] main.cpp:368 - ======== 轮询统计 ========
2026-05-26 10:26:18.297 [INFO] main.cpp:369 -   任务组数:     20
2026-05-26 10:26:18.297 [INFO] main.cpp:370 -   成功事务:     0
2026-05-26 10:26:18.297 [INFO] main.cpp:371 -   失败事务:     300
2026-05-26 10:26:18.297 [INFO] main.cpp:373 -   成功率:       0.0%
2026-05-26 10:26:18.297 [INFO] main.cpp:378 - ======== 命令队列统计 ========
2026-05-26 10:26:18.297 [INFO] main.cpp:379 -   已提交: 0  已执行: 0  成功: 0  失败: 0
2026-05-26 10:26:18.297 [INFO] main.cpp:384 -   队列大小: 0  平均耗时: 0.0ms
2026-05-26 10:26:19.298 [INFO] main.cpp:352 - ======== 总线统计 ========
2026-05-26 10:26:19.298 [INFO] main.cpp:353 -   总事务数:     300
2026-05-26 10:26:19.298 [INFO] main.cpp:354 -   总错误数:     300
2026-05-26 10:26:19.298 [INFO] main.cpp:355 -   发送字节数:   2400
2026-05-26 10:26:19.299 [INFO] main.cpp:356 -   接收字节数:   0
2026-05-26 10:26:19.299 [INFO] main.cpp:357 -   平均延迟:     0.00 ms
2026-05-26 10:26:19.299 [INFO] main.cpp:358 -   最大延迟:     0.00 ms
2026-05-26 10:26:19.299 [INFO] main.cpp:359 -   总线争用次数: 0
2026-05-26 10:26:19.299 [INFO] main.cpp:368 - ======== 轮询统计 ========
2026-05-26 10:26:19.299 [INFO] main.cpp:369 -   任务组数:     20
2026-05-26 10:26:19.299 [INFO] main.cpp:370 -   成功事务:     0
2026-05-26 10:26:19.299 [INFO] main.cpp:371 -   失败事务:     300
2026-05-26 10:26:19.299 [INFO] main.cpp:373 -   成功率:       0.0%
2026-05-26 10:26:19.299 [INFO] main.cpp:378 - ======== 命令队列统计 ========
2026-05-26 10:26:19.299 [INFO] main.cpp:379 -   已提交: 0  已执行: 0  成功: 0  失败: 0
2026-05-26 10:26:19.299 [INFO] main.cpp:384 -   队列大小: 0  平均耗时: 0.0ms
2026-05-26 10:26:20.300 [INFO] main.cpp:352 - ======== 总线统计 ========
2026-05-26 10:26:20.300 [INFO] main.cpp:353 -   总事务数:     300
2026-05-26 10:26:20.300 [INFO] main.cpp:354 -   总错误数:     300
2026-05-26 10:26:20.300 [INFO] main.cpp:355 -   发送字节数:   2400
2026-05-26 10:26:20.300 [INFO] main.cpp:356 -   接收字节数:   0
2026-05-26 10:26:20.300 [INFO] main.cpp:357 -   平均延迟:     0.00 ms
2026-05-26 10:26:20.301 [INFO] main.cpp:358 -   最大延迟:     0.00 ms
2026-05-26 10:26:20.301 [INFO] main.cpp:359 -   总线争用次数: 0
2026-05-26 10:26:20.301 [INFO] main.cpp:368 - ======== 轮询统计 ========
2026-05-26 10:26:20.301 [INFO] main.cpp:369 -   任务组数:     20
2026-05-26 10:26:20.301 [INFO] main.cpp:370 -   成功事务:     0
2026-05-26 10:26:20.301 [INFO] main.cpp:371 -   失败事务:     300
2026-05-26 10:26:20.301 [INFO] main.cpp:373 -   成功率:       0.0%
2026-05-26 10:26:20.301 [INFO] main.cpp:378 - ======== 命令队列统计 ========
2026-05-26 10:26:20.301 [INFO] main.cpp:379 -   已提交: 0  已执行: 0  成功: 0  失败: 0
2026-05-26 10:26:20.301 [INFO] main.cpp:384 -   队列大小: 0  平均耗时: 0.0ms
2026-05-26 10:26:21.302 [INFO] main.cpp:352 - ======== 总线统计 ========
2026-05-26 10:26:21.302 [INFO] main.cpp:353 -   总事务数:     300
2026-05-26 10:26:21.302 [INFO] main.cpp:354 -   总错误数:     300
2026-05-26 10:26:21.302 [INFO] main.cpp:355 -   发送字节数:   2400
2026-05-26 10:26:21.302 [INFO] main.cpp:356 -   接收字节数:   0
2026-05-26 10:26:21.303 [INFO] main.cpp:357 -   平均延迟:     0.00 ms
2026-05-26 10:26:21.303 [INFO] main.cpp:358 -   最大延迟:     0.00 ms
2026-05-26 10:26:21.303 [INFO] main.cpp:359 -   总线争用次数: 0
2026-05-26 10:26:21.303 [INFO] main.cpp:368 - ======== 轮询统计 ========
2026-05-26 10:26:21.303 [INFO] main.cpp:369 -   任务组数:     20
2026-05-26 10:26:21.303 [INFO] main.cpp:370 -   成功事务:     0
2026-05-26 10:26:21.303 [INFO] main.cpp:371 -   失败事务:     300
2026-05-26 10:26:21.303 [INFO] main.cpp:373 -   成功率:       0.0%
2026-05-26 10:26:21.303 [INFO] main.cpp:378 - ======== 命令队列统计 ========
2026-05-26 10:26:21.303 [INFO] main.cpp:379 -   已提交: 0  已执行: 0  成功: 0  失败: 0
2026-05-26 10:26:21.303 [INFO] main.cpp:384 -   队列大小: 0  平均耗时: 0.0ms
2026-05-26 10:26:22.304 [INFO] main.cpp:352 - ======== 总线统计 ========
2026-05-26 10:26:22.304 [INFO] main.cpp:353 -   总事务数:     320
2026-05-26 10:26:22.304 [INFO] main.cpp:354 -   总错误数:     300
2026-05-26 10:26:22.304 [INFO] main.cpp:355 -   发送字节数:   2560
2026-05-26 10:26:22.305 [INFO] main.cpp:356 -   接收字节数:   0
2026-05-26 10:26:22.305 [INFO] main.cpp:357 -   平均延迟:     0.00 ms
2026-05-26 10:26:22.305 [INFO] main.cpp:358 -   最大延迟:     0.00 ms
2026-05-26 10:26:22.305 [INFO] main.cpp:359 -   总线争用次数: 0
2026-05-26 10:26:22.305 [INFO] main.cpp:368 - ======== 轮询统计 ========
2026-05-26 10:26:22.305 [INFO] main.cpp:369 -   任务组数:     20
2026-05-26 10:26:22.305 [INFO] main.cpp:370 -   成功事务:     0
2026-05-26 10:26:22.305 [INFO] main.cpp:371 -   失败事务:     300
2026-05-26 10:26:22.305 [INFO] main.cpp:373 -   成功率:       0.0%
2026-05-26 10:26:22.305 [INFO] main.cpp:378 - ======== 命令队列统计 ========
2026-05-26 10:26:22.305 [INFO] main.cpp:379 -   已提交: 0  已执行: 0  成功: 0  失败: 0
2026-05-26 10:26:22.305 [INFO] main.cpp:384 -   队列大小: 0  平均耗时: 0.0ms
2026-05-26 10:26:23.306 [INFO] main.cpp:352 - ======== 总线统计 ========
2026-05-26 10:26:23.306 [INFO] main.cpp:353 -   总事务数:     320
2026-05-26 10:26:23.306 [INFO] main.cpp:354 -   总错误数:     320
2026-05-26 10:26:23.306 [INFO] main.cpp:355 -   发送字节数:   2560
2026-05-26 10:26:23.306 [INFO] main.cpp:356 -   接收字节数:   0
2026-05-26 10:26:23.306 [INFO] main.cpp:357 -   平均延迟:     0.00 ms
2026-05-26 10:26:23.306 [INFO] main.cpp:358 -   最大延迟:     0.00 ms
2026-05-26 10:26:23.306 [INFO] main.cpp:359 -   总线争用次数: 0
2026-05-26 10:26:23.307 [INFO] main.cpp:368 - ======== 轮询统计 ========
2026-05-26 10:26:23.307 [INFO] main.cpp:369 -   任务组数:     20
2026-05-26 10:26:23.307 [INFO] main.cpp:370 -   成功事务:     0
2026-05-26 10:26:23.307 [INFO] main.cpp:371 -   失败事务:     320
2026-05-26 10:26:23.307 [INFO] main.cpp:373 -   成功率:       0.0%
2026-05-26 10:26:23.307 [INFO] main.cpp:378 - ======== 命令队列统计 ========
2026-05-26 10:26:23.307 [INFO] main.cpp:379 -   已提交: 0  已执行: 0  成功: 0  失败: 0
2026-05-26 10:26:23.307 [INFO] main.cpp:384 -   队列大小: 0  平均耗时: 0.0ms
2026-05-26 10:26:24.308 [INFO] main.cpp:352 - ======== 总线统计 ========
2026-05-26 10:26:24.308 [INFO] main.cpp:353 -   总事务数:     320
2026-05-26 10:26:24.308 [INFO] main.cpp:354 -   总错误数:     320
2026-05-26 10:26:24.308 [INFO] main.cpp:355 -   发送字节数:   2560
2026-05-26 10:26:24.308 [INFO] main.cpp:356 -   接收字节数:   0
2026-05-26 10:26:24.308 [INFO] main.cpp:357 -   平均延迟:     0.00 ms
2026-05-26 10:26:24.308 [INFO] main.cpp:358 -   最大延迟:     0.00 ms
2026-05-26 10:26:24.308 [INFO] main.cpp:359 -   总线争用次数: 0
2026-05-26 10:26:24.308 [INFO] main.cpp:368 - ======== 轮询统计 ========
2026-05-26 10:26:24.308 [INFO] main.cpp:369 -   任务组数:     20
2026-05-26 10:26:24.308 [INFO] main.cpp:370 -   成功事务:     0
2026-05-26 10:26:24.308 [INFO] main.cpp:371 -   失败事务:     320
2026-05-26 10:26:24.308 [INFO] main.cpp:373 -   成功率:       0.0%
2026-05-26 10:26:24.308 [INFO] main.cpp:378 - ======== 命令队列统计 ========
2026-05-26 10:26:24.308 [INFO] main.cpp:379 -   已提交: 0  已执行: 0  成功: 0  失败: 0
2026-05-26 10:26:24.309 [INFO] main.cpp:384 -   队列大小: 0  平均耗时: 0.0ms
2026-05-26 10:26:25.310 [INFO] main.cpp:352 - ======== 总线统计 ========
2026-05-26 10:26:25.310 [INFO] main.cpp:353 -   总事务数:     320
2026-05-26 10:26:25.310 [INFO] main.cpp:354 -   总错误数:     320
2026-05-26 10:26:25.310 [INFO] main.cpp:355 -   发送字节数:   2560
2026-05-26 10:26:25.310 [INFO] main.cpp:356 -   接收字节数:   0
2026-05-26 10:26:25.310 [INFO] main.cpp:357 -   平均延迟:     0.00 ms
2026-05-26 10:26:25.310 [INFO] main.cpp:358 -   最大延迟:     0.00 ms
2026-05-26 10:26:25.310 [INFO] main.cpp:359 -   总线争用次数: 0
2026-05-26 10:26:25.310 [INFO] main.cpp:368 - ======== 轮询统计 ========
2026-05-26 10:26:25.310 [INFO] main.cpp:369 -   任务组数:     20
2026-05-26 10:26:25.310 [INFO] main.cpp:370 -   成功事务:     0
2026-05-26 10:26:25.310 [INFO] main.cpp:371 -   失败事务:     320
2026-05-26 10:26:25.310 [INFO] main.cpp:373 -   成功率:       0.0%
2026-05-26 10:26:25.310 [INFO] main.cpp:378 - ======== 命令队列统计 ========
2026-05-26 10:26:25.310 [INFO] main.cpp:379 -   已提交: 0  已执行: 0  成功: 0  失败: 0
2026-05-26 10:26:25.311 [INFO] main.cpp:384 -   队列大小: 0  平均耗时: 0.0ms
2026-05-26 10:26:26.311 [INFO] main.cpp:352 - ======== 总线统计 ========
2026-05-26 10:26:26.311 [INFO] main.cpp:353 -   总事务数:     320
2026-05-26 10:26:26.311 [INFO] main.cpp:354 -   总错误数:     320
2026-05-26 10:26:26.311 [INFO] main.cpp:355 -   发送字节数:   2560
2026-05-26 10:26:26.311 [INFO] main.cpp:356 -   接收字节数:   0
2026-05-26 10:26:26.311 [INFO] main.cpp:357 -   平均延迟:     0.00 ms
2026-05-26 10:26:26.311 [INFO] main.cpp:358 -   最大延迟:     0.00 ms
2026-05-26 10:26:26.311 [INFO] main.cpp:359 -   总线争用次数: 0
2026-05-26 10:26:26.312 [INFO] main.cpp:368 - ======== 轮询统计 ========
2026-05-26 10:26:26.312 [INFO] main.cpp:369 -   任务组数:     20
2026-05-26 10:26:26.312 [INFO] main.cpp:370 -   成功事务:     0
2026-05-26 10:26:26.312 [INFO] main.cpp:371 -   失败事务:     320
2026-05-26 10:26:26.312 [INFO] main.cpp:373 -   成功率:       0.0%
2026-05-26 10:26:26.312 [INFO] main.cpp:378 - ======== 命令队列统计 ========
2026-05-26 10:26:26.312 [INFO] main.cpp:379 -   已提交: 0  已执行: 0  成功: 0  失败: 0
2026-05-26 10:26:26.312 [INFO] main.cpp:384 -   队列大小: 0  平均耗时: 0.0ms
2026-05-26 10:26:27.313 [INFO] main.cpp:352 - ======== 总线统计 ========
2026-05-26 10:26:27.313 [INFO] main.cpp:353 -   总事务数:     340
2026-05-26 10:26:27.313 [INFO] main.cpp:354 -   总错误数:     320
2026-05-26 10:26:27.313 [INFO] main.cpp:355 -   发送字节数:   2720
2026-05-26 10:26:27.313 [INFO] main.cpp:356 -   接收字节数:   0
2026-05-26 10:26:27.313 [INFO] main.cpp:357 -   平均延迟:     0.00 ms
2026-05-26 10:26:27.313 [INFO] main.cpp:358 -   最大延迟:     0.00 ms
2026-05-26 10:26:27.313 [INFO] main.cpp:359 -   总线争用次数: 0
2026-05-26 10:26:27.313 [INFO] main.cpp:368 - ======== 轮询统计 ========
2026-05-26 10:26:27.314 [INFO] main.cpp:369 -   任务组数:     20
2026-05-26 10:26:27.314 [INFO] main.cpp:370 -   成功事务:     0
2026-05-26 10:26:27.314 [INFO] main.cpp:371 -   失败事务:     320
2026-05-26 10:26:27.314 [INFO] main.cpp:373 -   成功率:       0.0%
2026-05-26 10:26:27.314 [INFO] main.cpp:378 - ======== 命令队列统计 ========
2026-05-26 10:26:27.314 [INFO] main.cpp:379 -   已提交: 0  已执行: 0  成功: 0  失败: 0
2026-05-26 10:26:27.314 [INFO] main.cpp:384 -   队列大小: 0  平均耗时: 0.0ms
2026-05-26 10:26:28.315 [INFO] main.cpp:352 - ======== 总线统计 ========
2026-05-26 10:26:28.315 [INFO] main.cpp:353 -   总事务数:     340
2026-05-26 10:26:28.315 [INFO] main.cpp:354 -   总错误数:     340
2026-05-26 10:26:28.315 [INFO] main.cpp:355 -   发送字节数:   2720
2026-05-26 10:26:28.315 [INFO] main.cpp:356 -   接收字节数:   0
2026-05-26 10:26:28.315 [INFO] main.cpp:357 -   平均延迟:     0.00 ms
2026-05-26 10:26:28.315 [INFO] main.cpp:358 -   最大延迟:     0.00 ms
2026-05-26 10:26:28.315 [INFO] main.cpp:359 -   总线争用次数: 0
2026-05-26 10:26:28.315 [INFO] main.cpp:368 - ======== 轮询统计 ========
2026-05-26 10:26:28.315 [INFO] main.cpp:369 -   任务组数:     20
2026-05-26 10:26:28.315 [INFO] main.cpp:370 -   成功事务:     0
2026-05-26 10:26:28.316 [INFO] main.cpp:371 -   失败事务:     340
2026-05-26 10:26:28.316 [INFO] main.cpp:373 -   成功率:       0.0%
2026-05-26 10:26:28.316 [INFO] main.cpp:378 - ======== 命令队列统计 ========
2026-05-26 10:26:28.316 [INFO] main.cpp:379 -   已提交: 0  已执行: 0  成功: 0  失败: 0
2026-05-26 10:26:28.316 [INFO] main.cpp:384 -   队列大小: 0  平均耗时: 0.0ms
2026-05-26 10:26:29.317 [INFO] main.cpp:352 - ======== 总线统计 ========
2026-05-26 10:26:29.317 [INFO] main.cpp:353 -   总事务数:     340
2026-05-26 10:26:29.317 [INFO] main.cpp:354 -   总错误数:     340
2026-05-26 10:26:29.317 [INFO] main.cpp:355 -   发送字节数:   2720
2026-05-26 10:26:29.317 [INFO] main.cpp:356 -   接收字节数:   0
2026-05-26 10:26:29.317 [INFO] main.cpp:357 -   平均延迟:     0.00 ms
2026-05-26 10:26:29.317 [INFO] main.cpp:358 -   最大延迟:     0.00 ms
2026-05-26 10:26:29.317 [INFO] main.cpp:359 -   总线争用次数: 0
2026-05-26 10:26:29.317 [INFO] main.cpp:368 - ======== 轮询统计 ========
2026-05-26 10:26:29.317 [INFO] main.cpp:369 -   任务组数:     20
2026-05-26 10:26:29.317 [INFO] main.cpp:370 -   成功事务:     0
2026-05-26 10:26:29.317 [INFO] main.cpp:371 -   失败事务:     340
2026-05-26 10:26:29.317 [INFO] main.cpp:373 -   成功率:       0.0%
2026-05-26 10:26:29.318 [INFO] main.cpp:378 - ======== 命令队列统计 ========
2026-05-26 10:26:29.318 [INFO] main.cpp:379 -   已提交: 0  已执行: 0  成功: 0  失败: 0
2026-05-26 10:26:29.318 [INFO] main.cpp:384 -   队列大小: 0  平均耗时: 0.0ms
2026-05-26 10:26:30.319 [INFO] main.cpp:352 - ======== 总线统计 ========
2026-05-26 10:26:30.319 [INFO] main.cpp:353 -   总事务数:     340
2026-05-26 10:26:30.319 [INFO] main.cpp:354 -   总错误数:     340
2026-05-26 10:26:30.319 [INFO] main.cpp:355 -   发送字节数:   2720
2026-05-26 10:26:30.319 [INFO] main.cpp:356 -   接收字节数:   0
2026-05-26 10:26:30.319 [INFO] main.cpp:357 -   平均延迟:     0.00 ms
2026-05-26 10:26:30.319 [INFO] main.cpp:358 -   最大延迟:     0.00 ms
2026-05-26 10:26:30.319 [INFO] main.cpp:359 -   总线争用次数: 0
2026-05-26 10:26:30.319 [INFO] main.cpp:368 - ======== 轮询统计 ========
2026-05-26 10:26:30.319 [INFO] main.cpp:369 -   任务组数:     20
2026-05-26 10:26:30.319 [INFO] main.cpp:370 -   成功事务:     0
2026-05-26 10:26:30.319 [INFO] main.cpp:371 -   失败事务:     340
2026-05-26 10:26:30.319 [INFO] main.cpp:373 -   成功率:       0.0%
2026-05-26 10:26:30.320 [INFO] main.cpp:378 - ======== 命令队列统计 ========
2026-05-26 10:26:30.320 [INFO] main.cpp:379 -   已提交: 0  已执行: 0  成功: 0  失败: 0
2026-05-26 10:26:30.320 [INFO] main.cpp:384 -   队列大小: 0  平均耗时: 0.0ms
2026-05-26 10:26:31.321 [INFO] main.cpp:352 - ======== 总线统计 ========
2026-05-26 10:26:31.321 [INFO] main.cpp:353 -   总事务数:     340
2026-05-26 10:26:31.321 [INFO] main.cpp:354 -   总错误数:     340
2026-05-26 10:26:31.321 [INFO] main.cpp:355 -   发送字节数:   2720
2026-05-26 10:26:31.321 [INFO] main.cpp:356 -   接收字节数:   0
2026-05-26 10:26:31.321 [INFO] main.cpp:357 -   平均延迟:     0.00 ms
2026-05-26 10:26:31.321 [INFO] main.cpp:358 -   最大延迟:     0.00 ms
2026-05-26 10:26:31.321 [INFO] main.cpp:359 -   总线争用次数: 0
2026-05-26 10:26:31.321 [INFO] main.cpp:368 - ======== 轮询统计 ========
2026-05-26 10:26:31.321 [INFO] main.cpp:369 -   任务组数:     20
2026-05-26 10:26:31.321 [INFO] main.cpp:370 -   成功事务:     0
2026-05-26 10:26:31.322 [INFO] main.cpp:371 -   失败事务:     340
2026-05-26 10:26:31.322 [INFO] main.cpp:373 -   成功率:       0.0%
2026-05-26 10:26:31.322 [INFO] main.cpp:378 - ======== 命令队列统计 ========
2026-05-26 10:26:31.322 [INFO] main.cpp:379 -   已提交: 0  已执行: 0  成功: 0  失败: 0
2026-05-26 10:26:31.322 [INFO] main.cpp:384 -   队列大小: 0  平均耗时: 0.0ms
2026-05-26 10:26:32.323 [INFO] main.cpp:352 - ======== 总线统计 ========
2026-05-26 10:26:32.323 [INFO] main.cpp:353 -   总事务数:     360
2026-05-26 10:26:32.323 [INFO] main.cpp:354 -   总错误数:     340
2026-05-26 10:26:32.323 [INFO] main.cpp:355 -   发送字节数:   2880
2026-05-26 10:26:32.323 [INFO] main.cpp:356 -   接收字节数:   0
2026-05-26 10:26:32.323 [INFO] main.cpp:357 -   平均延迟:     0.00 ms
2026-05-26 10:26:32.323 [INFO] main.cpp:358 -   最大延迟:     0.00 ms
2026-05-26 10:26:32.323 [INFO] main.cpp:359 -   总线争用次数: 0
2026-05-26 10:26:32.323 [INFO] main.cpp:368 - ======== 轮询统计 ========
2026-05-26 10:26:32.323 [INFO] main.cpp:369 -   任务组数:     20
2026-05-26 10:26:32.323 [INFO] main.cpp:370 -   成功事务:     0
2026-05-26 10:26:32.324 [INFO] main.cpp:371 -   失败事务:     340
2026-05-26 10:26:32.324 [INFO] main.cpp:373 -   成功率:       0.0%
2026-05-26 10:26:32.324 [INFO] main.cpp:378 - ======== 命令队列统计 ========
2026-05-26 10:26:32.324 [INFO] main.cpp:379 -   已提交: 0  已执行: 0  成功: 0  失败: 0
2026-05-26 10:26:32.324 [INFO] main.cpp:384 -   队列大小: 0  平均耗时: 0.0ms
2026-05-26 10:26:33.324 [INFO] main.cpp:352 - ======== 总线统计 ========
2026-05-26 10:26:33.324 [INFO] main.cpp:353 -   总事务数:     360
2026-05-26 10:26:33.325 [INFO] main.cpp:354 -   总错误数:     360
2026-05-26 10:26:33.325 [INFO] main.cpp:355 -   发送字节数:   2880
2026-05-26 10:26:33.325 [INFO] main.cpp:356 -   接收字节数:   0
2026-05-26 10:26:33.325 [INFO] main.cpp:357 -   平均延迟:     0.00 ms
2026-05-26 10:26:33.325 [INFO] main.cpp:358 -   最大延迟:     0.00 ms
2026-05-26 10:26:33.325 [INFO] main.cpp:359 -   总线争用次数: 0
2026-05-26 10:26:33.325 [INFO] main.cpp:368 - ======== 轮询统计 ========
2026-05-26 10:26:33.325 [INFO] main.cpp:369 -   任务组数:     20
2026-05-26 10:26:33.325 [INFO] main.cpp:370 -   成功事务:     0
2026-05-26 10:26:33.325 [INFO] main.cpp:371 -   失败事务:     360
2026-05-26 10:26:33.325 [INFO] main.cpp:373 -   成功率:       0.0%
2026-05-26 10:26:33.325 [INFO] main.cpp:378 - ======== 命令队列统计 ========
2026-05-26 10:26:33.325 [INFO] main.cpp:379 -   已提交: 0  已执行: 0  成功: 0  失败: 0
2026-05-26 10:26:33.325 [INFO] main.cpp:384 -   队列大小: 0  平均耗时: 0.0ms
2026-05-26 10:26:34.326 [INFO] main.cpp:352 - ======== 总线统计 ========
2026-05-26 10:26:34.326 [INFO] main.cpp:353 -   总事务数:     360
2026-05-26 10:26:34.326 [INFO] main.cpp:354 -   总错误数:     360
2026-05-26 10:26:34.326 [INFO] main.cpp:355 -   发送字节数:   2880
2026-05-26 10:26:34.326 [INFO] main.cpp:356 -   接收字节数:   0
2026-05-26 10:26:34.327 [INFO] main.cpp:357 -   平均延迟:     0.00 ms
2026-05-26 10:26:34.327 [INFO] main.cpp:358 -   最大延迟:     0.00 ms
2026-05-26 10:26:34.327 [INFO] main.cpp:359 -   总线争用次数: 0
2026-05-26 10:26:34.327 [INFO] main.cpp:368 - ======== 轮询统计 ========
2026-05-26 10:26:34.327 [INFO] main.cpp:369 -   任务组数:     20
2026-05-26 10:26:34.327 [INFO] main.cpp:370 -   成功事务:     0
2026-05-26 10:26:34.327 [INFO] main.cpp:371 -   失败事务:     360
2026-05-26 10:26:34.327 [INFO] main.cpp:373 -   成功率:       0.0%
2026-05-26 10:26:34.327 [INFO] main.cpp:378 - ======== 命令队列统计 ========
2026-05-26 10:26:34.327 [INFO] main.cpp:379 -   已提交: 0  已执行: 0  成功: 0  失败: 0
2026-05-26 10:26:34.327 [INFO] main.cpp:384 -   队列大小: 0  平均耗时: 0.0ms
2026-05-26 10:26:35.328 [INFO] main.cpp:352 - ======== 总线统计 ========
2026-05-26 10:26:35.328 [INFO] main.cpp:353 -   总事务数:     360
2026-05-26 10:26:35.328 [INFO] main.cpp:354 -   总错误数:     360
2026-05-26 10:26:35.328 [INFO] main.cpp:355 -   发送字节数:   2880
2026-05-26 10:26:35.328 [INFO] main.cpp:356 -   接收字节数:   0
2026-05-26 10:26:35.328 [INFO] main.cpp:357 -   平均延迟:     0.00 ms
2026-05-26 10:26:35.328 [INFO] main.cpp:358 -   最大延迟:     0.00 ms
2026-05-26 10:26:35.328 [INFO] main.cpp:359 -   总线争用次数: 0
2026-05-26 10:26:35.328 [INFO] main.cpp:368 - ======== 轮询统计 ========
2026-05-26 10:26:35.328 [INFO] main.cpp:369 -   任务组数:     20
2026-05-26 10:26:35.328 [INFO] main.cpp:370 -   成功事务:     0
2026-05-26 10:26:35.328 [INFO] main.cpp:371 -   失败事务:     360
2026-05-26 10:26:35.328 [INFO] main.cpp:373 -   成功率:       0.0%
2026-05-26 10:26:35.329 [INFO] main.cpp:378 - ======== 命令队列统计 ========
2026-05-26 10:26:35.329 [INFO] main.cpp:379 -   已提交: 0  已执行: 0  成功: 0  失败: 0
2026-05-26 10:26:35.329 [INFO] main.cpp:384 -   队列大小: 0  平均耗时: 0.0ms
2026-05-26 10:26:36.330 [INFO] main.cpp:352 - ======== 总线统计 ========
2026-05-26 10:26:36.330 [INFO] main.cpp:353 -   总事务数:     360
2026-05-26 10:26:36.330 [INFO] main.cpp:354 -   总错误数:     360
2026-05-26 10:26:36.330 [INFO] main.cpp:355 -   发送字节数:   2880
2026-05-26 10:26:36.330 [INFO] main.cpp:356 -   接收字节数:   0
2026-05-26 10:26:36.330 [INFO] main.cpp:357 -   平均延迟:     0.00 ms
2026-05-26 10:26:36.330 [INFO] main.cpp:358 -   最大延迟:     0.00 ms
2026-05-26 10:26:36.330 [INFO] main.cpp:359 -   总线争用次数: 0
2026-05-26 10:26:36.330 [INFO] main.cpp:368 - ======== 轮询统计 ========
2026-05-26 10:26:36.330 [INFO] main.cpp:369 -   任务组数:     20
2026-05-26 10:26:36.330 [INFO] main.cpp:370 -   成功事务:     0
2026-05-26 10:26:36.330 [INFO] main.cpp:371 -   失败事务:     360
2026-05-26 10:26:36.330 [INFO] main.cpp:373 -   成功率:       0.0%
2026-05-26 10:26:36.330 [INFO] main.cpp:378 - ======== 命令队列统计 ========
2026-05-26 10:26:36.330 [INFO] main.cpp:379 -   已提交: 0  已执行: 0  成功: 0  失败: 0
2026-05-26 10:26:36.330 [INFO] main.cpp:384 -   队列大小: 0  平均耗时: 0.0ms
2026-05-26 10:26:37.332 [INFO] main.cpp:352 - ======== 总线统计 ========
2026-05-26 10:26:37.332 [INFO] main.cpp:353 -   总事务数:     380
2026-05-26 10:26:37.332 [INFO] main.cpp:354 -   总错误数:     360
2026-05-26 10:26:37.332 [INFO] main.cpp:355 -   发送字节数:   3040
2026-05-26 10:26:37.332 [INFO] main.cpp:356 -   接收字节数:   0
2026-05-26 10:26:37.332 [INFO] main.cpp:357 -   平均延迟:     0.00 ms
2026-05-26 10:26:37.332 [INFO] main.cpp:358 -   最大延迟:     0.00 ms
2026-05-26 10:26:37.332 [INFO] main.cpp:359 -   总线争用次数: 0
2026-05-26 10:26:37.332 [INFO] main.cpp:368 - ======== 轮询统计 ========
2026-05-26 10:26:37.332 [INFO] main.cpp:369 -   任务组数:     20
2026-05-26 10:26:37.332 [INFO] main.cpp:370 -   成功事务:     0
2026-05-26 10:26:37.332 [INFO] main.cpp:371 -   失败事务:     360
2026-05-26 10:26:37.332 [INFO] main.cpp:373 -   成功率:       0.0%
2026-05-26 10:26:37.332 [INFO] main.cpp:378 - ======== 命令队列统计 ========
2026-05-26 10:26:37.332 [INFO] main.cpp:379 -   已提交: 0  已执行: 0  成功: 0  失败: 0
2026-05-26 10:26:37.333 [INFO] main.cpp:384 -   队列大小: 0  平均耗时: 0.0ms
2026-05-26 10:26:38.334 [INFO] main.cpp:352 - ======== 总线统计 ========
2026-05-26 10:26:38.334 [INFO] main.cpp:353 -   总事务数:     380
2026-05-26 10:26:38.334 [INFO] main.cpp:354 -   总错误数:     380
2026-05-26 10:26:38.334 [INFO] main.cpp:355 -   发送字节数:   3040
2026-05-26 10:26:38.334 [INFO] main.cpp:356 -   接收字节数:   0
2026-05-26 10:26:38.334 [INFO] main.cpp:357 -   平均延迟:     0.00 ms
2026-05-26 10:26:38.334 [INFO] main.cpp:358 -   最大延迟:     0.00 ms
2026-05-26 10:26:38.334 [INFO] main.cpp:359 -   总线争用次数: 0
2026-05-26 10:26:38.334 [INFO] main.cpp:368 - ======== 轮询统计 ========
2026-05-26 10:26:38.334 [INFO] main.cpp:369 -   任务组数:     20
2026-05-26 10:26:38.334 [INFO] main.cpp:370 -   成功事务:     0
2026-05-26 10:26:38.334 [INFO] main.cpp:371 -   失败事务:     380
2026-05-26 10:26:38.334 [INFO] main.cpp:373 -   成功率:       0.0%
2026-05-26 10:26:38.334 [INFO] main.cpp:378 - ======== 命令队列统计 ========
2026-05-26 10:26:38.334 [INFO] main.cpp:379 -   已提交: 0  已执行: 0  成功: 0  失败: 0
2026-05-26 10:26:38.334 [INFO] main.cpp:384 -   队列大小: 0  平均耗时: 0.0ms
2026-05-26 10:26:39.335 [INFO] main.cpp:352 - ======== 总线统计 ========
2026-05-26 10:26:39.336 [INFO] main.cpp:353 -   总事务数:     380
2026-05-26 10:26:39.336 [INFO] main.cpp:354 -   总错误数:     380
2026-05-26 10:26:39.336 [INFO] main.cpp:355 -   发送字节数:   3040
2026-05-26 10:26:39.336 [INFO] main.cpp:356 -   接收字节数:   0
2026-05-26 10:26:39.336 [INFO] main.cpp:357 -   平均延迟:     0.00 ms
2026-05-26 10:26:39.336 [INFO] main.cpp:358 -   最大延迟:     0.00 ms
2026-05-26 10:26:39.336 [INFO] main.cpp:359 -   总线争用次数: 0
2026-05-26 10:26:39.336 [INFO] main.cpp:368 - ======== 轮询统计 ========
2026-05-26 10:26:39.336 [INFO] main.cpp:369 -   任务组数:     20
2026-05-26 10:26:39.336 [INFO] main.cpp:370 -   成功事务:     0
2026-05-26 10:26:39.336 [INFO] main.cpp:371 -   失败事务:     380
2026-05-26 10:26:39.336 [INFO] main.cpp:373 -   成功率:       0.0%
2026-05-26 10:26:39.336 [INFO] main.cpp:378 - ======== 命令队列统计 ========
2026-05-26 10:26:39.336 [INFO] main.cpp:379 -   已提交: 0  已执行: 0  成功: 0  失败: 0
2026-05-26 10:26:39.336 [INFO] main.cpp:384 -   队列大小: 0  平均耗时: 0.0ms
2026-05-26 10:26:40.337 [INFO] main.cpp:352 - ======== 总线统计 ========
2026-05-26 10:26:40.337 [INFO] main.cpp:353 -   总事务数:     380
2026-05-26 10:26:40.337 [INFO] main.cpp:354 -   总错误数:     380
2026-05-26 10:26:40.337 [INFO] main.cpp:355 -   发送字节数:   3040
2026-05-26 10:26:40.337 [INFO] main.cpp:356 -   接收字节数:   0
2026-05-26 10:26:40.338 [INFO] main.cpp:357 -   平均延迟:     0.00 ms
2026-05-26 10:26:40.338 [INFO] main.cpp:358 -   最大延迟:     0.00 ms
2026-05-26 10:26:40.338 [INFO] main.cpp:359 -   总线争用次数: 0
2026-05-26 10:26:40.338 [INFO] main.cpp:368 - ======== 轮询统计 ========
2026-05-26 10:26:40.338 [INFO] main.cpp:369 -   任务组数:     20
2026-05-26 10:26:40.338 [INFO] main.cpp:370 -   成功事务:     0
2026-05-26 10:26:40.338 [INFO] main.cpp:371 -   失败事务:     380
2026-05-26 10:26:40.338 [INFO] main.cpp:373 -   成功率:       0.0%
2026-05-26 10:26:40.338 [INFO] main.cpp:378 - ======== 命令队列统计 ========
2026-05-26 10:26:40.338 [INFO] main.cpp:379 -   已提交: 0  已执行: 0  成功: 0  失败: 0
2026-05-26 10:26:40.338 [INFO] main.cpp:384 -   队列大小: 0  平均耗时: 0.0ms
2026-05-26 10:26:41.339 [INFO] main.cpp:352 - ======== 总线统计 ========
2026-05-26 10:26:41.339 [INFO] main.cpp:353 -   总事务数:     380
2026-05-26 10:26:41.339 [INFO] main.cpp:354 -   总错误数:     380
2026-05-26 10:26:41.339 [INFO] main.cpp:355 -   发送字节数:   3040
2026-05-26 10:26:41.339 [INFO] main.cpp:356 -   接收字节数:   0
2026-05-26 10:26:41.339 [INFO] main.cpp:357 -   平均延迟:     0.00 ms
2026-05-26 10:26:41.339 [INFO] main.cpp:358 -   最大延迟:     0.00 ms
2026-05-26 10:26:41.339 [INFO] main.cpp:359 -   总线争用次数: 0
2026-05-26 10:26:41.340 [INFO] main.cpp:368 - ======== 轮询统计 ========
2026-05-26 10:26:41.340 [INFO] main.cpp:369 -   任务组数:     20
2026-05-26 10:26:41.340 [INFO] main.cpp:370 -   成功事务:     0
2026-05-26 10:26:41.340 [INFO] main.cpp:371 -   失败事务:     380
2026-05-26 10:26:41.340 [INFO] main.cpp:373 -   成功率:       0.0%
2026-05-26 10:26:41.340 [INFO] main.cpp:378 - ======== 命令队列统计 ========
2026-05-26 10:26:41.340 [INFO] main.cpp:379 -   已提交: 0  已执行: 0  成功: 0  失败: 0
2026-05-26 10:26:41.340 [INFO] main.cpp:384 -   队列大小: 0  平均耗时: 0.0ms
2026-05-26 10:26:42.341 [INFO] main.cpp:352 - ======== 总线统计 ========
2026-05-26 10:26:42.341 [INFO] main.cpp:353 -   总事务数:     400
2026-05-26 10:26:42.341 [INFO] main.cpp:354 -   总错误数:     380
2026-05-26 10:26:42.341 [INFO] main.cpp:355 -   发送字节数:   3200
2026-05-26 10:26:42.341 [INFO] main.cpp:356 -   接收字节数:   0
2026-05-26 10:26:42.341 [INFO] main.cpp:357 -   平均延迟:     0.00 ms
2026-05-26 10:26:42.341 [INFO] main.cpp:358 -   最大延迟:     0.00 ms
2026-05-26 10:26:42.341 [INFO] main.cpp:359 -   总线争用次数: 0
2026-05-26 10:26:42.342 [INFO] main.cpp:368 - ======== 轮询统计 ========
2026-05-26 10:26:42.342 [INFO] main.cpp:369 -   任务组数:     20
2026-05-26 10:26:42.342 [INFO] main.cpp:370 -   成功事务:     0
2026-05-26 10:26:42.342 [INFO] main.cpp:371 -   失败事务:     380
2026-05-26 10:26:42.342 [INFO] main.cpp:373 -   成功率:       0.0%
2026-05-26 10:26:42.342 [INFO] main.cpp:378 - ======== 命令队列统计 ========
2026-05-26 10:26:42.342 [INFO] main.cpp:379 -   已提交: 0  已执行: 0  成功: 0  失败: 0
2026-05-26 10:26:42.342 [INFO] main.cpp:384 -   队列大小: 0  平均耗时: 0.0ms
2026-05-26 10:26:43.343 [INFO] main.cpp:352 - ======== 总线统计 ========
2026-05-26 10:26:43.343 [INFO] main.cpp:353 -   总事务数:     400
2026-05-26 10:26:43.343 [INFO] main.cpp:354 -   总错误数:     400
2026-05-26 10:26:43.343 [INFO] main.cpp:355 -   发送字节数:   3200
2026-05-26 10:26:43.343 [INFO] main.cpp:356 -   接收字节数:   0
2026-05-26 10:26:43.343 [INFO] main.cpp:357 -   平均延迟:     0.00 ms
2026-05-26 10:26:43.343 [INFO] main.cpp:358 -   最大延迟:     0.00 ms
2026-05-26 10:26:43.343 [INFO] main.cpp:359 -   总线争用次数: 0
2026-05-26 10:26:43.344 [INFO] main.cpp:368 - ======== 轮询统计 ========
2026-05-26 10:26:43.344 [INFO] main.cpp:369 -   任务组数:     20
2026-05-26 10:26:43.344 [INFO] main.cpp:370 -   成功事务:     0
2026-05-26 10:26:43.344 [INFO] main.cpp:371 -   失败事务:     400
2026-05-26 10:26:43.344 [INFO] main.cpp:373 -   成功率:       0.0%
2026-05-26 10:26:43.344 [INFO] main.cpp:378 - ======== 命令队列统计 ========
2026-05-26 10:26:43.344 [INFO] main.cpp:379 -   已提交: 0  已执行: 0  成功: 0  失败: 0
2026-05-26 10:26:43.344 [INFO] main.cpp:384 -   队列大小: 0  平均耗时: 0.0ms
2026-05-26 10:26:44.345 [INFO] main.cpp:352 - ======== 总线统计 ========
2026-05-26 10:26:44.345 [INFO] main.cpp:353 -   总事务数:     400
2026-05-26 10:26:44.345 [INFO] main.cpp:354 -   总错误数:     400
2026-05-26 10:26:44.345 [INFO] main.cpp:355 -   发送字节数:   3200
2026-05-26 10:26:44.345 [INFO] main.cpp:356 -   接收字节数:   0
2026-05-26 10:26:44.345 [INFO] main.cpp:357 -   平均延迟:     0.00 ms
2026-05-26 10:26:44.345 [INFO] main.cpp:358 -   最大延迟:     0.00 ms
2026-05-26 10:26:44.345 [INFO] main.cpp:359 -   总线争用次数: 0
2026-05-26 10:26:44.345 [INFO] main.cpp:368 - ======== 轮询统计 ========
2026-05-26 10:26:44.345 [INFO] main.cpp:369 -   任务组数:     20
2026-05-26 10:26:44.346 [INFO] main.cpp:370 -   成功事务:     0
2026-05-26 10:26:44.346 [INFO] main.cpp:371 -   失败事务:     400
2026-05-26 10:26:44.346 [INFO] main.cpp:373 -   成功率:       0.0%
2026-05-26 10:26:44.346 [INFO] main.cpp:378 - ======== 命令队列统计 ========
2026-05-26 10:26:44.346 [INFO] main.cpp:379 -   已提交: 0  已执行: 0  成功: 0  失败: 0
2026-05-26 10:26:44.346 [INFO] main.cpp:384 -   队列大小: 0  平均耗时: 0.0ms
2026-05-26 10:26:45.347 [INFO] main.cpp:352 - ======== 总线统计 ========
2026-05-26 10:26:45.347 [INFO] main.cpp:353 -   总事务数:     400
2026-05-26 10:26:45.347 [INFO] main.cpp:354 -   总错误数:     400
2026-05-26 10:26:45.347 [INFO] main.cpp:355 -   发送字节数:   3200
2026-05-26 10:26:45.347 [INFO] main.cpp:356 -   接收字节数:   0
2026-05-26 10:26:45.347 [INFO] main.cpp:357 -   平均延迟:     0.00 ms
2026-05-26 10:26:45.347 [INFO] main.cpp:358 -   最大延迟:     0.00 ms
2026-05-26 10:26:45.347 [INFO] main.cpp:359 -   总线争用次数: 0
2026-05-26 10:26:45.347 [INFO] main.cpp:368 - ======== 轮询统计 ========
2026-05-26 10:26:45.348 [INFO] main.cpp:369 -   任务组数:     20
2026-05-26 10:26:45.348 [INFO] main.cpp:370 -   成功事务:     0
2026-05-26 10:26:45.348 [INFO] main.cpp:371 -   失败事务:     400
2026-05-26 10:26:45.348 [INFO] main.cpp:373 -   成功率:       0.0%
2026-05-26 10:26:45.348 [INFO] main.cpp:378 - ======== 命令队列统计 ========
2026-05-26 10:26:45.348 [INFO] main.cpp:379 -   已提交: 0  已执行: 0  成功: 0  失败: 0
2026-05-26 10:26:45.348 [INFO] main.cpp:384 -   队列大小: 0  平均耗时: 0.0ms
2026-05-26 10:26:46.348 [INFO] main.cpp:352 - ======== 总线统计 ========
2026-05-26 10:26:46.349 [INFO] main.cpp:353 -   总事务数:     400
2026-05-26 10:26:46.349 [INFO] main.cpp:354 -   总错误数:     400
2026-05-26 10:26:46.349 [INFO] main.cpp:355 -   发送字节数:   3200
2026-05-26 10:26:46.349 [INFO] main.cpp:356 -   接收字节数:   0
2026-05-26 10:26:46.349 [INFO] main.cpp:357 -   平均延迟:     0.00 ms
2026-05-26 10:26:46.349 [INFO] main.cpp:358 -   最大延迟:     0.00 ms
2026-05-26 10:26:46.349 [INFO] main.cpp:359 -   总线争用次数: 0
2026-05-26 10:26:46.349 [INFO] main.cpp:368 - ======== 轮询统计 ========
2026-05-26 10:26:46.349 [INFO] main.cpp:369 -   任务组数:     20
2026-05-26 10:26:46.349 [INFO] main.cpp:370 -   成功事务:     0
2026-05-26 10:26:46.349 [INFO] main.cpp:371 -   失败事务:     400
2026-05-26 10:26:46.349 [INFO] main.cpp:373 -   成功率:       0.0%
2026-05-26 10:26:46.349 [INFO] main.cpp:378 - ======== 命令队列统计 ========
2026-05-26 10:26:46.349 [INFO] main.cpp:379 -   已提交: 0  已执行: 0  成功: 0  失败: 0
2026-05-26 10:26:46.349 [INFO] main.cpp:384 -   队列大小: 0  平均耗时: 0.0ms
2026-05-26 10:26:47.350 [INFO] main.cpp:352 - ======== 总线统计 ========
2026-05-26 10:26:47.350 [INFO] main.cpp:353 -   总事务数:     420
2026-05-26 10:26:47.350 [INFO] main.cpp:354 -   总错误数:     400
2026-05-26 10:26:47.350 [INFO] main.cpp:355 -   发送字节数:   3360
2026-05-26 10:26:47.350 [INFO] main.cpp:356 -   接收字节数:   0
2026-05-26 10:26:47.350 [INFO] main.cpp:357 -   平均延迟:     0.00 ms
2026-05-26 10:26:47.350 [INFO] main.cpp:358 -   最大延迟:     0.00 ms
2026-05-26 10:26:47.350 [INFO] main.cpp:359 -   总线争用次数: 0
2026-05-26 10:26:47.350 [INFO] main.cpp:368 - ======== 轮询统计 ========
2026-05-26 10:26:47.350 [INFO] main.cpp:369 -   任务组数:     20
2026-05-26 10:26:47.350 [INFO] main.cpp:370 -   成功事务:     0
2026-05-26 10:26:47.350 [INFO] main.cpp:371 -   失败事务:     400
2026-05-26 10:26:47.350 [INFO] main.cpp:373 -   成功率:       0.0%
2026-05-26 10:26:47.350 [INFO] main.cpp:378 - ======== 命令队列统计 ========
2026-05-26 10:26:47.350 [INFO] main.cpp:379 -   已提交: 0  已执行: 0  成功: 0  失败: 0
2026-05-26 10:26:47.351 [INFO] main.cpp:384 -   队列大小: 0  平均耗时: 0.0ms
2026-05-26 10:26:48.351 [INFO] main.cpp:352 - ======== 总线统计 ========
2026-05-26 10:26:48.351 [INFO] main.cpp:353 -   总事务数:     420
2026-05-26 10:26:48.351 [INFO] main.cpp:354 -   总错误数:     420
2026-05-26 10:26:48.351 [INFO] main.cpp:355 -   发送字节数:   3360
2026-05-26 10:26:48.351 [INFO] main.cpp:356 -   接收字节数:   0
2026-05-26 10:26:48.351 [INFO] main.cpp:357 -   平均延迟:     0.00 ms
2026-05-26 10:26:48.351 [INFO] main.cpp:358 -   最大延迟:     0.00 ms
2026-05-26 10:26:48.351 [INFO] main.cpp:359 -   总线争用次数: 0
2026-05-26 10:26:48.352 [INFO] main.cpp:368 - ======== 轮询统计 ========
2026-05-26 10:26:48.352 [INFO] main.cpp:369 -   任务组数:     20
2026-05-26 10:26:48.352 [INFO] main.cpp:370 -   成功事务:     0
2026-05-26 10:26:48.352 [INFO] main.cpp:371 -   失败事务:     420
2026-05-26 10:26:48.352 [INFO] main.cpp:373 -   成功率:       0.0%
2026-05-26 10:26:48.352 [INFO] main.cpp:378 - ======== 命令队列统计 ========
2026-05-26 10:26:48.352 [INFO] main.cpp:379 -   已提交: 0  已执行: 0  成功: 0  失败: 0
2026-05-26 10:26:48.352 [INFO] main.cpp:384 -   队列大小: 0  平均耗时: 0.0ms
2026-05-26 10:26:49.353 [INFO] main.cpp:352 - ======== 总线统计 ========
2026-05-26 10:26:49.353 [INFO] main.cpp:353 -   总事务数:     420
2026-05-26 10:26:49.353 [INFO] main.cpp:354 -   总错误数:     420
2026-05-26 10:26:49.353 [INFO] main.cpp:355 -   发送字节数:   3360
2026-05-26 10:26:49.353 [INFO] main.cpp:356 -   接收字节数:   0
2026-05-26 10:26:49.353 [INFO] main.cpp:357 -   平均延迟:     0.00 ms
2026-05-26 10:26:49.353 [INFO] main.cpp:358 -   最大延迟:     0.00 ms
2026-05-26 10:26:49.353 [INFO] main.cpp:359 -   总线争用次数: 0
2026-05-26 10:26:49.353 [INFO] main.cpp:368 - ======== 轮询统计 ========
2026-05-26 10:26:49.354 [INFO] main.cpp:369 -   任务组数:     20
2026-05-26 10:26:49.354 [INFO] main.cpp:370 -   成功事务:     0
2026-05-26 10:26:49.354 [INFO] main.cpp:371 -   失败事务:     420
2026-05-26 10:26:49.354 [INFO] main.cpp:373 -   成功率:       0.0%
2026-05-26 10:26:49.354 [INFO] main.cpp:378 - ======== 命令队列统计 ========
2026-05-26 10:26:49.354 [INFO] main.cpp:379 -   已提交: 0  已执行: 0  成功: 0  失败: 0
2026-05-26 10:26:49.354 [INFO] main.cpp:384 -   队列大小: 0  平均耗时: 0.0ms
2026-05-26 10:26:50.354 [INFO] main.cpp:352 - ======== 总线统计 ========
2026-05-26 10:26:50.355 [INFO] main.cpp:353 -   总事务数:     420
2026-05-26 10:26:50.355 [INFO] main.cpp:354 -   总错误数:     420
2026-05-26 10:26:50.355 [INFO] main.cpp:355 -   发送字节数:   3360
2026-05-26 10:26:50.355 [INFO] main.cpp:356 -   接收字节数:   0
2026-05-26 10:26:50.355 [INFO] main.cpp:357 -   平均延迟:     0.00 ms
2026-05-26 10:26:50.355 [INFO] main.cpp:358 -   最大延迟:     0.00 ms
2026-05-26 10:26:50.355 [INFO] main.cpp:359 -   总线争用次数: 0
2026-05-26 10:26:50.355 [INFO] main.cpp:368 - ======== 轮询统计 ========
2026-05-26 10:26:50.355 [INFO] main.cpp:369 -   任务组数:     20
2026-05-26 10:26:50.355 [INFO] main.cpp:370 -   成功事务:     0
2026-05-26 10:26:50.355 [INFO] main.cpp:371 -   失败事务:     420
2026-05-26 10:26:50.355 [INFO] main.cpp:373 -   成功率:       0.0%
2026-05-26 10:26:50.355 [INFO] main.cpp:378 - ======== 命令队列统计 ========
2026-05-26 10:26:50.355 [INFO] main.cpp:379 -   已提交: 0  已执行: 0  成功: 0  失败: 0
2026-05-26 10:26:50.355 [INFO] main.cpp:384 -   队列大小: 0  平均耗时: 0.0ms
2026-05-26 10:26:51.356 [INFO] main.cpp:352 - ======== 总线统计 ========
2026-05-26 10:26:51.356 [INFO] main.cpp:353 -   总事务数:     420
2026-05-26 10:26:51.356 [INFO] main.cpp:354 -   总错误数:     420
2026-05-26 10:26:51.356 [INFO] main.cpp:355 -   发送字节数:   3360
2026-05-26 10:26:51.356 [INFO] main.cpp:356 -   接收字节数:   0
2026-05-26 10:26:51.356 [INFO] main.cpp:357 -   平均延迟:     0.00 ms
2026-05-26 10:26:51.356 [INFO] main.cpp:358 -   最大延迟:     0.00 ms
2026-05-26 10:26:51.356 [INFO] main.cpp:359 -   总线争用次数: 0
2026-05-26 10:26:51.356 [INFO] main.cpp:368 - ======== 轮询统计 ========
2026-05-26 10:26:51.356 [INFO] main.cpp:369 -   任务组数:     20
2026-05-26 10:26:51.356 [INFO] main.cpp:370 -   成功事务:     0
2026-05-26 10:26:51.356 [INFO] main.cpp:371 -   失败事务:     420
2026-05-26 10:26:51.356 [INFO] main.cpp:373 -   成功率:       0.0%
2026-05-26 10:26:51.356 [INFO] main.cpp:378 - ======== 命令队列统计 ========
2026-05-26 10:26:51.356 [INFO] main.cpp:379 -   已提交: 0  已执行: 0  成功: 0  失败: 0
2026-05-26 10:26:51.356 [INFO] main.cpp:384 -   队列大小: 0  平均耗时: 0.0ms
2026-05-26 10:26:52.357 [INFO] main.cpp:352 - ======== 总线统计 ========
2026-05-26 10:26:52.358 [INFO] main.cpp:353 -   总事务数:     440
2026-05-26 10:26:52.358 [INFO] main.cpp:354 -   总错误数:     420
2026-05-26 10:26:52.358 [INFO] main.cpp:355 -   发送字节数:   3520
2026-05-26 10:26:52.358 [INFO] main.cpp:356 -   接收字节数:   0
2026-05-26 10:26:52.358 [INFO] main.cpp:357 -   平均延迟:     0.00 ms
2026-05-26 10:26:52.358 [INFO] main.cpp:358 -   最大延迟:     0.00 ms
2026-05-26 10:26:52.358 [INFO] main.cpp:359 -   总线争用次数: 0
2026-05-26 10:26:52.358 [INFO] main.cpp:368 - ======== 轮询统计 ========
2026-05-26 10:26:52.358 [INFO] main.cpp:369 -   任务组数:     20
2026-05-26 10:26:52.358 [INFO] main.cpp:370 -   成功事务:     0
2026-05-26 10:26:52.358 [INFO] main.cpp:371 -   失败事务:     420
2026-05-26 10:26:52.358 [INFO] main.cpp:373 -   成功率:       0.0%
2026-05-26 10:26:52.358 [INFO] main.cpp:378 - ======== 命令队列统计 ========
2026-05-26 10:26:52.358 [INFO] main.cpp:379 -   已提交: 0  已执行: 0  成功: 0  失败: 0
2026-05-26 10:26:52.358 [INFO] main.cpp:384 -   队列大小: 0  平均耗时: 0.0ms
2026-05-26 10:26:53.359 [INFO] main.cpp:352 - ======== 总线统计 ========
2026-05-26 10:26:53.360 [INFO] main.cpp:353 -   总事务数:     440
2026-05-26 10:26:53.360 [INFO] main.cpp:354 -   总错误数:     440
2026-05-26 10:26:53.360 [INFO] main.cpp:355 -   发送字节数:   3520
2026-05-26 10:26:53.360 [INFO] main.cpp:356 -   接收字节数:   0
2026-05-26 10:26:53.360 [INFO] main.cpp:357 -   平均延迟:     0.00 ms
2026-05-26 10:26:53.360 [INFO] main.cpp:358 -   最大延迟:     0.00 ms
2026-05-26 10:26:53.360 [INFO] main.cpp:359 -   总线争用次数: 0
2026-05-26 10:26:53.360 [INFO] main.cpp:368 - ======== 轮询统计 ========
2026-05-26 10:26:53.360 [INFO] main.cpp:369 -   任务组数:     20
2026-05-26 10:26:53.360 [INFO] main.cpp:370 -   成功事务:     0
2026-05-26 10:26:53.360 [INFO] main.cpp:371 -   失败事务:     440
2026-05-26 10:26:53.360 [INFO] main.cpp:373 -   成功率:       0.0%
2026-05-26 10:26:53.360 [INFO] main.cpp:378 - ======== 命令队列统计 ========
2026-05-26 10:26:53.360 [INFO] main.cpp:379 -   已提交: 0  已执行: 0  成功: 0  失败: 0
2026-05-26 10:26:53.360 [INFO] main.cpp:384 -   队列大小: 0  平均耗时: 0.0ms
2026-05-26 10:26:54.361 [INFO] main.cpp:352 - ======== 总线统计 ========
2026-05-26 10:26:54.362 [INFO] main.cpp:353 -   总事务数:     440
2026-05-26 10:26:54.362 [INFO] main.cpp:354 -   总错误数:     440
2026-05-26 10:26:54.362 [INFO] main.cpp:355 -   发送字节数:   3520
2026-05-26 10:26:54.362 [INFO] main.cpp:356 -   接收字节数:   0
2026-05-26 10:26:54.362 [INFO] main.cpp:357 -   平均延迟:     0.00 ms
2026-05-26 10:26:54.362 [INFO] main.cpp:358 -   最大延迟:     0.00 ms
2026-05-26 10:26:54.362 [INFO] main.cpp:359 -   总线争用次数: 0
2026-05-26 10:26:54.362 [INFO] main.cpp:368 - ======== 轮询统计 ========
2026-05-26 10:26:54.362 [INFO] main.cpp:369 -   任务组数:     20
2026-05-26 10:26:54.362 [INFO] main.cpp:370 -   成功事务:     0
2026-05-26 10:26:54.362 [INFO] main.cpp:371 -   失败事务:     440
2026-05-26 10:26:54.362 [INFO] main.cpp:373 -   成功率:       0.0%
2026-05-26 10:26:54.362 [INFO] main.cpp:378 - ======== 命令队列统计 ========
2026-05-26 10:26:54.362 [INFO] main.cpp:379 -   已提交: 0  已执行: 0  成功: 0  失败: 0
2026-05-26 10:26:54.362 [INFO] main.cpp:384 -   队列大小: 0  平均耗时: 0.0ms
2026-05-26 10:26:55.363 [INFO] main.cpp:352 - ======== 总线统计 ========
2026-05-26 10:26:55.363 [INFO] main.cpp:353 -   总事务数:     440
2026-05-26 10:26:55.364 [INFO] main.cpp:354 -   总错误数:     440
2026-05-26 10:26:55.364 [INFO] main.cpp:355 -   发送字节数:   3520
2026-05-26 10:26:55.364 [INFO] main.cpp:356 -   接收字节数:   0
2026-05-26 10:26:55.364 [INFO] main.cpp:357 -   平均延迟:     0.00 ms
2026-05-26 10:26:55.364 [INFO] main.cpp:358 -   最大延迟:     0.00 ms
2026-05-26 10:26:55.364 [INFO] main.cpp:359 -   总线争用次数: 0
2026-05-26 10:26:55.364 [INFO] main.cpp:368 - ======== 轮询统计 ========
2026-05-26 10:26:55.364 [INFO] main.cpp:369 -   任务组数:     20
2026-05-26 10:26:55.364 [INFO] main.cpp:370 -   成功事务:     0
2026-05-26 10:26:55.364 [INFO] main.cpp:371 -   失败事务:     440
2026-05-26 10:26:55.364 [INFO] main.cpp:373 -   成功率:       0.0%
2026-05-26 10:26:55.364 [INFO] main.cpp:378 - ======== 命令队列统计 ========
2026-05-26 10:26:55.364 [INFO] main.cpp:379 -   已提交: 0  已执行: 0  成功: 0  失败: 0
2026-05-26 10:26:55.364 [INFO] main.cpp:384 -   队列大小: 0  平均耗时: 0.0ms
2026-05-26 10:26:56.365 [INFO] main.cpp:352 - ======== 总线统计 ========
2026-05-26 10:26:56.365 [INFO] main.cpp:353 -   总事务数:     440
2026-05-26 10:26:56.365 [INFO] main.cpp:354 -   总错误数:     440
2026-05-26 10:26:56.365 [INFO] main.cpp:355 -   发送字节数:   3520
2026-05-26 10:26:56.365 [INFO] main.cpp:356 -   接收字节数:   0
2026-05-26 10:26:56.366 [INFO] main.cpp:357 -   平均延迟:     0.00 ms
2026-05-26 10:26:56.366 [INFO] main.cpp:358 -   最大延迟:     0.00 ms
2026-05-26 10:26:56.366 [INFO] main.cpp:359 -   总线争用次数: 0
2026-05-26 10:26:56.366 [INFO] main.cpp:368 - ======== 轮询统计 ========
2026-05-26 10:26:56.366 [INFO] main.cpp:369 -   任务组数:     20
2026-05-26 10:26:56.366 [INFO] main.cpp:370 -   成功事务:     0
2026-05-26 10:26:56.366 [INFO] main.cpp:371 -   失败事务:     440
2026-05-26 10:26:56.366 [INFO] main.cpp:373 -   成功率:       0.0%
2026-05-26 10:26:56.366 [INFO] main.cpp:378 - ======== 命令队列统计 ========
2026-05-26 10:26:56.366 [INFO] main.cpp:379 -   已提交: 0  已执行: 0  成功: 0  失败: 0
2026-05-26 10:26:56.366 [INFO] main.cpp:384 -   队列大小: 0  平均耗时: 0.0ms
2026-05-26 10:26:57.367 [INFO] main.cpp:352 - ======== 总线统计 ========
2026-05-26 10:26:57.367 [INFO] main.cpp:353 -   总事务数:     460
2026-05-26 10:26:57.367 [INFO] main.cpp:354 -   总错误数:     440
2026-05-26 10:26:57.367 [INFO] main.cpp:355 -   发送字节数:   3680
2026-05-26 10:26:57.367 [INFO] main.cpp:356 -   接收字节数:   0
2026-05-26 10:26:57.367 [INFO] main.cpp:357 -   平均延迟:     0.00 ms
2026-05-26 10:26:57.367 [INFO] main.cpp:358 -   最大延迟:     0.00 ms
2026-05-26 10:26:57.367 [INFO] main.cpp:359 -   总线争用次数: 0
2026-05-26 10:26:57.368 [INFO] main.cpp:368 - ======== 轮询统计 ========
2026-05-26 10:26:57.368 [INFO] main.cpp:369 -   任务组数:     20
2026-05-26 10:26:57.368 [INFO] main.cpp:370 -   成功事务:     0
2026-05-26 10:26:57.368 [INFO] main.cpp:371 -   失败事务:     440
2026-05-26 10:26:57.368 [INFO] main.cpp:373 -   成功率:       0.0%
2026-05-26 10:26:57.368 [INFO] main.cpp:378 - ======== 命令队列统计 ========
2026-05-26 10:26:57.368 [INFO] main.cpp:379 -   已提交: 0  已执行: 0  成功: 0  失败: 0
2026-05-26 10:26:57.368 [INFO] main.cpp:384 -   队列大小: 0  平均耗时: 0.0ms
2026-05-26 10:26:58.369 [INFO] main.cpp:352 - ======== 总线统计 ========
2026-05-26 10:26:58.369 [INFO] main.cpp:353 -   总事务数:     460
2026-05-26 10:26:58.369 [INFO] main.cpp:354 -   总错误数:     460
2026-05-26 10:26:58.369 [INFO] main.cpp:355 -   发送字节数:   3680
2026-05-26 10:26:58.369 [INFO] main.cpp:356 -   接收字节数:   0
2026-05-26 10:26:58.369 [INFO] main.cpp:357 -   平均延迟:     0.00 ms
2026-05-26 10:26:58.369 [INFO] main.cpp:358 -   最大延迟:     0.00 ms
2026-05-26 10:26:58.369 [INFO] main.cpp:359 -   总线争用次数: 0
2026-05-26 10:26:58.370 [INFO] main.cpp:368 - ======== 轮询统计 ========
2026-05-26 10:26:58.370 [INFO] main.cpp:369 -   任务组数:     20
2026-05-26 10:26:58.370 [INFO] main.cpp:370 -   成功事务:     0
2026-05-26 10:26:58.370 [INFO] main.cpp:371 -   失败事务:     460
2026-05-26 10:26:58.370 [INFO] main.cpp:373 -   成功率:       0.0%
2026-05-26 10:26:58.370 [INFO] main.cpp:378 - ======== 命令队列统计 ========
2026-05-26 10:26:58.370 [INFO] main.cpp:379 -   已提交: 0  已执行: 0  成功: 0  失败: 0
2026-05-26 10:26:58.370 [INFO] main.cpp:384 -   队列大小: 0  平均耗时: 0.0ms
2026-05-26 10:26:59.371 [INFO] main.cpp:352 - ======== 总线统计 ========
2026-05-26 10:26:59.371 [INFO] main.cpp:353 -   总事务数:     460
2026-05-26 10:26:59.371 [INFO] main.cpp:354 -   总错误数:     460
2026-05-26 10:26:59.371 [INFO] main.cpp:355 -   发送字节数:   3680
2026-05-26 10:26:59.371 [INFO] main.cpp:356 -   接收字节数:   0
2026-05-26 10:26:59.371 [INFO] main.cpp:357 -   平均延迟:     0.00 ms
2026-05-26 10:26:59.371 [INFO] main.cpp:358 -   最大延迟:     0.00 ms
2026-05-26 10:26:59.371 [INFO] main.cpp:359 -   总线争用次数: 0
2026-05-26 10:26:59.372 [INFO] main.cpp:368 - ======== 轮询统计 ========
2026-05-26 10:26:59.372 [INFO] main.cpp:369 -   任务组数:     20
2026-05-26 10:26:59.372 [INFO] main.cpp:370 -   成功事务:     0
2026-05-26 10:26:59.372 [INFO] main.cpp:371 -   失败事务:     460
2026-05-26 10:26:59.372 [INFO] main.cpp:373 -   成功率:       0.0%
2026-05-26 10:26:59.372 [INFO] main.cpp:378 - ======== 命令队列统计 ========
2026-05-26 10:26:59.372 [INFO] main.cpp:379 -   已提交: 0  已执行: 0  成功: 0  失败: 0
2026-05-26 10:26:59.372 [INFO] main.cpp:384 -   队列大小: 0  平均耗时: 0.0ms
2026-05-26 10:27:00.373 [INFO] main.cpp:352 - ======== 总线统计 ========
2026-05-26 10:27:00.373 [INFO] main.cpp:353 -   总事务数:     460
2026-05-26 10:27:00.373 [INFO] main.cpp:354 -   总错误数:     460
2026-05-26 10:27:00.373 [INFO] main.cpp:355 -   发送字节数:   3680
2026-05-26 10:27:00.373 [INFO] main.cpp:356 -   接收字节数:   0
2026-05-26 10:27:00.373 [INFO] main.cpp:357 -   平均延迟:     0.00 ms
2026-05-26 10:27:00.373 [INFO] main.cpp:358 -   最大延迟:     0.00 ms
2026-05-26 10:27:00.373 [INFO] main.cpp:359 -   总线争用次数: 0
2026-05-26 10:27:00.374 [INFO] main.cpp:368 - ======== 轮询统计 ========
2026-05-26 10:27:00.374 [INFO] main.cpp:369 -   任务组数:     20
2026-05-26 10:27:00.374 [INFO] main.cpp:370 -   成功事务:     0
2026-05-26 10:27:00.374 [INFO] main.cpp:371 -   失败事务:     460
2026-05-26 10:27:00.374 [INFO] main.cpp:373 -   成功率:       0.0%
2026-05-26 10:27:00.374 [INFO] main.cpp:378 - ======== 命令队列统计 ========
2026-05-26 10:27:00.374 [INFO] main.cpp:379 -   已提交: 0  已执行: 0  成功: 0  失败: 0
2026-05-26 10:27:00.374 [INFO] main.cpp:384 -   队列大小: 0  平均耗时: 0.0ms
2026-05-26 10:27:01.374 [INFO] main.cpp:352 - ======== 总线统计 ========
2026-05-26 10:27:01.375 [INFO] main.cpp:353 -   总事务数:     460
2026-05-26 10:27:01.375 [INFO] main.cpp:354 -   总错误数:     460
2026-05-26 10:27:01.375 [INFO] main.cpp:355 -   发送字节数:   3680
2026-05-26 10:27:01.375 [INFO] main.cpp:356 -   接收字节数:   0
2026-05-26 10:27:01.375 [INFO] main.cpp:357 -   平均延迟:     0.00 ms
2026-05-26 10:27:01.375 [INFO] main.cpp:358 -   最大延迟:     0.00 ms
2026-05-26 10:27:01.375 [INFO] main.cpp:359 -   总线争用次数: 0
2026-05-26 10:27:01.375 [INFO] main.cpp:368 - ======== 轮询统计 ========
2026-05-26 10:27:01.375 [INFO] main.cpp:369 -   任务组数:     20
2026-05-26 10:27:01.375 [INFO] main.cpp:370 -   成功事务:     0
2026-05-26 10:27:01.375 [INFO] main.cpp:371 -   失败事务:     460
2026-05-26 10:27:01.375 [INFO] main.cpp:373 -   成功率:       0.0%
2026-05-26 10:27:01.375 [INFO] main.cpp:378 - ======== 命令队列统计 ========
2026-05-26 10:27:01.375 [INFO] main.cpp:379 -   已提交: 0  已执行: 0  成功: 0  失败: 0
2026-05-26 10:27:01.375 [INFO] main.cpp:384 -   队列大小: 0  平均耗时: 0.0ms
2026-05-26 10:27:02.376 [INFO] main.cpp:352 - ======== 总线统计 ========
2026-05-26 10:27:02.377 [INFO] main.cpp:353 -   总事务数:     480
2026-05-26 10:27:02.377 [INFO] main.cpp:354 -   总错误数:     460
2026-05-26 10:27:02.377 [INFO] main.cpp:355 -   发送字节数:   3840
2026-05-26 10:27:02.377 [INFO] main.cpp:356 -   接收字节数:   0
2026-05-26 10:27:02.377 [INFO] main.cpp:357 -   平均延迟:     0.00 ms
2026-05-26 10:27:02.377 [INFO] main.cpp:358 -   最大延迟:     0.00 ms
2026-05-26 10:27:02.377 [INFO] main.cpp:359 -   总线争用次数: 0
2026-05-26 10:27:02.377 [INFO] main.cpp:368 - ======== 轮询统计 ========
2026-05-26 10:27:02.377 [INFO] main.cpp:369 -   任务组数:     20
2026-05-26 10:27:02.377 [INFO] main.cpp:370 -   成功事务:     0
2026-05-26 10:27:02.377 [INFO] main.cpp:371 -   失败事务:     460
2026-05-26 10:27:02.377 [INFO] main.cpp:373 -   成功率:       0.0%
2026-05-26 10:27:02.377 [INFO] main.cpp:378 - ======== 命令队列统计 ========
2026-05-26 10:27:02.377 [INFO] main.cpp:379 -   已提交: 0  已执行: 0  成功: 0  失败: 0
2026-05-26 10:27:02.377 [INFO] main.cpp:384 -   队列大小: 0  平均耗时: 0.0ms
2026-05-26 10:27:03.378 [INFO] main.cpp:352 - ======== 总线统计 ========
2026-05-26 10:27:03.378 [INFO] main.cpp:353 -   总事务数:     480
2026-05-26 10:27:03.378 [INFO] main.cpp:354 -   总错误数:     480
2026-05-26 10:27:03.378 [INFO] main.cpp:355 -   发送字节数:   3840
2026-05-26 10:27:03.378 [INFO] main.cpp:356 -   接收字节数:   0
2026-05-26 10:27:03.378 [INFO] main.cpp:357 -   平均延迟:     0.00 ms
2026-05-26 10:27:03.378 [INFO] main.cpp:358 -   最大延迟:     0.00 ms
2026-05-26 10:27:03.378 [INFO] main.cpp:359 -   总线争用次数: 0
2026-05-26 10:27:03.378 [INFO] main.cpp:368 - ======== 轮询统计 ========
2026-05-26 10:27:03.378 [INFO] main.cpp:369 -   任务组数:     20
2026-05-26 10:27:03.378 [INFO] main.cpp:370 -   成功事务:     0
2026-05-26 10:27:03.378 [INFO] main.cpp:371 -   失败事务:     480
2026-05-26 10:27:03.378 [INFO] main.cpp:373 -   成功率:       0.0%
2026-05-26 10:27:03.378 [INFO] main.cpp:378 - ======== 命令队列统计 ========
2026-05-26 10:27:03.378 [INFO] main.cpp:379 -   已提交: 0  已执行: 0  成功: 0  失败: 0
2026-05-26 10:27:03.379 [INFO] main.cpp:384 -   队列大小: 0  平均耗时: 0.0ms
2026-05-26 10:27:04.380 [INFO] main.cpp:352 - ======== 总线统计 ========
2026-05-26 10:27:04.380 [INFO] main.cpp:353 -   总事务数:     480
2026-05-26 10:27:04.380 [INFO] main.cpp:354 -   总错误数:     480
2026-05-26 10:27:04.380 [INFO] main.cpp:355 -   发送字节数:   3840
2026-05-26 10:27:04.380 [INFO] main.cpp:356 -   接收字节数:   0
2026-05-26 10:27:04.380 [INFO] main.cpp:357 -   平均延迟:     0.00 ms
2026-05-26 10:27:04.380 [INFO] main.cpp:358 -   最大延迟:     0.00 ms
2026-05-26 10:27:04.380 [INFO] main.cpp:359 -   总线争用次数: 0
2026-05-26 10:27:04.380 [INFO] main.cpp:368 - ======== 轮询统计 ========
2026-05-26 10:27:04.380 [INFO] main.cpp:369 -   任务组数:     20
2026-05-26 10:27:04.380 [INFO] main.cpp:370 -   成功事务:     0
2026-05-26 10:27:04.380 [INFO] main.cpp:371 -   失败事务:     480
2026-05-26 10:27:04.380 [INFO] main.cpp:373 -   成功率:       0.0%
2026-05-26 10:27:04.380 [INFO] main.cpp:378 - ======== 命令队列统计 ========
2026-05-26 10:27:04.380 [INFO] main.cpp:379 -   已提交: 0  已执行: 0  成功: 0  失败: 0
2026-05-26 10:27:04.381 [INFO] main.cpp:384 -   队列大小: 0  平均耗时: 0.0ms
2026-05-26 10:27:05.381 [INFO] main.cpp:352 - ======== 总线统计 ========
2026-05-26 10:27:05.381 [INFO] main.cpp:353 -   总事务数:     480
2026-05-26 10:27:05.381 [INFO] main.cpp:354 -   总错误数:     480
2026-05-26 10:27:05.381 [INFO] main.cpp:355 -   发送字节数:   3840
2026-05-26 10:27:05.381 [INFO] main.cpp:356 -   接收字节数:   0
2026-05-26 10:27:05.381 [INFO] main.cpp:357 -   平均延迟:     0.00 ms
2026-05-26 10:27:05.381 [INFO] main.cpp:358 -   最大延迟:     0.00 ms
2026-05-26 10:27:05.381 [INFO] main.cpp:359 -   总线争用次数: 0
2026-05-26 10:27:05.382 [INFO] main.cpp:368 - ======== 轮询统计 ========
2026-05-26 10:27:05.382 [INFO] main.cpp:369 -   任务组数:     20
2026-05-26 10:27:05.382 [INFO] main.cpp:370 -   成功事务:     0
2026-05-26 10:27:05.382 [INFO] main.cpp:371 -   失败事务:     480
2026-05-26 10:27:05.382 [INFO] main.cpp:373 -   成功率:       0.0%
2026-05-26 10:27:05.382 [INFO] main.cpp:378 - ======== 命令队列统计 ========
2026-05-26 10:27:05.382 [INFO] main.cpp:379 -   已提交: 0  已执行: 0  成功: 0  失败: 0
2026-05-26 10:27:05.382 [INFO] main.cpp:384 -   队列大小: 0  平均耗时: 0.0ms
2026-05-26 10:27:06.383 [INFO] main.cpp:352 - ======== 总线统计 ========
2026-05-26 10:27:06.383 [INFO] main.cpp:353 -   总事务数:     480
2026-05-26 10:27:06.383 [INFO] main.cpp:354 -   总错误数:     480
2026-05-26 10:27:06.383 [INFO] main.cpp:355 -   发送字节数:   3840
2026-05-26 10:27:06.383 [INFO] main.cpp:356 -   接收字节数:   0
2026-05-26 10:27:06.383 [INFO] main.cpp:357 -   平均延迟:     0.00 ms
2026-05-26 10:27:06.383 [INFO] main.cpp:358 -   最大延迟:     0.00 ms
2026-05-26 10:27:06.383 [INFO] main.cpp:359 -   总线争用次数: 0
2026-05-26 10:27:06.383 [INFO] main.cpp:368 - ======== 轮询统计 ========
2026-05-26 10:27:06.383 [INFO] main.cpp:369 -   任务组数:     20
2026-05-26 10:27:06.383 [INFO] main.cpp:370 -   成功事务:     0
2026-05-26 10:27:06.383 [INFO] main.cpp:371 -   失败事务:     480
2026-05-26 10:27:06.383 [INFO] main.cpp:373 -   成功率:       0.0%
2026-05-26 10:27:06.383 [INFO] main.cpp:378 - ======== 命令队列统计 ========
2026-05-26 10:27:06.383 [INFO] main.cpp:379 -   已提交: 0  已执行: 0  成功: 0  失败: 0
2026-05-26 10:27:06.383 [INFO] main.cpp:384 -   队列大小: 0  平均耗时: 0.0ms
2026-05-26 10:27:07.384 [INFO] main.cpp:352 - ======== 总线统计 ========
2026-05-26 10:27:07.385 [INFO] main.cpp:353 -   总事务数:     500
2026-05-26 10:27:07.385 [INFO] main.cpp:354 -   总错误数:     480
2026-05-26 10:27:07.385 [INFO] main.cpp:355 -   发送字节数:   4000
2026-05-26 10:27:07.385 [INFO] main.cpp:356 -   接收字节数:   0
2026-05-26 10:27:07.385 [INFO] main.cpp:357 -   平均延迟:     0.00 ms
2026-05-26 10:27:07.385 [INFO] main.cpp:358 -   最大延迟:     0.00 ms
2026-05-26 10:27:07.385 [INFO] main.cpp:359 -   总线争用次数: 0
2026-05-26 10:27:07.385 [INFO] main.cpp:368 - ======== 轮询统计 ========
2026-05-26 10:27:07.385 [INFO] main.cpp:369 -   任务组数:     20
2026-05-26 10:27:07.385 [INFO] main.cpp:370 -   成功事务:     0
2026-05-26 10:27:07.385 [INFO] main.cpp:371 -   失败事务:     480
2026-05-26 10:27:07.385 [INFO] main.cpp:373 -   成功率:       0.0%
2026-05-26 10:27:07.385 [INFO] main.cpp:378 - ======== 命令队列统计 ========
2026-05-26 10:27:07.385 [INFO] main.cpp:379 -   已提交: 0  已执行: 0  成功: 0  失败: 0
2026-05-26 10:27:07.385 [INFO] main.cpp:384 -   队列大小: 0  平均耗时: 0.0ms
2026-05-26 10:27:08.386 [INFO] main.cpp:352 - ======== 总线统计 ========
2026-05-26 10:27:08.387 [INFO] main.cpp:353 -   总事务数:     500
2026-05-26 10:27:08.387 [INFO] main.cpp:354 -   总错误数:     500
2026-05-26 10:27:08.387 [INFO] main.cpp:355 -   发送字节数:   4000
2026-05-26 10:27:08.387 [INFO] main.cpp:356 -   接收字节数:   0
2026-05-26 10:27:08.387 [INFO] main.cpp:357 -   平均延迟:     0.00 ms
2026-05-26 10:27:08.387 [INFO] main.cpp:358 -   最大延迟:     0.00 ms
2026-05-26 10:27:08.387 [INFO] main.cpp:359 -   总线争用次数: 0
2026-05-26 10:27:08.387 [INFO] main.cpp:368 - ======== 轮询统计 ========
2026-05-26 10:27:08.387 [INFO] main.cpp:369 -   任务组数:     20
2026-05-26 10:27:08.387 [INFO] main.cpp:370 -   成功事务:     0
2026-05-26 10:27:08.387 [INFO] main.cpp:371 -   失败事务:     500
2026-05-26 10:27:08.387 [INFO] main.cpp:373 -   成功率:       0.0%
2026-05-26 10:27:08.387 [INFO] main.cpp:378 - ======== 命令队列统计 ========
2026-05-26 10:27:08.387 [INFO] main.cpp:379 -   已提交: 0  已执行: 0  成功: 0  失败: 0
2026-05-26 10:27:08.387 [INFO] main.cpp:384 -   队列大小: 0  平均耗时: 0.0ms
2026-05-26 10:27:09.388 [INFO] main.cpp:352 - ======== 总线统计 ========
2026-05-26 10:27:09.388 [INFO] main.cpp:353 -   总事务数:     500
2026-05-26 10:27:09.388 [INFO] main.cpp:354 -   总错误数:     500
2026-05-26 10:27:09.388 [INFO] main.cpp:355 -   发送字节数:   4000
2026-05-26 10:27:09.389 [INFO] main.cpp:356 -   接收字节数:   0
2026-05-26 10:27:09.389 [INFO] main.cpp:357 -   平均延迟:     0.00 ms
2026-05-26 10:27:09.389 [INFO] main.cpp:358 -   最大延迟:     0.00 ms
2026-05-26 10:27:09.389 [INFO] main.cpp:359 -   总线争用次数: 0
2026-05-26 10:27:09.389 [INFO] main.cpp:368 - ======== 轮询统计 ========
2026-05-26 10:27:09.389 [INFO] main.cpp:369 -   任务组数:     20
2026-05-26 10:27:09.389 [INFO] main.cpp:370 -   成功事务:     0
2026-05-26 10:27:09.389 [INFO] main.cpp:371 -   失败事务:     500
2026-05-26 10:27:09.389 [INFO] main.cpp:373 -   成功率:       0.0%
2026-05-26 10:27:09.389 [INFO] main.cpp:378 - ======== 命令队列统计 ========
2026-05-26 10:27:09.389 [INFO] main.cpp:379 -   已提交: 0  已执行: 0  成功: 0  失败: 0
2026-05-26 10:27:09.389 [INFO] main.cpp:384 -   队列大小: 0  平均耗时: 0.0ms
2026-05-26 10:27:10.390 [INFO] main.cpp:352 - ======== 总线统计 ========
2026-05-26 10:27:10.390 [INFO] main.cpp:353 -   总事务数:     500
2026-05-26 10:27:10.390 [INFO] main.cpp:354 -   总错误数:     500
2026-05-26 10:27:10.390 [INFO] main.cpp:355 -   发送字节数:   4000
2026-05-26 10:27:10.390 [INFO] main.cpp:356 -   接收字节数:   0
2026-05-26 10:27:10.391 [INFO] main.cpp:357 -   平均延迟:     0.00 ms
2026-05-26 10:27:10.391 [INFO] main.cpp:358 -   最大延迟:     0.00 ms
2026-05-26 10:27:10.391 [INFO] main.cpp:359 -   总线争用次数: 0
2026-05-26 10:27:10.391 [INFO] main.cpp:368 - ======== 轮询统计 ========
2026-05-26 10:27:10.391 [INFO] main.cpp:369 -   任务组数:     20
2026-05-26 10:27:10.391 [INFO] main.cpp:370 -   成功事务:     0
2026-05-26 10:27:10.391 [INFO] main.cpp:371 -   失败事务:     500
2026-05-26 10:27:10.391 [INFO] main.cpp:373 -   成功率:       0.0%
2026-05-26 10:27:10.391 [INFO] main.cpp:378 - ======== 命令队列统计 ========
2026-05-26 10:27:10.391 [INFO] main.cpp:379 -   已提交: 0  已执行: 0  成功: 0  失败: 0
2026-05-26 10:27:10.391 [INFO] main.cpp:384 -   队列大小: 0  平均耗时: 0.0ms
2026-05-26 10:27:11.392 [INFO] main.cpp:352 - ======== 总线统计 ========
2026-05-26 10:27:11.392 [INFO] main.cpp:353 -   总事务数:     500
2026-05-26 10:27:11.392 [INFO] main.cpp:354 -   总错误数:     500
2026-05-26 10:27:11.392 [INFO] main.cpp:355 -   发送字节数:   4000
2026-05-26 10:27:11.392 [INFO] main.cpp:356 -   接收字节数:   0
2026-05-26 10:27:11.392 [INFO] main.cpp:357 -   平均延迟:     0.00 ms
2026-05-26 10:27:11.392 [INFO] main.cpp:358 -   最大延迟:     0.00 ms
2026-05-26 10:27:11.393 [INFO] main.cpp:359 -   总线争用次数: 0
2026-05-26 10:27:11.393 [INFO] main.cpp:368 - ======== 轮询统计 ========
2026-05-26 10:27:11.393 [INFO] main.cpp:369 -   任务组数:     20
2026-05-26 10:27:11.393 [INFO] main.cpp:370 -   成功事务:     0
2026-05-26 10:27:11.393 [INFO] main.cpp:371 -   失败事务:     500
2026-05-26 10:27:11.393 [INFO] main.cpp:373 -   成功率:       0.0%
2026-05-26 10:27:11.393 [INFO] main.cpp:378 - ======== 命令队列统计 ========
2026-05-26 10:27:11.393 [INFO] main.cpp:379 -   已提交: 0  已执行: 0  成功: 0  失败: 0
2026-05-26 10:27:11.393 [INFO] main.cpp:384 -   队列大小: 0  平均耗时: 0.0ms
2026-05-26 10:27:12.394 [INFO] main.cpp:352 - ======== 总线统计 ========
2026-05-26 10:27:12.394 [INFO] main.cpp:353 -   总事务数:     520
2026-05-26 10:27:12.394 [INFO] main.cpp:354 -   总错误数:     500
2026-05-26 10:27:12.394 [INFO] main.cpp:355 -   发送字节数:   4160
2026-05-26 10:27:12.394 [INFO] main.cpp:356 -   接收字节数:   0
2026-05-26 10:27:12.394 [INFO] main.cpp:357 -   平均延迟:     0.00 ms
2026-05-26 10:27:12.394 [INFO] main.cpp:358 -   最大延迟:     0.00 ms
2026-05-26 10:27:12.395 [INFO] main.cpp:359 -   总线争用次数: 0
2026-05-26 10:27:12.395 [INFO] main.cpp:368 - ======== 轮询统计 ========
2026-05-26 10:27:12.395 [INFO] main.cpp:369 -   任务组数:     20
2026-05-26 10:27:12.395 [INFO] main.cpp:370 -   成功事务:     0
2026-05-26 10:27:12.395 [INFO] main.cpp:371 -   失败事务:     500
2026-05-26 10:27:12.395 [INFO] main.cpp:373 -   成功率:       0.0%
2026-05-26 10:27:12.395 [INFO] main.cpp:378 - ======== 命令队列统计 ========
2026-05-26 10:27:12.395 [INFO] main.cpp:379 -   已提交: 0  已执行: 0  成功: 0  失败: 0
2026-05-26 10:27:12.395 [INFO] main.cpp:384 -   队列大小: 0  平均耗时: 0.0ms
2026-05-26 10:27:13.396 [INFO] main.cpp:352 - ======== 总线统计 ========
2026-05-26 10:27:13.396 [INFO] main.cpp:353 -   总事务数:     520
2026-05-26 10:27:13.396 [INFO] main.cpp:354 -   总错误数:     520
2026-05-26 10:27:13.396 [INFO] main.cpp:355 -   发送字节数:   4160
2026-05-26 10:27:13.396 [INFO] main.cpp:356 -   接收字节数:   0
2026-05-26 10:27:13.396 [INFO] main.cpp:357 -   平均延迟:     0.00 ms
2026-05-26 10:27:13.396 [INFO] main.cpp:358 -   最大延迟:     0.00 ms
2026-05-26 10:27:13.396 [INFO] main.cpp:359 -   总线争用次数: 0
2026-05-26 10:27:13.396 [INFO] main.cpp:368 - ======== 轮询统计 ========
2026-05-26 10:27:13.396 [INFO] main.cpp:369 -   任务组数:     20
2026-05-26 10:27:13.397 [INFO] main.cpp:370 -   成功事务:     0
2026-05-26 10:27:13.397 [INFO] main.cpp:371 -   失败事务:     520
2026-05-26 10:27:13.397 [INFO] main.cpp:373 -   成功率:       0.0%
2026-05-26 10:27:13.397 [INFO] main.cpp:378 - ======== 命令队列统计 ========
2026-05-26 10:27:13.397 [INFO] main.cpp:379 -   已提交: 0  已执行: 0  成功: 0  失败: 0
2026-05-26 10:27:13.397 [INFO] main.cpp:384 -   队列大小: 0  平均耗时: 0.0ms
2026-05-26 10:27:14.398 [INFO] main.cpp:352 - ======== 总线统计 ========
2026-05-26 10:27:14.398 [INFO] main.cpp:353 -   总事务数:     520
2026-05-26 10:27:14.398 [INFO] main.cpp:354 -   总错误数:     520
2026-05-26 10:27:14.398 [INFO] main.cpp:355 -   发送字节数:   4160
2026-05-26 10:27:14.398 [INFO] main.cpp:356 -   接收字节数:   0
2026-05-26 10:27:14.398 [INFO] main.cpp:357 -   平均延迟:     0.00 ms
2026-05-26 10:27:14.398 [INFO] main.cpp:358 -   最大延迟:     0.00 ms
2026-05-26 10:27:14.398 [INFO] main.cpp:359 -   总线争用次数: 0
2026-05-26 10:27:14.398 [INFO] main.cpp:368 - ======== 轮询统计 ========
2026-05-26 10:27:14.398 [INFO] main.cpp:369 -   任务组数:     20
2026-05-26 10:27:14.398 [INFO] main.cpp:370 -   成功事务:     0
2026-05-26 10:27:14.398 [INFO] main.cpp:371 -   失败事务:     520
2026-05-26 10:27:14.399 [INFO] main.cpp:373 -   成功率:       0.0%
2026-05-26 10:27:14.399 [INFO] main.cpp:378 - ======== 命令队列统计 ========
2026-05-26 10:27:14.399 [INFO] main.cpp:379 -   已提交: 0  已执行: 0  成功: 0  失败: 0
2026-05-26 10:27:14.399 [INFO] main.cpp:384 -   队列大小: 0  平均耗时: 0.0ms
2026-05-26 10:27:15.400 [INFO] main.cpp:352 - ======== 总线统计 ========
2026-05-26 10:27:15.400 [INFO] main.cpp:353 -   总事务数:     520
2026-05-26 10:27:15.400 [INFO] main.cpp:354 -   总错误数:     520
2026-05-26 10:27:15.400 [INFO] main.cpp:355 -   发送字节数:   4160
2026-05-26 10:27:15.400 [INFO] main.cpp:356 -   接收字节数:   0
2026-05-26 10:27:15.400 [INFO] main.cpp:357 -   平均延迟:     0.00 ms
2026-05-26 10:27:15.400 [INFO] main.cpp:358 -   最大延迟:     0.00 ms
2026-05-26 10:27:15.400 [INFO] main.cpp:359 -   总线争用次数: 0
2026-05-26 10:27:15.400 [INFO] main.cpp:368 - ======== 轮询统计 ========
2026-05-26 10:27:15.400 [INFO] main.cpp:369 -   任务组数:     20
2026-05-26 10:27:15.400 [INFO] main.cpp:370 -   成功事务:     0
2026-05-26 10:27:15.400 [INFO] main.cpp:371 -   失败事务:     520
2026-05-26 10:27:15.400 [INFO] main.cpp:373 -   成功率:       0.0%
2026-05-26 10:27:15.400 [INFO] main.cpp:378 - ======== 命令队列统计 ========
2026-05-26 10:27:15.400 [INFO] main.cpp:379 -   已提交: 0  已执行: 0  成功: 0  失败: 0
2026-05-26 10:27:15.401 [INFO] main.cpp:384 -   队列大小: 0  平均耗时: 0.0ms
2026-05-26 10:27:16.402 [INFO] main.cpp:352 - ======== 总线统计 ========
2026-05-26 10:27:16.402 [INFO] main.cpp:353 -   总事务数:     520
2026-05-26 10:27:16.402 [INFO] main.cpp:354 -   总错误数:     520
2026-05-26 10:27:16.402 [INFO] main.cpp:355 -   发送字节数:   4160
2026-05-26 10:27:16.402 [INFO] main.cpp:356 -   接收字节数:   0
2026-05-26 10:27:16.402 [INFO] main.cpp:357 -   平均延迟:     0.00 ms
2026-05-26 10:27:16.402 [INFO] main.cpp:358 -   最大延迟:     0.00 ms
2026-05-26 10:27:16.402 [INFO] main.cpp:359 -   总线争用次数: 0
2026-05-26 10:27:16.402 [INFO] main.cpp:368 - ======== 轮询统计 ========
2026-05-26 10:27:16.402 [INFO] main.cpp:369 -   任务组数:     20
2026-05-26 10:27:16.402 [INFO] main.cpp:370 -   成功事务:     0
2026-05-26 10:27:16.402 [INFO] main.cpp:371 -   失败事务:     520
2026-05-26 10:27:16.402 [INFO] main.cpp:373 -   成功率:       0.0%
2026-05-26 10:27:16.402 [INFO] main.cpp:378 - ======== 命令队列统计 ========
2026-05-26 10:27:16.402 [INFO] main.cpp:379 -   已提交: 0  已执行: 0  成功: 0  失败: 0
2026-05-26 10:27:16.402 [INFO] main.cpp:384 -   队列大小: 0  平均耗时: 0.0ms
2026-05-26 10:27:17.403 [INFO] main.cpp:352 - ======== 总线统计 ========
2026-05-26 10:27:17.404 [INFO] main.cpp:353 -   总事务数:     540
2026-05-26 10:27:17.404 [INFO] main.cpp:354 -   总错误数:     520
2026-05-26 10:27:17.404 [INFO] main.cpp:355 -   发送字节数:   4320
2026-05-26 10:27:17.404 [INFO] main.cpp:356 -   接收字节数:   0
2026-05-26 10:27:17.404 [INFO] main.cpp:357 -   平均延迟:     0.00 ms
2026-05-26 10:27:17.404 [INFO] main.cpp:358 -   最大延迟:     0.00 ms
2026-05-26 10:27:17.404 [INFO] main.cpp:359 -   总线争用次数: 0
2026-05-26 10:27:17.404 [INFO] main.cpp:368 - ======== 轮询统计 ========
2026-05-26 10:27:17.404 [INFO] main.cpp:369 -   任务组数:     20
2026-05-26 10:27:17.404 [INFO] main.cpp:370 -   成功事务:     0
2026-05-26 10:27:17.404 [INFO] main.cpp:371 -   失败事务:     520
2026-05-26 10:27:17.404 [INFO] main.cpp:373 -   成功率:       0.0%
2026-05-26 10:27:17.404 [INFO] main.cpp:378 - ======== 命令队列统计 ========
2026-05-26 10:27:17.404 [INFO] main.cpp:379 -   已提交: 0  已执行: 0  成功: 0  失败: 0
2026-05-26 10:27:17.404 [INFO] main.cpp:384 -   队列大小: 0  平均耗时: 0.0ms
2026-05-26 10:27:18.404 [INFO] main.cpp:352 - ======== 总线统计 ========
2026-05-26 10:27:18.405 [INFO] main.cpp:353 -   总事务数:     540
2026-05-26 10:27:18.405 [INFO] main.cpp:354 -   总错误数:     540
2026-05-26 10:27:18.405 [INFO] main.cpp:355 -   发送字节数:   4320
2026-05-26 10:27:18.405 [INFO] main.cpp:356 -   接收字节数:   0
2026-05-26 10:27:18.405 [INFO] main.cpp:357 -   平均延迟:     0.00 ms
2026-05-26 10:27:18.405 [INFO] main.cpp:358 -   最大延迟:     0.00 ms
2026-05-26 10:27:18.405 [INFO] main.cpp:359 -   总线争用次数: 0
2026-05-26 10:27:18.405 [INFO] main.cpp:368 - ======== 轮询统计 ========
2026-05-26 10:27:18.405 [INFO] main.cpp:369 -   任务组数:     20
2026-05-26 10:27:18.405 [INFO] main.cpp:370 -   成功事务:     0
2026-05-26 10:27:18.405 [INFO] main.cpp:371 -   失败事务:     540
2026-05-26 10:27:18.405 [INFO] main.cpp:373 -   成功率:       0.0%
2026-05-26 10:27:18.405 [INFO] main.cpp:378 - ======== 命令队列统计 ========
2026-05-26 10:27:18.405 [INFO] main.cpp:379 -   已提交: 0  已执行: 0  成功: 0  失败: 0
2026-05-26 10:27:18.405 [INFO] main.cpp:384 -   队列大小: 0  平均耗时: 0.0ms
2026-05-26 10:27:19.406 [INFO] main.cpp:352 - ======== 总线统计 ========
2026-05-26 10:27:19.407 [INFO] main.cpp:353 -   总事务数:     540
2026-05-26 10:27:19.407 [INFO] main.cpp:354 -   总错误数:     540
2026-05-26 10:27:19.407 [INFO] main.cpp:355 -   发送字节数:   4320
2026-05-26 10:27:19.407 [INFO] main.cpp:356 -   接收字节数:   0
2026-05-26 10:27:19.407 [INFO] main.cpp:357 -   平均延迟:     0.00 ms
2026-05-26 10:27:19.407 [INFO] main.cpp:358 -   最大延迟:     0.00 ms
2026-05-26 10:27:19.407 [INFO] main.cpp:359 -   总线争用次数: 0
2026-05-26 10:27:19.407 [INFO] main.cpp:368 - ======== 轮询统计 ========
2026-05-26 10:27:19.407 [INFO] main.cpp:369 -   任务组数:     20
2026-05-26 10:27:19.407 [INFO] main.cpp:370 -   成功事务:     0
2026-05-26 10:27:19.407 [INFO] main.cpp:371 -   失败事务:     540
2026-05-26 10:27:19.407 [INFO] main.cpp:373 -   成功率:       0.0%
2026-05-26 10:27:19.407 [INFO] main.cpp:378 - ======== 命令队列统计 ========
2026-05-26 10:27:19.407 [INFO] main.cpp:379 -   已提交: 0  已执行: 0  成功: 0  失败: 0
2026-05-26 10:27:19.407 [INFO] main.cpp:384 -   队列大小: 0  平均耗时: 0.0ms
2026-05-26 10:27:20.408 [INFO] main.cpp:352 - ======== 总线统计 ========
2026-05-26 10:27:20.409 [INFO] main.cpp:353 -   总事务数:     540
2026-05-26 10:27:20.409 [INFO] main.cpp:354 -   总错误数:     540
2026-05-26 10:27:20.409 [INFO] main.cpp:355 -   发送字节数:   4320
2026-05-26 10:27:20.409 [INFO] main.cpp:356 -   接收字节数:   0
2026-05-26 10:27:20.409 [INFO] main.cpp:357 -   平均延迟:     0.00 ms
2026-05-26 10:27:20.409 [INFO] main.cpp:358 -   最大延迟:     0.00 ms
2026-05-26 10:27:20.409 [INFO] main.cpp:359 -   总线争用次数: 0
2026-05-26 10:27:20.409 [INFO] main.cpp:368 - ======== 轮询统计 ========
2026-05-26 10:27:20.409 [INFO] main.cpp:369 -   任务组数:     20
2026-05-26 10:27:20.409 [INFO] main.cpp:370 -   成功事务:     0
2026-05-26 10:27:20.409 [INFO] main.cpp:371 -   失败事务:     540
2026-05-26 10:27:20.409 [INFO] main.cpp:373 -   成功率:       0.0%
2026-05-26 10:27:20.409 [INFO] main.cpp:378 - ======== 命令队列统计 ========
2026-05-26 10:27:20.409 [INFO] main.cpp:379 -   已提交: 0  已执行: 0  成功: 0  失败: 0
2026-05-26 10:27:20.409 [INFO] main.cpp:384 -   队列大小: 0  平均耗时: 0.0ms
2026-05-26 10:27:21.410 [INFO] main.cpp:352 - ======== 总线统计 ========
2026-05-26 10:27:21.410 [INFO] main.cpp:353 -   总事务数:     540
2026-05-26 10:27:21.410 [INFO] main.cpp:354 -   总错误数:     540
2026-05-26 10:27:21.410 [INFO] main.cpp:355 -   发送字节数:   4320
2026-05-26 10:27:21.410 [INFO] main.cpp:356 -   接收字节数:   0
2026-05-26 10:27:21.410 [INFO] main.cpp:357 -   平均延迟:     0.00 ms
2026-05-26 10:27:21.410 [INFO] main.cpp:358 -   最大延迟:     0.00 ms
2026-05-26 10:27:21.410 [INFO] main.cpp:359 -   总线争用次数: 0
2026-05-26 10:27:21.410 [INFO] main.cpp:368 - ======== 轮询统计 ========
2026-05-26 10:27:21.410 [INFO] main.cpp:369 -   任务组数:     20
2026-05-26 10:27:21.410 [INFO] main.cpp:370 -   成功事务:     0
2026-05-26 10:27:21.411 [INFO] main.cpp:371 -   失败事务:     540
2026-05-26 10:27:21.411 [INFO] main.cpp:373 -   成功率:       0.0%
2026-05-26 10:27:21.411 [INFO] main.cpp:378 - ======== 命令队列统计 ========
2026-05-26 10:27:21.411 [INFO] main.cpp:379 -   已提交: 0  已执行: 0  成功: 0  失败: 0
2026-05-26 10:27:21.411 [INFO] main.cpp:384 -   队列大小: 0  平均耗时: 0.0ms
2026-05-26 10:27:22.411 [INFO] main.cpp:352 - ======== 总线统计 ========
2026-05-26 10:27:22.411 [INFO] main.cpp:353 -   总事务数:     560
2026-05-26 10:27:22.411 [INFO] main.cpp:354 -   总错误数:     540
2026-05-26 10:27:22.411 [INFO] main.cpp:355 -   发送字节数:   4480
2026-05-26 10:27:22.411 [INFO] main.cpp:356 -   接收字节数:   0
2026-05-26 10:27:22.411 [INFO] main.cpp:357 -   平均延迟:     0.00 ms
2026-05-26 10:27:22.411 [INFO] main.cpp:358 -   最大延迟:     0.00 ms
2026-05-26 10:27:22.411 [INFO] main.cpp:359 -   总线争用次数: 0
2026-05-26 10:27:22.411 [INFO] main.cpp:368 - ======== 轮询统计 ========
2026-05-26 10:27:22.412 [INFO] main.cpp:369 -   任务组数:     20
2026-05-26 10:27:22.412 [INFO] main.cpp:370 -   成功事务:     0
2026-05-26 10:27:22.412 [INFO] main.cpp:371 -   失败事务:     540
2026-05-26 10:27:22.412 [INFO] main.cpp:373 -   成功率:       0.0%
2026-05-26 10:27:22.412 [INFO] main.cpp:378 - ======== 命令队列统计 ========
2026-05-26 10:27:22.412 [INFO] main.cpp:379 -   已提交: 0  已执行: 0  成功: 0  失败: 0
2026-05-26 10:27:22.412 [INFO] main.cpp:384 -   队列大小: 0  平均耗时: 0.0ms
2026-05-26 10:27:23.413 [INFO] main.cpp:352 - ======== 总线统计 ========
2026-05-26 10:27:23.413 [INFO] main.cpp:353 -   总事务数:     560
2026-05-26 10:27:23.413 [INFO] main.cpp:354 -   总错误数:     560
2026-05-26 10:27:23.413 [INFO] main.cpp:355 -   发送字节数:   4480
2026-05-26 10:27:23.413 [INFO] main.cpp:356 -   接收字节数:   0
2026-05-26 10:27:23.413 [INFO] main.cpp:357 -   平均延迟:     0.00 ms
2026-05-26 10:27:23.413 [INFO] main.cpp:358 -   最大延迟:     0.00 ms
2026-05-26 10:27:23.413 [INFO] main.cpp:359 -   总线争用次数: 0
2026-05-26 10:27:23.413 [INFO] main.cpp:368 - ======== 轮询统计 ========
2026-05-26 10:27:23.413 [INFO] main.cpp:369 -   任务组数:     20
2026-05-26 10:27:23.413 [INFO] main.cpp:370 -   成功事务:     0
2026-05-26 10:27:23.413 [INFO] main.cpp:371 -   失败事务:     560
2026-05-26 10:27:23.414 [INFO] main.cpp:373 -   成功率:       0.0%
2026-05-26 10:27:23.414 [INFO] main.cpp:378 - ======== 命令队列统计 ========
2026-05-26 10:27:23.414 [INFO] main.cpp:379 -   已提交: 0  已执行: 0  成功: 0  失败: 0
2026-05-26 10:27:23.414 [INFO] main.cpp:384 -   队列大小: 0  平均耗时: 0.0ms
2026-05-26 10:27:24.414 [INFO] main.cpp:352 - ======== 总线统计 ========
2026-05-26 10:27:24.414 [INFO] main.cpp:353 -   总事务数:     560
2026-05-26 10:27:24.414 [INFO] main.cpp:354 -   总错误数:     560
2026-05-26 10:27:24.415 [INFO] main.cpp:355 -   发送字节数:   4480
2026-05-26 10:27:24.415 [INFO] main.cpp:356 -   接收字节数:   0
2026-05-26 10:27:24.415 [INFO] main.cpp:357 -   平均延迟:     0.00 ms
2026-05-26 10:27:24.415 [INFO] main.cpp:358 -   最大延迟:     0.00 ms
2026-05-26 10:27:24.415 [INFO] main.cpp:359 -   总线争用次数: 0
2026-05-26 10:27:24.415 [INFO] main.cpp:368 - ======== 轮询统计 ========
2026-05-26 10:27:24.415 [INFO] main.cpp:369 -   任务组数:     20
2026-05-26 10:27:24.415 [INFO] main.cpp:370 -   成功事务:     0
2026-05-26 10:27:24.415 [INFO] main.cpp:371 -   失败事务:     560
2026-05-26 10:27:24.415 [INFO] main.cpp:373 -   成功率:       0.0%
2026-05-26 10:27:24.415 [INFO] main.cpp:378 - ======== 命令队列统计 ========
2026-05-26 10:27:24.415 [INFO] main.cpp:379 -   已提交: 0  已执行: 0  成功: 0  失败: 0
2026-05-26 10:27:24.415 [INFO] main.cpp:384 -   队列大小: 0  平均耗时: 0.0ms
2026-05-26 10:27:25.416 [INFO] main.cpp:352 - ======== 总线统计 ========
2026-05-26 10:27:25.416 [INFO] main.cpp:353 -   总事务数:     560
2026-05-26 10:27:25.416 [INFO] main.cpp:354 -   总错误数:     560
2026-05-26 10:27:25.416 [INFO] main.cpp:355 -   发送字节数:   4480
2026-05-26 10:27:25.416 [INFO] main.cpp:356 -   接收字节数:   0
2026-05-26 10:27:25.416 [INFO] main.cpp:357 -   平均延迟:     0.00 ms
2026-05-26 10:27:25.416 [INFO] main.cpp:358 -   最大延迟:     0.00 ms
2026-05-26 10:27:25.416 [INFO] main.cpp:359 -   总线争用次数: 0
2026-05-26 10:27:25.416 [INFO] main.cpp:368 - ======== 轮询统计 ========
2026-05-26 10:27:25.416 [INFO] main.cpp:369 -   任务组数:     20
2026-05-26 10:27:25.416 [INFO] main.cpp:370 -   成功事务:     0
2026-05-26 10:27:25.416 [INFO] main.cpp:371 -   失败事务:     560
2026-05-26 10:27:25.416 [INFO] main.cpp:373 -   成功率:       0.0%
2026-05-26 10:27:25.416 [INFO] main.cpp:378 - ======== 命令队列统计 ========
2026-05-26 10:27:25.416 [INFO] main.cpp:379 -   已提交: 0  已执行: 0  成功: 0  失败: 0
2026-05-26 10:27:25.416 [INFO] main.cpp:384 -   队列大小: 0  平均耗时: 0.0ms
2026-05-26 10:27:26.418 [INFO] main.cpp:352 - ======== 总线统计 ========
2026-05-26 10:27:26.418 [INFO] main.cpp:353 -   总事务数:     560
2026-05-26 10:27:26.418 [INFO] main.cpp:354 -   总错误数:     560
2026-05-26 10:27:26.418 [INFO] main.cpp:355 -   发送字节数:   4480
2026-05-26 10:27:26.418 [INFO] main.cpp:356 -   接收字节数:   0
2026-05-26 10:27:26.418 [INFO] main.cpp:357 -   平均延迟:     0.00 ms
2026-05-26 10:27:26.418 [INFO] main.cpp:358 -   最大延迟:     0.00 ms
2026-05-26 10:27:26.418 [INFO] main.cpp:359 -   总线争用次数: 0
2026-05-26 10:27:26.418 [INFO] main.cpp:368 - ======== 轮询统计 ========
2026-05-26 10:27:26.418 [INFO] main.cpp:369 -   任务组数:     20
2026-05-26 10:27:26.418 [INFO] main.cpp:370 -   成功事务:     0
2026-05-26 10:27:26.418 [INFO] main.cpp:371 -   失败事务:     560
2026-05-26 10:27:26.418 [INFO] main.cpp:373 -   成功率:       0.0%
2026-05-26 10:27:26.418 [INFO] main.cpp:378 - ======== 命令队列统计 ========
2026-05-26 10:27:26.418 [INFO] main.cpp:379 -   已提交: 0  已执行: 0  成功: 0  失败: 0
2026-05-26 10:27:26.418 [INFO] main.cpp:384 -   队列大小: 0  平均耗时: 0.0ms
2026-05-26 10:27:27.420 [INFO] main.cpp:352 - ======== 总线统计 ========
2026-05-26 10:27:27.420 [INFO] main.cpp:353 -   总事务数:     580
2026-05-26 10:27:27.420 [INFO] main.cpp:354 -   总错误数:     560
2026-05-26 10:27:27.420 [INFO] main.cpp:355 -   发送字节数:   4640
2026-05-26 10:27:27.420 [INFO] main.cpp:356 -   接收字节数:   0
2026-05-26 10:27:27.420 [INFO] main.cpp:357 -   平均延迟:     0.00 ms
2026-05-26 10:27:27.420 [INFO] main.cpp:358 -   最大延迟:     0.00 ms
2026-05-26 10:27:27.420 [INFO] main.cpp:359 -   总线争用次数: 0
2026-05-26 10:27:27.420 [INFO] main.cpp:368 - ======== 轮询统计 ========
2026-05-26 10:27:27.420 [INFO] main.cpp:369 -   任务组数:     20
2026-05-26 10:27:27.420 [INFO] main.cpp:370 -   成功事务:     0
2026-05-26 10:27:27.420 [INFO] main.cpp:371 -   失败事务:     560
2026-05-26 10:27:27.420 [INFO] main.cpp:373 -   成功率:       0.0%
2026-05-26 10:27:27.420 [INFO] main.cpp:378 - ======== 命令队列统计 ========
2026-05-26 10:27:27.420 [INFO] main.cpp:379 -   已提交: 0  已执行: 0  成功: 0  失败: 0
2026-05-26 10:27:27.421 [INFO] main.cpp:384 -   队列大小: 0  平均耗时: 0.0ms
2026-05-26 10:27:28.422 [INFO] main.cpp:352 - ======== 总线统计 ========
2026-05-26 10:27:28.422 [INFO] main.cpp:353 -   总事务数:     580
2026-05-26 10:27:28.422 [INFO] main.cpp:354 -   总错误数:     580
2026-05-26 10:27:28.422 [INFO] main.cpp:355 -   发送字节数:   4640
2026-05-26 10:27:28.422 [INFO] main.cpp:356 -   接收字节数:   0
2026-05-26 10:27:28.422 [INFO] main.cpp:357 -   平均延迟:     0.00 ms
2026-05-26 10:27:28.422 [INFO] main.cpp:358 -   最大延迟:     0.00 ms
2026-05-26 10:27:28.422 [INFO] main.cpp:359 -   总线争用次数: 0
2026-05-26 10:27:28.422 [INFO] main.cpp:368 - ======== 轮询统计 ========
2026-05-26 10:27:28.422 [INFO] main.cpp:369 -   任务组数:     20
2026-05-26 10:27:28.422 [INFO] main.cpp:370 -   成功事务:     0
2026-05-26 10:27:28.422 [INFO] main.cpp:371 -   失败事务:     580
2026-05-26 10:27:28.422 [INFO] main.cpp:373 -   成功率:       0.0%
2026-05-26 10:27:28.422 [INFO] main.cpp:378 - ======== 命令队列统计 ========
2026-05-26 10:27:28.422 [INFO] main.cpp:379 -   已提交: 0  已执行: 0  成功: 0  失败: 0
2026-05-26 10:27:28.423 [INFO] main.cpp:384 -   队列大小: 0  平均耗时: 0.0ms
2026-05-26 10:27:29.424 [INFO] main.cpp:352 - ======== 总线统计 ========
2026-05-26 10:27:29.424 [INFO] main.cpp:353 -   总事务数:     580
2026-05-26 10:27:29.424 [INFO] main.cpp:354 -   总错误数:     580
2026-05-26 10:27:29.424 [INFO] main.cpp:355 -   发送字节数:   4640
2026-05-26 10:27:29.424 [INFO] main.cpp:356 -   接收字节数:   0
2026-05-26 10:27:29.424 [INFO] main.cpp:357 -   平均延迟:     0.00 ms
2026-05-26 10:27:29.424 [INFO] main.cpp:358 -   最大延迟:     0.00 ms
2026-05-26 10:27:29.424 [INFO] main.cpp:359 -   总线争用次数: 0
2026-05-26 10:27:29.424 [INFO] main.cpp:368 - ======== 轮询统计 ========
2026-05-26 10:27:29.424 [INFO] main.cpp:369 -   任务组数:     20
2026-05-26 10:27:29.424 [INFO] main.cpp:370 -   成功事务:     0
2026-05-26 10:27:29.424 [INFO] main.cpp:371 -   失败事务:     580
2026-05-26 10:27:29.425 [INFO] main.cpp:373 -   成功率:       0.0%
2026-05-26 10:27:29.425 [INFO] main.cpp:378 - ======== 命令队列统计 ========
2026-05-26 10:27:29.425 [INFO] main.cpp:379 -   已提交: 0  已执行: 0  成功: 0  失败: 0
2026-05-26 10:27:29.425 [INFO] main.cpp:384 -   队列大小: 0  平均耗时: 0.0ms
2026-05-26 10:27:30.426 [INFO] main.cpp:352 - ======== 总线统计 ========
2026-05-26 10:27:30.426 [INFO] main.cpp:353 -   总事务数:     580
2026-05-26 10:27:30.426 [INFO] main.cpp:354 -   总错误数:     580
2026-05-26 10:27:30.426 [INFO] main.cpp:355 -   发送字节数:   4640
2026-05-26 10:27:30.426 [INFO] main.cpp:356 -   接收字节数:   0
2026-05-26 10:27:30.426 [INFO] main.cpp:357 -   平均延迟:     0.00 ms
2026-05-26 10:27:30.426 [INFO] main.cpp:358 -   最大延迟:     0.00 ms
2026-05-26 10:27:30.426 [INFO] main.cpp:359 -   总线争用次数: 0
2026-05-26 10:27:30.426 [INFO] main.cpp:368 - ======== 轮询统计 ========
2026-05-26 10:27:30.426 [INFO] main.cpp:369 -   任务组数:     20
2026-05-26 10:27:30.426 [INFO] main.cpp:370 -   成功事务:     0
2026-05-26 10:27:30.426 [INFO] main.cpp:371 -   失败事务:     580
2026-05-26 10:27:30.426 [INFO] main.cpp:373 -   成功率:       0.0%
2026-05-26 10:27:30.426 [INFO] main.cpp:378 - ======== 命令队列统计 ========
2026-05-26 10:27:30.426 [INFO] main.cpp:379 -   已提交: 0  已执行: 0  成功: 0  失败: 0
2026-05-26 10:27:30.426 [INFO] main.cpp:384 -   队列大小: 0  平均耗时: 0.0ms
2026-05-26 10:27:31.428 [INFO] main.cpp:352 - ======== 总线统计 ========
2026-05-26 10:27:31.428 [INFO] main.cpp:353 -   总事务数:     580
2026-05-26 10:27:31.428 [INFO] main.cpp:354 -   总错误数:     580
2026-05-26 10:27:31.428 [INFO] main.cpp:355 -   发送字节数:   4640
2026-05-26 10:27:31.428 [INFO] main.cpp:356 -   接收字节数:   0
2026-05-26 10:27:31.428 [INFO] main.cpp:357 -   平均延迟:     0.00 ms
2026-05-26 10:27:31.428 [INFO] main.cpp:358 -   最大延迟:     0.00 ms
2026-05-26 10:27:31.428 [INFO] main.cpp:359 -   总线争用次数: 0
2026-05-26 10:27:31.428 [INFO] main.cpp:368 - ======== 轮询统计 ========
2026-05-26 10:27:31.428 [INFO] main.cpp:369 -   任务组数:     20
2026-05-26 10:27:31.428 [INFO] main.cpp:370 -   成功事务:     0
2026-05-26 10:27:31.428 [INFO] main.cpp:371 -   失败事务:     580
2026-05-26 10:27:31.428 [INFO] main.cpp:373 -   成功率:       0.0%
2026-05-26 10:27:31.428 [INFO] main.cpp:378 - ======== 命令队列统计 ========
2026-05-26 10:27:31.429 [INFO] main.cpp:379 -   已提交: 0  已执行: 0  成功: 0  失败: 0
2026-05-26 10:27:31.429 [INFO] main.cpp:384 -   队列大小: 0  平均耗时: 0.0ms
2026-05-26 10:27:32.430 [INFO] main.cpp:352 - ======== 总线统计 ========
2026-05-26 10:27:32.430 [INFO] main.cpp:353 -   总事务数:     600
2026-05-26 10:27:32.430 [INFO] main.cpp:354 -   总错误数:     580
2026-05-26 10:27:32.430 [INFO] main.cpp:355 -   发送字节数:   4800
2026-05-26 10:27:32.430 [INFO] main.cpp:356 -   接收字节数:   0
2026-05-26 10:27:32.430 [INFO] main.cpp:357 -   平均延迟:     0.00 ms
2026-05-26 10:27:32.430 [INFO] main.cpp:358 -   最大延迟:     0.00 ms
2026-05-26 10:27:32.430 [INFO] main.cpp:359 -   总线争用次数: 0
2026-05-26 10:27:32.430 [INFO] main.cpp:368 - ======== 轮询统计 ========
2026-05-26 10:27:32.430 [INFO] main.cpp:369 -   任务组数:     20
2026-05-26 10:27:32.430 [INFO] main.cpp:370 -   成功事务:     0
2026-05-26 10:27:32.430 [INFO] main.cpp:371 -   失败事务:     580
2026-05-26 10:27:32.430 [INFO] main.cpp:373 -   成功率:       0.0%
2026-05-26 10:27:32.430 [INFO] main.cpp:378 - ======== 命令队列统计 ========
2026-05-26 10:27:32.430 [INFO] main.cpp:379 -   已提交: 0  已执行: 0  成功: 0  失败: 0
2026-05-26 10:27:32.431 [INFO] main.cpp:384 -   队列大小: 0  平均耗时: 0.0ms
2026-05-26 10:27:33.432 [INFO] main.cpp:352 - ======== 总线统计 ========
2026-05-26 10:27:33.432 [INFO] main.cpp:353 -   总事务数:     600
2026-05-26 10:27:33.432 [INFO] main.cpp:354 -   总错误数:     600
2026-05-26 10:27:33.432 [INFO] main.cpp:355 -   发送字节数:   4800
2026-05-26 10:27:33.432 [INFO] main.cpp:356 -   接收字节数:   0
2026-05-26 10:27:33.432 [INFO] main.cpp:357 -   平均延迟:     0.00 ms
2026-05-26 10:27:33.432 [INFO] main.cpp:358 -   最大延迟:     0.00 ms
2026-05-26 10:27:33.432 [INFO] main.cpp:359 -   总线争用次数: 0
2026-05-26 10:27:33.432 [INFO] main.cpp:368 - ======== 轮询统计 ========
2026-05-26 10:27:33.432 [INFO] main.cpp:369 -   任务组数:     20
2026-05-26 10:27:33.432 [INFO] main.cpp:370 -   成功事务:     0
2026-05-26 10:27:33.432 [INFO] main.cpp:371 -   失败事务:     600
2026-05-26 10:27:33.432 [INFO] main.cpp:373 -   成功率:       0.0%
2026-05-26 10:27:33.432 [INFO] main.cpp:378 - ======== 命令队列统计 ========
2026-05-26 10:27:33.432 [INFO] main.cpp:379 -   已提交: 0  已执行: 0  成功: 0  失败: 0
2026-05-26 10:27:33.432 [INFO] main.cpp:384 -   队列大小: 0  平均耗时: 0.0ms
2026-05-26 10:27:34.434 [INFO] main.cpp:352 - ======== 总线统计 ========
2026-05-26 10:27:34.434 [INFO] main.cpp:353 -   总事务数:     600
2026-05-26 10:27:34.434 [INFO] main.cpp:354 -   总错误数:     600
2026-05-26 10:27:34.434 [INFO] main.cpp:355 -   发送字节数:   4800
2026-05-26 10:27:34.434 [INFO] main.cpp:356 -   接收字节数:   0
2026-05-26 10:27:34.434 [INFO] main.cpp:357 -   平均延迟:     0.00 ms
2026-05-26 10:27:34.434 [INFO] main.cpp:358 -   最大延迟:     0.00 ms
2026-05-26 10:27:34.434 [INFO] main.cpp:359 -   总线争用次数: 0
2026-05-26 10:27:34.434 [INFO] main.cpp:368 - ======== 轮询统计 ========
2026-05-26 10:27:34.434 [INFO] main.cpp:369 -   任务组数:     20
2026-05-26 10:27:34.434 [INFO] main.cpp:370 -   成功事务:     0
2026-05-26 10:27:34.434 [INFO] main.cpp:371 -   失败事务:     600
2026-05-26 10:27:34.434 [INFO] main.cpp:373 -   成功率:       0.0%
2026-05-26 10:27:34.434 [INFO] main.cpp:378 - ======== 命令队列统计 ========
2026-05-26 10:27:34.434 [INFO] main.cpp:379 -   已提交: 0  已执行: 0  成功: 0  失败: 0
2026-05-26 10:27:34.434 [INFO] main.cpp:384 -   队列大小: 0  平均耗时: 0.0ms
2026-05-26 10:27:35.436 [INFO] main.cpp:352 - ======== 总线统计 ========
2026-05-26 10:27:35.436 [INFO] main.cpp:353 -   总事务数:     600
2026-05-26 10:27:35.436 [INFO] main.cpp:354 -   总错误数:     600
2026-05-26 10:27:35.436 [INFO] main.cpp:355 -   发送字节数:   4800
2026-05-26 10:27:35.436 [INFO] main.cpp:356 -   接收字节数:   0
2026-05-26 10:27:35.436 [INFO] main.cpp:357 -   平均延迟:     0.00 ms
2026-05-26 10:27:35.436 [INFO] main.cpp:358 -   最大延迟:     0.00 ms
2026-05-26 10:27:35.436 [INFO] main.cpp:359 -   总线争用次数: 0
2026-05-26 10:27:35.436 [INFO] main.cpp:368 - ======== 轮询统计 ========
2026-05-26 10:27:35.436 [INFO] main.cpp:369 -   任务组数:     20
2026-05-26 10:27:35.436 [INFO] main.cpp:370 -   成功事务:     0
2026-05-26 10:27:35.436 [INFO] main.cpp:371 -   失败事务:     600
2026-05-26 10:27:35.436 [INFO] main.cpp:373 -   成功率:       0.0%
2026-05-26 10:27:35.436 [INFO] main.cpp:378 - ======== 命令队列统计 ========
2026-05-26 10:27:35.436 [INFO] main.cpp:379 -   已提交: 0  已执行: 0  成功: 0  失败: 0
2026-05-26 10:27:35.436 [INFO] main.cpp:384 -   队列大小: 0  平均耗时: 0.0ms
2026-05-26 10:27:36.437 [INFO] main.cpp:352 - ======== 总线统计 ========
2026-05-26 10:27:36.438 [INFO] main.cpp:353 -   总事务数:     600
2026-05-26 10:27:36.438 [INFO] main.cpp:354 -   总错误数:     600
2026-05-26 10:27:36.438 [INFO] main.cpp:355 -   发送字节数:   4800
2026-05-26 10:27:36.438 [INFO] main.cpp:356 -   接收字节数:   0
2026-05-26 10:27:36.438 [INFO] main.cpp:357 -   平均延迟:     0.00 ms
2026-05-26 10:27:36.438 [INFO] main.cpp:358 -   最大延迟:     0.00 ms
2026-05-26 10:27:36.438 [INFO] main.cpp:359 -   总线争用次数: 0
2026-05-26 10:27:36.438 [INFO] main.cpp:368 - ======== 轮询统计 ========
2026-05-26 10:27:36.438 [INFO] main.cpp:369 -   任务组数:     20
2026-05-26 10:27:36.438 [INFO] main.cpp:370 -   成功事务:     0
2026-05-26 10:27:36.438 [INFO] main.cpp:371 -   失败事务:     600
2026-05-26 10:27:36.438 [INFO] main.cpp:373 -   成功率:       0.0%
2026-05-26 10:27:36.438 [INFO] main.cpp:378 - ======== 命令队列统计 ========
2026-05-26 10:27:36.438 [INFO] main.cpp:379 -   已提交: 0  已执行: 0  成功: 0  失败: 0
2026-05-26 10:27:36.438 [INFO] main.cpp:384 -   队列大小: 0  平均耗时: 0.0ms
2026-05-26 10:27:37.439 [INFO] main.cpp:352 - ======== 总线统计 ========
2026-05-26 10:27:37.439 [INFO] main.cpp:353 -   总事务数:     620
2026-05-26 10:27:37.439 [INFO] main.cpp:354 -   总错误数:     600
2026-05-26 10:27:37.440 [INFO] main.cpp:355 -   发送字节数:   4960
2026-05-26 10:27:37.440 [INFO] main.cpp:356 -   接收字节数:   0
2026-05-26 10:27:37.440 [INFO] main.cpp:357 -   平均延迟:     0.00 ms
2026-05-26 10:27:37.440 [INFO] main.cpp:358 -   最大延迟:     0.00 ms
2026-05-26 10:27:37.440 [INFO] main.cpp:359 -   总线争用次数: 0
2026-05-26 10:27:37.440 [INFO] main.cpp:368 - ======== 轮询统计 ========
2026-05-26 10:27:37.440 [INFO] main.cpp:369 -   任务组数:     20
2026-05-26 10:27:37.440 [INFO] main.cpp:370 -   成功事务:     0
2026-05-26 10:27:37.440 [INFO] main.cpp:371 -   失败事务:     600
2026-05-26 10:27:37.440 [INFO] main.cpp:373 -   成功率:       0.0%
2026-05-26 10:27:37.440 [INFO] main.cpp:378 - ======== 命令队列统计 ========
2026-05-26 10:27:37.440 [INFO] main.cpp:379 -   已提交: 0  已执行: 0  成功: 0  失败: 0
2026-05-26 10:27:37.440 [INFO] main.cpp:384 -   队列大小: 0  平均耗时: 0.0ms
2026-05-26 10:27:38.441 [INFO] main.cpp:352 - ======== 总线统计 ========
2026-05-26 10:27:38.441 [INFO] main.cpp:353 -   总事务数:     620
2026-05-26 10:27:38.441 [INFO] main.cpp:354 -   总错误数:     620
2026-05-26 10:27:38.442 [INFO] main.cpp:355 -   发送字节数:   4960
2026-05-26 10:27:38.442 [INFO] main.cpp:356 -   接收字节数:   0
2026-05-26 10:27:38.442 [INFO] main.cpp:357 -   平均延迟:     0.00 ms
2026-05-26 10:27:38.442 [INFO] main.cpp:358 -   最大延迟:     0.00 ms
2026-05-26 10:27:38.442 [INFO] main.cpp:359 -   总线争用次数: 0
2026-05-26 10:27:38.442 [INFO] main.cpp:368 - ======== 轮询统计 ========
2026-05-26 10:27:38.442 [INFO] main.cpp:369 -   任务组数:     20
2026-05-26 10:27:38.442 [INFO] main.cpp:370 -   成功事务:     0
2026-05-26 10:27:38.442 [INFO] main.cpp:371 -   失败事务:     620
2026-05-26 10:27:38.442 [INFO] main.cpp:373 -   成功率:       0.0%
2026-05-26 10:27:38.442 [INFO] main.cpp:378 - ======== 命令队列统计 ========
2026-05-26 10:27:38.442 [INFO] main.cpp:379 -   已提交: 0  已执行: 0  成功: 0  失败: 0
2026-05-26 10:27:38.442 [INFO] main.cpp:384 -   队列大小: 0  平均耗时: 0.0ms
2026-05-26 10:27:39.443 [INFO] main.cpp:352 - ======== 总线统计 ========
2026-05-26 10:27:39.443 [INFO] main.cpp:353 -   总事务数:     620
2026-05-26 10:27:39.443 [INFO] main.cpp:354 -   总错误数:     620
2026-05-26 10:27:39.443 [INFO] main.cpp:355 -   发送字节数:   4960
2026-05-26 10:27:39.443 [INFO] main.cpp:356 -   接收字节数:   0
2026-05-26 10:27:39.444 [INFO] main.cpp:357 -   平均延迟:     0.00 ms
2026-05-26 10:27:39.444 [INFO] main.cpp:358 -   最大延迟:     0.00 ms
2026-05-26 10:27:39.444 [INFO] main.cpp:359 -   总线争用次数: 0
2026-05-26 10:27:39.444 [INFO] main.cpp:368 - ======== 轮询统计 ========
2026-05-26 10:27:39.444 [INFO] main.cpp:369 -   任务组数:     20
2026-05-26 10:27:39.444 [INFO] main.cpp:370 -   成功事务:     0
2026-05-26 10:27:39.444 [INFO] main.cpp:371 -   失败事务:     620
2026-05-26 10:27:39.444 [INFO] main.cpp:373 -   成功率:       0.0%
2026-05-26 10:27:39.444 [INFO] main.cpp:378 - ======== 命令队列统计 ========
2026-05-26 10:27:39.444 [INFO] main.cpp:379 -   已提交: 0  已执行: 0  成功: 0  失败: 0
2026-05-26 10:27:39.444 [INFO] main.cpp:384 -   队列大小: 0  平均耗时: 0.0ms
2026-05-26 10:27:40.445 [INFO] main.cpp:352 - ======== 总线统计 ========
2026-05-26 10:27:40.445 [INFO] main.cpp:353 -   总事务数:     620
2026-05-26 10:27:40.445 [INFO] main.cpp:354 -   总错误数:     620
2026-05-26 10:27:40.445 [INFO] main.cpp:355 -   发送字节数:   4960
2026-05-26 10:27:40.445 [INFO] main.cpp:356 -   接收字节数:   0
2026-05-26 10:27:40.445 [INFO] main.cpp:357 -   平均延迟:     0.00 ms
2026-05-26 10:27:40.445 [INFO] main.cpp:358 -   最大延迟:     0.00 ms
2026-05-26 10:27:40.445 [INFO] main.cpp:359 -   总线争用次数: 0
2026-05-26 10:27:40.445 [INFO] main.cpp:368 - ======== 轮询统计 ========
2026-05-26 10:27:40.445 [INFO] main.cpp:369 -   任务组数:     20
2026-05-26 10:27:40.446 [INFO] main.cpp:370 -   成功事务:     0
2026-05-26 10:27:40.446 [INFO] main.cpp:371 -   失败事务:     620
2026-05-26 10:27:40.446 [INFO] main.cpp:373 -   成功率:       0.0%
2026-05-26 10:27:40.446 [INFO] main.cpp:378 - ======== 命令队列统计 ========
2026-05-26 10:27:40.446 [INFO] main.cpp:379 -   已提交: 0  已执行: 0  成功: 0  失败: 0
2026-05-26 10:27:40.446 [INFO] main.cpp:384 -   队列大小: 0  平均耗时: 0.0ms
2026-05-26 10:27:41.447 [INFO] main.cpp:352 - ======== 总线统计 ========
2026-05-26 10:27:41.447 [INFO] main.cpp:353 -   总事务数:     620
2026-05-26 10:27:41.447 [INFO] main.cpp:354 -   总错误数:     620
2026-05-26 10:27:41.447 [INFO] main.cpp:355 -   发送字节数:   4960
2026-05-26 10:27:41.447 [INFO] main.cpp:356 -   接收字节数:   0
2026-05-26 10:27:41.447 [INFO] main.cpp:357 -   平均延迟:     0.00 ms
2026-05-26 10:27:41.447 [INFO] main.cpp:358 -   最大延迟:     0.00 ms
2026-05-26 10:27:41.447 [INFO] main.cpp:359 -   总线争用次数: 0
2026-05-26 10:27:41.447 [INFO] main.cpp:368 - ======== 轮询统计 ========
2026-05-26 10:27:41.447 [INFO] main.cpp:369 -   任务组数:     20
2026-05-26 10:27:41.447 [INFO] main.cpp:370 -   成功事务:     0
2026-05-26 10:27:41.447 [INFO] main.cpp:371 -   失败事务:     620
2026-05-26 10:27:41.447 [INFO] main.cpp:373 -   成功率:       0.0%
2026-05-26 10:27:41.447 [INFO] main.cpp:378 - ======== 命令队列统计 ========
2026-05-26 10:27:41.447 [INFO] main.cpp:379 -   已提交: 0  已执行: 0  成功: 0  失败: 0
2026-05-26 10:27:41.447 [INFO] main.cpp:384 -   队列大小: 0  平均耗时: 0.0ms
2026-05-26 10:27:42.448 [INFO] main.cpp:352 - ======== 总线统计 ========
2026-05-26 10:27:42.448 [INFO] main.cpp:353 -   总事务数:     640
2026-05-26 10:27:42.448 [INFO] main.cpp:354 -   总错误数:     620
2026-05-26 10:27:42.448 [INFO] main.cpp:355 -   发送字节数:   5120
2026-05-26 10:27:42.448 [INFO] main.cpp:356 -   接收字节数:   0
2026-05-26 10:27:42.448 [INFO] main.cpp:357 -   平均延迟:     0.00 ms
2026-05-26 10:27:42.448 [INFO] main.cpp:358 -   最大延迟:     0.00 ms
2026-05-26 10:27:42.448 [INFO] main.cpp:359 -   总线争用次数: 0
2026-05-26 10:27:42.448 [INFO] main.cpp:368 - ======== 轮询统计 ========
2026-05-26 10:27:42.448 [INFO] main.cpp:369 -   任务组数:     20
2026-05-26 10:27:42.448 [INFO] main.cpp:370 -   成功事务:     0
2026-05-26 10:27:42.448 [INFO] main.cpp:371 -   失败事务:     620
2026-05-26 10:27:42.448 [INFO] main.cpp:373 -   成功率:       0.0%
2026-05-26 10:27:42.448 [INFO] main.cpp:378 - ======== 命令队列统计 ========
2026-05-26 10:27:42.448 [INFO] main.cpp:379 -   已提交: 0  已执行: 0  成功: 0  失败: 0
2026-05-26 10:27:42.448 [INFO] main.cpp:384 -   队列大小: 0  平均耗时: 0.0ms
2026-05-26 10:27:43.450 [INFO] main.cpp:352 - ======== 总线统计 ========
2026-05-26 10:27:43.450 [INFO] main.cpp:353 -   总事务数:     640
2026-05-26 10:27:43.450 [INFO] main.cpp:354 -   总错误数:     640
2026-05-26 10:27:43.450 [INFO] main.cpp:355 -   发送字节数:   5120
2026-05-26 10:27:43.450 [INFO] main.cpp:356 -   接收字节数:   0
2026-05-26 10:27:43.450 [INFO] main.cpp:357 -   平均延迟:     0.00 ms
2026-05-26 10:27:43.450 [INFO] main.cpp:358 -   最大延迟:     0.00 ms
2026-05-26 10:27:43.450 [INFO] main.cpp:359 -   总线争用次数: 0
2026-05-26 10:27:43.450 [INFO] main.cpp:368 - ======== 轮询统计 ========
2026-05-26 10:27:43.450 [INFO] main.cpp:369 -   任务组数:     20
2026-05-26 10:27:43.450 [INFO] main.cpp:370 -   成功事务:     0
2026-05-26 10:27:43.450 [INFO] main.cpp:371 -   失败事务:     640
2026-05-26 10:27:43.450 [INFO] main.cpp:373 -   成功率:       0.0%
2026-05-26 10:27:43.450 [INFO] main.cpp:378 - ======== 命令队列统计 ========
2026-05-26 10:27:43.450 [INFO] main.cpp:379 -   已提交: 0  已执行: 0  成功: 0  失败: 0
2026-05-26 10:27:43.450 [INFO] main.cpp:384 -   队列大小: 0  平均耗时: 0.0ms
2026-05-26 10:27:44.451 [INFO] main.cpp:352 - ======== 总线统计 ========
2026-05-26 10:27:44.451 [INFO] main.cpp:353 -   总事务数:     640
2026-05-26 10:27:44.451 [INFO] main.cpp:354 -   总错误数:     640
2026-05-26 10:27:44.451 [INFO] main.cpp:355 -   发送字节数:   5120
2026-05-26 10:27:44.451 [INFO] main.cpp:356 -   接收字节数:   0
2026-05-26 10:27:44.451 [INFO] main.cpp:357 -   平均延迟:     0.00 ms
2026-05-26 10:27:44.451 [INFO] main.cpp:358 -   最大延迟:     0.00 ms
2026-05-26 10:27:44.452 [INFO] main.cpp:359 -   总线争用次数: 0
2026-05-26 10:27:44.452 [INFO] main.cpp:368 - ======== 轮询统计 ========
2026-05-26 10:27:44.452 [INFO] main.cpp:369 -   任务组数:     20
2026-05-26 10:27:44.452 [INFO] main.cpp:370 -   成功事务:     0
2026-05-26 10:27:44.452 [INFO] main.cpp:371 -   失败事务:     640
2026-05-26 10:27:44.452 [INFO] main.cpp:373 -   成功率:       0.0%
2026-05-26 10:27:44.452 [INFO] main.cpp:378 - ======== 命令队列统计 ========
2026-05-26 10:27:44.452 [INFO] main.cpp:379 -   已提交: 0  已执行: 0  成功: 0  失败: 0
2026-05-26 10:27:44.452 [INFO] main.cpp:384 -   队列大小: 0  平均耗时: 0.0ms
2026-05-26 10:27:45.453 [INFO] main.cpp:352 - ======== 总线统计 ========
2026-05-26 10:27:45.453 [INFO] main.cpp:353 -   总事务数:     640
2026-05-26 10:27:45.453 [INFO] main.cpp:354 -   总错误数:     640
2026-05-26 10:27:45.453 [INFO] main.cpp:355 -   发送字节数:   5120
2026-05-26 10:27:45.453 [INFO] main.cpp:356 -   接收字节数:   0
2026-05-26 10:27:45.453 [INFO] main.cpp:357 -   平均延迟:     0.00 ms
2026-05-26 10:27:45.453 [INFO] main.cpp:358 -   最大延迟:     0.00 ms
2026-05-26 10:27:45.454 [INFO] main.cpp:359 -   总线争用次数: 0
2026-05-26 10:27:45.454 [INFO] main.cpp:368 - ======== 轮询统计 ========
2026-05-26 10:27:45.454 [INFO] main.cpp:369 -   任务组数:     20
2026-05-26 10:27:45.454 [INFO] main.cpp:370 -   成功事务:     0
2026-05-26 10:27:45.454 [INFO] main.cpp:371 -   失败事务:     640
2026-05-26 10:27:45.454 [INFO] main.cpp:373 -   成功率:       0.0%
2026-05-26 10:27:45.454 [INFO] main.cpp:378 - ======== 命令队列统计 ========
2026-05-26 10:27:45.454 [INFO] main.cpp:379 -   已提交: 0  已执行: 0  成功: 0  失败: 0
2026-05-26 10:27:45.454 [INFO] main.cpp:384 -   队列大小: 0  平均耗时: 0.0ms
2026-05-26 10:27:46.454 [INFO] main.cpp:352 - ======== 总线统计 ========
2026-05-26 10:27:46.454 [INFO] main.cpp:353 -   总事务数:     640
2026-05-26 10:27:46.454 [INFO] main.cpp:354 -   总错误数:     640
2026-05-26 10:27:46.455 [INFO] main.cpp:355 -   发送字节数:   5120
2026-05-26 10:27:46.455 [INFO] main.cpp:356 -   接收字节数:   0
2026-05-26 10:27:46.455 [INFO] main.cpp:357 -   平均延迟:     0.00 ms
2026-05-26 10:27:46.455 [INFO] main.cpp:358 -   最大延迟:     0.00 ms
2026-05-26 10:27:46.455 [INFO] main.cpp:359 -   总线争用次数: 0
2026-05-26 10:27:46.455 [INFO] main.cpp:368 - ======== 轮询统计 ========
2026-05-26 10:27:46.455 [INFO] main.cpp:369 -   任务组数:     20
2026-05-26 10:27:46.455 [INFO] main.cpp:370 -   成功事务:     0
2026-05-26 10:27:46.455 [INFO] main.cpp:371 -   失败事务:     640
2026-05-26 10:27:46.455 [INFO] main.cpp:373 -   成功率:       0.0%
2026-05-26 10:27:46.455 [INFO] main.cpp:378 - ======== 命令队列统计 ========
2026-05-26 10:27:46.455 [INFO] main.cpp:379 -   已提交: 0  已执行: 0  成功: 0  失败: 0
2026-05-26 10:27:46.455 [INFO] main.cpp:384 -   队列大小: 0  平均耗时: 0.0ms
2026-05-26 10:27:47.456 [INFO] main.cpp:352 - ======== 总线统计 ========
2026-05-26 10:27:47.456 [INFO] main.cpp:353 -   总事务数:     660
2026-05-26 10:27:47.456 [INFO] main.cpp:354 -   总错误数:     640
2026-05-26 10:27:47.456 [INFO] main.cpp:355 -   发送字节数:   5280
2026-05-26 10:27:47.456 [INFO] main.cpp:356 -   接收字节数:   0
2026-05-26 10:27:47.457 [INFO] main.cpp:357 -   平均延迟:     0.00 ms
2026-05-26 10:27:47.457 [INFO] main.cpp:358 -   最大延迟:     0.00 ms
2026-05-26 10:27:47.457 [INFO] main.cpp:359 -   总线争用次数: 0
2026-05-26 10:27:47.457 [INFO] main.cpp:368 - ======== 轮询统计 ========
2026-05-26 10:27:47.457 [INFO] main.cpp:369 -   任务组数:     20
2026-05-26 10:27:47.457 [INFO] main.cpp:370 -   成功事务:     0
2026-05-26 10:27:47.457 [INFO] main.cpp:371 -   失败事务:     640
2026-05-26 10:27:47.457 [INFO] main.cpp:373 -   成功率:       0.0%
2026-05-26 10:27:47.457 [INFO] main.cpp:378 - ======== 命令队列统计 ========
2026-05-26 10:27:47.457 [INFO] main.cpp:379 -   已提交: 0  已执行: 0  成功: 0  失败: 0
2026-05-26 10:27:47.457 [INFO] main.cpp:384 -   队列大小: 0  平均耗时: 0.0ms
2026-05-26 10:27:48.458 [INFO] main.cpp:352 - ======== 总线统计 ========
2026-05-26 10:27:48.458 [INFO] main.cpp:353 -   总事务数:     660
2026-05-26 10:27:48.458 [INFO] main.cpp:354 -   总错误数:     660
2026-05-26 10:27:48.458 [INFO] main.cpp:355 -   发送字节数:   5280
2026-05-26 10:27:48.458 [INFO] main.cpp:356 -   接收字节数:   0
2026-05-26 10:27:48.458 [INFO] main.cpp:357 -   平均延迟:     0.00 ms
2026-05-26 10:27:48.458 [INFO] main.cpp:358 -   最大延迟:     0.00 ms
2026-05-26 10:27:48.458 [INFO] main.cpp:359 -   总线争用次数: 0
2026-05-26 10:27:48.458 [INFO] main.cpp:368 - ======== 轮询统计 ========
2026-05-26 10:27:48.458 [INFO] main.cpp:369 -   任务组数:     20
2026-05-26 10:27:48.458 [INFO] main.cpp:370 -   成功事务:     0
2026-05-26 10:27:48.458 [INFO] main.cpp:371 -   失败事务:     660
2026-05-26 10:27:48.458 [INFO] main.cpp:373 -   成功率:       0.0%
2026-05-26 10:27:48.458 [INFO] main.cpp:378 - ======== 命令队列统计 ========
2026-05-26 10:27:48.459 [INFO] main.cpp:379 -   已提交: 0  已执行: 0  成功: 0  失败: 0
2026-05-26 10:27:48.459 [INFO] main.cpp:384 -   队列大小: 0  平均耗时: 0.0ms
2026-05-26 10:27:49.459 [INFO] main.cpp:352 - ======== 总线统计 ========
2026-05-26 10:27:49.460 [INFO] main.cpp:353 -   总事务数:     660
2026-05-26 10:27:49.460 [INFO] main.cpp:354 -   总错误数:     660
2026-05-26 10:27:49.460 [INFO] main.cpp:355 -   发送字节数:   5280
2026-05-26 10:27:49.460 [INFO] main.cpp:356 -   接收字节数:   0
2026-05-26 10:27:49.460 [INFO] main.cpp:357 -   平均延迟:     0.00 ms
2026-05-26 10:27:49.460 [INFO] main.cpp:358 -   最大延迟:     0.00 ms
2026-05-26 10:27:49.460 [INFO] main.cpp:359 -   总线争用次数: 0
2026-05-26 10:27:49.460 [INFO] main.cpp:368 - ======== 轮询统计 ========
2026-05-26 10:27:49.460 [INFO] main.cpp:369 -   任务组数:     20
2026-05-26 10:27:49.460 [INFO] main.cpp:370 -   成功事务:     0
2026-05-26 10:27:49.460 [INFO] main.cpp:371 -   失败事务:     660
2026-05-26 10:27:49.460 [INFO] main.cpp:373 -   成功率:       0.0%
2026-05-26 10:27:49.460 [INFO] main.cpp:378 - ======== 命令队列统计 ========
2026-05-26 10:27:49.460 [INFO] main.cpp:379 -   已提交: 0  已执行: 0  成功: 0  失败: 0
2026-05-26 10:27:49.460 [INFO] main.cpp:384 -   队列大小: 0  平均耗时: 0.0ms
2026-05-26 10:27:50.461 [INFO] main.cpp:352 - ======== 总线统计 ========
2026-05-26 10:27:50.461 [INFO] main.cpp:353 -   总事务数:     660
2026-05-26 10:27:50.461 [INFO] main.cpp:354 -   总错误数:     660
2026-05-26 10:27:50.461 [INFO] main.cpp:355 -   发送字节数:   5280
2026-05-26 10:27:50.461 [INFO] main.cpp:356 -   接收字节数:   0
2026-05-26 10:27:50.461 [INFO] main.cpp:357 -   平均延迟:     0.00 ms
2026-05-26 10:27:50.461 [INFO] main.cpp:358 -   最大延迟:     0.00 ms
2026-05-26 10:27:50.461 [INFO] main.cpp:359 -   总线争用次数: 0
2026-05-26 10:27:50.462 [INFO] main.cpp:368 - ======== 轮询统计 ========
2026-05-26 10:27:50.462 [INFO] main.cpp:369 -   任务组数:     20
2026-05-26 10:27:50.462 [INFO] main.cpp:370 -   成功事务:     0
2026-05-26 10:27:50.462 [INFO] main.cpp:371 -   失败事务:     660
2026-05-26 10:27:50.462 [INFO] main.cpp:373 -   成功率:       0.0%
2026-05-26 10:27:50.462 [INFO] main.cpp:378 - ======== 命令队列统计 ========
2026-05-26 10:27:50.462 [INFO] main.cpp:379 -   已提交: 0  已执行: 0  成功: 0  失败: 0
2026-05-26 10:27:50.462 [INFO] main.cpp:384 -   队列大小: 0  平均耗时: 0.0ms
2026-05-26 10:27:51.463 [INFO] main.cpp:352 - ======== 总线统计 ========
2026-05-26 10:27:51.463 [INFO] main.cpp:353 -   总事务数:     660
2026-05-26 10:27:51.463 [INFO] main.cpp:354 -   总错误数:     660
2026-05-26 10:27:51.463 [INFO] main.cpp:355 -   发送字节数:   5280
2026-05-26 10:27:51.463 [INFO] main.cpp:356 -   接收字节数:   0
2026-05-26 10:27:51.463 [INFO] main.cpp:357 -   平均延迟:     0.00 ms
2026-05-26 10:27:51.463 [INFO] main.cpp:358 -   最大延迟:     0.00 ms
2026-05-26 10:27:51.463 [INFO] main.cpp:359 -   总线争用次数: 0
2026-05-26 10:27:51.464 [INFO] main.cpp:368 - ======== 轮询统计 ========
2026-05-26 10:27:51.464 [INFO] main.cpp:369 -   任务组数:     20
2026-05-26 10:27:51.464 [INFO] main.cpp:370 -   成功事务:     0
2026-05-26 10:27:51.464 [INFO] main.cpp:371 -   失败事务:     660
2026-05-26 10:27:51.464 [INFO] main.cpp:373 -   成功率:       0.0%
2026-05-26 10:27:51.464 [INFO] main.cpp:378 - ======== 命令队列统计 ========
2026-05-26 10:27:51.464 [INFO] main.cpp:379 -   已提交: 0  已执行: 0  成功: 0  失败: 0
2026-05-26 10:27:51.464 [INFO] main.cpp:384 -   队列大小: 0  平均耗时: 0.0ms
2026-05-26 10:27:52.464 [INFO] main.cpp:352 - ======== 总线统计 ========
2026-05-26 10:27:52.464 [INFO] main.cpp:353 -   总事务数:     680
2026-05-26 10:27:52.464 [INFO] main.cpp:354 -   总错误数:     660
2026-05-26 10:27:52.465 [INFO] main.cpp:355 -   发送字节数:   5440
2026-05-26 10:27:52.465 [INFO] main.cpp:356 -   接收字节数:   0
2026-05-26 10:27:52.465 [INFO] main.cpp:357 -   平均延迟:     0.00 ms
2026-05-26 10:27:52.465 [INFO] main.cpp:358 -   最大延迟:     0.00 ms
2026-05-26 10:27:52.465 [INFO] main.cpp:359 -   总线争用次数: 0
2026-05-26 10:27:52.465 [INFO] main.cpp:368 - ======== 轮询统计 ========
2026-05-26 10:27:52.465 [INFO] main.cpp:369 -   任务组数:     20
2026-05-26 10:27:52.465 [INFO] main.cpp:370 -   成功事务:     0
2026-05-26 10:27:52.465 [INFO] main.cpp:371 -   失败事务:     660
2026-05-26 10:27:52.465 [INFO] main.cpp:373 -   成功率:       0.0%
2026-05-26 10:27:52.465 [INFO] main.cpp:378 - ======== 命令队列统计 ========
2026-05-26 10:27:52.465 [INFO] main.cpp:379 -   已提交: 0  已执行: 0  成功: 0  失败: 0
2026-05-26 10:27:52.465 [INFO] main.cpp:384 -   队列大小: 0  平均耗时: 0.0ms
2026-05-26 10:27:53.466 [INFO] main.cpp:352 - ======== 总线统计 ========
2026-05-26 10:27:53.466 [INFO] main.cpp:353 -   总事务数:     680
2026-05-26 10:27:53.466 [INFO] main.cpp:354 -   总错误数:     680
2026-05-26 10:27:53.466 [INFO] main.cpp:355 -   发送字节数:   5440
2026-05-26 10:27:53.466 [INFO] main.cpp:356 -   接收字节数:   0
2026-05-26 10:27:53.466 [INFO] main.cpp:357 -   平均延迟:     0.00 ms
2026-05-26 10:27:53.466 [INFO] main.cpp:358 -   最大延迟:     0.00 ms
2026-05-26 10:27:53.466 [INFO] main.cpp:359 -   总线争用次数: 0
2026-05-26 10:27:53.467 [INFO] main.cpp:368 - ======== 轮询统计 ========
2026-05-26 10:27:53.467 [INFO] main.cpp:369 -   任务组数:     20
2026-05-26 10:27:53.467 [INFO] main.cpp:370 -   成功事务:     0
2026-05-26 10:27:53.467 [INFO] main.cpp:371 -   失败事务:     680
2026-05-26 10:27:53.467 [INFO] main.cpp:373 -   成功率:       0.0%
2026-05-26 10:27:53.467 [INFO] main.cpp:378 - ======== 命令队列统计 ========
2026-05-26 10:27:53.467 [INFO] main.cpp:379 -   已提交: 0  已执行: 0  成功: 0  失败: 0
2026-05-26 10:27:53.467 [INFO] main.cpp:384 -   队列大小: 0  平均耗时: 0.0ms
2026-05-26 10:27:54.468 [INFO] main.cpp:352 - ======== 总线统计 ========
2026-05-26 10:27:54.468 [INFO] main.cpp:353 -   总事务数:     680
2026-05-26 10:27:54.468 [INFO] main.cpp:354 -   总错误数:     680
2026-05-26 10:27:54.468 [INFO] main.cpp:355 -   发送字节数:   5440
2026-05-26 10:27:54.468 [INFO] main.cpp:356 -   接收字节数:   0
2026-05-26 10:27:54.468 [INFO] main.cpp:357 -   平均延迟:     0.00 ms
2026-05-26 10:27:54.468 [INFO] main.cpp:358 -   最大延迟:     0.00 ms
2026-05-26 10:27:54.468 [INFO] main.cpp:359 -   总线争用次数: 0
2026-05-26 10:27:54.468 [INFO] main.cpp:368 - ======== 轮询统计 ========
2026-05-26 10:27:54.468 [INFO] main.cpp:369 -   任务组数:     20
2026-05-26 10:27:54.468 [INFO] main.cpp:370 -   成功事务:     0
2026-05-26 10:27:54.468 [INFO] main.cpp:371 -   失败事务:     680
2026-05-26 10:27:54.468 [INFO] main.cpp:373 -   成功率:       0.0%
2026-05-26 10:27:54.469 [INFO] main.cpp:378 - ======== 命令队列统计 ========
2026-05-26 10:27:54.469 [INFO] main.cpp:379 -   已提交: 0  已执行: 0  成功: 0  失败: 0
2026-05-26 10:27:54.469 [INFO] main.cpp:384 -   队列大小: 0  平均耗时: 0.0ms
2026-05-26 10:27:55.470 [INFO] main.cpp:352 - ======== 总线统计 ========
2026-05-26 10:27:55.470 [INFO] main.cpp:353 -   总事务数:     680
2026-05-26 10:27:55.470 [INFO] main.cpp:354 -   总错误数:     680
2026-05-26 10:27:55.470 [INFO] main.cpp:355 -   发送字节数:   5440
2026-05-26 10:27:55.470 [INFO] main.cpp:356 -   接收字节数:   0
2026-05-26 10:27:55.470 [INFO] main.cpp:357 -   平均延迟:     0.00 ms
2026-05-26 10:27:55.470 [INFO] main.cpp:358 -   最大延迟:     0.00 ms
2026-05-26 10:27:55.470 [INFO] main.cpp:359 -   总线争用次数: 0
2026-05-26 10:27:55.470 [INFO] main.cpp:368 - ======== 轮询统计 ========
2026-05-26 10:27:55.470 [INFO] main.cpp:369 -   任务组数:     20
2026-05-26 10:27:55.470 [INFO] main.cpp:370 -   成功事务:     0
2026-05-26 10:27:55.470 [INFO] main.cpp:371 -   失败事务:     680
2026-05-26 10:27:55.470 [INFO] main.cpp:373 -   成功率:       0.0%
2026-05-26 10:27:55.470 [INFO] main.cpp:378 - ======== 命令队列统计 ========
2026-05-26 10:27:55.471 [INFO] main.cpp:379 -   已提交: 0  已执行: 0  成功: 0  失败: 0
2026-05-26 10:27:55.471 [INFO] main.cpp:384 -   队列大小: 0  平均耗时: 0.0ms
2026-05-26 10:27:56.472 [INFO] main.cpp:352 - ======== 总线统计 ========
2026-05-26 10:27:56.472 [INFO] main.cpp:353 -   总事务数:     680
2026-05-26 10:27:56.472 [INFO] main.cpp:354 -   总错误数:     680
2026-05-26 10:27:56.472 [INFO] main.cpp:355 -   发送字节数:   5440
2026-05-26 10:27:56.472 [INFO] main.cpp:356 -   接收字节数:   0
2026-05-26 10:27:56.472 [INFO] main.cpp:357 -   平均延迟:     0.00 ms
2026-05-26 10:27:56.472 [INFO] main.cpp:358 -   最大延迟:     0.00 ms
2026-05-26 10:27:56.472 [INFO] main.cpp:359 -   总线争用次数: 0
2026-05-26 10:27:56.472 [INFO] main.cpp:368 - ======== 轮询统计 ========
2026-05-26 10:27:56.472 [INFO] main.cpp:369 -   任务组数:     20
2026-05-26 10:27:56.472 [INFO] main.cpp:370 -   成功事务:     0
2026-05-26 10:27:56.472 [INFO] main.cpp:371 -   失败事务:     680
2026-05-26 10:27:56.472 [INFO] main.cpp:373 -   成功率:       0.0%
2026-05-26 10:27:56.472 [INFO] main.cpp:378 - ======== 命令队列统计 ========
2026-05-26 10:27:56.472 [INFO] main.cpp:379 -   已提交: 0  已执行: 0  成功: 0  失败: 0
2026-05-26 10:27:56.473 [INFO] main.cpp:384 -   队列大小: 0  平均耗时: 0.0ms
2026-05-26 10:27:57.474 [INFO] main.cpp:352 - ======== 总线统计 ========
2026-05-26 10:27:57.474 [INFO] main.cpp:353 -   总事务数:     700
2026-05-26 10:27:57.474 [INFO] main.cpp:354 -   总错误数:     680
2026-05-26 10:27:57.474 [INFO] main.cpp:355 -   发送字节数:   5600
2026-05-26 10:27:57.474 [INFO] main.cpp:356 -   接收字节数:   0
2026-05-26 10:27:57.474 [INFO] main.cpp:357 -   平均延迟:     0.00 ms
2026-05-26 10:27:57.474 [INFO] main.cpp:358 -   最大延迟:     0.00 ms
2026-05-26 10:27:57.474 [INFO] main.cpp:359 -   总线争用次数: 0
2026-05-26 10:27:57.474 [INFO] main.cpp:368 - ======== 轮询统计 ========
2026-05-26 10:27:57.474 [INFO] main.cpp:369 -   任务组数:     20
2026-05-26 10:27:57.474 [INFO] main.cpp:370 -   成功事务:     0
2026-05-26 10:27:57.474 [INFO] main.cpp:371 -   失败事务:     680
2026-05-26 10:27:57.474 [INFO] main.cpp:373 -   成功率:       0.0%
2026-05-26 10:27:57.474 [INFO] main.cpp:378 - ======== 命令队列统计 ========
2026-05-26 10:27:57.474 [INFO] main.cpp:379 -   已提交: 0  已执行: 0  成功: 0  失败: 0
2026-05-26 10:27:57.474 [INFO] main.cpp:384 -   队列大小: 0  平均耗时: 0.0ms
2026-05-26 10:27:58.476 [INFO] main.cpp:352 - ======== 总线统计 ========
2026-05-26 10:27:58.476 [INFO] main.cpp:353 -   总事务数:     700
2026-05-26 10:27:58.476 [INFO] main.cpp:354 -   总错误数:     700
2026-05-26 10:27:58.476 [INFO] main.cpp:355 -   发送字节数:   5600
2026-05-26 10:27:58.476 [INFO] main.cpp:356 -   接收字节数:   0
2026-05-26 10:27:58.476 [INFO] main.cpp:357 -   平均延迟:     0.00 ms
2026-05-26 10:27:58.476 [INFO] main.cpp:358 -   最大延迟:     0.00 ms
2026-05-26 10:27:58.476 [INFO] main.cpp:359 -   总线争用次数: 0
2026-05-26 10:27:58.476 [INFO] main.cpp:368 - ======== 轮询统计 ========
2026-05-26 10:27:58.476 [INFO] main.cpp:369 -   任务组数:     20
2026-05-26 10:27:58.476 [INFO] main.cpp:370 -   成功事务:     0
2026-05-26 10:27:58.476 [INFO] main.cpp:371 -   失败事务:     700
2026-05-26 10:27:58.476 [INFO] main.cpp:373 -   成功率:       0.0%
2026-05-26 10:27:58.476 [INFO] main.cpp:378 - ======== 命令队列统计 ========
2026-05-26 10:27:58.476 [INFO] main.cpp:379 -   已提交: 0  已执行: 0  成功: 0  失败: 0
2026-05-26 10:27:58.476 [INFO] main.cpp:384 -   队列大小: 0  平均耗时: 0.0ms
2026-05-26 10:27:59.477 [INFO] main.cpp:352 - ======== 总线统计 ========
2026-05-26 10:27:59.477 [INFO] main.cpp:353 -   总事务数:     700
2026-05-26 10:27:59.477 [INFO] main.cpp:354 -   总错误数:     700
2026-05-26 10:27:59.477 [INFO] main.cpp:355 -   发送字节数:   5600
2026-05-26 10:27:59.477 [INFO] main.cpp:356 -   接收字节数:   0
2026-05-26 10:27:59.477 [INFO] main.cpp:357 -   平均延迟:     0.00 ms
2026-05-26 10:27:59.477 [INFO] main.cpp:358 -   最大延迟:     0.00 ms
2026-05-26 10:27:59.477 [INFO] main.cpp:359 -   总线争用次数: 0
2026-05-26 10:27:59.477 [INFO] main.cpp:368 - ======== 轮询统计 ========
2026-05-26 10:27:59.477 [INFO] main.cpp:369 -   任务组数:     20
2026-05-26 10:27:59.477 [INFO] main.cpp:370 -   成功事务:     0
2026-05-26 10:27:59.477 [INFO] main.cpp:371 -   失败事务:     700
2026-05-26 10:27:59.477 [INFO] main.cpp:373 -   成功率:       0.0%
2026-05-26 10:27:59.477 [INFO] main.cpp:378 - ======== 命令队列统计 ========
2026-05-26 10:27:59.477 [INFO] main.cpp:379 -   已提交: 0  已执行: 0  成功: 0  失败: 0
2026-05-26 10:27:59.477 [INFO] main.cpp:384 -   队列大小: 0  平均耗时: 0.0ms
2026-05-26 10:28:00.478 [INFO] main.cpp:352 - ======== 总线统计 ========
2026-05-26 10:28:00.479 [INFO] main.cpp:353 -   总事务数:     700
2026-05-26 10:28:00.479 [INFO] main.cpp:354 -   总错误数:     700
2026-05-26 10:28:00.479 [INFO] main.cpp:355 -   发送字节数:   5600
2026-05-26 10:28:00.479 [INFO] main.cpp:356 -   接收字节数:   0
2026-05-26 10:28:00.479 [INFO] main.cpp:357 -   平均延迟:     0.00 ms
2026-05-26 10:28:00.479 [INFO] main.cpp:358 -   最大延迟:     0.00 ms
2026-05-26 10:28:00.479 [INFO] main.cpp:359 -   总线争用次数: 0
2026-05-26 10:28:00.479 [INFO] main.cpp:368 - ======== 轮询统计 ========
2026-05-26 10:28:00.479 [INFO] main.cpp:369 -   任务组数:     20
2026-05-26 10:28:00.479 [INFO] main.cpp:370 -   成功事务:     0
2026-05-26 10:28:00.479 [INFO] main.cpp:371 -   失败事务:     700
2026-05-26 10:28:00.479 [INFO] main.cpp:373 -   成功率:       0.0%
2026-05-26 10:28:00.479 [INFO] main.cpp:378 - ======== 命令队列统计 ========
2026-05-26 10:28:00.479 [INFO] main.cpp:379 -   已提交: 0  已执行: 0  成功: 0  失败: 0
2026-05-26 10:28:00.479 [INFO] main.cpp:384 -   队列大小: 0  平均耗时: 0.0ms
2026-05-26 10:28:01.480 [INFO] main.cpp:352 - ======== 总线统计 ========
2026-05-26 10:28:01.480 [INFO] main.cpp:353 -   总事务数:     700
2026-05-26 10:28:01.480 [INFO] main.cpp:354 -   总错误数:     700
2026-05-26 10:28:01.480 [INFO] main.cpp:355 -   发送字节数:   5600
2026-05-26 10:28:01.480 [INFO] main.cpp:356 -   接收字节数:   0
2026-05-26 10:28:01.480 [INFO] main.cpp:357 -   平均延迟:     0.00 ms
2026-05-26 10:28:01.480 [INFO] main.cpp:358 -   最大延迟:     0.00 ms
2026-05-26 10:28:01.480 [INFO] main.cpp:359 -   总线争用次数: 0
2026-05-26 10:28:01.480 [INFO] main.cpp:368 - ======== 轮询统计 ========
2026-05-26 10:28:01.480 [INFO] main.cpp:369 -   任务组数:     20
2026-05-26 10:28:01.481 [INFO] main.cpp:370 -   成功事务:     0
2026-05-26 10:28:01.481 [INFO] main.cpp:371 -   失败事务:     700
2026-05-26 10:28:01.481 [INFO] main.cpp:373 -   成功率:       0.0%
2026-05-26 10:28:01.481 [INFO] main.cpp:378 - ======== 命令队列统计 ========
2026-05-26 10:28:01.481 [INFO] main.cpp:379 -   已提交: 0  已执行: 0  成功: 0  失败: 0
2026-05-26 10:28:01.481 [INFO] main.cpp:384 -   队列大小: 0  平均耗时: 0.0ms
2026-05-26 10:28:02.481 [INFO] main.cpp:352 - ======== 总线统计 ========
2026-05-26 10:28:02.481 [INFO] main.cpp:353 -   总事务数:     720
2026-05-26 10:28:02.481 [INFO] main.cpp:354 -   总错误数:     700
2026-05-26 10:28:02.481 [INFO] main.cpp:355 -   发送字节数:   5760
2026-05-26 10:28:02.481 [INFO] main.cpp:356 -   接收字节数:   0
2026-05-26 10:28:02.481 [INFO] main.cpp:357 -   平均延迟:     0.00 ms
2026-05-26 10:28:02.481 [INFO] main.cpp:358 -   最大延迟:     0.00 ms
2026-05-26 10:28:02.481 [INFO] main.cpp:359 -   总线争用次数: 0
2026-05-26 10:28:02.482 [INFO] main.cpp:368 - ======== 轮询统计 ========
2026-05-26 10:28:02.482 [INFO] main.cpp:369 -   任务组数:     20
2026-05-26 10:28:02.482 [INFO] main.cpp:370 -   成功事务:     0
2026-05-26 10:28:02.482 [INFO] main.cpp:371 -   失败事务:     700
2026-05-26 10:28:02.482 [INFO] main.cpp:373 -   成功率:       0.0%
2026-05-26 10:28:02.482 [INFO] main.cpp:378 - ======== 命令队列统计 ========
2026-05-26 10:28:02.482 [INFO] main.cpp:379 -   已提交: 0  已执行: 0  成功: 0  失败: 0
2026-05-26 10:28:02.482 [INFO] main.cpp:384 -   队列大小: 0  平均耗时: 0.0ms
2026-05-26 10:28:03.483 [INFO] main.cpp:352 - ======== 总线统计 ========
2026-05-26 10:28:03.483 [INFO] main.cpp:353 -   总事务数:     720
2026-05-26 10:28:03.483 [INFO] main.cpp:354 -   总错误数:     720
2026-05-26 10:28:03.483 [INFO] main.cpp:355 -   发送字节数:   5760
2026-05-26 10:28:03.483 [INFO] main.cpp:356 -   接收字节数:   0
2026-05-26 10:28:03.483 [INFO] main.cpp:357 -   平均延迟:     0.00 ms
2026-05-26 10:28:03.483 [INFO] main.cpp:358 -   最大延迟:     0.00 ms
2026-05-26 10:28:03.484 [INFO] main.cpp:359 -   总线争用次数: 0
2026-05-26 10:28:03.484 [INFO] main.cpp:368 - ======== 轮询统计 ========
2026-05-26 10:28:03.484 [INFO] main.cpp:369 -   任务组数:     20
2026-05-26 10:28:03.484 [INFO] main.cpp:370 -   成功事务:     0
2026-05-26 10:28:03.484 [INFO] main.cpp:371 -   失败事务:     720
2026-05-26 10:28:03.484 [INFO] main.cpp:373 -   成功率:       0.0%
2026-05-26 10:28:03.484 [INFO] main.cpp:378 - ======== 命令队列统计 ========
2026-05-26 10:28:03.484 [INFO] main.cpp:379 -   已提交: 0  已执行: 0  成功: 0  失败: 0
2026-05-26 10:28:03.484 [INFO] main.cpp:384 -   队列大小: 0  平均耗时: 0.0ms
2026-05-26 10:28:04.485 [INFO] main.cpp:352 - ======== 总线统计 ========
2026-05-26 10:28:04.485 [INFO] main.cpp:353 -   总事务数:     720
2026-05-26 10:28:04.485 [INFO] main.cpp:354 -   总错误数:     720
2026-05-26 10:28:04.485 [INFO] main.cpp:355 -   发送字节数:   5760
2026-05-26 10:28:04.485 [INFO] main.cpp:356 -   接收字节数:   0
2026-05-26 10:28:04.485 [INFO] main.cpp:357 -   平均延迟:     0.00 ms
2026-05-26 10:28:04.485 [INFO] main.cpp:358 -   最大延迟:     0.00 ms
2026-05-26 10:28:04.485 [INFO] main.cpp:359 -   总线争用次数: 0
2026-05-26 10:28:04.485 [INFO] main.cpp:368 - ======== 轮询统计 ========
2026-05-26 10:28:04.486 [INFO] main.cpp:369 -   任务组数:     20
2026-05-26 10:28:04.486 [INFO] main.cpp:370 -   成功事务:     0
2026-05-26 10:28:04.486 [INFO] main.cpp:371 -   失败事务:     720
2026-05-26 10:28:04.486 [INFO] main.cpp:373 -   成功率:       0.0%
2026-05-26 10:28:04.486 [INFO] main.cpp:378 - ======== 命令队列统计 ========
2026-05-26 10:28:04.486 [INFO] main.cpp:379 -   已提交: 0  已执行: 0  成功: 0  失败: 0
2026-05-26 10:28:04.486 [INFO] main.cpp:384 -   队列大小: 0  平均耗时: 0.0ms
2026-05-26 10:28:05.487 [INFO] main.cpp:352 - ======== 总线统计 ========
2026-05-26 10:28:05.487 [INFO] main.cpp:353 -   总事务数:     720
2026-05-26 10:28:05.487 [INFO] main.cpp:354 -   总错误数:     720
2026-05-26 10:28:05.487 [INFO] main.cpp:355 -   发送字节数:   5760
2026-05-26 10:28:05.487 [INFO] main.cpp:356 -   接收字节数:   0
2026-05-26 10:28:05.487 [INFO] main.cpp:357 -   平均延迟:     0.00 ms
2026-05-26 10:28:05.487 [INFO] main.cpp:358 -   最大延迟:     0.00 ms
2026-05-26 10:28:05.487 [INFO] main.cpp:359 -   总线争用次数: 0
2026-05-26 10:28:05.487 [INFO] main.cpp:368 - ======== 轮询统计 ========
2026-05-26 10:28:05.487 [INFO] main.cpp:369 -   任务组数:     20
2026-05-26 10:28:05.487 [INFO] main.cpp:370 -   成功事务:     0
2026-05-26 10:28:05.488 [INFO] main.cpp:371 -   失败事务:     720
2026-05-26 10:28:05.488 [INFO] main.cpp:373 -   成功率:       0.0%
2026-05-26 10:28:05.488 [INFO] main.cpp:378 - ======== 命令队列统计 ========
2026-05-26 10:28:05.488 [INFO] main.cpp:379 -   已提交: 0  已执行: 0  成功: 0  失败: 0
2026-05-26 10:28:05.488 [INFO] main.cpp:384 -   队列大小: 0  平均耗时: 0.0ms
2026-05-26 10:28:06.489 [INFO] main.cpp:352 - ======== 总线统计 ========
2026-05-26 10:28:06.489 [INFO] main.cpp:353 -   总事务数:     720
2026-05-26 10:28:06.489 [INFO] main.cpp:354 -   总错误数:     720
2026-05-26 10:28:06.489 [INFO] main.cpp:355 -   发送字节数:   5760
2026-05-26 10:28:06.489 [INFO] main.cpp:356 -   接收字节数:   0
2026-05-26 10:28:06.489 [INFO] main.cpp:357 -   平均延迟:     0.00 ms
2026-05-26 10:28:06.489 [INFO] main.cpp:358 -   最大延迟:     0.00 ms
2026-05-26 10:28:06.489 [INFO] main.cpp:359 -   总线争用次数: 0
2026-05-26 10:28:06.489 [INFO] main.cpp:368 - ======== 轮询统计 ========
2026-05-26 10:28:06.489 [INFO] main.cpp:369 -   任务组数:     20
2026-05-26 10:28:06.489 [INFO] main.cpp:370 -   成功事务:     0
2026-05-26 10:28:06.489 [INFO] main.cpp:371 -   失败事务:     720
2026-05-26 10:28:06.489 [INFO] main.cpp:373 -   成功率:       0.0%
2026-05-26 10:28:06.490 [INFO] main.cpp:378 - ======== 命令队列统计 ========
2026-05-26 10:28:06.490 [INFO] main.cpp:379 -   已提交: 0  已执行: 0  成功: 0  失败: 0
2026-05-26 10:28:06.490 [INFO] main.cpp:384 -   队列大小: 0  平均耗时: 0.0ms
2026-05-26 10:28:07.491 [INFO] main.cpp:352 - ======== 总线统计 ========
2026-05-26 10:28:07.491 [INFO] main.cpp:353 -   总事务数:     740
2026-05-26 10:28:07.491 [INFO] main.cpp:354 -   总错误数:     720
2026-05-26 10:28:07.491 [INFO] main.cpp:355 -   发送字节数:   5920
2026-05-26 10:28:07.491 [INFO] main.cpp:356 -   接收字节数:   0
2026-05-26 10:28:07.491 [INFO] main.cpp:357 -   平均延迟:     0.00 ms
2026-05-26 10:28:07.491 [INFO] main.cpp:358 -   最大延迟:     0.00 ms
2026-05-26 10:28:07.491 [INFO] main.cpp:359 -   总线争用次数: 0
2026-05-26 10:28:07.491 [INFO] main.cpp:368 - ======== 轮询统计 ========
2026-05-26 10:28:07.491 [INFO] main.cpp:369 -   任务组数:     20
2026-05-26 10:28:07.491 [INFO] main.cpp:370 -   成功事务:     0
2026-05-26 10:28:07.492 [INFO] main.cpp:371 -   失败事务:     720
2026-05-26 10:28:07.492 [INFO] main.cpp:373 -   成功率:       0.0%
2026-05-26 10:28:07.492 [INFO] main.cpp:378 - ======== 命令队列统计 ========
2026-05-26 10:28:07.492 [INFO] main.cpp:379 -   已提交: 0  已执行: 0  成功: 0  失败: 0
2026-05-26 10:28:07.492 [INFO] main.cpp:384 -   队列大小: 0  平均耗时: 0.0ms
2026-05-26 10:28:08.036 [INFO] main.cpp:392 - 正在停止 Web 服务器...
2026-05-26 10:28:08.618 [INFO] main.cpp:395 - 正在停止所有应用...
2026-05-26 10:28:08.618 [INFO] main.cpp:398 - 正在停止命令队列...
2026-05-26 10:28:08.618 [INFO] command_queue.cpp:307 - 命令处理线程 #0 已退出
2026-05-26 10:28:08.619 [INFO] command_queue.cpp:59 - 命令队列已停止
2026-05-26 10:28:08.619 [INFO] main.cpp:402 - 正在关闭串口...
2026-05-26 10:28:08.619 [INFO] main.cpp:405 - 正在停止轮询...
2026-05-26 10:28:08.700 [INFO] main.cpp:410 - ======== 最终统计 ========
2026-05-26 10:28:08.700 [INFO] main.cpp:411 -   总事务数:     740
2026-05-26 10:28:08.700 [INFO] main.cpp:412 -   总错误数:     740
2026-05-26 10:28:08.700 [INFO] main.cpp:413 -   成功率:       0.0%
2026-05-26 10:28:08.700 [INFO] main.cpp:417 -   平均延迟:     0.00 ms
2026-05-26 10:28:08.700 [INFO] main.cpp:418 -   最大延迟:     0.00 ms
2026-05-26 10:28:08.700 [INFO] main.cpp:419 - === 系统退出 ===

======================================================
  日志系统关闭: 2026-05-26 10:28:08.700
======================================================
